look_id,look_name,source_page,product_sequence,product_name,sku,category,subcategory,collection,finish_code,finish_name,colour_name,price,currency,dimension_text,product_description,product_role,look_total_price,is_alternative,alternative_group_id,source_document,extraction_confidence,review_required,review_reason
look_001,Superior,13,1,Brazn™ wall hung toilet with Quiet-Close™ seat cover in white,K-26994IN-0,toilet,,Brazn™,,,white,,INR,,Brazn™ wall hung toilet with Quiet-Close™ seat cover in white,toilet,,false,,Projectlookbook.pdf,medium,true,"SKU and/or price not stated for this item in the source (printed as ""-"")."
look_001,Superior,13,2,Brazn™ vessel basin without faucet hole in white,K-21060IN-0,basin,,Brazn™,,,white,,INR,,Brazn™ vessel basin without faucet hole in white,primary_basin,,false,,Projectlookbook.pdf,medium,true,"SKU and/or price not stated for this item in the source (printed as ""-"")."
look_001,Superior,13,3,Parallel™ single-control tall basin faucet with drain in polished chrome,K-23475IN-4-CP,faucet,,Parallel™,,polished chrome,,,INR,,Parallel™ single-control tall basin faucet with drain in polished chrome,basin_faucet,,false,,Projectlookbook.pdf,medium,true,"SKU and/or price not stated for this item in the source (printed as ""-"")."
look_001,Superior,13,4,Lynk™ pneumatic faceplate in polished chrome,K-75890IN-P-CP,faceplate,,Lynk™,,polished chrome,,,INR,,Lynk™ pneumatic faceplate in polished chrome,faceplate,,false,,Projectlookbook.pdf,medium,true,"SKU and/or price not stated for this item in the source (printed as ""-"")."
look_002,Superior,15,1,ModernLife Edge™ single-control tall basin faucet without drain in french gold,K-25758IN-4ND-AF,faucet,,ModernLife Edge™,,french gold,,36000.0,INR,,ModernLife Edge™ single-control tall basin faucet without drain in french gold,basin_faucet,1091450.0,false,,Projectlookbook.pdf,high,false,
look_002,Superior,15,2,ModernLife Edge™ 600mm edge vessel basin without faucet hole in white,K-21226IN-SS-0,basin,,ModernLife Edge™,,,white,30000.0,INR,,ModernLife Edge™ 600mm edge vessel basin without faucet hole in white,primary_basin,1091450.0,false,,Projectlookbook.pdf,high,false,
look_002,Superior,15,3,Veil IT Faceplate,,faceplate,,Veil IT Faceplate,,,,,INR,,Veil IT Faceplate,faceplate,1091450.0,false,,Projectlookbook.pdf,medium,true,"SKU and/or price not stated for this item in the source (printed as ""-"")."
look_002,Superior,15,4,Veil® wall hung intelligent toilet with remote and Quiet-Close™ seat cover,K-5402IN-ZZ-0,toilet,,Veil®,,,,740000.0,INR,,Veil® wall hung intelligent toilet with remote and Quiet-Close™ seat cover,toilet,1091450.0,false,,Projectlookbook.pdf,high,false,
look_002,Superior,15,5,Elate® health faucet with hose & bracket in french gold,K-97258IN-ZZ-AF,health_faucet,,Elate®,,french gold,,5750.0,INR,,Elate® health faucet with hose & bracket in french gold,health_faucet,1091450.0,false,,Projectlookbook.pdf,high,false,
look_002,Superior,15,6,ModernLife Edge™ dual flow hexagonal 425mm x 330mm rainpanel in french gold,K-29959IN-AF,showerhead,,ModernLife Edge™,,french gold,,150000.0,INR,425mm x 330mm,ModernLife Edge™ dual flow hexagonal 425mm x 330mm rainpanel in french gold,showerhead,1091450.0,false,,Projectlookbook.pdf,high,false,
look_002,Superior,15,7,Anthem™ recessed thermostatic mechanical 3 outlet trim in french gold,K-26347IN-9-AF,shower_trim,,Anthem™,,french gold,,62500.0,INR,,Anthem™ recessed thermostatic mechanical 3 outlet trim in french gold,shower_trim,1091450.0,false,,Projectlookbook.pdf,high,false,
look_002,Superior,15,8,ModernLife Edge™ bath spout with diverter in french gold,K-25764IN-AF,bath_spout,,ModernLife Edge™,,french gold,,13000.0,INR,,ModernLife Edge™ bath spout with diverter in french gold,bath_spout,1091450.0,false,,Projectlookbook.pdf,high,false,
look_002,Superior,15,9,Complementary™ 300mm bottle trap without drain in french gold,K-7314IN-AF,bottle_trap,,Complementary™,,french gold,,3300.0,INR,,Complementary™ 300mm bottle trap without drain in french gold,bottle_trap,1091450.0,false,,Projectlookbook.pdf,high,false,
look_002,Superior,15,10,Complementary™ grid drain long thread in french gold,K-20746IN-AF,drain,,Complementary™,,french gold,,900.0,INR,,Complementary™ grid drain long thread in french gold,drain,1091450.0,false,,Projectlookbook.pdf,high,false,
look_002,Superior,15,11,Anthem™ recessed mechanical thermostatic 3 outlet valve,K-26341IN-NA,shower_trim,,Anthem™,,,,50000.0,INR,,Anthem™ recessed mechanical thermostatic 3 outlet valve,,1091450.0,false,,Projectlookbook.pdf,high,false,
look_003,Superior,17,1,ModernLife Edge™ wall mount single-control basin faucet trim in polished chrome,K-25759IN-4ND-CP,faucet,,ModernLife Edge™,,polished chrome,,24200.0,INR,,ModernLife Edge™ wall mount single-control basin faucet trim in polished chrome,basin_faucet,383640.0,false,,Projectlookbook.pdf,high,false,
look_003,Superior,17,2,Nysa 630mm vessel basin without faucet hole in white,K-31343IN-SS-0,basin,,Nysa,,,white,26000.0,INR,,Nysa 630mm vessel basin without faucet hole in white,primary_basin,383640.0,false,,Projectlookbook.pdf,high,false,
look_003,Superior,17,3,Lynk™ pneumatic faceplate in polished chrome,K-75890IN-P-CP,faceplate,,Lynk™,,polished chrome,,2800.0,INR,,Lynk™ pneumatic faceplate in polished chrome,faceplate,383640.0,false,,Projectlookbook.pdf,high,false,
look_003,Superior,17,4,Veil® +C3 wall hung toilet with C3-230 electronic cleansing seat cover in white & remote in white,K-31539IN-SS-0 + K-4108IN-0,toilet,,Veil®,,,white,145000.0,INR,,Veil® +C3 wall hung toilet with C3-230 electronic cleansing seat cover in white & remote in white,toilet,383640.0,false,,Projectlookbook.pdf,medium,true,Row lists a compound multi-SKU bundle (e.g. toilet + seat) as printed; SKUs preserved as a space-separated set rather than split into independent rows.
look_003,Superior,17,5,Luxe health faucet with hose & bracket in polished chrome,K-77364IN-CP,health_faucet,,Luxe,,polished chrome,,4840.0,INR,,Luxe health faucet with hose & bracket in polished chrome,health_faucet,383640.0,false,,Projectlookbook.pdf,high,false,
look_003,Superior,17,6,Statement™ 353mm deep massage rainhead in polished chrome,K-26296IN-CP,showerhead,,Statement™,,polished chrome,,54000.0,INR,,Statement™ 353mm deep massage rainhead in polished chrome,showerhead,383640.0,false,,Projectlookbook.pdf,high,false,
look_003,Superior,17,7,Anthem™ recessed thermostatic mechanical 3 outlet trim in polished chrome,K-26347IN-9-CP,shower_trim,,Anthem™,,polished chrome,,40000.0,INR,,Anthem™ recessed thermostatic mechanical 3 outlet trim in polished chrome,shower_trim,383640.0,false,,Projectlookbook.pdf,high,false,
look_003,Superior,17,8,ModernLife Edge™ bath spout without diverter in french gold,K-25765IN-CP,bath_spout,,ModernLife Edge™,,french gold,,9000.0,INR,,ModernLife Edge™ bath spout without diverter in french gold,bath_spout,383640.0,false,,Projectlookbook.pdf,high,false,
look_003,Superior,17,9,Instaflush™ pneumatic tank 3/6L without frame,K-26351IN-P-NA,in_wall_tank,,Instaflush™,,,,6500.0,INR,,Instaflush™ pneumatic tank 3/6L without frame,,383640.0,false,,Projectlookbook.pdf,high,false,
look_003,Superior,17,10,Complementary™ 300mm bottle trap in polished chrome,K-7314IN-CP,bottle_trap,,Complementary™,,polished chrome,,2600.0,INR,,Complementary™ 300mm bottle trap in polished chrome,bottle_trap,383640.0,false,,Projectlookbook.pdf,high,false,
look_003,Superior,17,11,Complementary™ grid drain long thread in polished chrome,K-20746IN-CP,drain,,Complementary™,,polished chrome,,700.0,INR,,Complementary™ grid drain long thread in polished chrome,drain,383640.0,false,,Projectlookbook.pdf,high,false,
look_003,Superior,17,12,Anthem™ recessed mechanical thermostatic 3 outlet valve,K-26341IN-NA,shower_trim,,Anthem™,,,,50000.0,INR,,Anthem™ recessed mechanical thermostatic 3 outlet valve,,383640.0,false,,Projectlookbook.pdf,high,false,
look_003,Superior,17,13,Statement™ 482mm dual function wallmount rainhead arm in polished chrome,K-26324IN-CP,showerhead,,Statement™,,polished chrome,,18000.0,INR,,Statement™ 482mm dual function wallmount rainhead arm in polished chrome,showerhead,383640.0,false,,Projectlookbook.pdf,high,false,
look_004,Superior,19,1,ModernLife Edge™ single-control tall basin faucet without drain in french gold,K-25758IN-4ND-AF,faucet,,ModernLife Edge™,,french gold,,36000.0,INR,,ModernLife Edge™ single-control tall basin faucet without drain in french gold,basin_faucet,225200.0,false,,Projectlookbook.pdf,high,false,
look_004,Superior,19,2,Nysa 630mm vessel basin without faucet hole in white,K-31343IN-SS-0,basin,,Nysa,,,white,26000.0,INR,,Nysa 630mm vessel basin without faucet hole in white,primary_basin,225200.0,false,,Projectlookbook.pdf,high,false,
look_004,Superior,19,3,Lynk™ mechanical faceplate in french gold,K-75890IN-M-AF,faceplate,,Lynk™,,french gold,,6000.0,INR,,Lynk™ mechanical faceplate in french gold,faceplate,225200.0,false,,Projectlookbook.pdf,high,false,
look_004,Superior,19,4,ModernLife Edge™ wall hung toilet with Quiet-Close™ UF seat cover in white,K-27902IN-SS-0,toilet,,ModernLife Edge™,,,white,50500.0,INR,,ModernLife Edge™ wall hung toilet with Quiet-Close™ UF seat cover in white,toilet,225200.0,false,,Projectlookbook.pdf,high,false,
look_004,Superior,19,5,Complementary™ health faucet with metal hose in french gold,K-12927IN-AF,health_faucet,,Complementary™,,french gold,,4900.0,INR,,Complementary™ health faucet with metal hose in french gold,health_faucet,225200.0,false,,Projectlookbook.pdf,high,false,
look_004,Superior,19,6,ModernLife™ single flow rainhead 325mm in french gold,K-27731IN-AF,showerhead,,ModernLife™,,french gold,,40700.0,INR,,ModernLife™ single flow rainhead 325mm in french gold,showerhead,225200.0,false,,Projectlookbook.pdf,high,false,
look_004,Superior,19,7,ModernLife Edge™ Geometric thermostatic recessed bath and shower square trim in french gold,K-25761IN-9-AF,shower_trim,,ModernLife Edge™ Geometric,,french gold,,20400.0,INR,,ModernLife Edge™ Geometric thermostatic recessed bath and shower square trim in french gold,shower_trim,225200.0,false,,Projectlookbook.pdf,high,false,
look_004,Superior,19,8,ModernLife Edge™ bath spout without diverter in french gold,K-25765IN-AF,bath_spout,,ModernLife Edge™,,french gold,,11300.0,INR,,ModernLife Edge™ bath spout without diverter in french gold,bath_spout,225200.0,false,,Projectlookbook.pdf,high,false,
look_004,Superior,19,9,Instaflush™ pneumatic tank 3/6L without frame,K-26351IN-P-NA,in_wall_tank,,Instaflush™,,,,6500.0,INR,,Instaflush™ pneumatic tank 3/6L without frame,,225200.0,false,,Projectlookbook.pdf,high,false,
look_004,Superior,19,10,Complementary™ 300mm bottle trap without drain in french gold,K-7314IN-AF,bottle_trap,,Complementary™,,french gold,,3300.0,INR,,Complementary™ 300mm bottle trap without drain in french gold,bottle_trap,225200.0,false,,Projectlookbook.pdf,high,false,
look_004,Superior,19,11,Complementary™ grid drain long thread in french gold,K-20746IN-AF,drain,,Complementary™,,french gold,,900.0,INR,,Complementary™ grid drain long thread in french gold,drain,225200.0,false,,Projectlookbook.pdf,high,false,
look_004,Superior,19,12,Autosense 235+ 2 outlet thermostatic valve,K-20740IN-A-NA,shower_trim,,Autosense,,,,13500.0,INR,,Autosense 235+ 2 outlet thermostatic valve,,225200.0,false,,Projectlookbook.pdf,high,false,
look_004,Superior,19,13,Mastershower™ wall mount elbow shower arm in french gold,K-16346IN-AF,showering,,Mastershower™,,french gold,,5200.0,INR,,Mastershower™ wall mount elbow shower arm in french gold,,225200.0,false,,Projectlookbook.pdf,high,false,
look_005,Aspire,23,1,Parallel™ single-control tall basin faucet without drain in polished chrome,K-23475IN-4ND-CP,faucet,,Parallel™,,polished chrome,,20000.0,INR,,Parallel™ single-control tall basin faucet without drain in polished chrome,basin_faucet,174420.0,false,,Projectlookbook.pdf,high,false,
look_005,Aspire,23,2,Forefront™ 575mm rectangular vessel basin without faucet hole in white,K-5373IN-0,basin,,Forefront™,,,white,18000.0,INR,,Forefront™ 575mm rectangular vessel basin without faucet hole in white,primary_basin,174420.0,false,,Projectlookbook.pdf,high,false,
look_005,Aspire,23,3,Pebble pneumatic faceplate in polished chrome,K-5413IN-P-CP,faceplate,,Pebble,,polished chrome,,2400.0,INR,,Pebble pneumatic faceplate in polished chrome,faceplate,174420.0,false,,Projectlookbook.pdf,high,false,
look_005,Aspire,23,4,Brazn™ wall hung toilet with Quiet-Close™ seat cover in white,K-26994IN-0,toilet,,Brazn™,,,white,28000.0,INR,,Brazn™ wall hung toilet with Quiet-Close™ seat cover in white,toilet,174420.0,false,,Projectlookbook.pdf,high,false,
look_005,Aspire,23,5,Elate® health faucet with hose & bracket in polished chrome,K-97258IN-CP,health_faucet,,Elate®,,polished chrome,,3900.0,INR,,Elate® health faucet with hose & bracket in polished chrome,health_faucet,174420.0,false,,Projectlookbook.pdf,high,false,
look_005,Aspire,23,6,Statement™ 353mm single function oblong rainhead in polished chrome,K-26294IN-CP,showerhead,,Statement™,,polished chrome,,34750.0,INR,,Statement™ 353mm single function oblong rainhead in polished chrome,showerhead,174420.0,false,,Projectlookbook.pdf,high,false,
look_005,Aspire,23,7,Parallel™ AT 360 trim in polished chrome,K-23497IN-4-CP,shower_trim,,Parallel™ AT,,polished chrome,,14500.0,INR,,Parallel™ AT 360 trim in polished chrome,,174420.0,false,,Projectlookbook.pdf,high,false,
look_005,Aspire,23,8,2 Statement™ round deep massage body sprays in polished chrome,K-26299IN-CP,showerhead,,,,polished chrome,,18000.0,INR,,2 Statement™ round deep massage body sprays in polished chrome,,174420.0,false,,Projectlookbook.pdf,high,false,
look_005,Aspire,23,9,Parallel™ bath spout without diverter in polished chrome,K-23512IN-CP,bath_spout,,Parallel™,,polished chrome,,6510.0,INR,,Parallel™ bath spout without diverter in polished chrome,bath_spout,174420.0,false,,Projectlookbook.pdf,high,false,
look_005,Aspire,23,10,Instaflush™ pneumatic tank 3/6L without frame,K-26351IN-P-NA,in_wall_tank,,Instaflush™,,,,6500.0,INR,,Instaflush™ pneumatic tank 3/6L without frame,,174420.0,false,,Projectlookbook.pdf,high,false,
look_005,Aspire,23,11,Complementary™ 350mm bottle trap without drain in polished chrome,K-75823IN-CP,bottle_trap,,Complementary™,,polished chrome,,2900.0,INR,,Complementary™ 350mm bottle trap without drain in polished chrome,bottle_trap,174420.0,false,,Projectlookbook.pdf,high,false,
look_005,Aspire,23,12,Complementary™ grid drain without overflow hole in polished chrome,K-45433IN-CP,drain,,Complementary™,,polished chrome,,700.0,INR,,Complementary™ grid drain without overflow hole in polished chrome,drain,174420.0,false,,Projectlookbook.pdf,high,false,
look_005,Aspire,23,13,Aqua Turbo 360 manual valve in polished chrome,K-99924IN-CP,shower_trim,,Aqua Turbo,,polished chrome,,14500.0,INR,,Aqua Turbo 360 manual valve in polished chrome,,174420.0,false,,Projectlookbook.pdf,high,false,
look_005,Aspire,23,14,Mastershower ceiling mount shower arm in polished chrome,K-16347IN-CP,showering,,Mastershower,,polished chrome,,4160.0,INR,,Mastershower ceiling mount shower arm in polished chrome,,174420.0,false,,Projectlookbook.pdf,high,false,
look_006,Aspire,25,1,Aleo™ single-control basin faucet without drain in polished chrome,K-72275IN-4ND-CP,faucet,,Aleo™,,polished chrome,,12500.0,INR,,Aleo™ single-control basin faucet without drain in polished chrome,basin_faucet,173160.0,false,,Projectlookbook.pdf,high,false,
look_006,Aspire,25,2,Forefront™ 418mm vessel basin with single faucet hole in white,K-2660IN-1-0,basin,,Forefront™,,,white,16000.0,INR,,Forefront™ 418mm vessel basin with single faucet hole in white,primary_basin,173160.0,false,,Projectlookbook.pdf,high,false,
look_006,Aspire,25,3,Pebble pneumatic faceplate in polished chrome,K-5413IN-P-CP,faceplate,,Pebble,,polished chrome,,2400.0,INR,,Pebble pneumatic faceplate in polished chrome,faceplate,173160.0,false,,Projectlookbook.pdf,high,false,
look_006,Aspire,25,4,Veil® wall hung toilet with Quiet-Close™ seat cover in white,K-75708IN-2SS-0,toilet,,Veil®,,,white,32500.0,INR,,Veil® wall hung toilet with Quiet-Close™ seat cover in white,toilet,173160.0,false,,Projectlookbook.pdf,high,false,
look_006,Aspire,25,5,Elate® health faucet with hose & bracket in polished chrome,K-97258IN-CP,health_faucet,,Elate®,,polished chrome,,3900.0,INR,,Elate® health faucet with hose & bracket in polished chrome,health_faucet,173160.0,false,,Projectlookbook.pdf,high,false,
look_006,Aspire,25,6,ModernLife™ single function 330mm x 230mm rainhead in polished chrome,K-27731IN-CP,showerhead,,ModernLife™,,polished chrome,,32500.0,INR,330mm x 230mm,ModernLife™ single function 330mm x 230mm rainhead in polished chrome,showerhead,173160.0,false,,Projectlookbook.pdf,high,false,
look_006,Aspire,25,7,Aleo+™ Aqua Turbo 360 trim in polished chrome,K-77311IN-4FP-CP,shower_trim,,Aleo+™ Aqua Turbo,,polished chrome,,14500.0,INR,,Aleo+™ Aqua Turbo 360 trim in polished chrome,,173160.0,false,,Projectlookbook.pdf,high,false,
look_006,Aspire,25,8,2 Watertile™ square 54-nozzle body spray with soothing spray in polished chrome,K-8002IN-CP,showerhead,,,,polished chrome,,26000.0,INR,,2 Watertile™ square 54-nozzle body spray with soothing spray in polished chrome,,173160.0,false,,Projectlookbook.pdf,high,false,
look_006,Aspire,25,9,Aleo™ wall mount bath spout without diverter in polished chrome,K-99061IN-CP,bath_spout,,Aleo™,,polished chrome,,4400.0,INR,,Aleo™ wall mount bath spout without diverter in polished chrome,bath_spout,173160.0,false,,Projectlookbook.pdf,high,false,
look_006,Aspire,25,10,Instaflush™ pneumatic tank 3/6L without frame,K-26351IN-P-NA,in_wall_tank,,Instaflush™,,,,6500.0,INR,,Instaflush™ pneumatic tank 3/6L without frame,,173160.0,false,,Projectlookbook.pdf,high,false,
look_006,Aspire,25,11,Complementary™ 300mm bottle trap in polished chrome,K-7314IN-CP,bottle_trap,,Complementary™,,polished chrome,,2600.0,INR,,Complementary™ 300mm bottle trap in polished chrome,bottle_trap,173160.0,false,,Projectlookbook.pdf,high,false,
look_006,Aspire,25,12,Complementary™ grid drain without overflow hole in polished chrome,K-45433IN-CP,drain,,Complementary™,,polished chrome,,700.0,INR,,Complementary™ grid drain without overflow hole in polished chrome,drain,173160.0,false,,Projectlookbook.pdf,high,false,
look_006,Aspire,25,13,Aqua Turbo 360 manual valve in polished chrome,K-99924IN-CP,shower_trim,,Aqua Turbo,,polished chrome,,14500.0,INR,,Aqua Turbo 360 manual valve in polished chrome,,173160.0,false,,Projectlookbook.pdf,high,false,
look_006,Aspire,25,14,Mastershower™ wall mount elbow shower arm in polished chrome,K-16346IN-CP,showering,,Mastershower™,,polished chrome,,4160.0,INR,,Mastershower™ wall mount elbow shower arm in polished chrome,,173160.0,false,,Projectlookbook.pdf,high,false,
look_007,Aspire,27,1,Aleo+™ single-control wall mount basin faucet trim in polished chrome,K-5684IN-4ND-CP,faucet,,Aleo+™,,polished chrome,,13530.0,INR,,Aleo+™ single-control wall mount basin faucet trim in polished chrome,basin_faucet,137630.0,false,,Projectlookbook.pdf,high,false,
look_007,Aspire,27,2,Veil® 591mm vessel basin without faucet hole in white,K-77171IN-0,basin,,Veil®,,,white,20000.0,INR,,Veil® 591mm vessel basin without faucet hole in white,primary_basin,137630.0,false,,Projectlookbook.pdf,high,false,
look_007,Aspire,27,3,Lynk™ mechanical faceplate in polished chrome,K-75890IN-M-CP,faceplate,,Lynk™,,polished chrome,,2750.0,INR,,Lynk™ mechanical faceplate in polished chrome,faceplate,137630.0,false,,Projectlookbook.pdf,high,false,
look_007,Aspire,27,4,Veil® wall hung toilet with Quiet- Close™ seat cover in white,K-75708IN-2SS-0,toilet,,Veil®,,,white,32500.0,INR,,Veil® wall hung toilet with Quiet- Close™ seat cover in white,toilet,137630.0,false,,Projectlookbook.pdf,high,false,
look_007,Aspire,27,5,Elate® health faucet with hose & bracket in polished chrome,K-97258IN-CP,health_faucet,,Elate®,,polished chrome,,3900.0,INR,,Elate® health faucet with hose & bracket in polished chrome,health_faucet,137630.0,false,,Projectlookbook.pdf,high,false,
look_007,Aspire,27,6,ModernLife™ single function 330mm x 230mm rainhead in polished chrome,K-27731IN-CP,showerhead,,ModernLife™,,polished chrome,,32500.0,INR,330mm x 230mm,ModernLife™ single function 330mm x 230mm rainhead in polished chrome,showerhead,137630.0,false,,Projectlookbook.pdf,high,false,
look_007,Aspire,27,7,Aleo+™ 40mm recessed bath and shower trim with diverter in polished chrome,K-72328IN-4FP-CP,shower_trim,,Aleo+™,,polished chrome,,9090.0,INR,,Aleo+™ 40mm recessed bath and shower trim with diverter in polished chrome,shower_trim,137630.0,false,,Projectlookbook.pdf,high,false,
look_007,Aspire,27,8,Aleo™ bath spout without diverter in polished chrome,K-99061IN-CP,bath_spout,,Aleo™,,polished chrome,,4400.0,INR,,Aleo™ bath spout without diverter in polished chrome,bath_spout,137630.0,false,,Projectlookbook.pdf,high,false,
look_007,Aspire,27,9,Instaflush™ pneumatic tank 3/6L without frame,K-26351IN-P-NA,in_wall_tank,,Instaflush™,,,,6500.0,INR,,Instaflush™ pneumatic tank 3/6L without frame,,137630.0,false,,Projectlookbook.pdf,high,false,
look_007,Aspire,27,10,Complementary™ 300mm bottle trap in polished chrome,K-7314IN-CP,bottle_trap,,Complementary™,,polished chrome,,2600.0,INR,,Complementary™ 300mm bottle trap in polished chrome,bottle_trap,137630.0,false,,Projectlookbook.pdf,high,false,
look_007,Aspire,27,11,Complementary™ grid drain without overflow hole in polished chrome,K-45433IN-CP,drain,,Complementary™,,polished chrome,,700.0,INR,,Complementary™ grid drain without overflow hole in polished chrome,drain,137630.0,false,,Projectlookbook.pdf,high,false,
look_007,Aspire,27,12,Aqua Turbo 235 manual valve in polished chrome,K-882IN-CP,shower_trim,,Aqua Turbo,,polished chrome,,5000.0,INR,,Aqua Turbo 235 manual valve in polished chrome,,137630.0,false,,Projectlookbook.pdf,high,false,
look_007,Aspire,27,13,Mastershower™ wall mount elbow shower arm in polished chrome,K-16346IN-CP,showering,,Mastershower™,,polished chrome,,4160.0,INR,,Mastershower™ wall mount elbow shower arm in polished chrome,,137630.0,false,,Projectlookbook.pdf,high,false,
look_008,Aspire,29,1,Aleo™ single-control basin faucet without drain in polished chrome,K-72275IN-4ND-CP,faucet,,Aleo™,,polished chrome,,12500.0,INR,,Aleo™ single-control basin faucet without drain in polished chrome,basin_faucet,120650.0,false,,Projectlookbook.pdf,high,false,
look_008,Aspire,29,2,Kankara™ 568mm vessel basin with single faucet hole in white,K-76600IN-0,basin,,Kankara™,,,white,16000.0,INR,,Kankara™ 568mm vessel basin with single faucet hole in white,primary_basin,120650.0,false,,Projectlookbook.pdf,high,false,
look_008,Aspire,29,3,Lynk™ pneumatic faceplate in polished chrome,K-75890IN-P-CP,faceplate,,Lynk™,,polished chrome,,2800.0,INR,,Lynk™ pneumatic faceplate in polished chrome,faceplate,120650.0,false,,Projectlookbook.pdf,high,false,
look_008,Aspire,29,4,Trace™ wall hung toilet with Quiet-Close™ slim seat cover in white,K-20217IN-S-0,toilet,,Trace™,,,white,23000.0,INR,,Trace™ wall hung toilet with Quiet-Close™ slim seat cover in white,toilet,120650.0,false,,Projectlookbook.pdf,high,false,
look_008,Aspire,29,5,"Complementary™ health faucet with side spray, metal hose in polished chrome",K-12927IN-CP,health_faucet,,Complementary™,,polished chrome,,3900.0,INR,,"Complementary™ health faucet with side spray, metal hose in polished chrome",health_faucet,120650.0,false,,Projectlookbook.pdf,high,false,
look_008,Aspire,29,6,ModernLife™ single function 330mm x 230mm rainhead in polished chrome,K-27731IN-CP,showerhead,,ModernLife™,,polished chrome,,32500.0,INR,330mm x 230mm,ModernLife™ single function 330mm x 230mm rainhead in polished chrome,showerhead,120650.0,false,,Projectlookbook.pdf,high,false,
look_008,Aspire,29,7,Aleo™ 40mm recessed bath and shower trim in polished chrome,K-72290IN-4FP-CP,shower_trim,,Aleo™,,polished chrome,,7450.0,INR,,Aleo™ 40mm recessed bath and shower trim in polished chrome,shower_trim,120650.0,false,,Projectlookbook.pdf,high,false,
look_008,Aspire,29,8,Aleo™ bath spout without diverter in polished chrome,K-99061IN-CP,bath_spout,,Aleo™,,polished chrome,,4400.0,INR,,Aleo™ bath spout without diverter in polished chrome,bath_spout,120650.0,false,,Projectlookbook.pdf,high,false,
look_008,Aspire,29,9,Instaflush™ mechanical tank 3/6L without frame,K-26351IN-M-NA,in_wall_tank,,Instaflush™,,,,6500.0,INR,,Instaflush™ mechanical tank 3/6L without frame,,120650.0,false,,Projectlookbook.pdf,high,false,
look_008,Aspire,29,10,Complementary™ 350mm bottle trap without drain in polished chrome,K-75823IN-CP,bottle_trap,,Complementary™,,polished chrome,,2900.0,INR,,Complementary™ 350mm bottle trap without drain in polished chrome,bottle_trap,120650.0,false,,Projectlookbook.pdf,high,false,
look_008,Aspire,29,11,Complementary™ grid drain long thread in polished chrome,K-20746IN-CP,drain,,Complementary™,,polished chrome,,700.0,INR,,Complementary™ grid drain long thread in polished chrome,drain,120650.0,false,,Projectlookbook.pdf,high,false,
look_008,Aspire,29,12,Aqua Turbo 235 manual valve in polished chrome,K-882IN-CP,shower_trim,,Aqua Turbo,,polished chrome,,5000.0,INR,,Aqua Turbo 235 manual valve in polished chrome,,120650.0,false,,Projectlookbook.pdf,high,false,
look_008,Aspire,29,13,Rainforest™ 127mm ceiling mount shower arm in polished chrome,K-11623IN-CP,showering,,Rainforest™,,polished chrome,,3000.0,INR,,Rainforest™ 127mm ceiling mount shower arm in polished chrome,,120650.0,false,,Projectlookbook.pdf,high,false,
look_009,Aspire,31,1,Vive single-control tall basin faucet without drain in polished chrome,K-23967IN-4ND-CP,faucet,,Vive,,polished chrome,,11880.0,INR,,Vive single-control tall basin faucet without drain in polished chrome,basin_faucet,94690.0,false,,Projectlookbook.pdf,high,false,
look_009,Aspire,31,2,Vive Geo 550mm vessel basin without faucet hole in white,K-28784IN-0,basin,,Vive Geo,,,white,14000.0,INR,,Vive Geo 550mm vessel basin without faucet hole in white,primary_basin,94690.0,false,,Projectlookbook.pdf,high,false,
look_009,Aspire,31,3,Lynk™ mechanical faceplate in polished chrome,K-75890IN-M-CP,faceplate,,Lynk™,,polished chrome,,2750.0,INR,,Lynk™ mechanical faceplate in polished chrome,faceplate,94690.0,false,,Projectlookbook.pdf,high,false,
look_009,Aspire,31,4,Vive rimless wall hung toilet with Quiet-Close™ slim seat cover in white,K-26998IN-0,toilet,,Vive,,,white,25000.0,INR,,Vive rimless wall hung toilet with Quiet-Close™ slim seat cover in white,toilet,94690.0,false,,Projectlookbook.pdf,high,false,
look_009,Aspire,31,5,"Complementary™ health faucet with side spray, metal hose in polished chrome",K-12927IN-CP,health_faucet,,Complementary™,,polished chrome,,3900.0,INR,,"Complementary™ health faucet with side spray, metal hose in polished chrome",health_faucet,94690.0,false,,Projectlookbook.pdf,high,false,
look_009,Aspire,31,6,Rain Duet™ Square 203mm Katalyst™ rainhead in polished chrome,K-73199IN-CP,showerhead,,Rain Duet™ Square,,polished chrome,,7500.0,INR,,Rain Duet™ Square 203mm Katalyst™ rainhead in polished chrome,showerhead,94690.0,false,,Projectlookbook.pdf,high,false,
look_009,Aspire,31,7,Vive recessed bath and shower trim with diverter in polished chrome,K-23971IN-4FP-CP,shower_trim,,Vive,,polished chrome,,5700.0,INR,,Vive recessed bath and shower trim with diverter in polished chrome,shower_trim,94690.0,false,,Projectlookbook.pdf,high,false,
look_009,Aspire,31,8,Vive bath spout without diverter in polished chrome,K-23973IN-AA-CP,bath_spout,,Vive,,polished chrome,,4800.0,INR,,Vive bath spout without diverter in polished chrome,bath_spout,94690.0,false,,Projectlookbook.pdf,high,false,
look_009,Aspire,31,9,Instaflush™ pneumatic tank 3/6L without frame,K-26351IN-P-NA,in_wall_tank,,Instaflush™,,,,6500.0,INR,,Instaflush™ pneumatic tank 3/6L without frame,,94690.0,false,,Projectlookbook.pdf,high,false,
look_009,Aspire,31,10,Complementary™ 350mm bottle trap without drain in polished chrome,K-75823IN-CP,bottle_trap,,Complementary™,,polished chrome,,2900.0,INR,,Complementary™ 350mm bottle trap without drain in polished chrome,bottle_trap,94690.0,false,,Projectlookbook.pdf,high,false,
look_009,Aspire,31,11,Vive hidden grid drain,K-32485IN-NA,drain,,Vive,,,,600.0,INR,,Vive hidden grid drain,drain,94690.0,false,,Projectlookbook.pdf,high,false,
look_009,Aspire,31,12,Aqua Turbo 235 manual valve in polished chrome,K-882IN-CP,shower_trim,,Aqua Turbo,,polished chrome,,5000.0,INR,,Aqua Turbo 235 manual valve in polished chrome,,94690.0,false,,Projectlookbook.pdf,high,false,
look_009,Aspire,31,13,Mastershower™ wall mount elbow shower arm in polished chrome,K-16346IN-CP,showering,,Mastershower™,,polished chrome,,4160.0,INR,,Mastershower™ wall mount elbow shower arm in polished chrome,,94690.0,false,,Projectlookbook.pdf,high,false,
look_010,Aspire,33,1,Hone single-control basin faucet without drain in polished chrome,K-22534IN-4ND-CP,faucet,,Hone,,polished chrome,,9250.0,INR,,Hone single-control basin faucet without drain in polished chrome,basin_faucet,82710.0,false,,Projectlookbook.pdf,high,false,
look_010,Aspire,33,2,Ladena™ small undercounter basin in white,K-2214IN-0,basin,,Ladena™,,,white,9000.0,INR,,Ladena™ small undercounter basin in white,primary_basin,82710.0,false,,Projectlookbook.pdf,high,false,
look_010,Aspire,33,3,Summit™ mechanical faceplate in polished chrome,K-28475IN-M-CP,faceplate,,Summit™,,polished chrome,,1850.0,INR,,Summit™ mechanical faceplate in polished chrome,faceplate,82710.0,false,,Projectlookbook.pdf,high,false,
look_010,Aspire,33,4,Trace™ wall hung toilet with Quiet-Close™ slim seat cover in white,K-20217IN-S-0,toilet,,Trace™,,,white,23000.0,INR,,Trace™ wall hung toilet with Quiet-Close™ slim seat cover in white,toilet,82710.0,false,,Projectlookbook.pdf,high,false,
look_010,Aspire,33,5,"Complementary™ health faucet with side spray, metal hose in polished chrome",K-12927IN-CP,health_faucet,,Complementary™,,polished chrome,,3900.0,INR,,"Complementary™ health faucet with side spray, metal hose in polished chrome",health_faucet,82710.0,false,,Projectlookbook.pdf,high,false,
look_010,Aspire,33,6,Rain Duet™ round 203mm Katalyst™ rainhead in polished chrome,K-73198IN-CP,showerhead,,Rain Duet™,,polished chrome,,7000.0,INR,,Rain Duet™ round 203mm Katalyst™ rainhead in polished chrome,showerhead,82710.0,false,,Projectlookbook.pdf,high,false,
look_010,Aspire,33,7,Hone recessed bath and shower trim with diverter in polished chrome,K-22541IN-4FP-CP,shower_trim,,Hone,,polished chrome,,5250.0,INR,,Hone recessed bath and shower trim with diverter in polished chrome,shower_trim,82710.0,false,,Projectlookbook.pdf,high,false,
look_010,Aspire,33,8,Hone bath spout without diverter in polished chrome,K-22543IN-CP,bath_spout,,Hone,,polished chrome,,4300.0,INR,,Hone bath spout without diverter in polished chrome,bath_spout,82710.0,false,,Projectlookbook.pdf,high,false,
look_010,Aspire,33,9,Instaflush™ Pneumatic tank 3/6L without frame,K-26351IN-P-NA,in_wall_tank,,Instaflush™ Pneumatic,,,,6500.0,INR,,Instaflush™ Pneumatic tank 3/6L without frame,,82710.0,false,,Projectlookbook.pdf,high,false,
look_010,Aspire,33,10,Complementary™ 300mm bottle trap in polished chrome,K-7314IN-CP,bottle_trap,,Complementary™,,polished chrome,,2600.0,INR,,Complementary™ 300mm bottle trap in polished chrome,bottle_trap,82710.0,false,,Projectlookbook.pdf,high,false,
look_010,Aspire,33,11,Complementary™ grid drain with overflow hole in polished chrome,K-45432IN-CP,drain,,Complementary™,,polished chrome,,900.0,INR,,Complementary™ grid drain with overflow hole in polished chrome,drain,82710.0,false,,Projectlookbook.pdf,high,false,
look_010,Aspire,33,12,Aqua Turbo 235 manual valve in polished chrome,K-882IN-CP,shower_trim,,Aqua Turbo,,polished chrome,,5000.0,INR,,Aqua Turbo 235 manual valve in polished chrome,,82710.0,false,,Projectlookbook.pdf,high,false,
look_010,Aspire,33,13,Mastershower™ wall mount elbow shower arm in polished chrome,K-16346IN-CP,showering,,Mastershower™,,polished chrome,,4160.0,INR,,Mastershower™ wall mount elbow shower arm in polished chrome,,82710.0,false,,Projectlookbook.pdf,high,false,
look_011,Desire,37,1,Fore Arc single control lav faucet without drain in polished chrome,K-27479IN-4ND-CP,faucet,,Fore Arc,,polished chrome,,6400.0,INR,,Fore Arc single control lav faucet without drain in polished chrome,basin_faucet,61870.0,false,,Projectlookbook.pdf,high,false,
look_011,Desire,37,2,Forefront™ 413mm square vessel basin with single faucet hole in white,K-75374IN-1-0,basin,,Forefront™,,,white,12000.0,INR,,Forefront™ 413mm square vessel basin with single faucet hole in white,primary_basin,61870.0,false,,Projectlookbook.pdf,high,false,
look_011,Desire,37,3,Summit™ mechanical faceplate in polished chrome,K-28475IN-M-CP,faceplate,,Summit™,,polished chrome,,1850.0,INR,,Summit™ mechanical faceplate in polished chrome,faceplate,61870.0,false,,Projectlookbook.pdf,high,false,
look_011,Desire,37,4,Span square wall hung toilet with Quiet-Close™ seat in white,K-29174IN-S-0,toilet,,Span,,,white,12900.0,INR,,Span square wall hung toilet with Quiet-Close™ seat in white,toilet,61870.0,false,,Projectlookbook.pdf,high,false,
look_011,Desire,37,5,"Complementary™ health faucet with white side spray, metal hose in polished chrome",K-12925IN-CP,health_faucet,,Complementary™,,polished chrome,,2100.0,INR,,"Complementary™ health faucet with white side spray, metal hose in polished chrome",health_faucet,61870.0,false,,Projectlookbook.pdf,high,false,
look_011,Desire,37,6,Awaken™ Organic multi-mode showerhead with shower arm in polished chrome,K-72425IN-CP,showerhead,,Awaken™ Organic,,polished chrome,,6000.0,INR,,Awaken™ Organic multi-mode showerhead with shower arm in polished chrome,showerhead,61870.0,false,,Projectlookbook.pdf,high,false,
look_011,Desire,37,7,Fore Arc Aqua Turbo 230 RBS (recessed bath and shower) trim assy in polished chrome,K-27497IN-4FP-CP,shower_trim,,Fore Arc Aqua Turbo,,polished chrome,,3620.0,INR,,Fore Arc Aqua Turbo 230 RBS (recessed bath and shower) trim assy in polished chrome,shower_trim,61870.0,false,,Projectlookbook.pdf,high,false,
look_011,Desire,37,8,Fore Arc bath spout without diverter in polished chrome,K-27492IN-CP,bath_spout,,Fore Arc,,polished chrome,,2500.0,INR,,Fore Arc bath spout without diverter in polished chrome,bath_spout,61870.0,false,,Projectlookbook.pdf,high,false,
look_011,Desire,37,9,Instaflush™ mechanical tank 3/6L without frame,K-26351IN-M-NA,in_wall_tank,,Instaflush™,,,,6500.0,INR,,Instaflush™ mechanical tank 3/6L without frame,,61870.0,false,,Projectlookbook.pdf,high,false,
look_011,Desire,37,10,Complementary™ 350mm bottle trap without drain in polished chrome,K-75823IN-CP,bottle_trap,,Complementary™,,polished chrome,,2900.0,INR,,Complementary™ 350mm bottle trap without drain in polished chrome,bottle_trap,61870.0,false,,Projectlookbook.pdf,high,false,
look_011,Desire,37,11,Complementary™ grid drain with overflow hole in polished chrome,K-45432IN-CP,drain,,Complementary™,,polished chrome,,900.0,INR,,Complementary™ grid drain with overflow hole in polished chrome,drain,61870.0,false,,Projectlookbook.pdf,high,false,
look_011,Desire,37,12,Aqua Turbo 230 manual valve in polished chrome,K-75201IN-CP,shower_trim,,Aqua Turbo,,polished chrome,,4200.0,INR,,Aqua Turbo 230 manual valve in polished chrome,,61870.0,false,,Projectlookbook.pdf,high,false,
look_012,Desire,39,1,Accliv single-control tall basin faucet without drain in polished chrome,K-33063IN-4ND-CP,faucet,,Accliv,,polished chrome,,8630.0,INR,,Accliv single-control tall basin faucet without drain in polished chrome,basin_faucet,62830.0,false,,Projectlookbook.pdf,high,false,
look_012,Desire,39,2,Conical Bell™ 413mm vessel basin without faucet hole in white,K-2200IN-0,basin,,Conical Bell™,,,white,8000.0,INR,,Conical Bell™ 413mm vessel basin without faucet hole in white,primary_basin,62830.0,false,,Projectlookbook.pdf,high,false,
look_012,Desire,39,3,Rivera™ mechanical faceplate in polished chrome,K-28476IN-M-CP,faceplate,,Rivera™,,polished chrome,,1700.0,INR,,Rivera™ mechanical faceplate in polished chrome,faceplate,62830.0,false,,Projectlookbook.pdf,high,false,
look_012,Desire,39,4,Reach Eco wall hung toilet with Quiet-Close™ seat cover in white,K-30438IN-0,toilet,,Reach Eco,,,white,17000.0,INR,,Reach Eco wall hung toilet with Quiet-Close™ seat cover in white,toilet,62830.0,false,,Projectlookbook.pdf,high,false,
look_012,Desire,39,5,"Complementary™ health faucet with white side spray, metal hose in polished chrome",K-12925IN-CP,health_faucet,,Complementary™,,polished chrome,,2100.0,INR,,"Complementary™ health faucet with white side spray, metal hose in polished chrome",health_faucet,62830.0,false,,Projectlookbook.pdf,high,false,
look_012,Desire,39,6,RainDuet™ multifunction showerhead without shower arm in polished chrome,K-75924IN-CP,showerhead,,RainDuet™,,polished chrome,,3800.0,INR,,RainDuet™ multifunction showerhead without shower arm in polished chrome,showerhead,62830.0,false,,Projectlookbook.pdf,high,false,
look_012,Desire,39,7,Accliv single control recessed bath and shower AT230 trim in polished chrome,K-33118IN-4FP-CP,shower_trim,,Accliv,,polished chrome,,3800.0,INR,,Accliv single control recessed bath and shower AT230 trim in polished chrome,shower_trim,62830.0,false,,Projectlookbook.pdf,high,false,
look_012,Desire,39,8,Accliv bath spout without diverter in polished chrome,K-33074IN-CP,bath_spout,,Accliv,,polished chrome,,2800.0,INR,,Accliv bath spout without diverter in polished chrome,bath_spout,62830.0,false,,Projectlookbook.pdf,high,false,
look_012,Desire,39,9,Instaflush™ Mechanical tank 3/6L without frame,K-26351IN-M-NA,in_wall_tank,,Instaflush™ Mechanical,,,,6500.0,INR,,Instaflush™ Mechanical tank 3/6L without frame,,62830.0,false,,Projectlookbook.pdf,high,false,
look_012,Desire,39,10,Complementary™ 300mm bottle trap in polished chrome,K-7314IN-CP,bottle_trap,,Complementary™,,polished chrome,,2600.0,INR,,Complementary™ 300mm bottle trap in polished chrome,bottle_trap,62830.0,false,,Projectlookbook.pdf,high,false,
look_012,Desire,39,11,Complementary™ grid drain without overflow hole in polished chrome,K-45433IN-CP,drain,,Complementary™,,polished chrome,,700.0,INR,,Complementary™ grid drain without overflow hole in polished chrome,drain,62830.0,false,,Projectlookbook.pdf,high,false,
look_012,Desire,39,12,Aqua Turbo 230 manual valve in polished chrome,K-75201IN-CP,shower_trim,,Aqua Turbo,,polished chrome,,4200.0,INR,,Aqua Turbo 230 manual valve in polished chrome,,62830.0,false,,Projectlookbook.pdf,high,false,
look_012,Desire,39,13,Complementary™ shower arm with escutcheon in polished chrome,K-99054IN-CP,showering,,Complementary™,,polished chrome,,1000.0,INR,,Complementary™ shower arm with escutcheon in polished chrome,,62830.0,false,,Projectlookbook.pdf,high,false,
look_013,Desire,41,1,July™ single-control basin faucet without drain in polished chrome,K-29928IN-4ND-CP,faucet,,July™,,polished chrome,,6900.0,INR,,July™ single-control basin faucet without drain in polished chrome,basin_faucet,62790.0,false,,Projectlookbook.pdf,high,false,
look_013,Desire,41,2,Caxton™ small undercounter lavatory in white,K-2210IN-0,basin,,Caxton™,,,white,3500.0,INR,,Caxton™ small undercounter lavatory in white,,62790.0,false,,Projectlookbook.pdf,high,false,
look_013,Desire,41,3,Lynk™ pneumatic faceplate in polished chrome,K-75890IN-P-CP,faceplate,,Lynk™,,polished chrome,,2800.0,INR,,Lynk™ pneumatic faceplate in polished chrome,faceplate,62790.0,false,,Projectlookbook.pdf,high,false,
look_013,Desire,41,4,Span square wall hung toilet with PureClean™ bidet cleansing seat in white,K-28778IN-0,toilet,,Span,,,white,18690.0,INR,,Span square wall hung toilet with PureClean™ bidet cleansing seat in white,toilet,62790.0,false,,Projectlookbook.pdf,high,false,
look_013,Desire,41,5,"Complementary™ Health faucet with white side spray, metal hose in polished chrome",K-12925IN-CP,health_faucet,,Complementary™ Health,,polished chrome,,2100.0,INR,,"Complementary™ Health faucet with white side spray, metal hose in polished chrome",health_faucet,62790.0,false,,Projectlookbook.pdf,high,false,
look_013,Desire,41,6,Statement™ oblong multifunction showerhead with Katalyst™ technology in polished chrome,K-26290IN-CP,showerhead,,Statement™,,polished chrome,,7000.0,INR,,Statement™ oblong multifunction showerhead with Katalyst™ technology in polished chrome,showerhead,62790.0,false,,Projectlookbook.pdf,high,false,
look_013,Desire,41,7,July™ AT230 recessed bath & shower trim in polished chrome,K-21622IN-4FP-CP,shower_trim,,July™ AT230,,polished chrome,,3800.0,INR,,July™ AT230 recessed bath & shower trim in polished chrome,shower_trim,62790.0,false,,Projectlookbook.pdf,high,false,
look_013,Desire,41,8,July™ bath spout without diverter in polished chrome,K-99060IN-CP,bath_spout,,July™,,polished chrome,,2800.0,INR,,July™ bath spout without diverter in polished chrome,bath_spout,62790.0,false,,Projectlookbook.pdf,high,false,
look_013,Desire,41,9,Instaflush™ mechanical tank 3/6L without frame,K-26351IN-M-NA,in_wall_tank,,Instaflush™,,,,6500.0,INR,,Instaflush™ mechanical tank 3/6L without frame,,62790.0,false,,Projectlookbook.pdf,high,false,
look_013,Desire,41,10,Complementary™ 300mm bottle trap in polished chrome,K-7314IN-CP,bottle_trap,,Complementary™,,polished chrome,,2600.0,INR,,Complementary™ 300mm bottle trap in polished chrome,bottle_trap,62790.0,false,,Projectlookbook.pdf,high,false,
look_013,Desire,41,11,Complementary™ grid drain with overflow hole in polished chrome,K-45432IN-CP,drain,,Complementary™,,polished chrome,,900.0,INR,,Complementary™ grid drain with overflow hole in polished chrome,drain,62790.0,false,,Projectlookbook.pdf,high,false,
look_013,Desire,41,12,Aqua Turbo 230 manual valve in polished chrome,K-75201IN-CP,shower_trim,,Aqua Turbo,,polished chrome,,4200.0,INR,,Aqua Turbo 230 manual valve in polished chrome,,62790.0,false,,Projectlookbook.pdf,high,false,
look_013,Desire,41,13,Complementary™ shower arm with escutcheon in polished chrome,K-99054IN-CP,showering,,Complementary™,,polished chrome,,1000.0,INR,,Complementary™ shower arm with escutcheon in polished chrome,,62790.0,false,,Projectlookbook.pdf,high,false,
look_014,Desire,43,1,Fore Line single control lav faucet without drain in polished chrome,K-27478IN-4ND-CP,faucet,,Fore Line,,polished chrome,,5900.0,INR,,Fore Line single control lav faucet without drain in polished chrome,basin_faucet,49600.0,false,,Projectlookbook.pdf,high,false,
look_014,Desire,43,2,Span round 472mm round vessel with single faucet hole in white,K-25318IN-0,faucet,,Span,,white,,5700.0,INR,,Span round 472mm round vessel with single faucet hole in white,,49600.0,false,,Projectlookbook.pdf,high,false,
look_014,Desire,43,3,Rivera mechanical faceplate in polished chrome,K-28476IN-M-CP,faceplate,,Rivera,,polished chrome,,1700.0,INR,,Rivera mechanical faceplate in polished chrome,faceplate,49600.0,false,,Projectlookbook.pdf,high,false,
look_014,Desire,43,4,Span round wall hung toilet with Quiet-Close™ seat and cover in white,K-29171IN-S-0,toilet,,Span,,,white,11500.0,INR,,Span round wall hung toilet with Quiet-Close™ seat and cover in white,toilet,49600.0,false,,Projectlookbook.pdf,high,false,
look_014,Desire,43,5,"Complementary™ health faucet with white side spray, metal hose in polished chrome",K-12925IN-CP,health_faucet,,Complementary™,,polished chrome,,2100.0,INR,,"Complementary™ health faucet with white side spray, metal hose in polished chrome",health_faucet,49600.0,false,,Projectlookbook.pdf,high,false,
look_014,Desire,43,6,Rain Duet™ single function organic showerhead with shower arm in polished chrome,K-23657IN-CP,showerhead,,Rain Duet™,,polished chrome,,2900.0,INR,,Rain Duet™ single function organic showerhead with shower arm in polished chrome,showerhead,49600.0,false,,Projectlookbook.pdf,high,false,
look_014,Desire,43,7,ForeLine Aqua Turbo 230 RBS (recessed bath and shower) trim assy in polished chrome,K-27496IN-4FP-CP,shower_trim,,ForeLine Aqua Turbo,,polished chrome,,3300.0,INR,,ForeLine Aqua Turbo 230 RBS (recessed bath and shower) trim assy in polished chrome,shower_trim,49600.0,false,,Projectlookbook.pdf,high,false,
look_014,Desire,43,8,Fore Arc™ bath spout without diverter in polished chrome,K-27492IN-CP,bath_spout,,Fore Arc™,,polished chrome,,2500.0,INR,,Fore Arc™ bath spout without diverter in polished chrome,bath_spout,49600.0,false,,Projectlookbook.pdf,high,false,
look_014,Desire,43,9,Instaflush™ mechanical tank 3/6L without frame,K-26351IN-M-NA,in_wall_tank,,Instaflush™,,,,6500.0,INR,,Instaflush™ mechanical tank 3/6L without frame,,49600.0,false,,Projectlookbook.pdf,high,false,
look_014,Desire,43,10,Complementary™ 300mm bottle trap in polished chrome,K-7314IN-CP,bottle_trap,,Complementary™,,polished chrome,,2600.0,INR,,Complementary™ 300mm bottle trap in polished chrome,bottle_trap,49600.0,false,,Projectlookbook.pdf,high,false,
look_014,Desire,43,11,Complementary™ grid drain long thread in polished chrome,K-20746IN-CP,drain,,Complementary™,,polished chrome,,700.0,INR,,Complementary™ grid drain long thread in polished chrome,drain,49600.0,false,,Projectlookbook.pdf,high,false,
look_014,Desire,43,12,Aqua Turbo 230 manual valve in polished chrome,K-75201IN-CP,shower_trim,,Aqua Turbo,,polished chrome,,4200.0,INR,,Aqua Turbo 230 manual valve in polished chrome,,49600.0,false,,Projectlookbook.pdf,high,false,
look_015,Desire,45,1,Fore Tri single control lav faucet without drain in polished chrome,K-27477IN-4ND-CP,faucet,,Fore Tri,,polished chrome,,5700.0,INR,,Fore Tri single control lav faucet without drain in polished chrome,basin_faucet,46880.0,false,,Projectlookbook.pdf,high,false,
look_015,Desire,45,2,Caxton™ 489mm x 413mm under counter basin in white,K-2210IN-0,basin,,Caxton™,,,white,3500.0,INR,489mm x 413mm,Caxton™ 489mm x 413mm under counter basin in white,,46880.0,false,,Projectlookbook.pdf,high,false,
look_015,Desire,45,3,Riviera™ mechanical faceplate in polished chrome,K-28476IN-M-CP,faceplate,,Riviera™,,polished chrome,,1700.0,INR,,Riviera™ mechanical faceplate in polished chrome,faceplate,46880.0,false,,Projectlookbook.pdf,high,false,
look_015,Desire,45,4,Span round wall hung toilet with Quiet-Close™ seat and cover in white,K-29171IN-S-0,toilet,,Span,,,white,11500.0,INR,,Span round wall hung toilet with Quiet-Close™ seat and cover in white,toilet,46880.0,false,,Projectlookbook.pdf,high,false,
look_015,Desire,45,5,"Complementary™ health faucet with white side spray, metal hose in polished chrome",K-12925IN-CP,health_faucet,,Complementary™,,polished chrome,,2100.0,INR,,"Complementary™ health faucet with white side spray, metal hose in polished chrome",health_faucet,46880.0,false,,Projectlookbook.pdf,high,false,
look_015,Desire,45,6,Daisyfield® showerhead in polished chrome,K-24547IN-CP,showerhead,,Daisyfield®,,polished chrome,,1990.0,INR,,Daisyfield® showerhead in polished chrome,showerhead,46880.0,false,,Projectlookbook.pdf,high,false,
look_015,Desire,45,7,Fore Tri Aqua Turbo 230 RBS (recessed bath and shower) trim assy in polished chrome,K-27495IN-4FP-CP,shower_trim,,Fore Tri Aqua Turbo,,polished chrome,,3190.0,INR,,Fore Tri Aqua Turbo 230 RBS (recessed bath and shower) trim assy in polished chrome,shower_trim,46880.0,false,,Projectlookbook.pdf,high,false,
look_015,Desire,45,8,Fore Tri bath spout without diverter in polished chrome,K-27490IN-CP,bath_spout,,Fore Tri,,polished chrome,,2500.0,INR,,Fore Tri bath spout without diverter in polished chrome,bath_spout,46880.0,false,,Projectlookbook.pdf,high,false,
look_015,Desire,45,9,Instaflush™ mechanical tank 3/6l without frame,K-26351IN-M-NA,in_wall_tank,,Instaflush™,,,,6500.0,INR,,Instaflush™ mechanical tank 3/6l without frame,,46880.0,false,,Projectlookbook.pdf,high,false,
look_015,Desire,45,10,Complementary™ 210mm bottle trap in polished chrome,K-16407IN-CP,bottle_trap,,Complementary™,,polished chrome,,2100.0,INR,,Complementary™ 210mm bottle trap in polished chrome,bottle_trap,46880.0,false,,Projectlookbook.pdf,high,false,
look_015,Desire,45,11,Complementary™ grid drain with overflow hole in polished chrome,K-45432IN-CP,drain,,Complementary™,,polished chrome,,900.0,INR,,Complementary™ grid drain with overflow hole in polished chrome,drain,46880.0,false,,Projectlookbook.pdf,high,false,
look_015,Desire,45,12,Aqua Turbo 230 manual valve in polished chrome,K-75201IN-CP,shower_trim,,Aqua Turbo,,polished chrome,,4200.0,INR,,Aqua Turbo 230 manual valve in polished chrome,,46880.0,false,,Projectlookbook.pdf,high,false,
look_015,Desire,45,13,Complementary™ shower arm with escutcheon in polished chrome,K-99054IN-CP,showering,,Complementary™,,polished chrome,,1000.0,INR,,Complementary™ shower arm with escutcheon in polished chrome,,46880.0,false,,Projectlookbook.pdf,high,false,
look_016,Desire,47,1,Beam single control lav faucet without drain in polished chrome,K-26040IN-4ND-CP,faucet,,Beam,,polished chrome,,5450.0,INR,,Beam single control lav faucet without drain in polished chrome,basin_faucet,45330.0,false,,Projectlookbook.pdf,high,false,
look_016,Desire,47,2,Brive Plus™ 540mm wall mount basin with single faucet hole in white,K-8703IN-1WH-0,faucet,,Brive Plus™,,white,,4400.0,INR,,Brive Plus™ 540mm wall mount basin with single faucet hole in white,,45330.0,false,,Projectlookbook.pdf,high,false,
look_016,Desire,47,3,Riviera™ mechanical faceplate in polished chrome,K-28476IN-M-CP,faceplate,,Riviera™,,polished chrome,,1700.0,INR,,Riviera™ mechanical faceplate in polished chrome,faceplate,45330.0,false,,Projectlookbook.pdf,high,false,
look_016,Desire,47,4,Patio™ wall hung toilet with Quiet-Close™ seat in white,K-18131IN-S-0,toilet,,Patio™,,,white,10500.0,INR,,Patio™ wall hung toilet with Quiet-Close™ seat in white,toilet,45330.0,false,,Projectlookbook.pdf,high,false,
look_016,Desire,47,5,"Complementary™ health faucet with white side spray, metal hose in polished chrome",K-12925IN-CP,health_faucet,,Complementary™,,polished chrome,,2100.0,INR,,"Complementary™ health faucet with white side spray, metal hose in polished chrome",health_faucet,45330.0,false,,Projectlookbook.pdf,high,false,
look_016,Desire,47,6,Complementary™ single function showerhead in polished chrome (with shower arm and flange),K-16356IN-A-CP,showerhead,,Complementary™,,,,2500.0,INR,,Complementary™ single function showerhead in polished chrome (with shower arm and flange),showerhead,45330.0,false,,Projectlookbook.pdf,high,false,
look_016,Desire,47,7,Beam AT230 recessed bath & shower trim in polished chrome,K-26045IN-4FP-CP,shower_trim,,Beam AT230,,polished chrome,,2600.0,INR,,Beam AT230 recessed bath & shower trim in polished chrome,shower_trim,45330.0,false,,Projectlookbook.pdf,high,false,
look_016,Desire,47,8,Beam bath spout without diverter in polished chrome,K-26046IN-CP,bath_spout,,Beam,,polished chrome,,2380.0,INR,,Beam bath spout without diverter in polished chrome,bath_spout,45330.0,false,,Projectlookbook.pdf,high,false,
look_016,Desire,47,9,Instaflush™ mechanical tank 3/6l without frame,K-26351IN-M-NA,in_wall_tank,,Instaflush™,,,,6500.0,INR,,Instaflush™ mechanical tank 3/6l without frame,,45330.0,false,,Projectlookbook.pdf,high,false,
look_016,Desire,47,10,Complementary™ 210mm bottle trap in polished chrome,K-16407IN-CP,bottle_trap,,Complementary™,,polished chrome,,2100.0,INR,,Complementary™ 210mm bottle trap in polished chrome,bottle_trap,45330.0,false,,Projectlookbook.pdf,high,false,
look_016,Desire,47,11,Complementary™ grid drain with overflow hole in polished chrome,K-45432IN-CP,drain,,Complementary™,,polished chrome,,900.0,INR,,Complementary™ grid drain with overflow hole in polished chrome,drain,45330.0,false,,Projectlookbook.pdf,high,false,
look_016,Desire,47,12,Aqua Turbo 230 manual valve in polished chrome,K-75201IN-CP,shower_trim,,Aqua Turbo,,polished chrome,,4200.0,INR,,Aqua Turbo 230 manual valve in polished chrome,,45330.0,false,,Projectlookbook.pdf,high,false,
look_017,Sublime,49,1,Kumin Cold-only faucet with sensor deck-control in polished chrome,K-18656IN-NDR-CP,faucet,,Kumin Cold-only,,polished chrome,,20990.0,INR,,Kumin Cold-only faucet with sensor deck-control in polished chrome,,147470.0,false,,Projectlookbook.pdf,high,false,
look_017,Sublime,49,2,Accliv single-control wall mount basin faucet trim in polished chrome,K-26791IN-4ND-CP,faucet,,Accliv,,polished chrome,,4400.0,INR,,Accliv single-control wall mount basin faucet trim in polished chrome,basin_faucet,147470.0,true,alt_group_017,Projectlookbook.pdf,high,false,
look_017,Sublime,49,3,Caxton 489mm x 413mm undercounter basin in white,K-2210IN-0,basin,,Caxton,,,white,3500.0,INR,489mm x 413mm,Caxton 489mm x 413mm undercounter basin in white,primary_basin,147470.0,false,,Projectlookbook.pdf,high,false,
look_017,Sublime,49,4,Riveira mechanical faceplate in polished chrome,K-28476IN-M-CP,faceplate,,Riveira,,polished chrome,,1700.0,INR,,Riveira mechanical faceplate in polished chrome,faceplate,147470.0,false,,Projectlookbook.pdf,high,false,
look_017,Sublime,49,5,Purewash™ manual bidet,K-22860IN-2-0,bidet_seat,,Purewash™,,,,4000.0,INR,,Purewash™ manual bidet,,147470.0,false,,Projectlookbook.pdf,high,false,
look_017,Sublime,49,6,"Complementary™ health faucet with side spray, metal hose in polished chrome",K-12927IN-CP,health_faucet,,Complementary™,,polished chrome,,3900.0,INR,,"Complementary™ health faucet with side spray, metal hose in polished chrome",health_faucet,147470.0,false,,Projectlookbook.pdf,high,false,
look_017,Sublime,49,7,Reach Eco wall hung toilet with Quiet-Close™ seat cover in white,K-30438IN-0,toilet,,Reach Eco,,,white,17000.0,INR,,Reach Eco wall hung toilet with Quiet-Close™ seat cover in white,toilet,147470.0,false,,Projectlookbook.pdf,high,false,
look_017,Sublime,49,8,Cruz™ Soap dispenser and holder with frosted glass bottle in polished chrome,K-10712D-CP,soap_dispenser,,Cruz™ Soap,,polished chrome,,4630.0,INR,,Cruz™ Soap dispenser and holder with frosted glass bottle in polished chrome,,147470.0,false,,Projectlookbook.pdf,high,false,
look_017,Sublime,49,9,Bardon™ touchless hand dryer in white,K-5486T-2-0P,hand_dryer,,Bardon™,,,white,33200.0,INR,,Bardon™ touchless hand dryer in white,,147470.0,false,,Projectlookbook.pdf,high,false,
look_017,Sublime,49,10,Cruz bath grip in polished chrome,K-10701D-CP,accessory,,Cruz,,polished chrome,,7760.0,INR,,Cruz bath grip in polished chrome,,147470.0,false,,Projectlookbook.pdf,high,false,
look_017,Sublime,49,11,Complementary™ tissue holder in polished chrome,K-5632IN-CP,accessory,,Complementary™,,polished chrome,,1650.0,INR,,Complementary™ tissue holder in polished chrome,,147470.0,false,,Projectlookbook.pdf,high,false,
look_017,Sublime,49,12,Patio™ urinal sensor in polished chrome,K-24199IN-C01-CP,urinal,,Patio™,,,polished chrome,25000.0,INR,,Patio™ urinal sensor in polished chrome,,147470.0,false,,Projectlookbook.pdf,high,false,
look_017,Sublime,49,13,Span square urinal with rear inlet in white 326mm x 363mm x 616mm,K-26474IN-ER-0,urinal,,Span,,,,16500.0,INR,326mm x 363mm x 616mm,Span square urinal with rear inlet in white 326mm x 363mm x 616mm,,147470.0,false,,Projectlookbook.pdf,high,false,
look_017,Sublime,49,14,Instafit+ In-wall tank with frame,K-77029IN-M-NA,in_wall_tank,,Instafit+ In-wall,,,,7640.0,INR,,Instafit+ In-wall tank with frame,tank,147470.0,false,,Projectlookbook.pdf,high,false,
look_018,Sublime,51,1,Kumin Cold-only faucet with sensor deck-control in polished chrome CP,K-18656IN-NDR-,faucet,,Kumin Cold-only,,polished chrome cp,,20990.0,INR,,Kumin Cold-only faucet with sensor deck-control in polished chrome CP,,156480.0,false,,Projectlookbook.pdf,high,false,
look_018,Sublime,51,2,Beam single control lav faucet without drain,K-26040IN-4ND,faucet,,Beam,,,,5450.0,INR,,Beam single control lav faucet without drain,basin_faucet,156480.0,true,alt_group_018,Projectlookbook.pdf,high,false,
look_018,Sublime,51,3,Ladena 581mm x 402mm undercounter basin in white,K-2215IN-2-0,basin,,Ladena,,,white,9500.0,INR,581mm x 402mm,Ladena 581mm x 402mm undercounter basin in white,primary_basin,156480.0,false,,Projectlookbook.pdf,high,false,
look_018,Sublime,51,4,Summit mechanical faceplate in polished chrome,K-28475IN-M-CP,faceplate,,Summit,,polished chrome,,1850.0,INR,,Summit mechanical faceplate in polished chrome,faceplate,156480.0,false,,Projectlookbook.pdf,high,false,
look_018,Sublime,51,5,Purewash™ manual bidet,K-22860IN-2-0,bidet_seat,,Purewash™,,,,4000.0,INR,,Purewash™ manual bidet,,156480.0,false,,Projectlookbook.pdf,high,false,
look_018,Sublime,51,6,"Complementary™ health faucet with side spray, metal hose in polished chrome",K-12927IN-CP,health_faucet,,Complementary™,,polished chrome,,3900.0,INR,,"Complementary™ health faucet with side spray, metal hose in polished chrome",health_faucet,156480.0,false,,Projectlookbook.pdf,high,false,
look_018,Sublime,51,7,Spacity wall hung toilet with Quiet-Close™ slim seat cover in white,K-28922IN-S-0,toilet,,Spacity,,,white,19000.0,INR,,Spacity wall hung toilet with Quiet-Close™ slim seat cover in white,toilet,156480.0,false,,Projectlookbook.pdf,high,false,
look_018,Sublime,51,8,Cruz™ Soap dispenser and holder with frosted glass bottle in polished chrome,K-10712D-CP,soap_dispenser,,Cruz™ Soap,,polished chrome,,4630.0,INR,,Cruz™ Soap dispenser and holder with frosted glass bottle in polished chrome,,156480.0,false,,Projectlookbook.pdf,high,false,
look_018,Sublime,51,9,Bardon™ touchless hand dryer in white,K-5486T-2-0P,hand_dryer,,Bardon™,,,white,33200.0,INR,,Bardon™ touchless hand dryer in white,,156480.0,false,,Projectlookbook.pdf,high,false,
look_018,Sublime,51,10,Cruz bath grip in polished chrome,K-10701D-CP,accessory,,Cruz,,polished chrome,,7760.0,INR,,Cruz bath grip in polished chrome,,156480.0,false,,Projectlookbook.pdf,high,false,
look_018,Sublime,51,11,Complementary™ tissue holder in polished chrome,K-5632IN-CP,accessory,,Complementary™,,polished chrome,,1650.0,INR,,Complementary™ tissue holder in polished chrome,,156480.0,false,,Projectlookbook.pdf,high,false,
look_018,Sublime,51,12,Patio™ urinal sensor in polished chrome CP,K-24199IN-C01-,urinal,,Patio™,,,polished chrome cp,25000.0,INR,,Patio™ urinal sensor in polished chrome CP,,156480.0,false,,Projectlookbook.pdf,high,false,
look_018,Sublime,51,13,Span round urinal with rear inlet in white 326mm x 363mm x 616mm,K-26475IN-ER-0,urinal,,Span,,,,15000.0,INR,326mm x 363mm x 616mm,Span round urinal with rear inlet in white 326mm x 363mm x 616mm,,156480.0,false,,Projectlookbook.pdf,high,false,
look_018,Sublime,51,14,Instafit+ slim In wall tank 3/6 l full frame (87 mm thickness),K-20084IN-P-NA,in_wall_tank,,Instafit+,,,,10000.0,INR,,Instafit+ slim In wall tank 3/6 l full frame (87 mm thickness),,156480.0,false,,Projectlookbook.pdf,high,false,
look_019,Sublime,53,1,Kumin Cold-only faucet with sensor deck-control in polished chrome CP,K-18656IN-NDR-,faucet,,Kumin Cold-only,,polished chrome cp,,20990.0,INR,,Kumin Cold-only faucet with sensor deck-control in polished chrome CP,,153950.0,false,,Projectlookbook.pdf,high,false,
look_019,Sublime,53,2,Fore Tri single control wall mount lav faucet trim in polished chrome,K-27481IN-4ND-CP,faucet,,Fore Tri,,polished chrome,,3500.0,INR,,Fore Tri single control wall mount lav faucet trim in polished chrome,basin_faucet,153950.0,true,alt_group_019,Projectlookbook.pdf,high,false,
look_019,Sublime,53,3,Ladena 581mm x 402mm undercounter basin in white,K-2215IN-2-0,basin,,Ladena,,,white,9500.0,INR,581mm x 402mm,Ladena 581mm x 402mm undercounter basin in white,primary_basin,153950.0,false,,Projectlookbook.pdf,high,false,
look_019,Sublime,53,4,Lynk™ mechanical faceplate in polished chrome,K-75890IN-M-CP,faceplate,,Lynk™,,polished chrome,,2750.0,INR,,Lynk™ mechanical faceplate in polished chrome,faceplate,153950.0,false,,Projectlookbook.pdf,high,false,
look_019,Sublime,53,5,Purewash™ manual bidet,K-22860IN-2-0,bidet_seat,,Purewash™,,,,4000.0,INR,,Purewash™ manual bidet,,153950.0,false,,Projectlookbook.pdf,high,false,
look_019,Sublime,53,6,"Complementary™ health faucet with side spray, metal hose in polished chrome",K-12927IN-CP,health_faucet,,Complementary™,,polished chrome,,3900.0,INR,,"Complementary™ health faucet with side spray, metal hose in polished chrome",health_faucet,153950.0,false,,Projectlookbook.pdf,high,false,
look_019,Sublime,53,7,Spacity wall hung toilet with Quiet-Close™ slim seat cover in white,K-28922IN-S-0,toilet,,Spacity,,,white,19000.0,INR,,Spacity wall hung toilet with Quiet-Close™ slim seat cover in white,toilet,153950.0,false,,Projectlookbook.pdf,high,false,
look_019,Sublime,53,8,Cruz™ Soap dispenser and holder with frosted glass bottle in polished chrome,K-10712D-CP,soap_dispenser,,Cruz™ Soap,,polished chrome,,4630.0,INR,,Cruz™ Soap dispenser and holder with frosted glass bottle in polished chrome,,153950.0,false,,Projectlookbook.pdf,high,false,
look_019,Sublime,53,9,Bardon™ touchless hand dryer in white,K-5486T-2-0P,hand_dryer,,Bardon™,,,white,33200.0,INR,,Bardon™ touchless hand dryer in white,,153950.0,false,,Projectlookbook.pdf,high,false,
look_019,Sublime,53,10,Cruz™ bath grip in polished chrome,K-10701D-CP,accessory,,Cruz™,,polished chrome,,7760.0,INR,,Cruz™ bath grip in polished chrome,,153950.0,false,,Projectlookbook.pdf,high,false,
look_019,Sublime,53,11,Complementary™ tissue holder in polished chrome,K-5632IN-CP,accessory,,Complementary™,,polished chrome,,1650.0,INR,,Complementary™ tissue holder in polished chrome,,153950.0,false,,Projectlookbook.pdf,high,false,
look_019,Sublime,53,12,Patio™ urinal sensor in polished chrome,K-24199IN-C01-CP,urinal,,Patio™,,,polished chrome,25000.0,INR,,Patio™ urinal sensor in polished chrome,,153950.0,false,,Projectlookbook.pdf,high,false,
look_019,Sublime,53,13,Span round urinal with rear inlet in white 326mm x 363mm x 616mm,K-26475IN-ER-0,urinal,,Span,,,,15000.0,INR,326mm x 363mm x 616mm,Span round urinal with rear inlet in white 326mm x 363mm x 616mm,,153950.0,false,,Projectlookbook.pdf,high,false,
look_019,Sublime,53,14,SoftPress™ pneumatic flush valve,K-31538IN-NA,toilet,,SoftPress™,,,,6570.0,INR,,SoftPress™ pneumatic flush valve,,153950.0,false,,Projectlookbook.pdf,high,false,
look_020,Imperial,55,1,Strayt™ Touchless cold only basin faucet in polished chrome,K-72866IN-ND-CP,faucet,,Strayt™ Touchless,,polished chrome,,26730.0,INR,,Strayt™ Touchless cold only basin faucet in polished chrome,basin_faucet,204400.0,false,,Projectlookbook.pdf,high,false,
look_020,Imperial,55,2,Vive single-control basin faucet without drain in polished chrome,K-23966IN-4ND-CP,faucet,,Vive,,polished chrome,,9500.0,INR,,Vive single-control basin faucet without drain in polished chrome,basin_faucet,204400.0,true,alt_group_020,Projectlookbook.pdf,high,false,
look_020,Imperial,55,3,Ladena 581mm x 402mm undercounter basin in white,K-2215IN-2-0,basin,,Ladena,,,white,9500.0,INR,581mm x 402mm,Ladena 581mm x 402mm undercounter basin in white,primary_basin,204400.0,false,,Projectlookbook.pdf,high,false,
look_020,Imperial,55,4,Pebble™ pneumatic faceplate in polished chrome,K-5413IN-P-CP,faceplate,,Pebble™,,polished chrome,,2400.0,INR,,Pebble™ pneumatic faceplate in polished chrome,faceplate,204400.0,false,,Projectlookbook.pdf,high,false,
look_020,Imperial,55,5,Purewash™ manual bidet,K-22860IN-2-0,bidet_seat,,Purewash™,,,,4000.0,INR,,Purewash™ manual bidet,,204400.0,false,,Projectlookbook.pdf,high,false,
look_020,Imperial,55,6,Elate® health faucet with hose & bracket in polished chrome,K-97258IN-CP,health_faucet,,Elate®,,polished chrome,,3900.0,INR,,Elate® health faucet with hose & bracket in polished chrome,health_faucet,204400.0,false,,Projectlookbook.pdf,high,false,
look_020,Imperial,55,7,Brazn Wall hung toilet with Quiet-Close™ seat cover in white,K-26994IN-0,toilet,,Brazn Wall,,,white,28000.0,INR,,Brazn Wall hung toilet with Quiet-Close™ seat cover in white,toilet,204400.0,false,,Projectlookbook.pdf,high,false,
look_020,Imperial,55,8,Bardon™ touchless soap dispenser in polished chrome,K-5487T-B-CP,soap_dispenser,,Bardon™,,polished chrome,,27300.0,INR,,Bardon™ touchless soap dispenser in polished chrome,,204400.0,false,,Projectlookbook.pdf,high,false,
look_020,Imperial,55,9,Bardon™ touchless hand dryer in white,K-5486T-2-0P,hand_dryer,,Bardon™,,,white,33200.0,INR,,Bardon™ touchless hand dryer in white,,204400.0,false,,Projectlookbook.pdf,high,false,
look_020,Imperial,55,10,Cruz™ bath grip in polished chrome,K-10701D-CP,accessory,,Cruz™,,polished chrome,,7760.0,INR,,Cruz™ bath grip in polished chrome,,204400.0,false,,Projectlookbook.pdf,high,false,
look_020,Imperial,55,11,Complementary™ square tissue holder without cover in polished chrome,K-25070IN-CP,accessory,,Complementary™,,polished chrome,,1810.0,INR,,Complementary™ square tissue holder without cover in polished chrome,,204400.0,false,,Projectlookbook.pdf,high,false,
look_020,Imperial,55,12,Patio™ urinal sensor with AC adaptor (AC+DC) with flushing adjustable in polished chrome,K-24199IN-C03-CP,urinal,,Patio™,,,polished chrome,26400.0,INR,,Patio™ urinal sensor with AC adaptor (AC+DC) with flushing adjustable in polished chrome,,204400.0,false,,Projectlookbook.pdf,high,false,
look_020,Imperial,55,13,Tend urinal with rear spud in white 0.5L | 381mm x 330mm x 550mm,K-20713IN-ER-0,urinal,,Tend,,,,21000.0,INR,381mm x 330mm x 550mm,Tend urinal with rear spud in white 0.5L | 381mm x 330mm x 550mm,,204400.0,false,,Projectlookbook.pdf,high,false,
look_020,Imperial,55,14,Instafit+ slim In wall tank 3/6 l full frame (87 mm thickness),K-20084IN-M-NP,in_wall_tank,,Instafit+,,,,12400.0,INR,,Instafit+ slim In wall tank 3/6 l full frame (87 mm thickness),,204400.0,false,,Projectlookbook.pdf,high,false,
look_021,Imperial,57,1,Kumin™ sensor faucet cold-only without drain in polished chrome,K-18655IN-ND-CP,drain,,Kumin™,,polished chrome,,23530.0,INR,,Kumin™ sensor faucet cold-only without drain in polished chrome,drain,220700.0,false,,Projectlookbook.pdf,high,false,
look_021,Imperial,57,2,Hone single-control basin faucet without drain in polished chrome,K-22534IN-4ND-CP,faucet,,Hone,,polished chrome,,9250.0,INR,,Hone single-control basin faucet without drain in polished chrome,basin_faucet,220700.0,true,alt_group_021,Projectlookbook.pdf,high,false,
look_021,Imperial,57,3,Forefront™ 418mm vessel basin with single faucet hole in white,K-2660IN-1-0,basin,,Forefront™,,,white,16000.0,INR,,Forefront™ 418mm vessel basin with single faucet hole in white,primary_basin,220700.0,false,,Projectlookbook.pdf,high,false,
look_021,Imperial,57,3,Pebble pneumatic faceplate in polished chrome,K-5413IN-P-CP,faceplate,,Pebble,,polished chrome,,2400.0,INR,,Pebble pneumatic faceplate in polished chrome,faceplate,220700.0,false,,Projectlookbook.pdf,high,false,
look_021,Imperial,57,5,Purewash™ manual bidet,K-22860IN-2-0,bidet_seat,,Purewash™,,,,4000.0,INR,,Purewash™ manual bidet,,220700.0,false,,Projectlookbook.pdf,high,false,
look_021,Imperial,57,6,Elate® health faucet with hose & bracket in polished chrome,K-97258IN-CP,health_faucet,,Elate®,,polished chrome,,3900.0,INR,,Elate® health faucet with hose & bracket in polished chrome,health_faucet,220700.0,false,,Projectlookbook.pdf,high,false,
look_021,Imperial,57,7,Brazn Wall hung toilet with Quiet-Close™ seat cover in white,K-26994IN-0,toilet,,Brazn Wall,,,white,28000.0,INR,,Brazn Wall hung toilet with Quiet-Close™ seat cover in white,toilet,220700.0,false,,Projectlookbook.pdf,high,false,
look_021,Imperial,57,8,Bardon™ touchless soap dispenser in polished chrome,K-5487T-B-CP,soap_dispenser,,Bardon™,,polished chrome,,27300.0,INR,,Bardon™ touchless soap dispenser in polished chrome,,220700.0,false,,Projectlookbook.pdf,high,false,
look_021,Imperial,57,9,Bardon™ touchless hand dryer in white,K-5486T-2-0P,hand_dryer,,Bardon™,,,white,33200.0,INR,,Bardon™ touchless hand dryer in white,,220700.0,false,,Projectlookbook.pdf,high,false,
look_021,Imperial,57,10,Cruz™ bath grip in polished chrome,K-10701D-CP,accessory,,Cruz™,,polished chrome,,7760.0,INR,,Cruz™ bath grip in polished chrome,,220700.0,false,,Projectlookbook.pdf,high,false,
look_021,Imperial,57,11,Complementary™ square tissue holder without cover in polished chrome,K-25070IN-CP,accessory,,Complementary™,,polished chrome,,1810.0,INR,,Complementary™ square tissue holder without cover in polished chrome,,220700.0,false,,Projectlookbook.pdf,high,false,
look_021,Imperial,57,12,Patio™ urinal sensor with AC adaptor (AC+DC) with flushing adjustable in polished chrome,K-24199IN-C03-CP,urinal,,Patio™,,,polished chrome,26400.0,INR,,Patio™ urinal sensor with AC adaptor (AC+DC) with flushing adjustable in polished chrome,,220700.0,false,,Projectlookbook.pdf,high,false,
look_021,Imperial,57,13,Patio™ urinal with rear inlet 0.5L in white 332mm x 335mm x 642mm,K-18645IN-SS-0,urinal,,Patio™,,,,34000.0,INR,332mm x 335mm x 642mm,Patio™ urinal with rear inlet 0.5L in white 332mm x 335mm x 642mm,,220700.0,false,,Projectlookbook.pdf,high,false,
look_021,Imperial,57,14,Instafit+ slim In wall tank 3/6 l full frame (87 mm thickness),K-20084IN-M-NP,in_wall_tank,,Instafit+,,,,12400.0,INR,,Instafit+ slim In wall tank 3/6 l full frame (87 mm thickness),,220700.0,false,,Projectlookbook.pdf,high,false,
look_022,Luxe,59,1,Composed™ wall mount sensor faucet cold only in polished chrome,K-25998T-CP,faucet,,Composed™,,polished chrome,,35000.0,INR,,Composed™ wall mount sensor faucet cold only in polished chrome,,292460.0,false,,Projectlookbook.pdf,high,false,
look_022,Luxe,59,2,Aleo+ single-control basin faucet without drain in polished chrome,K-72312IN-4ND-CP,faucet,,Aleo+,,polished chrome,,14500.0,INR,,Aleo+ single-control basin faucet without drain in polished chrome,basin_faucet,292460.0,true,alt_group_022,Projectlookbook.pdf,high,false,
look_022,Luxe,59,3,Ladena 581mm x 402mm undercounter basin in white,K-2215IN-2-0,basin,,Ladena,,,white,9500.0,INR,581mm x 402mm,Ladena 581mm x 402mm undercounter basin in white,primary_basin,292460.0,false,,Projectlookbook.pdf,high,false,
look_022,Luxe,59,4,Skim™ pneumatic faceplate in white with actuation button in brushed nickel,K-24149IN-F-BN,faceplate,,Skim™,,white with actuation button in brushed nickel,,10000.0,INR,,Skim™ pneumatic faceplate in white with actuation button in brushed nickel,faceplate,292460.0,false,,Projectlookbook.pdf,high,false,
look_022,Luxe,59,5,Veil™ wall hung toilet with C3-150 electronic cleansing seat in white,K-31014IN-0,toilet,,Veil™,,,white,91000.0,INR,,Veil™ wall hung toilet with C3-150 electronic cleansing seat in white,toilet,292460.0,false,,Projectlookbook.pdf,high,false,
look_022,Luxe,59,6,Elate® health faucet with hose & bracket in polished chrome,K-97258IN-CP,health_faucet,,Elate®,,polished chrome,,3900.0,INR,,Elate® health faucet with hose & bracket in polished chrome,health_faucet,292460.0,false,,Projectlookbook.pdf,high,false,
look_022,Luxe,59,7,Bardon™ touchless soap dispenser in polished chrome,K-5487T-B-CP,soap_dispenser,,Bardon™,,polished chrome,,27300.0,INR,,Bardon™ touchless soap dispenser in polished chrome,,292460.0,false,,Projectlookbook.pdf,high,false,
look_022,Luxe,59,8,Bardon™ Touchless hand dryer in white,K-5486T-2-0P,hand_dryer,,Bardon™ Touchless,,,white,33200.0,INR,,Bardon™ Touchless hand dryer in white,,292460.0,false,,Projectlookbook.pdf,high,false,
look_022,Luxe,59,9,Cruz™ bath grip in polished chrome,K-10701D-CP,accessory,,Cruz™,,polished chrome,,7760.0,INR,,Cruz™ bath grip in polished chrome,,292460.0,false,,Projectlookbook.pdf,high,false,
look_022,Luxe,59,10,Avid™ tissue holder in polished chrome,K-97502T-CP,accessory,,Avid™,,polished chrome,,6300.0,INR,,Avid™ tissue holder in polished chrome,,292460.0,false,,Projectlookbook.pdf,high,false,
look_022,Luxe,59,11,Patio™ Touchless urinal with rear inlet in white 1L with integrated sensor in white 332mm x 335mm x 642mm,K-16321IN-SS-0,urinal,,Patio™ Touchless,,,,58500.0,INR,332mm x 335mm x 642mm,Patio™ Touchless urinal with rear inlet in white 1L with integrated sensor in white 332mm x 335mm x 642mm,,292460.0,false,,Projectlookbook.pdf,high,false,
look_022,Luxe,59,12,Instafit+ slim In wall tank 3/6 l full frame (87 mm thickness),K-20084IN-P-NA,in_wall_tank,,Instafit+,,,,10000.0,INR,,Instafit+ slim In wall tank 3/6 l full frame (87 mm thickness),,292460.0,false,,Projectlookbook.pdf,high,false,
look_023,Luxe,61,1,Oblo™ touchless basin faucet cold-only in polished chrome,K-8399IN-CP,faucet,,Oblo™,,polished chrome,,32000.0,INR,,Oblo™ touchless basin faucet cold-only in polished chrome,basin_faucet,317240.0,false,,Projectlookbook.pdf,high,false,
look_023,Luxe,61,2,ModernLife Edge™ single-control basin faucet without drain in polished chrome,K-25757IN-4ND-CP,faucet,,ModernLife Edge™,,polished chrome,,23000.0,INR,,ModernLife Edge™ single-control basin faucet without drain in polished chrome,basin_faucet,317240.0,true,alt_group_023,Projectlookbook.pdf,high,false,
look_023,Luxe,61,3,Forefront™ 418mm vessel basin with single faucet hole in white,K-2660IN-1-0,basin,,Forefront™,,,white,16000.0,INR,,Forefront™ 418mm vessel basin with single faucet hole in white,primary_basin,317240.0,false,,Projectlookbook.pdf,high,false,
look_023,Luxe,61,4,Summon touchless sensor face plate in black,K-24146IN-7,faceplate,,Summon,,black,,31280.0,INR,,Summon touchless sensor face plate in black,,317240.0,false,,Projectlookbook.pdf,high,false,
look_023,Luxe,61,5,Veil™ wall hung toilet with C3-150 electronic cleansing seat in white,K-31014IN-0,toilet,,Veil™,,,white,91000.0,INR,,Veil™ wall hung toilet with C3-150 electronic cleansing seat in white,toilet,317240.0,false,,Projectlookbook.pdf,high,false,
look_023,Luxe,61,6,Elate® health faucet with hose & bracket in polished chrome,K-97258IN-CP,health_faucet,,Elate®,,polished chrome,,3900.0,INR,,Elate® health faucet with hose & bracket in polished chrome,health_faucet,317240.0,false,,Projectlookbook.pdf,high,false,
look_023,Luxe,61,7,Bardon™ touchless soap dispenser in polished chrome,K-5487T-B-CP,soap_dispenser,,Bardon™,,polished chrome,,27300.0,INR,,Bardon™ touchless soap dispenser in polished chrome,,317240.0,false,,Projectlookbook.pdf,high,false,
look_023,Luxe,61,8,Bardon™ touchless hand dryer in white,K-5486T-2-0P,hand_dryer,,Bardon™,,,white,33200.0,INR,,Bardon™ touchless hand dryer in white,,317240.0,false,,Projectlookbook.pdf,high,false,
look_023,Luxe,61,9,Cruz™ bath grip in polished chrome,K-10701D-CP,accessory,,Cruz™,,polished chrome,,7760.0,INR,,Cruz™ bath grip in polished chrome,,317240.0,false,,Projectlookbook.pdf,high,false,
look_023,Luxe,61,10,Avid™ tissue holder in polished chrome,K-97502T-CP,accessory,,Avid™,,polished chrome,,6300.0,INR,,Avid™ tissue holder in polished chrome,,317240.0,false,,Projectlookbook.pdf,high,false,
look_023,Luxe,61,11,Patio™ Touchless urinal with rear inlet in white 1L with integrated sensor in white 332mm x 335mm x 642mm,K-16321IN-SS-0,urinal,,Patio™ Touchless,,,,58500.0,INR,332mm x 335mm x 642mm,Patio™ Touchless urinal with rear inlet in white 1L with integrated sensor in white 332mm x 335mm x 642mm,,317240.0,false,,Projectlookbook.pdf,high,false,
look_023,Luxe,61,12,Instafit+ slim In wall tank 3/6 l full frame (87 mm thickness),K-20084IN-P-NA,in_wall_tank,,Instafit+,,,,10000.0,INR,,Instafit+ slim In wall tank 3/6 l full frame (87 mm thickness),,317240.0,false,,Projectlookbook.pdf,high,false,
look_024,Noir,63,1,Parallel™ single-control basin faucet without drain in french gold,K-23472IN-4ND-AF,faucet,,Parallel™,,french gold,,20000.0,INR,,Parallel™ single-control basin faucet without drain in french gold,basin_faucet,195890.0,false,,Projectlookbook.pdf,high,false,
look_024,Noir,63,2,Ladena 581mm x 402mm undercounter basin in black,K-2215IN-2-7,basin,,Ladena,,,black,10900.0,INR,581mm x 402mm,Ladena 581mm x 402mm undercounter basin in black,primary_basin,195890.0,false,,Projectlookbook.pdf,high,false,
look_024,Noir,63,3,Skim™ Pneumatic faceplate in black with actuation button in brushed nickel,K-24149IN-F-BN,faceplate,,Skim™ Pneumatic,,black with actuation button in brushed nickel,,10000.0,INR,,Skim™ Pneumatic faceplate in black with actuation button in brushed nickel,faceplate,195890.0,false,,Projectlookbook.pdf,high,false,
look_024,Noir,63,4,Spacity wall hung toilet with Quiet-Close™ slim seat cover in black,K-28922IN-S-7,toilet,,Spacity,,,black,23000.0,INR,,Spacity wall hung toilet with Quiet-Close™ slim seat cover in black,toilet,195890.0,false,,Projectlookbook.pdf,high,false,
look_024,Noir,63,5,Elate® health faucet with hose & bracket in matte black,K-97258IN-ZZ-BL,health_faucet,,Elate®,,matte black,,6440.0,INR,,Elate® health faucet with hose & bracket in matte black,health_faucet,195890.0,false,,Projectlookbook.pdf,high,false,
look_024,Noir,63,6,Bardon™ touchless soap dispenser in polished chrome,K-5487T-B-CP,soap_dispenser,,Bardon™,,polished chrome,,27300.0,INR,,Bardon™ touchless soap dispenser in polished chrome,,195890.0,false,,Projectlookbook.pdf,high,false,
look_024,Noir,63,7,Bardon™ touchless hand dryer in white,K-5486T-2-0P,hand_dryer,,Bardon™,,,white,33200.0,INR,,Bardon™ touchless hand dryer in white,,195890.0,false,,Projectlookbook.pdf,high,false,
look_024,Noir,63,8,Accent toilet tissue holder in french gold,K-25346IN-AF,toilet,,Accent,,,french gold,2400.0,INR,,Accent toilet tissue holder in french gold,toilet,195890.0,false,,Projectlookbook.pdf,high,false,
look_024,Noir,63,9,Patio™ Urinal sensor with AC adaptor (AC+DC) with flushing adjustable in polished chrome,K-24199IN-C03-CP,urinal,,Patio™ Urinal,,,polished chrome,26400.0,INR,,Patio™ Urinal sensor with AC adaptor (AC+DC) with flushing adjustable in polished chrome,,195890.0,false,,Projectlookbook.pdf,high,false,
look_024,Noir,63,10,Tend urinal with rear spud in black 0.5L,K-20713IN-ER-7,urinal,,Tend,,,,26250.0,INR,,Tend urinal with rear spud in black 0.5L,,195890.0,false,,Projectlookbook.pdf,high,false,
look_024,Noir,63,11,Instafit+ slim In wall tank 3/6 l full frame (87 mm thickness),K-20084IN-P-NA,in_wall_tank,,Instafit+,,,,10000.0,INR,,Instafit+ slim In wall tank 3/6 l full frame (87 mm thickness),,195890.0,false,,Projectlookbook.pdf,high,false,
look_025,Noir,65,1,ModernLife Edge™ single- control basin faucet without drain in rose gold,K-25757IN-4ND-RGD,faucet,,ModernLife Edge™,,rose gold,,32200.0,INR,,ModernLife Edge™ single- control basin faucet without drain in rose gold,basin_faucet,264765.0,false,,Projectlookbook.pdf,high,false,
look_025,Noir,65,2,Ladena 581mm x 402mm undercounter basin in black,K-2215IN-2-7,basin,,Ladena,,,black,10900.0,INR,581mm x 402mm,Ladena 581mm x 402mm undercounter basin in black,primary_basin,264765.0,false,,Projectlookbook.pdf,high,false,
look_025,Noir,65,3,Lynk™ pneumatic faceplate in matte black,K-75890IN-P-BL,faceplate,,Lynk™,,matte black,,6000.0,INR,,Lynk™ pneumatic faceplate in matte black,faceplate,264765.0,false,,Projectlookbook.pdf,high,false,
look_025,Noir,65,4,Veil® wall hung toilet with Quiet-Close™ UF seat in black,K-75708IN-7,toilet,,Veil®,,,black,36340.0,INR,,Veil® wall hung toilet with Quiet-Close™ UF seat in black,toilet,264765.0,false,,Projectlookbook.pdf,high,false,
look_025,Noir,65,5,Elate® health faucet with hose & bracket in matte black,K-97258IN-ZZ-BL,health_faucet,,Elate®,,matte black,,6440.0,INR,,Elate® health faucet with hose & bracket in matte black,health_faucet,264765.0,false,,Projectlookbook.pdf,high,false,
look_025,Noir,65,6,Bardon™ touchless soap dispenser in polished chrome,K-5487T-B-CP,soap_dispenser,,Bardon™,,polished chrome,,27300.0,INR,,Bardon™ touchless soap dispenser in polished chrome,,264765.0,false,,Projectlookbook.pdf,high,false,
look_025,Noir,65,7,Bardon™ touchless hand dryer in white,K-5486T-2-0P,hand_dryer,,Bardon™,,,white,33200.0,INR,,Bardon™ touchless hand dryer in white,,264765.0,false,,Projectlookbook.pdf,high,false,
look_025,Noir,65,8,Accent toilet tissue holder in rose gold,K-25346IN-RGD,toilet,,Accent,,,rose gold,2860.0,INR,,Accent toilet tissue holder in rose gold,toilet,264765.0,false,,Projectlookbook.pdf,high,false,
look_025,Noir,65,9,Patio™ urinal sensor with AC adaptor (AC+DC) with flushing adjustable in polished chrome,K-24199IN-C03-CP,urinal,,Patio™,,,polished chrome,26400.0,INR,,Patio™ urinal sensor with AC adaptor (AC+DC) with flushing adjustable in polished chrome,,264765.0,false,,Projectlookbook.pdf,high,false,
look_025,Noir,65,10,Patio™ Touchless urinal with rear inlet in white 1L with integrated sensor in black 332mm x 335mm x 642mm,K-16321IN-7,urinal,,Patio™ Touchless,,,,73125.0,INR,332mm x 335mm x 642mm,Patio™ Touchless urinal with rear inlet in white 1L with integrated sensor in black 332mm x 335mm x 642mm,,264765.0,false,,Projectlookbook.pdf,high,false,
look_025,Noir,65,11,Instafit+ slim In wall tank 3/6L full frame (87 mm thickness),K-20084IN-P-NA,in_wall_tank,,Instafit+,,,,10000.0,INR,,Instafit+ slim In wall tank 3/6L full frame (87 mm thickness),,264765.0,false,,Projectlookbook.pdf,high,false,
look_026,Elegance,67,1,Beam single control lavatory faucet without drain in polished chrome,K-26040IN-4ND-CP,faucet,,Beam,,polished chrome,,5450.0,INR,,Beam single control lavatory faucet without drain in polished chrome,basin_faucet,55430.0,false,,Projectlookbook.pdf,high,false,
look_026,Elegance,67,2,Apt Round vessel basing with single faucet hole in white NEW,K-34251IN-0,basin,,Apt Round,,,white new,7600.0,INR,,Apt Round vessel basing with single faucet hole in white NEW,primary_basin,55430.0,false,,Projectlookbook.pdf,high,false,
look_026,Elegance,67,3,Riveria faceplate in polished chrome,K-28476IN-M-CP,faceplate,,Riveria,,polished chrome,,1700.0,INR,,Riveria faceplate in polished chrome,faceplate,55430.0,false,,Projectlookbook.pdf,high,false,
look_026,Elegance,67,4,Apt Round wall hung toilet in white NEW,K-29150IN-0,toilet,,Apt Round,,,white new,12500.0,INR,,Apt Round wall hung toilet in white NEW,toilet,55430.0,false,,Projectlookbook.pdf,high,false,
look_026,Elegance,67,5,Complementary™ deco health sprays with metal hose and holder in polished chrome,K-12927IN-CP,health_faucet,,Complementary™,,polished chrome,,3900.0,INR,,Complementary™ deco health sprays with metal hose and holder in polished chrome,health_faucet,55430.0,false,,Projectlookbook.pdf,high,false,
look_026,Elegance,67,6,Complementary™ single function showerhead in polished chrome (with shower arm and flange),K-16356IN-A-CP,showerhead,,Complementary™,,,,2500.0,INR,,Complementary™ single function showerhead in polished chrome (with shower arm and flange),showerhead,55430.0,false,,Projectlookbook.pdf,high,false,
look_026,Elegance,67,7,Beam AT230 RBS trim,K-26045IN-4FP-CP,shower_trim,,Beam AT230 RBS,,,,2600.0,INR,,Beam AT230 RBS trim,,55430.0,false,,Projectlookbook.pdf,high,false,
look_026,Elegance,67,8,Beam bath spout without diverter in polished chrome,K-26046IN-CP,bath_spout,,Beam,,polished chrome,,2380.0,INR,,Beam bath spout without diverter in polished chrome,bath_spout,55430.0,false,,Projectlookbook.pdf,high,false,
look_026,Elegance,67,9,Complementary™ 300mm bottle trap in polished chrome,K-7314IN-CP,bottle_trap,,Complementary™,,polished chrome,,2600.0,INR,,Complementary™ 300mm bottle trap in polished chrome,bottle_trap,55430.0,false,,Projectlookbook.pdf,high,false,
look_026,Elegance,67,10,Instaflush™ Nxt Gen in-wall tank without frame,K-26351IN-M-NA,in_wall_tank,,Instaflush™ Nxt Gen,,,,6500.0,INR,,Instaflush™ Nxt Gen in-wall tank without frame,tank,55430.0,false,,Projectlookbook.pdf,high,false,
look_026,Elegance,67,11,Complementary™ angle valve,K-80158IN-9AV-CP,angle_valve,,Complementary™,,,,1600.0,INR,,Complementary™ angle valve,,55430.0,false,,Projectlookbook.pdf,high,false,
look_026,Elegance,67,12,"Complementary™ grid drain, long",K-20746IN-CP,drain,,Complementary™,,,,700.0,INR,,"Complementary™ grid drain, long",drain,55430.0,false,,Projectlookbook.pdf,high,false,
look_026,Elegance,67,13,Complementary small angle valve with G13mm connection,K-11568IN-7B-CP,angle_valve,,Complementary,,,,1200.0,INR,,Complementary small angle valve with G13mm connection,,55430.0,false,,Projectlookbook.pdf,high,false,
look_026,Elegance,67,14,Aqua Turbo 230 manual valve,K-75201IN-CP,shower_trim,,Aqua Turbo,,,,4200.0,INR,,Aqua Turbo 230 manual valve,,55430.0,false,,Projectlookbook.pdf,high,false,
look_027,Elegance,69,1,Fore Tri single-control basin faucet without drain in polished chrome,K-27477IN-4ND-CP,faucet,,Fore Tri,,polished chrome,,5700.0,INR,,Fore Tri single-control basin faucet without drain in polished chrome,basin_faucet,56540.0,false,,Projectlookbook.pdf,high,false,
look_027,Elegance,69,2,Apt Round vessel basing with single faucet hole in white NEW,K-34251IN-0,basin,,Apt Round,,,white new,7600.0,INR,,Apt Round vessel basing with single faucet hole in white NEW,primary_basin,56540.0,false,,Projectlookbook.pdf,high,false,
look_027,Elegance,69,3,Summit faceplate in polished chrome,K-28475IN-M-CP,faceplate,,Summit,,polished chrome,,1850.0,INR,,Summit faceplate in polished chrome,faceplate,56540.0,false,,Projectlookbook.pdf,high,false,
look_027,Elegance,69,4,Apt Round wall hung toilet in white NEW,K-29150IN-0,toilet,,Apt Round,,,white new,12500.0,INR,,Apt Round wall hung toilet in white NEW,toilet,56540.0,false,,Projectlookbook.pdf,high,false,
look_027,Elegance,69,5,Complementary™ deco health sprays with metal hose and holder in polished chrome,K-12927IN-CP,health_faucet,,Complementary™,,polished chrome,,3900.0,INR,,Complementary™ deco health sprays with metal hose and holder in polished chrome,health_faucet,56540.0,false,,Projectlookbook.pdf,high,false,
look_027,Elegance,69,6,Complementary™ single-function round 97mm showerhead with shower arm in polished chrome,K-16356IN-A-CP,showerhead,,Complementary™,,polished chrome,,2500.0,INR,,Complementary™ single-function round 97mm showerhead with shower arm in polished chrome,showerhead,56540.0,false,,Projectlookbook.pdf,high,false,
look_027,Elegance,69,7,Fore Tri Aqua Turbo 230 RBS (recessed bath and shower) trim assy in polished chrome,K-27495IN-4FP-CP,shower_trim,,Fore Tri Aqua Turbo,,polished chrome,,3190.0,INR,,Fore Tri Aqua Turbo 230 RBS (recessed bath and shower) trim assy in polished chrome,shower_trim,56540.0,false,,Projectlookbook.pdf,high,false,
look_027,Elegance,69,8,Fore Arc™ bath spout without diverter in polished chrome,K-27492IN-CP,bath_spout,,Fore Arc™,,polished chrome,,2500.0,INR,,Fore Arc™ bath spout without diverter in polished chrome,bath_spout,56540.0,false,,Projectlookbook.pdf,high,false,
look_027,Elegance,69,9,Complementary™ 300mm bottle trap in polished chrome,K-7314IN-CP,bottle_trap,,Complementary™,,polished chrome,,2600.0,INR,,Complementary™ 300mm bottle trap in polished chrome,bottle_trap,56540.0,false,,Projectlookbook.pdf,high,false,
look_027,Elegance,69,10,Instaflush™ Nxt Gen in-wall tank without frame,K-26351IN-M-NA,in_wall_tank,,Instaflush™ Nxt Gen,,,,6500.0,INR,,Instaflush™ Nxt Gen in-wall tank without frame,tank,56540.0,false,,Projectlookbook.pdf,high,false,
look_027,Elegance,69,11,Complementary™ angle valve,K-80158IN-9AV-CP,angle_valve,,Complementary™,,,,1600.0,INR,,Complementary™ angle valve,,56540.0,false,,Projectlookbook.pdf,high,false,
look_027,Elegance,69,12,"Complementary™ grid drain, long",K-20746IN-CP,drain,,Complementary™,,,,700.0,INR,,"Complementary™ grid drain, long",drain,56540.0,false,,Projectlookbook.pdf,high,false,
look_027,Elegance,69,13,Complementary small angle valve with G13mm connection,K-11568IN-7B-CP,angle_valve,,Complementary,,,,1200.0,INR,,Complementary small angle valve with G13mm connection,,56540.0,false,,Projectlookbook.pdf,high,false,
look_027,Elegance,69,14,Aqua Turbo 230 manual valve,K-75201IN-CP,shower_trim,,Aqua Turbo,,,,4200.0,INR,,Aqua Turbo 230 manual valve,,56540.0,false,,Projectlookbook.pdf,high,false,
look_028,Elegance,71,1,Fore Tri single-control basin faucet without drain in polished chrome,K-27477IN-4ND-CP,faucet,,Fore Tri,,polished chrome,,5700.0,INR,,Fore Tri single-control basin faucet without drain in polished chrome,basin_faucet,61890.0,false,,Projectlookbook.pdf,high,false,
look_028,Elegance,71,2,Apt Round vessel basing with single faucet hole in white NEW,K-34251IN-0,basin,,Apt Round,,,white new,7600.0,INR,,Apt Round vessel basing with single faucet hole in white NEW,primary_basin,61890.0,false,,Projectlookbook.pdf,high,false,
look_028,Elegance,71,3,Riveria faceplate in polished chrome,K-28476IN-M-CP,faceplate,,Riveria,,polished chrome,,1700.0,INR,,Riveria faceplate in polished chrome,faceplate,61890.0,false,,Projectlookbook.pdf,high,false,
look_028,Elegance,71,4,Apt Round wall hung toilet in white NEW,K-29150IN-0,toilet,,Apt Round,,,white new,12500.0,INR,,Apt Round wall hung toilet in white NEW,toilet,61890.0,false,,Projectlookbook.pdf,high,false,
look_028,Elegance,71,5,Complementary™ deco health sprays with metal hose and holder in polished chrome,K-12927IN-CP,health_faucet,,Complementary™,,polished chrome,,3900.0,INR,,Complementary™ deco health sprays with metal hose and holder in polished chrome,health_faucet,61890.0,false,,Projectlookbook.pdf,high,false,
look_028,Elegance,71,6,Statement™ multifunction 2.5gpm/ 9.6Lpm showerhead in polished chrome,K-26290IN-CP,showerhead,,Statement™,,polished chrome,,7000.0,INR,,Statement™ multifunction 2.5gpm/ 9.6Lpm showerhead in polished chrome,showerhead,61890.0,false,,Projectlookbook.pdf,high,false,
look_028,Elegance,71,7,Fore Tri Aqua Turbo 230 RBS (recessed bath and shower) trim assy in polished chrome,K-27495IN-4FP-CP,shower_trim,,Fore Tri Aqua Turbo,,polished chrome,,3190.0,INR,,Fore Tri Aqua Turbo 230 RBS (recessed bath and shower) trim assy in polished chrome,shower_trim,61890.0,false,,Projectlookbook.pdf,high,false,
look_028,Elegance,71,8,Fore Arc™ bath spout without diverter in polished chrome,K-27492IN-CP,bath_spout,,Fore Arc™,,polished chrome,,2500.0,INR,,Fore Arc™ bath spout without diverter in polished chrome,bath_spout,61890.0,false,,Projectlookbook.pdf,high,false,
look_028,Elegance,71,9,Complementary™ 300mm bottle trap in polished chrome,K-7314IN-CP,bottle_trap,,Complementary™,,polished chrome,,2600.0,INR,,Complementary™ 300mm bottle trap in polished chrome,bottle_trap,61890.0,false,,Projectlookbook.pdf,high,false,
look_028,Elegance,71,10,Instaflush™ Nxt Gen in-wall tank without frame,K-26351IN-M-NA,in_wall_tank,,Instaflush™ Nxt Gen,,,,6500.0,INR,,Instaflush™ Nxt Gen in-wall tank without frame,tank,61890.0,false,,Projectlookbook.pdf,high,false,
look_028,Elegance,71,11,Complementary™ angle valve,K-80158IN-9AV-CP,angle_valve,,Complementary™,,,,1600.0,INR,,Complementary™ angle valve,,61890.0,false,,Projectlookbook.pdf,high,false,
look_028,Elegance,71,12,"Complementary™ grid drain, long",K-20746IN-CP,drain,,Complementary™,,,,700.0,INR,,"Complementary™ grid drain, long",drain,61890.0,false,,Projectlookbook.pdf,high,false,
look_028,Elegance,71,13,Complementary small angle valve with G13mm connection,K-11568IN-7B-CP,angle_valve,,Complementary,,,,1200.0,INR,,Complementary small angle valve with G13mm connection,,61890.0,false,,Projectlookbook.pdf,high,false,
look_028,Elegance,71,14,Complementary™ shower arm with escutcheon in polished chrome,K-99054IN-CP,showering,,Complementary™,,polished chrome,,1000.0,INR,,Complementary™ shower arm with escutcheon in polished chrome,,61890.0,false,,Projectlookbook.pdf,high,false,
look_028,Elegance,71,15,Aqua Turbo 230 manual valve,K-75201IN-CP,shower_trim,,Aqua Turbo,,,,4200.0,INR,,Aqua Turbo 230 manual valve,,61890.0,false,,Projectlookbook.pdf,high,false,
look_029,Elegance,73,1,Fore Tri single-control basin faucet without drain in polished chrome,K-27477IN-4ND-CP,faucet,,Fore Tri,,polished chrome,,5700.0,INR,,Fore Tri single-control basin faucet without drain in polished chrome,basin_faucet,57880.0,false,,Projectlookbook.pdf,high,false,
look_029,Elegance,73,2,Apt Round vessel basing with single faucet hole in white NEW,K-34251IN-0,basin,,Apt Round,,,white new,7600.0,INR,,Apt Round vessel basing with single faucet hole in white NEW,primary_basin,57880.0,false,,Projectlookbook.pdf,high,false,
look_029,Elegance,73,3,Riveria faceplate in polished chrome,K-28476IN-M-CP,faceplate,,Riveria,,polished chrome,,1700.0,INR,,Riveria faceplate in polished chrome,faceplate,57880.0,false,,Projectlookbook.pdf,high,false,
look_029,Elegance,73,4,Apt Square wall hung NEW,K-32410IN-0,toilet,,Apt Square,,,,13500.0,INR,,Apt Square wall hung NEW,,57880.0,false,,Projectlookbook.pdf,high,false,
look_029,Elegance,73,5,Complementary™ deco health sprays with metal hose and holder in polished chrome,K-12927IN-CP,health_faucet,,Complementary™,,polished chrome,,3900.0,INR,,Complementary™ deco health sprays with metal hose and holder in polished chrome,health_faucet,57880.0,false,,Projectlookbook.pdf,high,false,
look_029,Elegance,73,6,Daisyfield® showerhead in polished chrome,K-24547IN-CP,showerhead,,Daisyfield®,,polished chrome,,1990.0,INR,,Daisyfield® showerhead in polished chrome,showerhead,57880.0,false,,Projectlookbook.pdf,high,false,
look_029,Elegance,73,7,Fore Tri Aqua Turbo 230 RBS (recessed bath and shower) trim assy in polished chrome,K-27495IN-4FP-CP,shower_trim,,Fore Tri Aqua Turbo,,polished chrome,,3190.0,INR,,Fore Tri Aqua Turbo 230 RBS (recessed bath and shower) trim assy in polished chrome,shower_trim,57880.0,false,,Projectlookbook.pdf,high,false,
look_029,Elegance,73,8,Fore Arc™ bath spout without diverter in polished chrome,K-27492IN-CP,bath_spout,,Fore Arc™,,polished chrome,,2500.0,INR,,Fore Arc™ bath spout without diverter in polished chrome,bath_spout,57880.0,false,,Projectlookbook.pdf,high,false,
look_029,Elegance,73,9,Complementary™ 300mm bottle trap in polished chrome,K-7314IN-CP,bottle_trap,,Complementary™,,polished chrome,,2600.0,INR,,Complementary™ 300mm bottle trap in polished chrome,bottle_trap,57880.0,false,,Projectlookbook.pdf,high,false,
look_029,Elegance,73,10,Instaflush™ Nxt Gen in-wall tank without frame,K-26351IN-M-NA,in_wall_tank,,Instaflush™ Nxt Gen,,,,6500.0,INR,,Instaflush™ Nxt Gen in-wall tank without frame,tank,57880.0,false,,Projectlookbook.pdf,high,false,
look_029,Elegance,73,11,Complementary™ angle valve,K-80158IN-9AV-CP,angle_valve,,Complementary™,,,,1600.0,INR,,Complementary™ angle valve,,57880.0,false,,Projectlookbook.pdf,high,false,
look_029,Elegance,73,12,"Complementary™ grid drain, long",K-20746IN-CP,drain,,Complementary™,,,,700.0,INR,,"Complementary™ grid drain, long",drain,57880.0,false,,Projectlookbook.pdf,high,false,
look_029,Elegance,73,13,Complementary small angle valve with G13mm connection,K-11568IN-7B-CP,angle_valve,,Complementary,,,,1200.0,INR,,Complementary small angle valve with G13mm connection,,57880.0,false,,Projectlookbook.pdf,high,false,
look_029,Elegance,73,14,Complementary™ shower arm with escutcheon in polished chrome,K-99054IN-CP,showering,,Complementary™,,polished chrome,,1000.0,INR,,Complementary™ shower arm with escutcheon in polished chrome,,57880.0,false,,Projectlookbook.pdf,high,false,
look_029,Elegance,73,15,Aqua Turbo 230 manual valve,K-75201IN-CP,shower_trim,,Aqua Turbo,,,,4200.0,INR,,Aqua Turbo 230 manual valve,,57880.0,false,,Projectlookbook.pdf,high,false,
look_030,Elegance,75,1,Fore Line™ single-control basin faucet without drain in polished chrome,K-27478IN-4ND-CP,faucet,,Fore Line™,,polished chrome,,5900.0,INR,,Fore Line™ single-control basin faucet without drain in polished chrome,basin_faucet,58190.0,false,,Projectlookbook.pdf,high,false,
look_030,Elegance,75,2,Apt Round vessel basing with single faucet hole in white NEW,K-34251IN-0,basin,,Apt Round,,,white new,7600.0,INR,,Apt Round vessel basing with single faucet hole in white NEW,primary_basin,58190.0,false,,Projectlookbook.pdf,high,false,
look_030,Elegance,75,3,Riveria faceplate in polished chrome,K-28476IN-M-CP,faceplate,,Riveria,,polished chrome,,1700.0,INR,,Riveria faceplate in polished chrome,faceplate,58190.0,false,,Projectlookbook.pdf,high,false,
look_030,Elegance,75,4,Apt Square wall hung toilet in white NEW,K-32410IN-0,toilet,,Apt Square,,,white new,13500.0,INR,,Apt Square wall hung toilet in white NEW,toilet,58190.0,false,,Projectlookbook.pdf,high,false,
look_030,Elegance,75,5,Complementary™ deco health sprays with metal hose and holder in polished chrome,K-12927IN-CP,health_faucet,,Complementary™,,polished chrome,,3900.0,INR,,Complementary™ deco health sprays with metal hose and holder in polished chrome,health_faucet,58190.0,false,,Projectlookbook.pdf,high,false,
look_030,Elegance,75,6,Daisyfield® showerhead in polished chrome,K-24547IN-CP,showerhead,,Daisyfield®,,polished chrome,,1990.0,INR,,Daisyfield® showerhead in polished chrome,showerhead,58190.0,false,,Projectlookbook.pdf,high,false,
look_030,Elegance,75,7,Fore Line™ Aqua Turbo 230 RBS (recessed bath & shower ) trim assy,K-27496IN-4FP-CP,shower_trim,,Fore Line™ Aqua Turbo,,,,3300.0,INR,,Fore Line™ Aqua Turbo 230 RBS (recessed bath & shower ) trim assy,shower_trim,58190.0,false,,Projectlookbook.pdf,high,false,
look_030,Elegance,75,8,Fore Arc™ bath spout without diverter in polished chrome,K-27492IN-CP,bath_spout,,Fore Arc™,,polished chrome,,2500.0,INR,,Fore Arc™ bath spout without diverter in polished chrome,bath_spout,58190.0,false,,Projectlookbook.pdf,high,false,
look_030,Elegance,75,9,Complementary™ 300mm bottle trap in polished chrome,K-7314IN-CP,bottle_trap,,Complementary™,,polished chrome,,2600.0,INR,,Complementary™ 300mm bottle trap in polished chrome,bottle_trap,58190.0,false,,Projectlookbook.pdf,high,false,
look_030,Elegance,75,10,Instaflush™ Nxt Gen in-wall tank without frame,K-26351IN-M-NA,in_wall_tank,,Instaflush™ Nxt Gen,,,,6500.0,INR,,Instaflush™ Nxt Gen in-wall tank without frame,tank,58190.0,false,,Projectlookbook.pdf,high,false,
look_030,Elegance,75,11,Complementary™ angle valve,K-80158IN-9AV-CP,angle_valve,,Complementary™,,,,1600.0,INR,,Complementary™ angle valve,,58190.0,false,,Projectlookbook.pdf,high,false,
look_030,Elegance,75,12,"Complementary™ grid drain, long",K-20746IN-CP,drain,,Complementary™,,,,700.0,INR,,"Complementary™ grid drain, long",drain,58190.0,false,,Projectlookbook.pdf,high,false,
look_030,Elegance,75,13,Complementary small angle valve with G13mm connection,K-11568IN-7B-CP,angle_valve,,Complementary,,,,1200.0,INR,,Complementary small angle valve with G13mm connection,,58190.0,false,,Projectlookbook.pdf,high,false,
look_030,Elegance,75,14,Complementary™ shower arm with escutcheon in polished chrome,K-99054IN-CP,showering,,Complementary™,,polished chrome,,1000.0,INR,,Complementary™ shower arm with escutcheon in polished chrome,,58190.0,false,,Projectlookbook.pdf,high,false,
look_030,Elegance,75,15,Aqua Turbo 230 manual valve,K-75201IN-CP,shower_trim,,Aqua Turbo,,,,4200.0,INR,,Aqua Turbo 230 manual valve,,58190.0,false,,Projectlookbook.pdf,high,false,
look_031,Elegance,77,1,Fore Line™ single-control basin faucet without drain in polished chrome,K-27478IN-4ND-CP,faucet,,Fore Line™,,polished chrome,,5900.0,INR,,Fore Line™ single-control basin faucet without drain in polished chrome,basin_faucet,64300.0,false,,Projectlookbook.pdf,high,false,
look_031,Elegance,77,2,Apt Round vessel basing with single faucet hole in white NEW,K-34251IN-0,basin,,Apt Round,,,white new,7600.0,INR,,Apt Round vessel basing with single faucet hole in white NEW,primary_basin,64300.0,false,,Projectlookbook.pdf,high,false,
look_031,Elegance,77,3,Riveria faceplate in polished chrome,K-28476IN-M-CP,faceplate,,Riveria,,polished chrome,,1700.0,INR,,Riveria faceplate in polished chrome,faceplate,64300.0,false,,Projectlookbook.pdf,high,false,
look_031,Elegance,77,4,Apt Square wall hung toilet in white NEW,K-32410IN-0,toilet,,Apt Square,,,white new,13500.0,INR,,Apt Square wall hung toilet in white NEW,toilet,64300.0,false,,Projectlookbook.pdf,high,false,
look_031,Elegance,77,5,Complementary™ deco health sprays with metal hose and holder in polished chrome,K-12927IN-CP,health_faucet,,Complementary™,,polished chrome,,3900.0,INR,,Complementary™ deco health sprays with metal hose and holder in polished chrome,health_faucet,64300.0,false,,Projectlookbook.pdf,high,false,
look_031,Elegance,77,6,Statement™ oblong multifunction showerhead with Katalyst™ technology in polished chrome,K-26290IN-CP,showerhead,,Statement™,,polished chrome,,7000.0,INR,,Statement™ oblong multifunction showerhead with Katalyst™ technology in polished chrome,showerhead,64300.0,false,,Projectlookbook.pdf,high,false,
look_031,Elegance,77,7,Fore Line™ Aqua Turbo 230 RBS (recessed bath & shower) trim assy in polished chrome,K-27496IN-4FP-CP,shower_trim,,Fore Line™ Aqua Turbo,,polished chrome,,3300.0,INR,,Fore Line™ Aqua Turbo 230 RBS (recessed bath & shower) trim assy in polished chrome,shower_trim,64300.0,false,,Projectlookbook.pdf,high,false,
look_031,Elegance,77,8,Fore Arc™ bath spout with diverter in polished chrome,K-27494IN-CP,bath_spout,,Fore Arc™,,polished chrome,,3600.0,INR,,Fore Arc™ bath spout with diverter in polished chrome,bath_spout,64300.0,false,,Projectlookbook.pdf,high,false,
look_031,Elegance,77,9,Complementary™ 300mm bottle trap in polished chrome,K-7314IN-CP,bottle_trap,,Complementary™,,polished chrome,,2600.0,INR,,Complementary™ 300mm bottle trap in polished chrome,bottle_trap,64300.0,false,,Projectlookbook.pdf,high,false,
look_031,Elegance,77,10,Instaflush™ Nxt Gen in-wall tank without frame,K-26351IN-M-NA,in_wall_tank,,Instaflush™ Nxt Gen,,,,6500.0,INR,,Instaflush™ Nxt Gen in-wall tank without frame,tank,64300.0,false,,Projectlookbook.pdf,high,false,
look_031,Elegance,77,11,Complementary™ angle valve,K-80158IN-9AV-CP,angle_valve,,Complementary™,,,,1600.0,INR,,Complementary™ angle valve,,64300.0,false,,Projectlookbook.pdf,high,false,
look_031,Elegance,77,12,"Complementary™ grid drain, long",K-20746IN-CP,drain,,Complementary™,,,,700.0,INR,,"Complementary™ grid drain, long",drain,64300.0,false,,Projectlookbook.pdf,high,false,
look_031,Elegance,77,13,Complementary small angle valve with G13mm connection,K-11568IN-7B-CP,angle_valve,,Complementary,,,,1200.0,INR,,Complementary small angle valve with G13mm connection,,64300.0,false,,Projectlookbook.pdf,high,false,
look_031,Elegance,77,14,Complementary™ shower arm with escutcheon in polished chrome,K-99054IN-CP,showering,,Complementary™,,polished chrome,,1000.0,INR,,Complementary™ shower arm with escutcheon in polished chrome,,64300.0,false,,Projectlookbook.pdf,high,false,
look_031,Elegance,77,15,Aqua Turbo 230 manual valve,K-75201IN-CP,shower_trim,,Aqua Turbo,,,,4200.0,INR,,Aqua Turbo 230 manual valve,,64300.0,false,,Projectlookbook.pdf,high,false,
look_032,Elegance,79,1,Fore Arc™ single-control lav faucet without drain in polished chrome,K-27479IN-4ND-CP,faucet,,Fore Arc™,,polished chrome,,6400.0,INR,,Fore Arc™ single-control lav faucet without drain in polished chrome,basin_faucet,68780.0,false,,Projectlookbook.pdf,high,false,
look_032,Elegance,79,2,Apt Round vessel basing with single faucet hole in white NEW,K-34251IN-0,basin,,Apt Round,,,white new,7600.0,INR,,Apt Round vessel basing with single faucet hole in white NEW,primary_basin,68780.0,false,,Projectlookbook.pdf,high,false,
look_032,Elegance,79,3,Riveria faceplate in polished chrome,K-28476IN-M-CP,faceplate,,Riveria,,polished chrome,,1700.0,INR,,Riveria faceplate in polished chrome,faceplate,68780.0,false,,Projectlookbook.pdf,high,false,
look_032,Elegance,79,4,Apt Square wall hung toilet in white NEW,K-32410IN-0,toilet,,Apt Square,,,white new,13500.0,INR,,Apt Square wall hung toilet in white NEW,toilet,68780.0,false,,Projectlookbook.pdf,high,false,
look_032,Elegance,79,5,Complementary™ deco health sprays with metal hose and holder in polished chrome,K-12927IN-CP,health_faucet,,Complementary™,,polished chrome,,3900.0,INR,,Complementary™ deco health sprays with metal hose and holder in polished chrome,health_faucet,68780.0,false,,Projectlookbook.pdf,high,false,
look_032,Elegance,79,6,Rain Duet™ Square 203mm Katalyst™ rainhead in polished chrome,K-73199IN-CP,showerhead,,Rain Duet™ Square,,polished chrome,,7500.0,INR,,Rain Duet™ Square 203mm Katalyst™ rainhead in polished chrome,showerhead,68780.0,false,,Projectlookbook.pdf,high,false,
look_032,Elegance,79,7,Fore Arc™ Aqua Turbo 230 RBS recessed bath and shower trim assy,K-27497IN-4FP-CP,shower_trim,,Fore Arc™ Aqua Turbo,,,,3620.0,INR,,Fore Arc™ Aqua Turbo 230 RBS recessed bath and shower trim assy,shower_trim,68780.0,false,,Projectlookbook.pdf,high,false,
look_032,Elegance,79,8,Fore Arc™ bath spout with diverter in polished chrome,K-27494IN-CP,bath_spout,,Fore Arc™,,polished chrome,,3600.0,INR,,Fore Arc™ bath spout with diverter in polished chrome,bath_spout,68780.0,false,,Projectlookbook.pdf,high,false,
look_032,Elegance,79,9,Complementary™ 300mm bottle trap in polished chrome,K-7314IN-CP,bottle_trap,,Complementary™,,polished chrome,,2600.0,INR,,Complementary™ 300mm bottle trap in polished chrome,bottle_trap,68780.0,false,,Projectlookbook.pdf,high,false,
look_032,Elegance,79,10,Instaflush™ Nxt Gen in-wall tank without frame,K-26351IN-M-NA,in_wall_tank,,Instaflush™ Nxt Gen,,,,6500.0,INR,,Instaflush™ Nxt Gen in-wall tank without frame,tank,68780.0,false,,Projectlookbook.pdf,high,false,
look_032,Elegance,79,11,Complementary™ angle valve,K-80158IN-9AV-CP,angle_valve,,Complementary™,,,,1600.0,INR,,Complementary™ angle valve,,68780.0,false,,Projectlookbook.pdf,high,false,
look_032,Elegance,79,12,"Complementary™ grid drain, long",K-20746IN-CP,drain,,Complementary™,,,,700.0,INR,,"Complementary™ grid drain, long",drain,68780.0,false,,Projectlookbook.pdf,high,false,
look_032,Elegance,79,13,Complementary small angle valve with G13mm connection,K-11568IN-7B-CP,angle_valve,,Complementary,,,,1200.0,INR,,Complementary small angle valve with G13mm connection,,68780.0,false,,Projectlookbook.pdf,high,false,
look_032,Elegance,79,14,Mastershower™ wall mount elbow shower arm in polished chrome,K-16346IN-CP,showering,,Mastershower™,,polished chrome,,4160.0,INR,,Mastershower™ wall mount elbow shower arm in polished chrome,,68780.0,false,,Projectlookbook.pdf,high,false,
look_032,Elegance,79,15,Aqua Turbo 230 manual valve,K-75201IN-CP,shower_trim,,Aqua Turbo,,,,4200.0,INR,,Aqua Turbo 230 manual valve,,68780.0,false,,Projectlookbook.pdf,high,false,
look_033,Harmony,81,1,Apt Flux single-control pillar tap in polished chrome NEW,K-34067IN-4-CP,faucet,,Apt Flux,,polished chrome new,,2270.0,INR,,Apt Flux single-control pillar tap in polished chrome NEW,,43440.0,false,,Projectlookbook.pdf,high,false,
look_033,Harmony,81,2,Brive Plus™ wall mount basin with single faucet hole in white,K-5583IN-1WH-0,faucet,,Brive Plus™,,white,,3850.0,INR,,Brive Plus™ wall mount basin with single faucet hole in white,,43440.0,false,,Projectlookbook.pdf,high,false,
look_033,Harmony,81,3,Riveria faceplate in polished chrome,K-28476IN-M-CP,faceplate,,Riveria,,polished chrome,,1700.0,INR,,Riveria faceplate in polished chrome,faceplate,43440.0,false,,Projectlookbook.pdf,high,false,
look_033,Harmony,81,4,Patio™ wall-hung toilet Quiet-Close™ seat cover in white,K-18131IN-S-0,toilet,,Patio™,,,white,10500.0,INR,,Patio™ wall-hung toilet Quiet-Close™ seat cover in white,toilet,43440.0,false,,Projectlookbook.pdf,high,false,
look_033,Harmony,81,5,Complementary™ deco health sprays with metal hose and holder in polished chrome,K-12927IN-CP,health_faucet,,Complementary™,,polished chrome,,3900.0,INR,,Complementary™ deco health sprays with metal hose and holder in polished chrome,health_faucet,43440.0,false,,Projectlookbook.pdf,high,false,
look_033,Harmony,81,6,Complementary™ single function showerhead in polished chrome (with shower arm and flange),K-16356IN-A-CP,showerhead,,Complementary™,,,,2500.0,INR,,Complementary™ single function showerhead in polished chrome (with shower arm and flange),showerhead,43440.0,false,,Projectlookbook.pdf,high,false,
look_033,Harmony,81,7,Apt Flux AT230 trim in polished chrome NEW,K-33992IN-4FP-CP,shower_trim,,Apt Flux AT230,,polished chrome new,,2240.0,INR,,Apt Flux AT230 trim in polished chrome NEW,,43440.0,false,,Projectlookbook.pdf,high,false,
look_033,Harmony,81,8,Apt bath spout without diverter in polished chrome NEW,K-33995IN-CP,bath_spout,,Apt,,polished chrome new,,1640.0,INR,,Apt bath spout without diverter in polished chrome NEW,bath_spout,43440.0,false,,Projectlookbook.pdf,high,false,
look_033,Harmony,81,9,Aqua Turbo 230 manual valve in polished chrome,K-75201IN-CP,shower_trim,,Aqua Turbo,,polished chrome,,2240.0,INR,,Aqua Turbo 230 manual valve in polished chrome,,43440.0,false,,Projectlookbook.pdf,high,false,
look_033,Harmony,81,10,Complementary™ 300mm bottle trap in polished chrome,K-7314IN-CP,bottle_trap,,Complementary™,,polished chrome,,2600.0,INR,,Complementary™ 300mm bottle trap in polished chrome,bottle_trap,43440.0,false,,Projectlookbook.pdf,high,false,
look_033,Harmony,81,11,Complementary™ angle valve in polished chrome,K-80158IN-9AV-CP,angle_valve,,Complementary™,,polished chrome,,1600.0,INR,,Complementary™ angle valve in polished chrome,,43440.0,false,,Projectlookbook.pdf,high,false,
look_033,Harmony,81,12,"Complementary™ grid drain, long in polished chrome",K-20746IN-CP,drain,,Complementary™,,polished chrome,,700.0,INR,,"Complementary™ grid drain, long in polished chrome",drain,43440.0,false,,Projectlookbook.pdf,high,false,
look_033,Harmony,81,13,Complementary small angle valve with G13mm connection in polished chrome,K-11568IN-7B-CP,angle_valve,,Complementary,,polished chrome,,1200.0,INR,,Complementary small angle valve with G13mm connection in polished chrome,,43440.0,false,,Projectlookbook.pdf,high,false,
look_033,Harmony,81,14,Instaflush™ Nxt Gen - Mechanical In-wall tank,K-26351IN-M-NA,in_wall_tank,,Instaflush™ Nxt Gen,,,,6500.0,INR,,Instaflush™ Nxt Gen - Mechanical In-wall tank,tank,43440.0,false,,Projectlookbook.pdf,high,false,
look_034,Harmony,83,1,Apt Curv wall mount single control lav faucet with valve in NEW polished chrome,K-34076IN-4ND-CP,faucet,,Apt Curv,,new polished chrome,,7280.0,INR,,Apt Curv wall mount single control lav faucet with valve in NEW polished chrome,basin_faucet,56200.0,false,,Projectlookbook.pdf,high,false,
look_034,Harmony,83,2,Conical Bell™ 413mm vessel basin without faucet hole in white,K-2200IN-0,basin,,Conical Bell™,,,white,8000.0,INR,,Conical Bell™ 413mm vessel basin without faucet hole in white,primary_basin,56200.0,false,,Projectlookbook.pdf,high,false,
look_034,Harmony,83,3,Summit™ mechanical faceplate in polished chrome,K-28475IN-M-CP,faceplate,,Summit™,,polished chrome,,1850.0,INR,,Summit™ mechanical faceplate in polished chrome,faceplate,56200.0,false,,Projectlookbook.pdf,high,false,
look_034,Harmony,83,4,Span round wall hung toilet with Quiet-Close™ seat and cover in white,K-29171IN-S-0,toilet,,Span,,,white,11500.0,INR,,Span round wall hung toilet with Quiet-Close™ seat and cover in white,toilet,56200.0,false,,Projectlookbook.pdf,high,false,
look_034,Harmony,83,5,Complementary™ deco health sprays with metal hose and holder in polished chrome,K-12927IN-CP,health_faucet,,Complementary™,,polished chrome,,3900.0,INR,,Complementary™ deco health sprays with metal hose and holder in polished chrome,health_faucet,56200.0,false,,Projectlookbook.pdf,high,false,
look_034,Harmony,83,6,Daisyfield® showerhead in polished chrome,K-24547IN-CP,showerhead,,Daisyfield®,,polished chrome,,1990.0,INR,,Daisyfield® showerhead in polished chrome,showerhead,56200.0,false,,Projectlookbook.pdf,high,false,
look_034,Harmony,83,7,Apt Curv AT230 trim in polished chrome NEW,K-33645IN-4FP-CP,shower_trim,,Apt Curv AT230,,polished chrome new,,2240.0,INR,,Apt Curv AT230 trim in polished chrome NEW,,56200.0,false,,Projectlookbook.pdf,high,false,
look_034,Harmony,83,8,Apt bath spout without diverter in polished chrome NEW,K-33995IN-CP,bath_spout,,Apt,,polished chrome new,,1640.0,INR,,Apt bath spout without diverter in polished chrome NEW,bath_spout,56200.0,false,,Projectlookbook.pdf,high,false,
look_034,Harmony,83,9,Aqua Turbo 230 manual valve,K-75201IN-CP,shower_trim,,Aqua Turbo,,,,4200.0,INR,,Aqua Turbo 230 manual valve,,56200.0,false,,Projectlookbook.pdf,high,false,
look_034,Harmony,83,10,Complementary™ angle valve,K-80158IN-9AV-CP,angle_valve,,Complementary™,,,,1600.0,INR,,Complementary™ angle valve,,56200.0,false,,Projectlookbook.pdf,high,false,
look_034,Harmony,83,11,Complementary™ grid drain long thread in polished chrome,K-20746IN-CP,drain,,Complementary™,,polished chrome,,700.0,INR,,Complementary™ grid drain long thread in polished chrome,drain,56200.0,false,,Projectlookbook.pdf,high,false,
look_034,Harmony,83,12,Complementary™ 300mm bottle trap in polished chrome,K-7314IN-CP,bottle_trap,,Complementary™,,polished chrome,,2600.0,INR,,Complementary™ 300mm bottle trap in polished chrome,bottle_trap,56200.0,false,,Projectlookbook.pdf,high,false,
look_034,Harmony,83,13,Complementary small angle valve with G13mm connection,K-11568IN-7B-CP,angle_valve,,Complementary,,,,1200.0,INR,,Complementary small angle valve with G13mm connection,,56200.0,false,,Projectlookbook.pdf,high,false,
look_034,Harmony,83,14,Complementary™ shower arm with escutcheon in polished chrome,K-99054IN-CP,showering,,Complementary™,,polished chrome,,1000.0,INR,,Complementary™ shower arm with escutcheon in polished chrome,,56200.0,false,,Projectlookbook.pdf,high,false,
look_034,Harmony,83,15,Instaflush™ mechanical tank 3/6l without frame,K-26351IN-M-NA,in_wall_tank,,Instaflush™,,,,6500.0,INR,,Instaflush™ mechanical tank 3/6l without frame,,56200.0,false,,Projectlookbook.pdf,high,false,
look_035,Harmony,85,1,Apt Flux single-control pillar tap in polished chrome NEW,K-34067IN-4-CP,faucet,,Apt Flux,,polished chrome new,,2270.0,INR,,Apt Flux single-control pillar tap in polished chrome NEW,,53810.0,false,,Projectlookbook.pdf,high,false,
look_035,Harmony,85,2,Apt 550mm wall-mount vessel basin with single faucet hole in white NEW,K-34229IN-0,basin,,Apt,,,white new,7100.0,INR,,Apt 550mm wall-mount vessel basin with single faucet hole in white NEW,primary_basin,53810.0,false,,Projectlookbook.pdf,high,false,
look_035,Harmony,85,3,Riveria faceplate in polished chrome,K-28476IN-M-CP,faceplate,,Riveria,,polished chrome,,1700.0,INR,,Riveria faceplate in polished chrome,faceplate,53810.0,false,,Projectlookbook.pdf,high,false,
look_035,Harmony,85,4,Span square wall hung toilet with Quiet-Close™ seat in white,K-29174IN-S-0,toilet,,Span,,,white,12900.0,INR,,Span square wall hung toilet with Quiet-Close™ seat in white,toilet,53810.0,false,,Projectlookbook.pdf,high,false,
look_035,Harmony,85,5,Complementary™ deco health sprays with metal hose and holder in polished chrome,K-12927IN-CP,health_faucet,,Complementary™,,polished chrome,,3900.0,INR,,Complementary™ deco health sprays with metal hose and holder in polished chrome,health_faucet,53810.0,false,,Projectlookbook.pdf,high,false,
look_035,Harmony,85,6,Apt square 152mm showerhead in polished chrome NEW,K-34050IN-CP,showerhead,,Apt,,polished chrome new,,3310.0,INR,,Apt square 152mm showerhead in polished chrome NEW,showerhead,53810.0,false,,Projectlookbook.pdf,high,false,
look_035,Harmony,85,7,Fore Tri Aqua Turbo 230 RBS trim assy in polished chrome,K-27495IN-4FP-CP,shower_trim,,Fore Tri Aqua Turbo,,polished chrome,,3190.0,INR,,Fore Tri Aqua Turbo 230 RBS trim assy in polished chrome,,53810.0,false,,Projectlookbook.pdf,high,false,
look_035,Harmony,85,8,Apt bath spout without diverter in polished chrome NEW,K-33995IN-CP,bath_spout,,Apt,,polished chrome new,,1640.0,INR,,Apt bath spout without diverter in polished chrome NEW,bath_spout,53810.0,false,,Projectlookbook.pdf,high,false,
look_035,Harmony,85,9,Instaflush™ mechanical tank 3/6L without frame,K-26351IN-M-NA,in_wall_tank,,Instaflush™,,,,6500.0,INR,,Instaflush™ mechanical tank 3/6L without frame,,53810.0,false,,Projectlookbook.pdf,high,false,
look_035,Harmony,85,10,Complementary™ 300mm bottle trap in polished chrome,K-7314IN-CP,bottle_trap,,Complementary™,,polished chrome,,2600.0,INR,,Complementary™ 300mm bottle trap in polished chrome,bottle_trap,53810.0,false,,Projectlookbook.pdf,high,false,
look_035,Harmony,85,11,Complementary™ angle valve in polished chrome,K-80158IN-9AV-CP,angle_valve,,Complementary™,,polished chrome,,1600.0,INR,,Complementary™ angle valve in polished chrome,,53810.0,false,,Projectlookbook.pdf,high,false,
look_035,Harmony,85,12,Aqua Turbo 230 manual valve in polished chrome,K-75201IN-CP,shower_trim,,Aqua Turbo,,polished chrome,,4200.0,INR,,Aqua Turbo 230 manual valve in polished chrome,,53810.0,false,,Projectlookbook.pdf,high,false,
look_035,Harmony,85,13,Complementary™ grid drain long thread in polished chrome,K-20746IN-CP,drain,,Complementary™,,polished chrome,,700.0,INR,,Complementary™ grid drain long thread in polished chrome,drain,53810.0,false,,Projectlookbook.pdf,high,false,
look_035,Harmony,85,14,Complementary small angle valve with G13mm connection,K-11568IN-7B-CP,angle_valve,,Complementary,,,,1200.0,INR,,Complementary small angle valve with G13mm connection,,53810.0,false,,Projectlookbook.pdf,high,false,
look_035,Harmony,85,15,Complementary™ shower arm with escutcheon in polished chrome,K-99054IN-CP,showering,,Complementary™,,polished chrome,,1000.0,INR,,Complementary™ shower arm with escutcheon in polished chrome,,53810.0,false,,Projectlookbook.pdf,high,false,
look_036,Harmony,87,1,Apt Curv single-control lav faucet without drain in polished chrome NEW,K-33999IN-4ND-CP,faucet,,Apt Curv,,polished chrome new,,4260.0,INR,,Apt Curv single-control lav faucet without drain in polished chrome NEW,basin_faucet,54440.0,false,,Projectlookbook.pdf,high,false,
look_036,Harmony,87,2,Apt Round vessel basin with single faucet hole in white NEW,K-34251IN-0,basin,,Apt Round,,,white new,7600.0,INR,,Apt Round vessel basin with single faucet hole in white NEW,primary_basin,54440.0,false,,Projectlookbook.pdf,high,false,
look_036,Harmony,87,3,Summit™ mechanical faceplate in polished chrome,K-28475IN-M-CP,faceplate,,Summit™,,polished chrome,,1850.0,INR,,Summit™ mechanical faceplate in polished chrome,faceplate,54440.0,false,,Projectlookbook.pdf,high,false,
look_036,Harmony,87,4,Apt Round wall hung toilet in white NEW,K-29150IN-0,toilet,,Apt Round,,,white new,12500.0,INR,,Apt Round wall hung toilet in white NEW,toilet,54440.0,false,,Projectlookbook.pdf,high,false,
look_036,Harmony,87,5,Complementary™ deco health sprays with metal hose and holder in polished chrome,K-12927IN-CP,health_faucet,,Complementary™,,polished chrome,,3900.0,INR,,Complementary™ deco health sprays with metal hose and holder in polished chrome,health_faucet,54440.0,false,,Projectlookbook.pdf,high,false,
look_036,Harmony,87,6,Apt Round 127mm showerhead in polished chrome NEW,K-34042IN-CP,showerhead,,Apt Round,,polished chrome new,,2650.0,INR,,Apt Round 127mm showerhead in polished chrome NEW,showerhead,54440.0,false,,Projectlookbook.pdf,high,false,
look_036,Harmony,87,7,Apt Curv AT230 trim in polished chrome NEW,K-33645IN-4FP-CP,shower_trim,,Apt Curv AT230,,polished chrome new,,2240.0,INR,,Apt Curv AT230 trim in polished chrome NEW,,54440.0,false,,Projectlookbook.pdf,high,false,
look_036,Harmony,87,8,Apt bath spout without diverter in polished chrome NEW,K-33995IN-CP,bath_spout,,Apt,,polished chrome new,,1640.0,INR,,Apt bath spout without diverter in polished chrome NEW,bath_spout,54440.0,false,,Projectlookbook.pdf,high,false,
look_036,Harmony,87,9,Instaflush™ mechanical tank 3/6l without frame,K-26351IN-M-NA,in_wall_tank,,Instaflush™,,,,6500.0,INR,,Instaflush™ mechanical tank 3/6l without frame,,54440.0,false,,Projectlookbook.pdf,high,false,
look_036,Harmony,87,10,Complementary™ 300mm bottle trap in polished chrome,K-7314IN-CP,bottle_trap,,Complementary™,,polished chrome,,2600.0,INR,,Complementary™ 300mm bottle trap in polished chrome,bottle_trap,54440.0,false,,Projectlookbook.pdf,high,false,
look_036,Harmony,87,11,Complementary™ angle valve,K-80158IN-9AV-CP,angle_valve,,Complementary™,,,,1600.0,INR,,Complementary™ angle valve,,54440.0,false,,Projectlookbook.pdf,high,false,
look_036,Harmony,87,12,Complementary™ grid drain long thread in polished chrome,K-20746IN-CP,drain,,Complementary™,,polished chrome,,700.0,INR,,Complementary™ grid drain long thread in polished chrome,drain,54440.0,false,,Projectlookbook.pdf,high,false,
look_036,Harmony,87,13,Complementary small angle valve with G13mm connection,K-11568IN-7B-CP,angle_valve,,Complementary,,,,1200.0,INR,,Complementary small angle valve with G13mm connection,,54440.0,false,,Projectlookbook.pdf,high,false,
look_036,Harmony,87,13,Complementary™ shower arm with escutcheon in polished chrome,K-99054IN-CP,showering,,Complementary™,,polished chrome,,1000.0,INR,,Complementary™ shower arm with escutcheon in polished chrome,,54440.0,false,,Projectlookbook.pdf,high,false,
look_036,Harmony,87,15,Aqua Turbo 230 manual valve in polished chrome,K-75201IN-CP,shower_trim,,Aqua Turbo,,polished chrome,,4200.0,INR,,Aqua Turbo 230 manual valve in polished chrome,,54440.0,false,,Projectlookbook.pdf,high,false,
look_037,Harmony,89,1,Apt Flux single-control lav faucet without drain in polished chrome NEW,K-33913IN-4ND-CP,faucet,,Apt Flux,,polished chrome new,,4260.0,INR,,Apt Flux single-control lav faucet without drain in polished chrome NEW,basin_faucet,56150.0,false,,Projectlookbook.pdf,high,false,
look_037,Harmony,89,2,Apt Round vessel basin with single faucet hole in white NEW,K-34251IN-0,basin,,Apt Round,,,white new,7600.0,INR,,Apt Round vessel basin with single faucet hole in white NEW,primary_basin,56150.0,false,,Projectlookbook.pdf,high,false,
look_037,Harmony,89,3,Riveria faceplate in polished chrome,K-28476IN-M-CP,faceplate,,Riveria,,polished chrome,,1700.0,INR,,Riveria faceplate in polished chrome,faceplate,56150.0,false,,Projectlookbook.pdf,high,false,
look_037,Harmony,89,4,Apt Square wall hung in white NEW,K-32410IN-0,toilet,,Apt Square,,,white new,13500.0,INR,,Apt Square wall hung in white NEW,,56150.0,false,,Projectlookbook.pdf,high,false,
look_037,Harmony,89,5,Complementary™ deco health sprays with metal hose and holder in polished chrome,K-12927IN-CP,health_faucet,,Complementary™,,polished chrome,,3900.0,INR,,Complementary™ deco health sprays with metal hose and holder in polished chrome,health_faucet,56150.0,false,,Projectlookbook.pdf,high,false,
look_037,Harmony,89,6,Apt 152mmx17.7mm wide shower head in polished chrome NEW,K-36211IN-CP,showerhead,,Apt,,polished chrome new,,3510.0,INR,,Apt 152mmx17.7mm wide shower head in polished chrome NEW,,56150.0,false,,Projectlookbook.pdf,high,false,
look_037,Harmony,89,7,Apt Flux AT230 trim in polished chrome NEW,K-33992IN-4FP-CP,shower_trim,,Apt Flux AT230,,polished chrome new,,2240.0,INR,,Apt Flux AT230 trim in polished chrome NEW,,56150.0,false,,Projectlookbook.pdf,high,false,
look_037,Harmony,89,8,Apt bath spout without diverter in polished chrome NEW,K-33995IN-CP,bath_spout,,Apt,,polished chrome new,,1640.0,INR,,Apt bath spout without diverter in polished chrome NEW,bath_spout,56150.0,false,,Projectlookbook.pdf,high,false,
look_037,Harmony,89,9,Instaflush™ mechanical tank 3/6l without frame,K-26351IN-M-NA,in_wall_tank,,Instaflush™,,,,6500.0,INR,,Instaflush™ mechanical tank 3/6l without frame,,56150.0,false,,Projectlookbook.pdf,high,false,
look_037,Harmony,89,10,Complementary™ 300mm bottle trap in polished chrome,K-7314IN-CP,bottle_trap,,Complementary™,,polished chrome,,2600.0,INR,,Complementary™ 300mm bottle trap in polished chrome,bottle_trap,56150.0,false,,Projectlookbook.pdf,high,false,
look_037,Harmony,89,11,Complementary™ angle valve,K-80158IN-9AV-CP,angle_valve,,Complementary™,,,,1600.0,INR,,Complementary™ angle valve,,56150.0,false,,Projectlookbook.pdf,high,false,
look_037,Harmony,89,12,Complementary™ grid drain long thread in polished chrome,K-20746IN-CP,drain,,Complementary™,,polished chrome,,700.0,INR,,Complementary™ grid drain long thread in polished chrome,drain,56150.0,false,,Projectlookbook.pdf,high,false,
look_037,Harmony,89,13,Aqua Turbo 230 manual valve in polished chrome,K-75201IN-CP,shower_trim,,Aqua Turbo,,polished chrome,,4200.0,INR,,Aqua Turbo 230 manual valve in polished chrome,,56150.0,false,,Projectlookbook.pdf,high,false,
look_037,Harmony,89,14,Complementary small angle valve with G13mm connection,K-11568IN-7B-CP,angle_valve,,Complementary,,,,1200.0,INR,,Complementary small angle valve with G13mm connection,,56150.0,false,,Projectlookbook.pdf,high,false,
look_037,Harmony,89,15,Complementary™ shower arm with escutcheon in polished chrome,K-99054IN-CP,showering,,Complementary™,,polished chrome,,1000.0,INR,,Complementary™ shower arm with escutcheon in polished chrome,,56150.0,false,,Projectlookbook.pdf,high,false,
