look_id,look_name,collection_a,collection_b,relationship_type,source_page,evidence
look_001,Superior,Brazn™,Lynk™,collection_cooccurrence,13,"Both collections appear among products in the ""Superior"" look on page 13."
look_001,Superior,Brazn™,Parallel™,collection_cooccurrence,13,"Both collections appear among products in the ""Superior"" look on page 13."
look_001,Superior,Lynk™,Parallel™,collection_cooccurrence,13,"Both collections appear among products in the ""Superior"" look on page 13."
look_002,Superior,Anthem™,Complementary™,collection_cooccurrence,15,"Both collections appear among products in the ""Superior"" look on page 15."
look_002,Superior,Anthem™,Elate®,collection_cooccurrence,15,"Both collections appear among products in the ""Superior"" look on page 15."
look_002,Superior,Anthem™,ModernLife Edge™,collection_cooccurrence,15,"Both collections appear among products in the ""Superior"" look on page 15."
look_002,Superior,Anthem™,Veil IT Faceplate,collection_cooccurrence,15,"Both collections appear among products in the ""Superior"" look on page 15."
look_002,Superior,Anthem™,Veil®,collection_cooccurrence,15,"Both collections appear among products in the ""Superior"" look on page 15."
look_002,Superior,Complementary™,Elate®,collection_cooccurrence,15,"Both collections appear among products in the ""Superior"" look on page 15."
look_002,Superior,Complementary™,ModernLife Edge™,collection_cooccurrence,15,"Both collections appear among products in the ""Superior"" look on page 15."
look_002,Superior,Complementary™,Veil IT Faceplate,collection_cooccurrence,15,"Both collections appear among products in the ""Superior"" look on page 15."
look_002,Superior,Complementary™,Veil®,collection_cooccurrence,15,"Both collections appear among products in the ""Superior"" look on page 15."
look_002,Superior,Elate®,ModernLife Edge™,collection_cooccurrence,15,"Both collections appear among products in the ""Superior"" look on page 15."
look_002,Superior,Elate®,Veil IT Faceplate,collection_cooccurrence,15,"Both collections appear among products in the ""Superior"" look on page 15."
look_002,Superior,Elate®,Veil®,collection_cooccurrence,15,"Both collections appear among products in the ""Superior"" look on page 15."
look_002,Superior,ModernLife Edge™,Veil IT Faceplate,collection_cooccurrence,15,"Both collections appear among products in the ""Superior"" look on page 15."
look_002,Superior,ModernLife Edge™,Veil®,collection_cooccurrence,15,"Both collections appear among products in the ""Superior"" look on page 15."
look_002,Superior,Veil IT Faceplate,Veil®,collection_cooccurrence,15,"Both collections appear among products in the ""Superior"" look on page 15."
look_003,Superior,Anthem™,Complementary™,collection_cooccurrence,17,"Both collections appear among products in the ""Superior"" look on page 17."
look_003,Superior,Anthem™,Instaflush™,collection_cooccurrence,17,"Both collections appear among products in the ""Superior"" look on page 17."
look_003,Superior,Anthem™,Luxe,collection_cooccurrence,17,"Both collections appear among products in the ""Superior"" look on page 17."
look_003,Superior,Anthem™,Lynk™,collection_cooccurrence,17,"Both collections appear among products in the ""Superior"" look on page 17."
look_003,Superior,Anthem™,ModernLife Edge™,collection_cooccurrence,17,"Both collections appear among products in the ""Superior"" look on page 17."
look_003,Superior,Anthem™,Nysa,collection_cooccurrence,17,"Both collections appear among products in the ""Superior"" look on page 17."
look_003,Superior,Anthem™,Statement™,collection_cooccurrence,17,"Both collections appear among products in the ""Superior"" look on page 17."
look_003,Superior,Anthem™,Veil®,collection_cooccurrence,17,"Both collections appear among products in the ""Superior"" look on page 17."
look_003,Superior,Complementary™,Instaflush™,collection_cooccurrence,17,"Both collections appear among products in the ""Superior"" look on page 17."
look_003,Superior,Complementary™,Luxe,collection_cooccurrence,17,"Both collections appear among products in the ""Superior"" look on page 17."
look_003,Superior,Complementary™,Lynk™,collection_cooccurrence,17,"Both collections appear among products in the ""Superior"" look on page 17."
look_003,Superior,Complementary™,ModernLife Edge™,collection_cooccurrence,17,"Both collections appear among products in the ""Superior"" look on page 17."
look_003,Superior,Complementary™,Nysa,collection_cooccurrence,17,"Both collections appear among products in the ""Superior"" look on page 17."
look_003,Superior,Complementary™,Statement™,collection_cooccurrence,17,"Both collections appear among products in the ""Superior"" look on page 17."
look_003,Superior,Complementary™,Veil®,collection_cooccurrence,17,"Both collections appear among products in the ""Superior"" look on page 17."
look_003,Superior,Instaflush™,Luxe,collection_cooccurrence,17,"Both collections appear among products in the ""Superior"" look on page 17."
look_003,Superior,Instaflush™,Lynk™,collection_cooccurrence,17,"Both collections appear among products in the ""Superior"" look on page 17."
look_003,Superior,Instaflush™,ModernLife Edge™,collection_cooccurrence,17,"Both collections appear among products in the ""Superior"" look on page 17."
look_003,Superior,Instaflush™,Nysa,collection_cooccurrence,17,"Both collections appear among products in the ""Superior"" look on page 17."
look_003,Superior,Instaflush™,Statement™,collection_cooccurrence,17,"Both collections appear among products in the ""Superior"" look on page 17."
look_003,Superior,Instaflush™,Veil®,collection_cooccurrence,17,"Both collections appear among products in the ""Superior"" look on page 17."
look_003,Superior,Luxe,Lynk™,collection_cooccurrence,17,"Both collections appear among products in the ""Superior"" look on page 17."
look_003,Superior,Luxe,ModernLife Edge™,collection_cooccurrence,17,"Both collections appear among products in the ""Superior"" look on page 17."
look_003,Superior,Luxe,Nysa,collection_cooccurrence,17,"Both collections appear among products in the ""Superior"" look on page 17."
look_003,Superior,Luxe,Statement™,collection_cooccurrence,17,"Both collections appear among products in the ""Superior"" look on page 17."
look_003,Superior,Luxe,Veil®,collection_cooccurrence,17,"Both collections appear among products in the ""Superior"" look on page 17."
look_003,Superior,Lynk™,ModernLife Edge™,collection_cooccurrence,17,"Both collections appear among products in the ""Superior"" look on page 17."
look_003,Superior,Lynk™,Nysa,collection_cooccurrence,17,"Both collections appear among products in the ""Superior"" look on page 17."
look_003,Superior,Lynk™,Statement™,collection_cooccurrence,17,"Both collections appear among products in the ""Superior"" look on page 17."
look_003,Superior,Lynk™,Veil®,collection_cooccurrence,17,"Both collections appear among products in the ""Superior"" look on page 17."
look_003,Superior,ModernLife Edge™,Nysa,collection_cooccurrence,17,"Both collections appear among products in the ""Superior"" look on page 17."
look_003,Superior,ModernLife Edge™,Statement™,collection_cooccurrence,17,"Both collections appear among products in the ""Superior"" look on page 17."
look_003,Superior,ModernLife Edge™,Veil®,collection_cooccurrence,17,"Both collections appear among products in the ""Superior"" look on page 17."
look_003,Superior,Nysa,Statement™,collection_cooccurrence,17,"Both collections appear among products in the ""Superior"" look on page 17."
look_003,Superior,Nysa,Veil®,collection_cooccurrence,17,"Both collections appear among products in the ""Superior"" look on page 17."
look_003,Superior,Statement™,Veil®,collection_cooccurrence,17,"Both collections appear among products in the ""Superior"" look on page 17."
look_004,Superior,Autosense,Complementary™,collection_cooccurrence,19,"Both collections appear among products in the ""Superior"" look on page 19."
look_004,Superior,Autosense,Instaflush™,collection_cooccurrence,19,"Both collections appear among products in the ""Superior"" look on page 19."
look_004,Superior,Autosense,Lynk™,collection_cooccurrence,19,"Both collections appear among products in the ""Superior"" look on page 19."
look_004,Superior,Autosense,Mastershower™,collection_cooccurrence,19,"Both collections appear among products in the ""Superior"" look on page 19."
look_004,Superior,Autosense,ModernLife Edge™,collection_cooccurrence,19,"Both collections appear among products in the ""Superior"" look on page 19."
look_004,Superior,Autosense,ModernLife Edge™ Geometric,collection_cooccurrence,19,"Both collections appear among products in the ""Superior"" look on page 19."
look_004,Superior,Autosense,ModernLife™,collection_cooccurrence,19,"Both collections appear among products in the ""Superior"" look on page 19."
look_004,Superior,Autosense,Nysa,collection_cooccurrence,19,"Both collections appear among products in the ""Superior"" look on page 19."
look_004,Superior,Complementary™,Instaflush™,collection_cooccurrence,19,"Both collections appear among products in the ""Superior"" look on page 19."
look_004,Superior,Complementary™,Lynk™,collection_cooccurrence,19,"Both collections appear among products in the ""Superior"" look on page 19."
look_004,Superior,Complementary™,Mastershower™,collection_cooccurrence,19,"Both collections appear among products in the ""Superior"" look on page 19."
look_004,Superior,Complementary™,ModernLife Edge™,collection_cooccurrence,19,"Both collections appear among products in the ""Superior"" look on page 19."
look_004,Superior,Complementary™,ModernLife Edge™ Geometric,collection_cooccurrence,19,"Both collections appear among products in the ""Superior"" look on page 19."
look_004,Superior,Complementary™,ModernLife™,collection_cooccurrence,19,"Both collections appear among products in the ""Superior"" look on page 19."
look_004,Superior,Complementary™,Nysa,collection_cooccurrence,19,"Both collections appear among products in the ""Superior"" look on page 19."
look_004,Superior,Instaflush™,Lynk™,collection_cooccurrence,19,"Both collections appear among products in the ""Superior"" look on page 19."
look_004,Superior,Instaflush™,Mastershower™,collection_cooccurrence,19,"Both collections appear among products in the ""Superior"" look on page 19."
look_004,Superior,Instaflush™,ModernLife Edge™,collection_cooccurrence,19,"Both collections appear among products in the ""Superior"" look on page 19."
look_004,Superior,Instaflush™,ModernLife Edge™ Geometric,collection_cooccurrence,19,"Both collections appear among products in the ""Superior"" look on page 19."
look_004,Superior,Instaflush™,ModernLife™,collection_cooccurrence,19,"Both collections appear among products in the ""Superior"" look on page 19."
look_004,Superior,Instaflush™,Nysa,collection_cooccurrence,19,"Both collections appear among products in the ""Superior"" look on page 19."
look_004,Superior,Lynk™,Mastershower™,collection_cooccurrence,19,"Both collections appear among products in the ""Superior"" look on page 19."
look_004,Superior,Lynk™,ModernLife Edge™,collection_cooccurrence,19,"Both collections appear among products in the ""Superior"" look on page 19."
look_004,Superior,Lynk™,ModernLife Edge™ Geometric,collection_cooccurrence,19,"Both collections appear among products in the ""Superior"" look on page 19."
look_004,Superior,Lynk™,ModernLife™,collection_cooccurrence,19,"Both collections appear among products in the ""Superior"" look on page 19."
look_004,Superior,Lynk™,Nysa,collection_cooccurrence,19,"Both collections appear among products in the ""Superior"" look on page 19."
look_004,Superior,Mastershower™,ModernLife Edge™,collection_cooccurrence,19,"Both collections appear among products in the ""Superior"" look on page 19."
look_004,Superior,Mastershower™,ModernLife Edge™ Geometric,collection_cooccurrence,19,"Both collections appear among products in the ""Superior"" look on page 19."
look_004,Superior,Mastershower™,ModernLife™,collection_cooccurrence,19,"Both collections appear among products in the ""Superior"" look on page 19."
look_004,Superior,Mastershower™,Nysa,collection_cooccurrence,19,"Both collections appear among products in the ""Superior"" look on page 19."
look_004,Superior,ModernLife Edge™,ModernLife Edge™ Geometric,collection_cooccurrence,19,"Both collections appear among products in the ""Superior"" look on page 19."
look_004,Superior,ModernLife Edge™,ModernLife™,collection_cooccurrence,19,"Both collections appear among products in the ""Superior"" look on page 19."
look_004,Superior,ModernLife Edge™,Nysa,collection_cooccurrence,19,"Both collections appear among products in the ""Superior"" look on page 19."
look_004,Superior,ModernLife Edge™ Geometric,ModernLife™,collection_cooccurrence,19,"Both collections appear among products in the ""Superior"" look on page 19."
look_004,Superior,ModernLife Edge™ Geometric,Nysa,collection_cooccurrence,19,"Both collections appear among products in the ""Superior"" look on page 19."
look_004,Superior,ModernLife™,Nysa,collection_cooccurrence,19,"Both collections appear among products in the ""Superior"" look on page 19."
look_005,Aspire,Aqua Turbo,Brazn™,collection_cooccurrence,23,"Both collections appear among products in the ""Aspire"" look on page 23."
look_005,Aspire,Aqua Turbo,Complementary™,collection_cooccurrence,23,"Both collections appear among products in the ""Aspire"" look on page 23."
look_005,Aspire,Aqua Turbo,Elate®,collection_cooccurrence,23,"Both collections appear among products in the ""Aspire"" look on page 23."
look_005,Aspire,Aqua Turbo,Forefront™,collection_cooccurrence,23,"Both collections appear among products in the ""Aspire"" look on page 23."
look_005,Aspire,Aqua Turbo,Instaflush™,collection_cooccurrence,23,"Both collections appear among products in the ""Aspire"" look on page 23."
look_005,Aspire,Aqua Turbo,Mastershower,collection_cooccurrence,23,"Both collections appear among products in the ""Aspire"" look on page 23."
look_005,Aspire,Aqua Turbo,Parallel™,collection_cooccurrence,23,"Both collections appear among products in the ""Aspire"" look on page 23."
look_005,Aspire,Aqua Turbo,Parallel™ AT,collection_cooccurrence,23,"Both collections appear among products in the ""Aspire"" look on page 23."
look_005,Aspire,Aqua Turbo,Pebble,collection_cooccurrence,23,"Both collections appear among products in the ""Aspire"" look on page 23."
look_005,Aspire,Aqua Turbo,Statement™,collection_cooccurrence,23,"Both collections appear among products in the ""Aspire"" look on page 23."
look_005,Aspire,Brazn™,Complementary™,collection_cooccurrence,23,"Both collections appear among products in the ""Aspire"" look on page 23."
look_005,Aspire,Brazn™,Elate®,collection_cooccurrence,23,"Both collections appear among products in the ""Aspire"" look on page 23."
look_005,Aspire,Brazn™,Forefront™,collection_cooccurrence,23,"Both collections appear among products in the ""Aspire"" look on page 23."
look_005,Aspire,Brazn™,Instaflush™,collection_cooccurrence,23,"Both collections appear among products in the ""Aspire"" look on page 23."
look_005,Aspire,Brazn™,Mastershower,collection_cooccurrence,23,"Both collections appear among products in the ""Aspire"" look on page 23."
look_005,Aspire,Brazn™,Parallel™,collection_cooccurrence,23,"Both collections appear among products in the ""Aspire"" look on page 23."
look_005,Aspire,Brazn™,Parallel™ AT,collection_cooccurrence,23,"Both collections appear among products in the ""Aspire"" look on page 23."
look_005,Aspire,Brazn™,Pebble,collection_cooccurrence,23,"Both collections appear among products in the ""Aspire"" look on page 23."
look_005,Aspire,Brazn™,Statement™,collection_cooccurrence,23,"Both collections appear among products in the ""Aspire"" look on page 23."
look_005,Aspire,Complementary™,Elate®,collection_cooccurrence,23,"Both collections appear among products in the ""Aspire"" look on page 23."
look_005,Aspire,Complementary™,Forefront™,collection_cooccurrence,23,"Both collections appear among products in the ""Aspire"" look on page 23."
look_005,Aspire,Complementary™,Instaflush™,collection_cooccurrence,23,"Both collections appear among products in the ""Aspire"" look on page 23."
look_005,Aspire,Complementary™,Mastershower,collection_cooccurrence,23,"Both collections appear among products in the ""Aspire"" look on page 23."
look_005,Aspire,Complementary™,Parallel™,collection_cooccurrence,23,"Both collections appear among products in the ""Aspire"" look on page 23."
look_005,Aspire,Complementary™,Parallel™ AT,collection_cooccurrence,23,"Both collections appear among products in the ""Aspire"" look on page 23."
look_005,Aspire,Complementary™,Pebble,collection_cooccurrence,23,"Both collections appear among products in the ""Aspire"" look on page 23."
look_005,Aspire,Complementary™,Statement™,collection_cooccurrence,23,"Both collections appear among products in the ""Aspire"" look on page 23."
look_005,Aspire,Elate®,Forefront™,collection_cooccurrence,23,"Both collections appear among products in the ""Aspire"" look on page 23."
look_005,Aspire,Elate®,Instaflush™,collection_cooccurrence,23,"Both collections appear among products in the ""Aspire"" look on page 23."
look_005,Aspire,Elate®,Mastershower,collection_cooccurrence,23,"Both collections appear among products in the ""Aspire"" look on page 23."
look_005,Aspire,Elate®,Parallel™,collection_cooccurrence,23,"Both collections appear among products in the ""Aspire"" look on page 23."
look_005,Aspire,Elate®,Parallel™ AT,collection_cooccurrence,23,"Both collections appear among products in the ""Aspire"" look on page 23."
look_005,Aspire,Elate®,Pebble,collection_cooccurrence,23,"Both collections appear among products in the ""Aspire"" look on page 23."
look_005,Aspire,Elate®,Statement™,collection_cooccurrence,23,"Both collections appear among products in the ""Aspire"" look on page 23."
look_005,Aspire,Forefront™,Instaflush™,collection_cooccurrence,23,"Both collections appear among products in the ""Aspire"" look on page 23."
look_005,Aspire,Forefront™,Mastershower,collection_cooccurrence,23,"Both collections appear among products in the ""Aspire"" look on page 23."
look_005,Aspire,Forefront™,Parallel™,collection_cooccurrence,23,"Both collections appear among products in the ""Aspire"" look on page 23."
look_005,Aspire,Forefront™,Parallel™ AT,collection_cooccurrence,23,"Both collections appear among products in the ""Aspire"" look on page 23."
look_005,Aspire,Forefront™,Pebble,collection_cooccurrence,23,"Both collections appear among products in the ""Aspire"" look on page 23."
look_005,Aspire,Forefront™,Statement™,collection_cooccurrence,23,"Both collections appear among products in the ""Aspire"" look on page 23."
look_005,Aspire,Instaflush™,Mastershower,collection_cooccurrence,23,"Both collections appear among products in the ""Aspire"" look on page 23."
look_005,Aspire,Instaflush™,Parallel™,collection_cooccurrence,23,"Both collections appear among products in the ""Aspire"" look on page 23."
look_005,Aspire,Instaflush™,Parallel™ AT,collection_cooccurrence,23,"Both collections appear among products in the ""Aspire"" look on page 23."
look_005,Aspire,Instaflush™,Pebble,collection_cooccurrence,23,"Both collections appear among products in the ""Aspire"" look on page 23."
look_005,Aspire,Instaflush™,Statement™,collection_cooccurrence,23,"Both collections appear among products in the ""Aspire"" look on page 23."
look_005,Aspire,Mastershower,Parallel™,collection_cooccurrence,23,"Both collections appear among products in the ""Aspire"" look on page 23."
look_005,Aspire,Mastershower,Parallel™ AT,collection_cooccurrence,23,"Both collections appear among products in the ""Aspire"" look on page 23."
look_005,Aspire,Mastershower,Pebble,collection_cooccurrence,23,"Both collections appear among products in the ""Aspire"" look on page 23."
look_005,Aspire,Mastershower,Statement™,collection_cooccurrence,23,"Both collections appear among products in the ""Aspire"" look on page 23."
look_005,Aspire,Parallel™,Parallel™ AT,collection_cooccurrence,23,"Both collections appear among products in the ""Aspire"" look on page 23."
look_005,Aspire,Parallel™,Pebble,collection_cooccurrence,23,"Both collections appear among products in the ""Aspire"" look on page 23."
look_005,Aspire,Parallel™,Statement™,collection_cooccurrence,23,"Both collections appear among products in the ""Aspire"" look on page 23."
look_005,Aspire,Parallel™ AT,Pebble,collection_cooccurrence,23,"Both collections appear among products in the ""Aspire"" look on page 23."
look_005,Aspire,Parallel™ AT,Statement™,collection_cooccurrence,23,"Both collections appear among products in the ""Aspire"" look on page 23."
look_005,Aspire,Pebble,Statement™,collection_cooccurrence,23,"Both collections appear among products in the ""Aspire"" look on page 23."
look_006,Aspire,Aleo+™ Aqua Turbo,Aleo™,collection_cooccurrence,25,"Both collections appear among products in the ""Aspire"" look on page 25."
look_006,Aspire,Aleo+™ Aqua Turbo,Aqua Turbo,collection_cooccurrence,25,"Both collections appear among products in the ""Aspire"" look on page 25."
look_006,Aspire,Aleo+™ Aqua Turbo,Complementary™,collection_cooccurrence,25,"Both collections appear among products in the ""Aspire"" look on page 25."
look_006,Aspire,Aleo+™ Aqua Turbo,Elate®,collection_cooccurrence,25,"Both collections appear among products in the ""Aspire"" look on page 25."
look_006,Aspire,Aleo+™ Aqua Turbo,Forefront™,collection_cooccurrence,25,"Both collections appear among products in the ""Aspire"" look on page 25."
look_006,Aspire,Aleo+™ Aqua Turbo,Instaflush™,collection_cooccurrence,25,"Both collections appear among products in the ""Aspire"" look on page 25."
look_006,Aspire,Aleo+™ Aqua Turbo,Mastershower™,collection_cooccurrence,25,"Both collections appear among products in the ""Aspire"" look on page 25."
look_006,Aspire,Aleo+™ Aqua Turbo,ModernLife™,collection_cooccurrence,25,"Both collections appear among products in the ""Aspire"" look on page 25."
look_006,Aspire,Aleo+™ Aqua Turbo,Pebble,collection_cooccurrence,25,"Both collections appear among products in the ""Aspire"" look on page 25."
look_006,Aspire,Aleo+™ Aqua Turbo,Veil®,collection_cooccurrence,25,"Both collections appear among products in the ""Aspire"" look on page 25."
look_006,Aspire,Aleo™,Aqua Turbo,collection_cooccurrence,25,"Both collections appear among products in the ""Aspire"" look on page 25."
look_006,Aspire,Aleo™,Complementary™,collection_cooccurrence,25,"Both collections appear among products in the ""Aspire"" look on page 25."
look_006,Aspire,Aleo™,Elate®,collection_cooccurrence,25,"Both collections appear among products in the ""Aspire"" look on page 25."
look_006,Aspire,Aleo™,Forefront™,collection_cooccurrence,25,"Both collections appear among products in the ""Aspire"" look on page 25."
look_006,Aspire,Aleo™,Instaflush™,collection_cooccurrence,25,"Both collections appear among products in the ""Aspire"" look on page 25."
look_006,Aspire,Aleo™,Mastershower™,collection_cooccurrence,25,"Both collections appear among products in the ""Aspire"" look on page 25."
look_006,Aspire,Aleo™,ModernLife™,collection_cooccurrence,25,"Both collections appear among products in the ""Aspire"" look on page 25."
look_006,Aspire,Aleo™,Pebble,collection_cooccurrence,25,"Both collections appear among products in the ""Aspire"" look on page 25."
look_006,Aspire,Aleo™,Veil®,collection_cooccurrence,25,"Both collections appear among products in the ""Aspire"" look on page 25."
look_006,Aspire,Aqua Turbo,Complementary™,collection_cooccurrence,25,"Both collections appear among products in the ""Aspire"" look on page 25."
look_006,Aspire,Aqua Turbo,Elate®,collection_cooccurrence,25,"Both collections appear among products in the ""Aspire"" look on page 25."
look_006,Aspire,Aqua Turbo,Forefront™,collection_cooccurrence,25,"Both collections appear among products in the ""Aspire"" look on page 25."
look_006,Aspire,Aqua Turbo,Instaflush™,collection_cooccurrence,25,"Both collections appear among products in the ""Aspire"" look on page 25."
look_006,Aspire,Aqua Turbo,Mastershower™,collection_cooccurrence,25,"Both collections appear among products in the ""Aspire"" look on page 25."
look_006,Aspire,Aqua Turbo,ModernLife™,collection_cooccurrence,25,"Both collections appear among products in the ""Aspire"" look on page 25."
look_006,Aspire,Aqua Turbo,Pebble,collection_cooccurrence,25,"Both collections appear among products in the ""Aspire"" look on page 25."
look_006,Aspire,Aqua Turbo,Veil®,collection_cooccurrence,25,"Both collections appear among products in the ""Aspire"" look on page 25."
look_006,Aspire,Complementary™,Elate®,collection_cooccurrence,25,"Both collections appear among products in the ""Aspire"" look on page 25."
look_006,Aspire,Complementary™,Forefront™,collection_cooccurrence,25,"Both collections appear among products in the ""Aspire"" look on page 25."
look_006,Aspire,Complementary™,Instaflush™,collection_cooccurrence,25,"Both collections appear among products in the ""Aspire"" look on page 25."
look_006,Aspire,Complementary™,Mastershower™,collection_cooccurrence,25,"Both collections appear among products in the ""Aspire"" look on page 25."
look_006,Aspire,Complementary™,ModernLife™,collection_cooccurrence,25,"Both collections appear among products in the ""Aspire"" look on page 25."
look_006,Aspire,Complementary™,Pebble,collection_cooccurrence,25,"Both collections appear among products in the ""Aspire"" look on page 25."
look_006,Aspire,Complementary™,Veil®,collection_cooccurrence,25,"Both collections appear among products in the ""Aspire"" look on page 25."
look_006,Aspire,Elate®,Forefront™,collection_cooccurrence,25,"Both collections appear among products in the ""Aspire"" look on page 25."
look_006,Aspire,Elate®,Instaflush™,collection_cooccurrence,25,"Both collections appear among products in the ""Aspire"" look on page 25."
look_006,Aspire,Elate®,Mastershower™,collection_cooccurrence,25,"Both collections appear among products in the ""Aspire"" look on page 25."
look_006,Aspire,Elate®,ModernLife™,collection_cooccurrence,25,"Both collections appear among products in the ""Aspire"" look on page 25."
look_006,Aspire,Elate®,Pebble,collection_cooccurrence,25,"Both collections appear among products in the ""Aspire"" look on page 25."
look_006,Aspire,Elate®,Veil®,collection_cooccurrence,25,"Both collections appear among products in the ""Aspire"" look on page 25."
look_006,Aspire,Forefront™,Instaflush™,collection_cooccurrence,25,"Both collections appear among products in the ""Aspire"" look on page 25."
look_006,Aspire,Forefront™,Mastershower™,collection_cooccurrence,25,"Both collections appear among products in the ""Aspire"" look on page 25."
look_006,Aspire,Forefront™,ModernLife™,collection_cooccurrence,25,"Both collections appear among products in the ""Aspire"" look on page 25."
look_006,Aspire,Forefront™,Pebble,collection_cooccurrence,25,"Both collections appear among products in the ""Aspire"" look on page 25."
look_006,Aspire,Forefront™,Veil®,collection_cooccurrence,25,"Both collections appear among products in the ""Aspire"" look on page 25."
look_006,Aspire,Instaflush™,Mastershower™,collection_cooccurrence,25,"Both collections appear among products in the ""Aspire"" look on page 25."
look_006,Aspire,Instaflush™,ModernLife™,collection_cooccurrence,25,"Both collections appear among products in the ""Aspire"" look on page 25."
look_006,Aspire,Instaflush™,Pebble,collection_cooccurrence,25,"Both collections appear among products in the ""Aspire"" look on page 25."
look_006,Aspire,Instaflush™,Veil®,collection_cooccurrence,25,"Both collections appear among products in the ""Aspire"" look on page 25."
look_006,Aspire,Mastershower™,ModernLife™,collection_cooccurrence,25,"Both collections appear among products in the ""Aspire"" look on page 25."
look_006,Aspire,Mastershower™,Pebble,collection_cooccurrence,25,"Both collections appear among products in the ""Aspire"" look on page 25."
look_006,Aspire,Mastershower™,Veil®,collection_cooccurrence,25,"Both collections appear among products in the ""Aspire"" look on page 25."
look_006,Aspire,ModernLife™,Pebble,collection_cooccurrence,25,"Both collections appear among products in the ""Aspire"" look on page 25."
look_006,Aspire,ModernLife™,Veil®,collection_cooccurrence,25,"Both collections appear among products in the ""Aspire"" look on page 25."
look_006,Aspire,Pebble,Veil®,collection_cooccurrence,25,"Both collections appear among products in the ""Aspire"" look on page 25."
look_007,Aspire,Aleo+™,Aleo™,collection_cooccurrence,27,"Both collections appear among products in the ""Aspire"" look on page 27."
look_007,Aspire,Aleo+™,Aqua Turbo,collection_cooccurrence,27,"Both collections appear among products in the ""Aspire"" look on page 27."
look_007,Aspire,Aleo+™,Complementary™,collection_cooccurrence,27,"Both collections appear among products in the ""Aspire"" look on page 27."
look_007,Aspire,Aleo+™,Elate®,collection_cooccurrence,27,"Both collections appear among products in the ""Aspire"" look on page 27."
look_007,Aspire,Aleo+™,Instaflush™,collection_cooccurrence,27,"Both collections appear among products in the ""Aspire"" look on page 27."
look_007,Aspire,Aleo+™,Lynk™,collection_cooccurrence,27,"Both collections appear among products in the ""Aspire"" look on page 27."
look_007,Aspire,Aleo+™,Mastershower™,collection_cooccurrence,27,"Both collections appear among products in the ""Aspire"" look on page 27."
look_007,Aspire,Aleo+™,ModernLife™,collection_cooccurrence,27,"Both collections appear among products in the ""Aspire"" look on page 27."
look_007,Aspire,Aleo+™,Veil®,collection_cooccurrence,27,"Both collections appear among products in the ""Aspire"" look on page 27."
look_007,Aspire,Aleo™,Aqua Turbo,collection_cooccurrence,27,"Both collections appear among products in the ""Aspire"" look on page 27."
look_007,Aspire,Aleo™,Complementary™,collection_cooccurrence,27,"Both collections appear among products in the ""Aspire"" look on page 27."
look_007,Aspire,Aleo™,Elate®,collection_cooccurrence,27,"Both collections appear among products in the ""Aspire"" look on page 27."
look_007,Aspire,Aleo™,Instaflush™,collection_cooccurrence,27,"Both collections appear among products in the ""Aspire"" look on page 27."
look_007,Aspire,Aleo™,Lynk™,collection_cooccurrence,27,"Both collections appear among products in the ""Aspire"" look on page 27."
look_007,Aspire,Aleo™,Mastershower™,collection_cooccurrence,27,"Both collections appear among products in the ""Aspire"" look on page 27."
look_007,Aspire,Aleo™,ModernLife™,collection_cooccurrence,27,"Both collections appear among products in the ""Aspire"" look on page 27."
look_007,Aspire,Aleo™,Veil®,collection_cooccurrence,27,"Both collections appear among products in the ""Aspire"" look on page 27."
look_007,Aspire,Aqua Turbo,Complementary™,collection_cooccurrence,27,"Both collections appear among products in the ""Aspire"" look on page 27."
look_007,Aspire,Aqua Turbo,Elate®,collection_cooccurrence,27,"Both collections appear among products in the ""Aspire"" look on page 27."
look_007,Aspire,Aqua Turbo,Instaflush™,collection_cooccurrence,27,"Both collections appear among products in the ""Aspire"" look on page 27."
look_007,Aspire,Aqua Turbo,Lynk™,collection_cooccurrence,27,"Both collections appear among products in the ""Aspire"" look on page 27."
look_007,Aspire,Aqua Turbo,Mastershower™,collection_cooccurrence,27,"Both collections appear among products in the ""Aspire"" look on page 27."
look_007,Aspire,Aqua Turbo,ModernLife™,collection_cooccurrence,27,"Both collections appear among products in the ""Aspire"" look on page 27."
look_007,Aspire,Aqua Turbo,Veil®,collection_cooccurrence,27,"Both collections appear among products in the ""Aspire"" look on page 27."
look_007,Aspire,Complementary™,Elate®,collection_cooccurrence,27,"Both collections appear among products in the ""Aspire"" look on page 27."
look_007,Aspire,Complementary™,Instaflush™,collection_cooccurrence,27,"Both collections appear among products in the ""Aspire"" look on page 27."
look_007,Aspire,Complementary™,Lynk™,collection_cooccurrence,27,"Both collections appear among products in the ""Aspire"" look on page 27."
look_007,Aspire,Complementary™,Mastershower™,collection_cooccurrence,27,"Both collections appear among products in the ""Aspire"" look on page 27."
look_007,Aspire,Complementary™,ModernLife™,collection_cooccurrence,27,"Both collections appear among products in the ""Aspire"" look on page 27."
look_007,Aspire,Complementary™,Veil®,collection_cooccurrence,27,"Both collections appear among products in the ""Aspire"" look on page 27."
look_007,Aspire,Elate®,Instaflush™,collection_cooccurrence,27,"Both collections appear among products in the ""Aspire"" look on page 27."
look_007,Aspire,Elate®,Lynk™,collection_cooccurrence,27,"Both collections appear among products in the ""Aspire"" look on page 27."
look_007,Aspire,Elate®,Mastershower™,collection_cooccurrence,27,"Both collections appear among products in the ""Aspire"" look on page 27."
look_007,Aspire,Elate®,ModernLife™,collection_cooccurrence,27,"Both collections appear among products in the ""Aspire"" look on page 27."
look_007,Aspire,Elate®,Veil®,collection_cooccurrence,27,"Both collections appear among products in the ""Aspire"" look on page 27."
look_007,Aspire,Instaflush™,Lynk™,collection_cooccurrence,27,"Both collections appear among products in the ""Aspire"" look on page 27."
look_007,Aspire,Instaflush™,Mastershower™,collection_cooccurrence,27,"Both collections appear among products in the ""Aspire"" look on page 27."
look_007,Aspire,Instaflush™,ModernLife™,collection_cooccurrence,27,"Both collections appear among products in the ""Aspire"" look on page 27."
look_007,Aspire,Instaflush™,Veil®,collection_cooccurrence,27,"Both collections appear among products in the ""Aspire"" look on page 27."
look_007,Aspire,Lynk™,Mastershower™,collection_cooccurrence,27,"Both collections appear among products in the ""Aspire"" look on page 27."
look_007,Aspire,Lynk™,ModernLife™,collection_cooccurrence,27,"Both collections appear among products in the ""Aspire"" look on page 27."
look_007,Aspire,Lynk™,Veil®,collection_cooccurrence,27,"Both collections appear among products in the ""Aspire"" look on page 27."
look_007,Aspire,Mastershower™,ModernLife™,collection_cooccurrence,27,"Both collections appear among products in the ""Aspire"" look on page 27."
look_007,Aspire,Mastershower™,Veil®,collection_cooccurrence,27,"Both collections appear among products in the ""Aspire"" look on page 27."
look_007,Aspire,ModernLife™,Veil®,collection_cooccurrence,27,"Both collections appear among products in the ""Aspire"" look on page 27."
look_008,Aspire,Aleo™,Aqua Turbo,collection_cooccurrence,29,"Both collections appear among products in the ""Aspire"" look on page 29."
look_008,Aspire,Aleo™,Complementary™,collection_cooccurrence,29,"Both collections appear among products in the ""Aspire"" look on page 29."
look_008,Aspire,Aleo™,Instaflush™,collection_cooccurrence,29,"Both collections appear among products in the ""Aspire"" look on page 29."
look_008,Aspire,Aleo™,Kankara™,collection_cooccurrence,29,"Both collections appear among products in the ""Aspire"" look on page 29."
look_008,Aspire,Aleo™,Lynk™,collection_cooccurrence,29,"Both collections appear among products in the ""Aspire"" look on page 29."
look_008,Aspire,Aleo™,ModernLife™,collection_cooccurrence,29,"Both collections appear among products in the ""Aspire"" look on page 29."
look_008,Aspire,Aleo™,Rainforest™,collection_cooccurrence,29,"Both collections appear among products in the ""Aspire"" look on page 29."
look_008,Aspire,Aleo™,Trace™,collection_cooccurrence,29,"Both collections appear among products in the ""Aspire"" look on page 29."
look_008,Aspire,Aqua Turbo,Complementary™,collection_cooccurrence,29,"Both collections appear among products in the ""Aspire"" look on page 29."
look_008,Aspire,Aqua Turbo,Instaflush™,collection_cooccurrence,29,"Both collections appear among products in the ""Aspire"" look on page 29."
look_008,Aspire,Aqua Turbo,Kankara™,collection_cooccurrence,29,"Both collections appear among products in the ""Aspire"" look on page 29."
look_008,Aspire,Aqua Turbo,Lynk™,collection_cooccurrence,29,"Both collections appear among products in the ""Aspire"" look on page 29."
look_008,Aspire,Aqua Turbo,ModernLife™,collection_cooccurrence,29,"Both collections appear among products in the ""Aspire"" look on page 29."
look_008,Aspire,Aqua Turbo,Rainforest™,collection_cooccurrence,29,"Both collections appear among products in the ""Aspire"" look on page 29."
look_008,Aspire,Aqua Turbo,Trace™,collection_cooccurrence,29,"Both collections appear among products in the ""Aspire"" look on page 29."
look_008,Aspire,Complementary™,Instaflush™,collection_cooccurrence,29,"Both collections appear among products in the ""Aspire"" look on page 29."
look_008,Aspire,Complementary™,Kankara™,collection_cooccurrence,29,"Both collections appear among products in the ""Aspire"" look on page 29."
look_008,Aspire,Complementary™,Lynk™,collection_cooccurrence,29,"Both collections appear among products in the ""Aspire"" look on page 29."
look_008,Aspire,Complementary™,ModernLife™,collection_cooccurrence,29,"Both collections appear among products in the ""Aspire"" look on page 29."
look_008,Aspire,Complementary™,Rainforest™,collection_cooccurrence,29,"Both collections appear among products in the ""Aspire"" look on page 29."
look_008,Aspire,Complementary™,Trace™,collection_cooccurrence,29,"Both collections appear among products in the ""Aspire"" look on page 29."
look_008,Aspire,Instaflush™,Kankara™,collection_cooccurrence,29,"Both collections appear among products in the ""Aspire"" look on page 29."
look_008,Aspire,Instaflush™,Lynk™,collection_cooccurrence,29,"Both collections appear among products in the ""Aspire"" look on page 29."
look_008,Aspire,Instaflush™,ModernLife™,collection_cooccurrence,29,"Both collections appear among products in the ""Aspire"" look on page 29."
look_008,Aspire,Instaflush™,Rainforest™,collection_cooccurrence,29,"Both collections appear among products in the ""Aspire"" look on page 29."
look_008,Aspire,Instaflush™,Trace™,collection_cooccurrence,29,"Both collections appear among products in the ""Aspire"" look on page 29."
look_008,Aspire,Kankara™,Lynk™,collection_cooccurrence,29,"Both collections appear among products in the ""Aspire"" look on page 29."
look_008,Aspire,Kankara™,ModernLife™,collection_cooccurrence,29,"Both collections appear among products in the ""Aspire"" look on page 29."
look_008,Aspire,Kankara™,Rainforest™,collection_cooccurrence,29,"Both collections appear among products in the ""Aspire"" look on page 29."
look_008,Aspire,Kankara™,Trace™,collection_cooccurrence,29,"Both collections appear among products in the ""Aspire"" look on page 29."
look_008,Aspire,Lynk™,ModernLife™,collection_cooccurrence,29,"Both collections appear among products in the ""Aspire"" look on page 29."
look_008,Aspire,Lynk™,Rainforest™,collection_cooccurrence,29,"Both collections appear among products in the ""Aspire"" look on page 29."
look_008,Aspire,Lynk™,Trace™,collection_cooccurrence,29,"Both collections appear among products in the ""Aspire"" look on page 29."
look_008,Aspire,ModernLife™,Rainforest™,collection_cooccurrence,29,"Both collections appear among products in the ""Aspire"" look on page 29."
look_008,Aspire,ModernLife™,Trace™,collection_cooccurrence,29,"Both collections appear among products in the ""Aspire"" look on page 29."
look_008,Aspire,Rainforest™,Trace™,collection_cooccurrence,29,"Both collections appear among products in the ""Aspire"" look on page 29."
look_009,Aspire,Aqua Turbo,Complementary™,collection_cooccurrence,31,"Both collections appear among products in the ""Aspire"" look on page 31."
look_009,Aspire,Aqua Turbo,Instaflush™,collection_cooccurrence,31,"Both collections appear among products in the ""Aspire"" look on page 31."
look_009,Aspire,Aqua Turbo,Lynk™,collection_cooccurrence,31,"Both collections appear among products in the ""Aspire"" look on page 31."
look_009,Aspire,Aqua Turbo,Mastershower™,collection_cooccurrence,31,"Both collections appear among products in the ""Aspire"" look on page 31."
look_009,Aspire,Aqua Turbo,Rain Duet™ Square,collection_cooccurrence,31,"Both collections appear among products in the ""Aspire"" look on page 31."
look_009,Aspire,Aqua Turbo,Vive,collection_cooccurrence,31,"Both collections appear among products in the ""Aspire"" look on page 31."
look_009,Aspire,Aqua Turbo,Vive Geo,collection_cooccurrence,31,"Both collections appear among products in the ""Aspire"" look on page 31."
look_009,Aspire,Complementary™,Instaflush™,collection_cooccurrence,31,"Both collections appear among products in the ""Aspire"" look on page 31."
look_009,Aspire,Complementary™,Lynk™,collection_cooccurrence,31,"Both collections appear among products in the ""Aspire"" look on page 31."
look_009,Aspire,Complementary™,Mastershower™,collection_cooccurrence,31,"Both collections appear among products in the ""Aspire"" look on page 31."
look_009,Aspire,Complementary™,Rain Duet™ Square,collection_cooccurrence,31,"Both collections appear among products in the ""Aspire"" look on page 31."
look_009,Aspire,Complementary™,Vive,collection_cooccurrence,31,"Both collections appear among products in the ""Aspire"" look on page 31."
look_009,Aspire,Complementary™,Vive Geo,collection_cooccurrence,31,"Both collections appear among products in the ""Aspire"" look on page 31."
look_009,Aspire,Instaflush™,Lynk™,collection_cooccurrence,31,"Both collections appear among products in the ""Aspire"" look on page 31."
look_009,Aspire,Instaflush™,Mastershower™,collection_cooccurrence,31,"Both collections appear among products in the ""Aspire"" look on page 31."
look_009,Aspire,Instaflush™,Rain Duet™ Square,collection_cooccurrence,31,"Both collections appear among products in the ""Aspire"" look on page 31."
look_009,Aspire,Instaflush™,Vive,collection_cooccurrence,31,"Both collections appear among products in the ""Aspire"" look on page 31."
look_009,Aspire,Instaflush™,Vive Geo,collection_cooccurrence,31,"Both collections appear among products in the ""Aspire"" look on page 31."
look_009,Aspire,Lynk™,Mastershower™,collection_cooccurrence,31,"Both collections appear among products in the ""Aspire"" look on page 31."
look_009,Aspire,Lynk™,Rain Duet™ Square,collection_cooccurrence,31,"Both collections appear among products in the ""Aspire"" look on page 31."
look_009,Aspire,Lynk™,Vive,collection_cooccurrence,31,"Both collections appear among products in the ""Aspire"" look on page 31."
look_009,Aspire,Lynk™,Vive Geo,collection_cooccurrence,31,"Both collections appear among products in the ""Aspire"" look on page 31."
look_009,Aspire,Mastershower™,Rain Duet™ Square,collection_cooccurrence,31,"Both collections appear among products in the ""Aspire"" look on page 31."
look_009,Aspire,Mastershower™,Vive,collection_cooccurrence,31,"Both collections appear among products in the ""Aspire"" look on page 31."
look_009,Aspire,Mastershower™,Vive Geo,collection_cooccurrence,31,"Both collections appear among products in the ""Aspire"" look on page 31."
look_009,Aspire,Rain Duet™ Square,Vive,collection_cooccurrence,31,"Both collections appear among products in the ""Aspire"" look on page 31."
look_009,Aspire,Rain Duet™ Square,Vive Geo,collection_cooccurrence,31,"Both collections appear among products in the ""Aspire"" look on page 31."
look_009,Aspire,Vive,Vive Geo,collection_cooccurrence,31,"Both collections appear among products in the ""Aspire"" look on page 31."
look_010,Aspire,Aqua Turbo,Complementary™,collection_cooccurrence,33,"Both collections appear among products in the ""Aspire"" look on page 33."
look_010,Aspire,Aqua Turbo,Hone,collection_cooccurrence,33,"Both collections appear among products in the ""Aspire"" look on page 33."
look_010,Aspire,Aqua Turbo,Instaflush™ Pneumatic,collection_cooccurrence,33,"Both collections appear among products in the ""Aspire"" look on page 33."
look_010,Aspire,Aqua Turbo,Ladena™,collection_cooccurrence,33,"Both collections appear among products in the ""Aspire"" look on page 33."
look_010,Aspire,Aqua Turbo,Mastershower™,collection_cooccurrence,33,"Both collections appear among products in the ""Aspire"" look on page 33."
look_010,Aspire,Aqua Turbo,Rain Duet™,collection_cooccurrence,33,"Both collections appear among products in the ""Aspire"" look on page 33."
look_010,Aspire,Aqua Turbo,Summit™,collection_cooccurrence,33,"Both collections appear among products in the ""Aspire"" look on page 33."
look_010,Aspire,Aqua Turbo,Trace™,collection_cooccurrence,33,"Both collections appear among products in the ""Aspire"" look on page 33."
look_010,Aspire,Complementary™,Hone,collection_cooccurrence,33,"Both collections appear among products in the ""Aspire"" look on page 33."
look_010,Aspire,Complementary™,Instaflush™ Pneumatic,collection_cooccurrence,33,"Both collections appear among products in the ""Aspire"" look on page 33."
look_010,Aspire,Complementary™,Ladena™,collection_cooccurrence,33,"Both collections appear among products in the ""Aspire"" look on page 33."
look_010,Aspire,Complementary™,Mastershower™,collection_cooccurrence,33,"Both collections appear among products in the ""Aspire"" look on page 33."
look_010,Aspire,Complementary™,Rain Duet™,collection_cooccurrence,33,"Both collections appear among products in the ""Aspire"" look on page 33."
look_010,Aspire,Complementary™,Summit™,collection_cooccurrence,33,"Both collections appear among products in the ""Aspire"" look on page 33."
look_010,Aspire,Complementary™,Trace™,collection_cooccurrence,33,"Both collections appear among products in the ""Aspire"" look on page 33."
look_010,Aspire,Hone,Instaflush™ Pneumatic,collection_cooccurrence,33,"Both collections appear among products in the ""Aspire"" look on page 33."
look_010,Aspire,Hone,Ladena™,collection_cooccurrence,33,"Both collections appear among products in the ""Aspire"" look on page 33."
look_010,Aspire,Hone,Mastershower™,collection_cooccurrence,33,"Both collections appear among products in the ""Aspire"" look on page 33."
look_010,Aspire,Hone,Rain Duet™,collection_cooccurrence,33,"Both collections appear among products in the ""Aspire"" look on page 33."
look_010,Aspire,Hone,Summit™,collection_cooccurrence,33,"Both collections appear among products in the ""Aspire"" look on page 33."
look_010,Aspire,Hone,Trace™,collection_cooccurrence,33,"Both collections appear among products in the ""Aspire"" look on page 33."
look_010,Aspire,Instaflush™ Pneumatic,Ladena™,collection_cooccurrence,33,"Both collections appear among products in the ""Aspire"" look on page 33."
look_010,Aspire,Instaflush™ Pneumatic,Mastershower™,collection_cooccurrence,33,"Both collections appear among products in the ""Aspire"" look on page 33."
look_010,Aspire,Instaflush™ Pneumatic,Rain Duet™,collection_cooccurrence,33,"Both collections appear among products in the ""Aspire"" look on page 33."
look_010,Aspire,Instaflush™ Pneumatic,Summit™,collection_cooccurrence,33,"Both collections appear among products in the ""Aspire"" look on page 33."
look_010,Aspire,Instaflush™ Pneumatic,Trace™,collection_cooccurrence,33,"Both collections appear among products in the ""Aspire"" look on page 33."
look_010,Aspire,Ladena™,Mastershower™,collection_cooccurrence,33,"Both collections appear among products in the ""Aspire"" look on page 33."
look_010,Aspire,Ladena™,Rain Duet™,collection_cooccurrence,33,"Both collections appear among products in the ""Aspire"" look on page 33."
look_010,Aspire,Ladena™,Summit™,collection_cooccurrence,33,"Both collections appear among products in the ""Aspire"" look on page 33."
look_010,Aspire,Ladena™,Trace™,collection_cooccurrence,33,"Both collections appear among products in the ""Aspire"" look on page 33."
look_010,Aspire,Mastershower™,Rain Duet™,collection_cooccurrence,33,"Both collections appear among products in the ""Aspire"" look on page 33."
look_010,Aspire,Mastershower™,Summit™,collection_cooccurrence,33,"Both collections appear among products in the ""Aspire"" look on page 33."
look_010,Aspire,Mastershower™,Trace™,collection_cooccurrence,33,"Both collections appear among products in the ""Aspire"" look on page 33."
look_010,Aspire,Rain Duet™,Summit™,collection_cooccurrence,33,"Both collections appear among products in the ""Aspire"" look on page 33."
look_010,Aspire,Rain Duet™,Trace™,collection_cooccurrence,33,"Both collections appear among products in the ""Aspire"" look on page 33."
look_010,Aspire,Summit™,Trace™,collection_cooccurrence,33,"Both collections appear among products in the ""Aspire"" look on page 33."
look_011,Desire,Aqua Turbo,Awaken™ Organic,collection_cooccurrence,37,"Both collections appear among products in the ""Desire"" look on page 37."
look_011,Desire,Aqua Turbo,Complementary™,collection_cooccurrence,37,"Both collections appear among products in the ""Desire"" look on page 37."
look_011,Desire,Aqua Turbo,Fore Arc,collection_cooccurrence,37,"Both collections appear among products in the ""Desire"" look on page 37."
look_011,Desire,Aqua Turbo,Fore Arc Aqua Turbo,collection_cooccurrence,37,"Both collections appear among products in the ""Desire"" look on page 37."
look_011,Desire,Aqua Turbo,Forefront™,collection_cooccurrence,37,"Both collections appear among products in the ""Desire"" look on page 37."
look_011,Desire,Aqua Turbo,Instaflush™,collection_cooccurrence,37,"Both collections appear among products in the ""Desire"" look on page 37."
look_011,Desire,Aqua Turbo,Span,collection_cooccurrence,37,"Both collections appear among products in the ""Desire"" look on page 37."
look_011,Desire,Aqua Turbo,Summit™,collection_cooccurrence,37,"Both collections appear among products in the ""Desire"" look on page 37."
look_011,Desire,Awaken™ Organic,Complementary™,collection_cooccurrence,37,"Both collections appear among products in the ""Desire"" look on page 37."
look_011,Desire,Awaken™ Organic,Fore Arc,collection_cooccurrence,37,"Both collections appear among products in the ""Desire"" look on page 37."
look_011,Desire,Awaken™ Organic,Fore Arc Aqua Turbo,collection_cooccurrence,37,"Both collections appear among products in the ""Desire"" look on page 37."
look_011,Desire,Awaken™ Organic,Forefront™,collection_cooccurrence,37,"Both collections appear among products in the ""Desire"" look on page 37."
look_011,Desire,Awaken™ Organic,Instaflush™,collection_cooccurrence,37,"Both collections appear among products in the ""Desire"" look on page 37."
look_011,Desire,Awaken™ Organic,Span,collection_cooccurrence,37,"Both collections appear among products in the ""Desire"" look on page 37."
look_011,Desire,Awaken™ Organic,Summit™,collection_cooccurrence,37,"Both collections appear among products in the ""Desire"" look on page 37."
look_011,Desire,Complementary™,Fore Arc,collection_cooccurrence,37,"Both collections appear among products in the ""Desire"" look on page 37."
look_011,Desire,Complementary™,Fore Arc Aqua Turbo,collection_cooccurrence,37,"Both collections appear among products in the ""Desire"" look on page 37."
look_011,Desire,Complementary™,Forefront™,collection_cooccurrence,37,"Both collections appear among products in the ""Desire"" look on page 37."
look_011,Desire,Complementary™,Instaflush™,collection_cooccurrence,37,"Both collections appear among products in the ""Desire"" look on page 37."
look_011,Desire,Complementary™,Span,collection_cooccurrence,37,"Both collections appear among products in the ""Desire"" look on page 37."
look_011,Desire,Complementary™,Summit™,collection_cooccurrence,37,"Both collections appear among products in the ""Desire"" look on page 37."
look_011,Desire,Fore Arc,Fore Arc Aqua Turbo,collection_cooccurrence,37,"Both collections appear among products in the ""Desire"" look on page 37."
look_011,Desire,Fore Arc,Forefront™,collection_cooccurrence,37,"Both collections appear among products in the ""Desire"" look on page 37."
look_011,Desire,Fore Arc,Instaflush™,collection_cooccurrence,37,"Both collections appear among products in the ""Desire"" look on page 37."
look_011,Desire,Fore Arc,Span,collection_cooccurrence,37,"Both collections appear among products in the ""Desire"" look on page 37."
look_011,Desire,Fore Arc,Summit™,collection_cooccurrence,37,"Both collections appear among products in the ""Desire"" look on page 37."
look_011,Desire,Fore Arc Aqua Turbo,Forefront™,collection_cooccurrence,37,"Both collections appear among products in the ""Desire"" look on page 37."
look_011,Desire,Fore Arc Aqua Turbo,Instaflush™,collection_cooccurrence,37,"Both collections appear among products in the ""Desire"" look on page 37."
look_011,Desire,Fore Arc Aqua Turbo,Span,collection_cooccurrence,37,"Both collections appear among products in the ""Desire"" look on page 37."
look_011,Desire,Fore Arc Aqua Turbo,Summit™,collection_cooccurrence,37,"Both collections appear among products in the ""Desire"" look on page 37."
look_011,Desire,Forefront™,Instaflush™,collection_cooccurrence,37,"Both collections appear among products in the ""Desire"" look on page 37."
look_011,Desire,Forefront™,Span,collection_cooccurrence,37,"Both collections appear among products in the ""Desire"" look on page 37."
look_011,Desire,Forefront™,Summit™,collection_cooccurrence,37,"Both collections appear among products in the ""Desire"" look on page 37."
look_011,Desire,Instaflush™,Span,collection_cooccurrence,37,"Both collections appear among products in the ""Desire"" look on page 37."
look_011,Desire,Instaflush™,Summit™,collection_cooccurrence,37,"Both collections appear among products in the ""Desire"" look on page 37."
look_011,Desire,Span,Summit™,collection_cooccurrence,37,"Both collections appear among products in the ""Desire"" look on page 37."
look_012,Desire,Accliv,Aqua Turbo,collection_cooccurrence,39,"Both collections appear among products in the ""Desire"" look on page 39."
look_012,Desire,Accliv,Complementary™,collection_cooccurrence,39,"Both collections appear among products in the ""Desire"" look on page 39."
look_012,Desire,Accliv,Conical Bell™,collection_cooccurrence,39,"Both collections appear among products in the ""Desire"" look on page 39."
look_012,Desire,Accliv,Instaflush™ Mechanical,collection_cooccurrence,39,"Both collections appear among products in the ""Desire"" look on page 39."
look_012,Desire,Accliv,RainDuet™,collection_cooccurrence,39,"Both collections appear among products in the ""Desire"" look on page 39."
look_012,Desire,Accliv,Reach Eco,collection_cooccurrence,39,"Both collections appear among products in the ""Desire"" look on page 39."
look_012,Desire,Accliv,Rivera™,collection_cooccurrence,39,"Both collections appear among products in the ""Desire"" look on page 39."
look_012,Desire,Aqua Turbo,Complementary™,collection_cooccurrence,39,"Both collections appear among products in the ""Desire"" look on page 39."
look_012,Desire,Aqua Turbo,Conical Bell™,collection_cooccurrence,39,"Both collections appear among products in the ""Desire"" look on page 39."
look_012,Desire,Aqua Turbo,Instaflush™ Mechanical,collection_cooccurrence,39,"Both collections appear among products in the ""Desire"" look on page 39."
look_012,Desire,Aqua Turbo,RainDuet™,collection_cooccurrence,39,"Both collections appear among products in the ""Desire"" look on page 39."
look_012,Desire,Aqua Turbo,Reach Eco,collection_cooccurrence,39,"Both collections appear among products in the ""Desire"" look on page 39."
look_012,Desire,Aqua Turbo,Rivera™,collection_cooccurrence,39,"Both collections appear among products in the ""Desire"" look on page 39."
look_012,Desire,Complementary™,Conical Bell™,collection_cooccurrence,39,"Both collections appear among products in the ""Desire"" look on page 39."
look_012,Desire,Complementary™,Instaflush™ Mechanical,collection_cooccurrence,39,"Both collections appear among products in the ""Desire"" look on page 39."
look_012,Desire,Complementary™,RainDuet™,collection_cooccurrence,39,"Both collections appear among products in the ""Desire"" look on page 39."
look_012,Desire,Complementary™,Reach Eco,collection_cooccurrence,39,"Both collections appear among products in the ""Desire"" look on page 39."
look_012,Desire,Complementary™,Rivera™,collection_cooccurrence,39,"Both collections appear among products in the ""Desire"" look on page 39."
look_012,Desire,Conical Bell™,Instaflush™ Mechanical,collection_cooccurrence,39,"Both collections appear among products in the ""Desire"" look on page 39."
look_012,Desire,Conical Bell™,RainDuet™,collection_cooccurrence,39,"Both collections appear among products in the ""Desire"" look on page 39."
look_012,Desire,Conical Bell™,Reach Eco,collection_cooccurrence,39,"Both collections appear among products in the ""Desire"" look on page 39."
look_012,Desire,Conical Bell™,Rivera™,collection_cooccurrence,39,"Both collections appear among products in the ""Desire"" look on page 39."
look_012,Desire,Instaflush™ Mechanical,RainDuet™,collection_cooccurrence,39,"Both collections appear among products in the ""Desire"" look on page 39."
look_012,Desire,Instaflush™ Mechanical,Reach Eco,collection_cooccurrence,39,"Both collections appear among products in the ""Desire"" look on page 39."
look_012,Desire,Instaflush™ Mechanical,Rivera™,collection_cooccurrence,39,"Both collections appear among products in the ""Desire"" look on page 39."
look_012,Desire,RainDuet™,Reach Eco,collection_cooccurrence,39,"Both collections appear among products in the ""Desire"" look on page 39."
look_012,Desire,RainDuet™,Rivera™,collection_cooccurrence,39,"Both collections appear among products in the ""Desire"" look on page 39."
look_012,Desire,Reach Eco,Rivera™,collection_cooccurrence,39,"Both collections appear among products in the ""Desire"" look on page 39."
look_013,Desire,Aqua Turbo,Caxton™,collection_cooccurrence,41,"Both collections appear among products in the ""Desire"" look on page 41."
look_013,Desire,Aqua Turbo,Complementary™,collection_cooccurrence,41,"Both collections appear among products in the ""Desire"" look on page 41."
look_013,Desire,Aqua Turbo,Complementary™ Health,collection_cooccurrence,41,"Both collections appear among products in the ""Desire"" look on page 41."
look_013,Desire,Aqua Turbo,Instaflush™,collection_cooccurrence,41,"Both collections appear among products in the ""Desire"" look on page 41."
look_013,Desire,Aqua Turbo,July™,collection_cooccurrence,41,"Both collections appear among products in the ""Desire"" look on page 41."
look_013,Desire,Aqua Turbo,July™ AT230,collection_cooccurrence,41,"Both collections appear among products in the ""Desire"" look on page 41."
look_013,Desire,Aqua Turbo,Lynk™,collection_cooccurrence,41,"Both collections appear among products in the ""Desire"" look on page 41."
look_013,Desire,Aqua Turbo,Span,collection_cooccurrence,41,"Both collections appear among products in the ""Desire"" look on page 41."
look_013,Desire,Aqua Turbo,Statement™,collection_cooccurrence,41,"Both collections appear among products in the ""Desire"" look on page 41."
look_013,Desire,Caxton™,Complementary™,collection_cooccurrence,41,"Both collections appear among products in the ""Desire"" look on page 41."
look_013,Desire,Caxton™,Complementary™ Health,collection_cooccurrence,41,"Both collections appear among products in the ""Desire"" look on page 41."
look_013,Desire,Caxton™,Instaflush™,collection_cooccurrence,41,"Both collections appear among products in the ""Desire"" look on page 41."
look_013,Desire,Caxton™,July™,collection_cooccurrence,41,"Both collections appear among products in the ""Desire"" look on page 41."
look_013,Desire,Caxton™,July™ AT230,collection_cooccurrence,41,"Both collections appear among products in the ""Desire"" look on page 41."
look_013,Desire,Caxton™,Lynk™,collection_cooccurrence,41,"Both collections appear among products in the ""Desire"" look on page 41."
look_013,Desire,Caxton™,Span,collection_cooccurrence,41,"Both collections appear among products in the ""Desire"" look on page 41."
look_013,Desire,Caxton™,Statement™,collection_cooccurrence,41,"Both collections appear among products in the ""Desire"" look on page 41."
look_013,Desire,Complementary™,Complementary™ Health,collection_cooccurrence,41,"Both collections appear among products in the ""Desire"" look on page 41."
look_013,Desire,Complementary™,Instaflush™,collection_cooccurrence,41,"Both collections appear among products in the ""Desire"" look on page 41."
look_013,Desire,Complementary™,July™,collection_cooccurrence,41,"Both collections appear among products in the ""Desire"" look on page 41."
look_013,Desire,Complementary™,July™ AT230,collection_cooccurrence,41,"Both collections appear among products in the ""Desire"" look on page 41."
look_013,Desire,Complementary™,Lynk™,collection_cooccurrence,41,"Both collections appear among products in the ""Desire"" look on page 41."
look_013,Desire,Complementary™,Span,collection_cooccurrence,41,"Both collections appear among products in the ""Desire"" look on page 41."
look_013,Desire,Complementary™,Statement™,collection_cooccurrence,41,"Both collections appear among products in the ""Desire"" look on page 41."
look_013,Desire,Complementary™ Health,Instaflush™,collection_cooccurrence,41,"Both collections appear among products in the ""Desire"" look on page 41."
look_013,Desire,Complementary™ Health,July™,collection_cooccurrence,41,"Both collections appear among products in the ""Desire"" look on page 41."
look_013,Desire,Complementary™ Health,July™ AT230,collection_cooccurrence,41,"Both collections appear among products in the ""Desire"" look on page 41."
look_013,Desire,Complementary™ Health,Lynk™,collection_cooccurrence,41,"Both collections appear among products in the ""Desire"" look on page 41."
look_013,Desire,Complementary™ Health,Span,collection_cooccurrence,41,"Both collections appear among products in the ""Desire"" look on page 41."
look_013,Desire,Complementary™ Health,Statement™,collection_cooccurrence,41,"Both collections appear among products in the ""Desire"" look on page 41."
look_013,Desire,Instaflush™,July™,collection_cooccurrence,41,"Both collections appear among products in the ""Desire"" look on page 41."
look_013,Desire,Instaflush™,July™ AT230,collection_cooccurrence,41,"Both collections appear among products in the ""Desire"" look on page 41."
look_013,Desire,Instaflush™,Lynk™,collection_cooccurrence,41,"Both collections appear among products in the ""Desire"" look on page 41."
look_013,Desire,Instaflush™,Span,collection_cooccurrence,41,"Both collections appear among products in the ""Desire"" look on page 41."
look_013,Desire,Instaflush™,Statement™,collection_cooccurrence,41,"Both collections appear among products in the ""Desire"" look on page 41."
look_013,Desire,July™,July™ AT230,collection_cooccurrence,41,"Both collections appear among products in the ""Desire"" look on page 41."
look_013,Desire,July™,Lynk™,collection_cooccurrence,41,"Both collections appear among products in the ""Desire"" look on page 41."
look_013,Desire,July™,Span,collection_cooccurrence,41,"Both collections appear among products in the ""Desire"" look on page 41."
look_013,Desire,July™,Statement™,collection_cooccurrence,41,"Both collections appear among products in the ""Desire"" look on page 41."
look_013,Desire,July™ AT230,Lynk™,collection_cooccurrence,41,"Both collections appear among products in the ""Desire"" look on page 41."
look_013,Desire,July™ AT230,Span,collection_cooccurrence,41,"Both collections appear among products in the ""Desire"" look on page 41."
look_013,Desire,July™ AT230,Statement™,collection_cooccurrence,41,"Both collections appear among products in the ""Desire"" look on page 41."
look_013,Desire,Lynk™,Span,collection_cooccurrence,41,"Both collections appear among products in the ""Desire"" look on page 41."
look_013,Desire,Lynk™,Statement™,collection_cooccurrence,41,"Both collections appear among products in the ""Desire"" look on page 41."
look_013,Desire,Span,Statement™,collection_cooccurrence,41,"Both collections appear among products in the ""Desire"" look on page 41."
look_014,Desire,Aqua Turbo,Complementary™,collection_cooccurrence,43,"Both collections appear among products in the ""Desire"" look on page 43."
look_014,Desire,Aqua Turbo,Fore Arc™,collection_cooccurrence,43,"Both collections appear among products in the ""Desire"" look on page 43."
look_014,Desire,Aqua Turbo,Fore Line,collection_cooccurrence,43,"Both collections appear among products in the ""Desire"" look on page 43."
look_014,Desire,Aqua Turbo,ForeLine Aqua Turbo,collection_cooccurrence,43,"Both collections appear among products in the ""Desire"" look on page 43."
look_014,Desire,Aqua Turbo,Instaflush™,collection_cooccurrence,43,"Both collections appear among products in the ""Desire"" look on page 43."
look_014,Desire,Aqua Turbo,Rain Duet™,collection_cooccurrence,43,"Both collections appear among products in the ""Desire"" look on page 43."
look_014,Desire,Aqua Turbo,Rivera,collection_cooccurrence,43,"Both collections appear among products in the ""Desire"" look on page 43."
look_014,Desire,Aqua Turbo,Span,collection_cooccurrence,43,"Both collections appear among products in the ""Desire"" look on page 43."
look_014,Desire,Complementary™,Fore Arc™,collection_cooccurrence,43,"Both collections appear among products in the ""Desire"" look on page 43."
look_014,Desire,Complementary™,Fore Line,collection_cooccurrence,43,"Both collections appear among products in the ""Desire"" look on page 43."
look_014,Desire,Complementary™,ForeLine Aqua Turbo,collection_cooccurrence,43,"Both collections appear among products in the ""Desire"" look on page 43."
look_014,Desire,Complementary™,Instaflush™,collection_cooccurrence,43,"Both collections appear among products in the ""Desire"" look on page 43."
look_014,Desire,Complementary™,Rain Duet™,collection_cooccurrence,43,"Both collections appear among products in the ""Desire"" look on page 43."
look_014,Desire,Complementary™,Rivera,collection_cooccurrence,43,"Both collections appear among products in the ""Desire"" look on page 43."
look_014,Desire,Complementary™,Span,collection_cooccurrence,43,"Both collections appear among products in the ""Desire"" look on page 43."
look_014,Desire,Fore Arc™,Fore Line,collection_cooccurrence,43,"Both collections appear among products in the ""Desire"" look on page 43."
look_014,Desire,Fore Arc™,ForeLine Aqua Turbo,collection_cooccurrence,43,"Both collections appear among products in the ""Desire"" look on page 43."
look_014,Desire,Fore Arc™,Instaflush™,collection_cooccurrence,43,"Both collections appear among products in the ""Desire"" look on page 43."
look_014,Desire,Fore Arc™,Rain Duet™,collection_cooccurrence,43,"Both collections appear among products in the ""Desire"" look on page 43."
look_014,Desire,Fore Arc™,Rivera,collection_cooccurrence,43,"Both collections appear among products in the ""Desire"" look on page 43."
look_014,Desire,Fore Arc™,Span,collection_cooccurrence,43,"Both collections appear among products in the ""Desire"" look on page 43."
look_014,Desire,Fore Line,ForeLine Aqua Turbo,collection_cooccurrence,43,"Both collections appear among products in the ""Desire"" look on page 43."
look_014,Desire,Fore Line,Instaflush™,collection_cooccurrence,43,"Both collections appear among products in the ""Desire"" look on page 43."
look_014,Desire,Fore Line,Rain Duet™,collection_cooccurrence,43,"Both collections appear among products in the ""Desire"" look on page 43."
look_014,Desire,Fore Line,Rivera,collection_cooccurrence,43,"Both collections appear among products in the ""Desire"" look on page 43."
look_014,Desire,Fore Line,Span,collection_cooccurrence,43,"Both collections appear among products in the ""Desire"" look on page 43."
look_014,Desire,ForeLine Aqua Turbo,Instaflush™,collection_cooccurrence,43,"Both collections appear among products in the ""Desire"" look on page 43."
look_014,Desire,ForeLine Aqua Turbo,Rain Duet™,collection_cooccurrence,43,"Both collections appear among products in the ""Desire"" look on page 43."
look_014,Desire,ForeLine Aqua Turbo,Rivera,collection_cooccurrence,43,"Both collections appear among products in the ""Desire"" look on page 43."
look_014,Desire,ForeLine Aqua Turbo,Span,collection_cooccurrence,43,"Both collections appear among products in the ""Desire"" look on page 43."
look_014,Desire,Instaflush™,Rain Duet™,collection_cooccurrence,43,"Both collections appear among products in the ""Desire"" look on page 43."
look_014,Desire,Instaflush™,Rivera,collection_cooccurrence,43,"Both collections appear among products in the ""Desire"" look on page 43."
look_014,Desire,Instaflush™,Span,collection_cooccurrence,43,"Both collections appear among products in the ""Desire"" look on page 43."
look_014,Desire,Rain Duet™,Rivera,collection_cooccurrence,43,"Both collections appear among products in the ""Desire"" look on page 43."
look_014,Desire,Rain Duet™,Span,collection_cooccurrence,43,"Both collections appear among products in the ""Desire"" look on page 43."
look_014,Desire,Rivera,Span,collection_cooccurrence,43,"Both collections appear among products in the ""Desire"" look on page 43."
look_015,Desire,Aqua Turbo,Caxton™,collection_cooccurrence,45,"Both collections appear among products in the ""Desire"" look on page 45."
look_015,Desire,Aqua Turbo,Complementary™,collection_cooccurrence,45,"Both collections appear among products in the ""Desire"" look on page 45."
look_015,Desire,Aqua Turbo,Daisyfield®,collection_cooccurrence,45,"Both collections appear among products in the ""Desire"" look on page 45."
look_015,Desire,Aqua Turbo,Fore Tri,collection_cooccurrence,45,"Both collections appear among products in the ""Desire"" look on page 45."
look_015,Desire,Aqua Turbo,Fore Tri Aqua Turbo,collection_cooccurrence,45,"Both collections appear among products in the ""Desire"" look on page 45."
look_015,Desire,Aqua Turbo,Instaflush™,collection_cooccurrence,45,"Both collections appear among products in the ""Desire"" look on page 45."
look_015,Desire,Aqua Turbo,Riviera™,collection_cooccurrence,45,"Both collections appear among products in the ""Desire"" look on page 45."
look_015,Desire,Aqua Turbo,Span,collection_cooccurrence,45,"Both collections appear among products in the ""Desire"" look on page 45."
look_015,Desire,Caxton™,Complementary™,collection_cooccurrence,45,"Both collections appear among products in the ""Desire"" look on page 45."
look_015,Desire,Caxton™,Daisyfield®,collection_cooccurrence,45,"Both collections appear among products in the ""Desire"" look on page 45."
look_015,Desire,Caxton™,Fore Tri,collection_cooccurrence,45,"Both collections appear among products in the ""Desire"" look on page 45."
look_015,Desire,Caxton™,Fore Tri Aqua Turbo,collection_cooccurrence,45,"Both collections appear among products in the ""Desire"" look on page 45."
look_015,Desire,Caxton™,Instaflush™,collection_cooccurrence,45,"Both collections appear among products in the ""Desire"" look on page 45."
look_015,Desire,Caxton™,Riviera™,collection_cooccurrence,45,"Both collections appear among products in the ""Desire"" look on page 45."
look_015,Desire,Caxton™,Span,collection_cooccurrence,45,"Both collections appear among products in the ""Desire"" look on page 45."
look_015,Desire,Complementary™,Daisyfield®,collection_cooccurrence,45,"Both collections appear among products in the ""Desire"" look on page 45."
look_015,Desire,Complementary™,Fore Tri,collection_cooccurrence,45,"Both collections appear among products in the ""Desire"" look on page 45."
look_015,Desire,Complementary™,Fore Tri Aqua Turbo,collection_cooccurrence,45,"Both collections appear among products in the ""Desire"" look on page 45."
look_015,Desire,Complementary™,Instaflush™,collection_cooccurrence,45,"Both collections appear among products in the ""Desire"" look on page 45."
look_015,Desire,Complementary™,Riviera™,collection_cooccurrence,45,"Both collections appear among products in the ""Desire"" look on page 45."
look_015,Desire,Complementary™,Span,collection_cooccurrence,45,"Both collections appear among products in the ""Desire"" look on page 45."
look_015,Desire,Daisyfield®,Fore Tri,collection_cooccurrence,45,"Both collections appear among products in the ""Desire"" look on page 45."
look_015,Desire,Daisyfield®,Fore Tri Aqua Turbo,collection_cooccurrence,45,"Both collections appear among products in the ""Desire"" look on page 45."
look_015,Desire,Daisyfield®,Instaflush™,collection_cooccurrence,45,"Both collections appear among products in the ""Desire"" look on page 45."
look_015,Desire,Daisyfield®,Riviera™,collection_cooccurrence,45,"Both collections appear among products in the ""Desire"" look on page 45."
look_015,Desire,Daisyfield®,Span,collection_cooccurrence,45,"Both collections appear among products in the ""Desire"" look on page 45."
look_015,Desire,Fore Tri,Fore Tri Aqua Turbo,collection_cooccurrence,45,"Both collections appear among products in the ""Desire"" look on page 45."
look_015,Desire,Fore Tri,Instaflush™,collection_cooccurrence,45,"Both collections appear among products in the ""Desire"" look on page 45."
look_015,Desire,Fore Tri,Riviera™,collection_cooccurrence,45,"Both collections appear among products in the ""Desire"" look on page 45."
look_015,Desire,Fore Tri,Span,collection_cooccurrence,45,"Both collections appear among products in the ""Desire"" look on page 45."
look_015,Desire,Fore Tri Aqua Turbo,Instaflush™,collection_cooccurrence,45,"Both collections appear among products in the ""Desire"" look on page 45."
look_015,Desire,Fore Tri Aqua Turbo,Riviera™,collection_cooccurrence,45,"Both collections appear among products in the ""Desire"" look on page 45."
look_015,Desire,Fore Tri Aqua Turbo,Span,collection_cooccurrence,45,"Both collections appear among products in the ""Desire"" look on page 45."
look_015,Desire,Instaflush™,Riviera™,collection_cooccurrence,45,"Both collections appear among products in the ""Desire"" look on page 45."
look_015,Desire,Instaflush™,Span,collection_cooccurrence,45,"Both collections appear among products in the ""Desire"" look on page 45."
look_015,Desire,Riviera™,Span,collection_cooccurrence,45,"Both collections appear among products in the ""Desire"" look on page 45."
look_016,Desire,Aqua Turbo,Beam,collection_cooccurrence,47,"Both collections appear among products in the ""Desire"" look on page 47."
look_016,Desire,Aqua Turbo,Beam AT230,collection_cooccurrence,47,"Both collections appear among products in the ""Desire"" look on page 47."
look_016,Desire,Aqua Turbo,Brive Plus™,collection_cooccurrence,47,"Both collections appear among products in the ""Desire"" look on page 47."
look_016,Desire,Aqua Turbo,Complementary™,collection_cooccurrence,47,"Both collections appear among products in the ""Desire"" look on page 47."
look_016,Desire,Aqua Turbo,Instaflush™,collection_cooccurrence,47,"Both collections appear among products in the ""Desire"" look on page 47."
look_016,Desire,Aqua Turbo,Patio™,collection_cooccurrence,47,"Both collections appear among products in the ""Desire"" look on page 47."
look_016,Desire,Aqua Turbo,Riviera™,collection_cooccurrence,47,"Both collections appear among products in the ""Desire"" look on page 47."
look_016,Desire,Beam,Beam AT230,collection_cooccurrence,47,"Both collections appear among products in the ""Desire"" look on page 47."
look_016,Desire,Beam,Brive Plus™,collection_cooccurrence,47,"Both collections appear among products in the ""Desire"" look on page 47."
look_016,Desire,Beam,Complementary™,collection_cooccurrence,47,"Both collections appear among products in the ""Desire"" look on page 47."
look_016,Desire,Beam,Instaflush™,collection_cooccurrence,47,"Both collections appear among products in the ""Desire"" look on page 47."
look_016,Desire,Beam,Patio™,collection_cooccurrence,47,"Both collections appear among products in the ""Desire"" look on page 47."
look_016,Desire,Beam,Riviera™,collection_cooccurrence,47,"Both collections appear among products in the ""Desire"" look on page 47."
look_016,Desire,Beam AT230,Brive Plus™,collection_cooccurrence,47,"Both collections appear among products in the ""Desire"" look on page 47."
look_016,Desire,Beam AT230,Complementary™,collection_cooccurrence,47,"Both collections appear among products in the ""Desire"" look on page 47."
look_016,Desire,Beam AT230,Instaflush™,collection_cooccurrence,47,"Both collections appear among products in the ""Desire"" look on page 47."
look_016,Desire,Beam AT230,Patio™,collection_cooccurrence,47,"Both collections appear among products in the ""Desire"" look on page 47."
look_016,Desire,Beam AT230,Riviera™,collection_cooccurrence,47,"Both collections appear among products in the ""Desire"" look on page 47."
look_016,Desire,Brive Plus™,Complementary™,collection_cooccurrence,47,"Both collections appear among products in the ""Desire"" look on page 47."
look_016,Desire,Brive Plus™,Instaflush™,collection_cooccurrence,47,"Both collections appear among products in the ""Desire"" look on page 47."
look_016,Desire,Brive Plus™,Patio™,collection_cooccurrence,47,"Both collections appear among products in the ""Desire"" look on page 47."
look_016,Desire,Brive Plus™,Riviera™,collection_cooccurrence,47,"Both collections appear among products in the ""Desire"" look on page 47."
look_016,Desire,Complementary™,Instaflush™,collection_cooccurrence,47,"Both collections appear among products in the ""Desire"" look on page 47."
look_016,Desire,Complementary™,Patio™,collection_cooccurrence,47,"Both collections appear among products in the ""Desire"" look on page 47."
look_016,Desire,Complementary™,Riviera™,collection_cooccurrence,47,"Both collections appear among products in the ""Desire"" look on page 47."
look_016,Desire,Instaflush™,Patio™,collection_cooccurrence,47,"Both collections appear among products in the ""Desire"" look on page 47."
look_016,Desire,Instaflush™,Riviera™,collection_cooccurrence,47,"Both collections appear among products in the ""Desire"" look on page 47."
look_016,Desire,Patio™,Riviera™,collection_cooccurrence,47,"Both collections appear among products in the ""Desire"" look on page 47."
look_017,Sublime,Accliv,Bardon™,collection_cooccurrence,49,"Both collections appear among products in the ""Sublime"" look on page 49."
look_017,Sublime,Accliv,Caxton,collection_cooccurrence,49,"Both collections appear among products in the ""Sublime"" look on page 49."
look_017,Sublime,Accliv,Complementary™,collection_cooccurrence,49,"Both collections appear among products in the ""Sublime"" look on page 49."
look_017,Sublime,Accliv,Cruz,collection_cooccurrence,49,"Both collections appear among products in the ""Sublime"" look on page 49."
look_017,Sublime,Accliv,Cruz™ Soap,collection_cooccurrence,49,"Both collections appear among products in the ""Sublime"" look on page 49."
look_017,Sublime,Accliv,Instafit+ In-wall,collection_cooccurrence,49,"Both collections appear among products in the ""Sublime"" look on page 49."
look_017,Sublime,Accliv,Kumin Cold-only,collection_cooccurrence,49,"Both collections appear among products in the ""Sublime"" look on page 49."
look_017,Sublime,Accliv,Patio™,collection_cooccurrence,49,"Both collections appear among products in the ""Sublime"" look on page 49."
look_017,Sublime,Accliv,Purewash™,collection_cooccurrence,49,"Both collections appear among products in the ""Sublime"" look on page 49."
look_017,Sublime,Accliv,Reach Eco,collection_cooccurrence,49,"Both collections appear among products in the ""Sublime"" look on page 49."
look_017,Sublime,Accliv,Riveira,collection_cooccurrence,49,"Both collections appear among products in the ""Sublime"" look on page 49."
look_017,Sublime,Accliv,Span,collection_cooccurrence,49,"Both collections appear among products in the ""Sublime"" look on page 49."
look_017,Sublime,Bardon™,Caxton,collection_cooccurrence,49,"Both collections appear among products in the ""Sublime"" look on page 49."
look_017,Sublime,Bardon™,Complementary™,collection_cooccurrence,49,"Both collections appear among products in the ""Sublime"" look on page 49."
look_017,Sublime,Bardon™,Cruz,collection_cooccurrence,49,"Both collections appear among products in the ""Sublime"" look on page 49."
look_017,Sublime,Bardon™,Cruz™ Soap,collection_cooccurrence,49,"Both collections appear among products in the ""Sublime"" look on page 49."
look_017,Sublime,Bardon™,Instafit+ In-wall,collection_cooccurrence,49,"Both collections appear among products in the ""Sublime"" look on page 49."
look_017,Sublime,Bardon™,Kumin Cold-only,collection_cooccurrence,49,"Both collections appear among products in the ""Sublime"" look on page 49."
look_017,Sublime,Bardon™,Patio™,collection_cooccurrence,49,"Both collections appear among products in the ""Sublime"" look on page 49."
look_017,Sublime,Bardon™,Purewash™,collection_cooccurrence,49,"Both collections appear among products in the ""Sublime"" look on page 49."
look_017,Sublime,Bardon™,Reach Eco,collection_cooccurrence,49,"Both collections appear among products in the ""Sublime"" look on page 49."
look_017,Sublime,Bardon™,Riveira,collection_cooccurrence,49,"Both collections appear among products in the ""Sublime"" look on page 49."
look_017,Sublime,Bardon™,Span,collection_cooccurrence,49,"Both collections appear among products in the ""Sublime"" look on page 49."
look_017,Sublime,Caxton,Complementary™,collection_cooccurrence,49,"Both collections appear among products in the ""Sublime"" look on page 49."
look_017,Sublime,Caxton,Cruz,collection_cooccurrence,49,"Both collections appear among products in the ""Sublime"" look on page 49."
look_017,Sublime,Caxton,Cruz™ Soap,collection_cooccurrence,49,"Both collections appear among products in the ""Sublime"" look on page 49."
look_017,Sublime,Caxton,Instafit+ In-wall,collection_cooccurrence,49,"Both collections appear among products in the ""Sublime"" look on page 49."
look_017,Sublime,Caxton,Kumin Cold-only,collection_cooccurrence,49,"Both collections appear among products in the ""Sublime"" look on page 49."
look_017,Sublime,Caxton,Patio™,collection_cooccurrence,49,"Both collections appear among products in the ""Sublime"" look on page 49."
look_017,Sublime,Caxton,Purewash™,collection_cooccurrence,49,"Both collections appear among products in the ""Sublime"" look on page 49."
look_017,Sublime,Caxton,Reach Eco,collection_cooccurrence,49,"Both collections appear among products in the ""Sublime"" look on page 49."
look_017,Sublime,Caxton,Riveira,collection_cooccurrence,49,"Both collections appear among products in the ""Sublime"" look on page 49."
look_017,Sublime,Caxton,Span,collection_cooccurrence,49,"Both collections appear among products in the ""Sublime"" look on page 49."
look_017,Sublime,Complementary™,Cruz,collection_cooccurrence,49,"Both collections appear among products in the ""Sublime"" look on page 49."
look_017,Sublime,Complementary™,Cruz™ Soap,collection_cooccurrence,49,"Both collections appear among products in the ""Sublime"" look on page 49."
look_017,Sublime,Complementary™,Instafit+ In-wall,collection_cooccurrence,49,"Both collections appear among products in the ""Sublime"" look on page 49."
look_017,Sublime,Complementary™,Kumin Cold-only,collection_cooccurrence,49,"Both collections appear among products in the ""Sublime"" look on page 49."
look_017,Sublime,Complementary™,Patio™,collection_cooccurrence,49,"Both collections appear among products in the ""Sublime"" look on page 49."
look_017,Sublime,Complementary™,Purewash™,collection_cooccurrence,49,"Both collections appear among products in the ""Sublime"" look on page 49."
look_017,Sublime,Complementary™,Reach Eco,collection_cooccurrence,49,"Both collections appear among products in the ""Sublime"" look on page 49."
look_017,Sublime,Complementary™,Riveira,collection_cooccurrence,49,"Both collections appear among products in the ""Sublime"" look on page 49."
look_017,Sublime,Complementary™,Span,collection_cooccurrence,49,"Both collections appear among products in the ""Sublime"" look on page 49."
look_017,Sublime,Cruz,Cruz™ Soap,collection_cooccurrence,49,"Both collections appear among products in the ""Sublime"" look on page 49."
look_017,Sublime,Cruz,Instafit+ In-wall,collection_cooccurrence,49,"Both collections appear among products in the ""Sublime"" look on page 49."
look_017,Sublime,Cruz,Kumin Cold-only,collection_cooccurrence,49,"Both collections appear among products in the ""Sublime"" look on page 49."
look_017,Sublime,Cruz,Patio™,collection_cooccurrence,49,"Both collections appear among products in the ""Sublime"" look on page 49."
look_017,Sublime,Cruz,Purewash™,collection_cooccurrence,49,"Both collections appear among products in the ""Sublime"" look on page 49."
look_017,Sublime,Cruz,Reach Eco,collection_cooccurrence,49,"Both collections appear among products in the ""Sublime"" look on page 49."
look_017,Sublime,Cruz,Riveira,collection_cooccurrence,49,"Both collections appear among products in the ""Sublime"" look on page 49."
look_017,Sublime,Cruz,Span,collection_cooccurrence,49,"Both collections appear among products in the ""Sublime"" look on page 49."
look_017,Sublime,Cruz™ Soap,Instafit+ In-wall,collection_cooccurrence,49,"Both collections appear among products in the ""Sublime"" look on page 49."
look_017,Sublime,Cruz™ Soap,Kumin Cold-only,collection_cooccurrence,49,"Both collections appear among products in the ""Sublime"" look on page 49."
look_017,Sublime,Cruz™ Soap,Patio™,collection_cooccurrence,49,"Both collections appear among products in the ""Sublime"" look on page 49."
look_017,Sublime,Cruz™ Soap,Purewash™,collection_cooccurrence,49,"Both collections appear among products in the ""Sublime"" look on page 49."
look_017,Sublime,Cruz™ Soap,Reach Eco,collection_cooccurrence,49,"Both collections appear among products in the ""Sublime"" look on page 49."
look_017,Sublime,Cruz™ Soap,Riveira,collection_cooccurrence,49,"Both collections appear among products in the ""Sublime"" look on page 49."
look_017,Sublime,Cruz™ Soap,Span,collection_cooccurrence,49,"Both collections appear among products in the ""Sublime"" look on page 49."
look_017,Sublime,Instafit+ In-wall,Kumin Cold-only,collection_cooccurrence,49,"Both collections appear among products in the ""Sublime"" look on page 49."
look_017,Sublime,Instafit+ In-wall,Patio™,collection_cooccurrence,49,"Both collections appear among products in the ""Sublime"" look on page 49."
look_017,Sublime,Instafit+ In-wall,Purewash™,collection_cooccurrence,49,"Both collections appear among products in the ""Sublime"" look on page 49."
look_017,Sublime,Instafit+ In-wall,Reach Eco,collection_cooccurrence,49,"Both collections appear among products in the ""Sublime"" look on page 49."
look_017,Sublime,Instafit+ In-wall,Riveira,collection_cooccurrence,49,"Both collections appear among products in the ""Sublime"" look on page 49."
look_017,Sublime,Instafit+ In-wall,Span,collection_cooccurrence,49,"Both collections appear among products in the ""Sublime"" look on page 49."
look_017,Sublime,Kumin Cold-only,Patio™,collection_cooccurrence,49,"Both collections appear among products in the ""Sublime"" look on page 49."
look_017,Sublime,Kumin Cold-only,Purewash™,collection_cooccurrence,49,"Both collections appear among products in the ""Sublime"" look on page 49."
look_017,Sublime,Kumin Cold-only,Reach Eco,collection_cooccurrence,49,"Both collections appear among products in the ""Sublime"" look on page 49."
look_017,Sublime,Kumin Cold-only,Riveira,collection_cooccurrence,49,"Both collections appear among products in the ""Sublime"" look on page 49."
look_017,Sublime,Kumin Cold-only,Span,collection_cooccurrence,49,"Both collections appear among products in the ""Sublime"" look on page 49."
look_017,Sublime,Patio™,Purewash™,collection_cooccurrence,49,"Both collections appear among products in the ""Sublime"" look on page 49."
look_017,Sublime,Patio™,Reach Eco,collection_cooccurrence,49,"Both collections appear among products in the ""Sublime"" look on page 49."
look_017,Sublime,Patio™,Riveira,collection_cooccurrence,49,"Both collections appear among products in the ""Sublime"" look on page 49."
look_017,Sublime,Patio™,Span,collection_cooccurrence,49,"Both collections appear among products in the ""Sublime"" look on page 49."
look_017,Sublime,Purewash™,Reach Eco,collection_cooccurrence,49,"Both collections appear among products in the ""Sublime"" look on page 49."
look_017,Sublime,Purewash™,Riveira,collection_cooccurrence,49,"Both collections appear among products in the ""Sublime"" look on page 49."
look_017,Sublime,Purewash™,Span,collection_cooccurrence,49,"Both collections appear among products in the ""Sublime"" look on page 49."
look_017,Sublime,Reach Eco,Riveira,collection_cooccurrence,49,"Both collections appear among products in the ""Sublime"" look on page 49."
look_017,Sublime,Reach Eco,Span,collection_cooccurrence,49,"Both collections appear among products in the ""Sublime"" look on page 49."
look_017,Sublime,Riveira,Span,collection_cooccurrence,49,"Both collections appear among products in the ""Sublime"" look on page 49."
look_018,Sublime,Bardon™,Beam,collection_cooccurrence,51,"Both collections appear among products in the ""Sublime"" look on page 51."
look_018,Sublime,Bardon™,Complementary™,collection_cooccurrence,51,"Both collections appear among products in the ""Sublime"" look on page 51."
look_018,Sublime,Bardon™,Cruz,collection_cooccurrence,51,"Both collections appear among products in the ""Sublime"" look on page 51."
look_018,Sublime,Bardon™,Cruz™ Soap,collection_cooccurrence,51,"Both collections appear among products in the ""Sublime"" look on page 51."
look_018,Sublime,Bardon™,Instafit+,collection_cooccurrence,51,"Both collections appear among products in the ""Sublime"" look on page 51."
look_018,Sublime,Bardon™,Kumin Cold-only,collection_cooccurrence,51,"Both collections appear among products in the ""Sublime"" look on page 51."
look_018,Sublime,Bardon™,Ladena,collection_cooccurrence,51,"Both collections appear among products in the ""Sublime"" look on page 51."
look_018,Sublime,Bardon™,Patio™,collection_cooccurrence,51,"Both collections appear among products in the ""Sublime"" look on page 51."
look_018,Sublime,Bardon™,Purewash™,collection_cooccurrence,51,"Both collections appear among products in the ""Sublime"" look on page 51."
look_018,Sublime,Bardon™,Spacity,collection_cooccurrence,51,"Both collections appear among products in the ""Sublime"" look on page 51."
look_018,Sublime,Bardon™,Span,collection_cooccurrence,51,"Both collections appear among products in the ""Sublime"" look on page 51."
look_018,Sublime,Bardon™,Summit,collection_cooccurrence,51,"Both collections appear among products in the ""Sublime"" look on page 51."
look_018,Sublime,Beam,Complementary™,collection_cooccurrence,51,"Both collections appear among products in the ""Sublime"" look on page 51."
look_018,Sublime,Beam,Cruz,collection_cooccurrence,51,"Both collections appear among products in the ""Sublime"" look on page 51."
look_018,Sublime,Beam,Cruz™ Soap,collection_cooccurrence,51,"Both collections appear among products in the ""Sublime"" look on page 51."
look_018,Sublime,Beam,Instafit+,collection_cooccurrence,51,"Both collections appear among products in the ""Sublime"" look on page 51."
look_018,Sublime,Beam,Kumin Cold-only,collection_cooccurrence,51,"Both collections appear among products in the ""Sublime"" look on page 51."
look_018,Sublime,Beam,Ladena,collection_cooccurrence,51,"Both collections appear among products in the ""Sublime"" look on page 51."
look_018,Sublime,Beam,Patio™,collection_cooccurrence,51,"Both collections appear among products in the ""Sublime"" look on page 51."
look_018,Sublime,Beam,Purewash™,collection_cooccurrence,51,"Both collections appear among products in the ""Sublime"" look on page 51."
look_018,Sublime,Beam,Spacity,collection_cooccurrence,51,"Both collections appear among products in the ""Sublime"" look on page 51."
look_018,Sublime,Beam,Span,collection_cooccurrence,51,"Both collections appear among products in the ""Sublime"" look on page 51."
look_018,Sublime,Beam,Summit,collection_cooccurrence,51,"Both collections appear among products in the ""Sublime"" look on page 51."
look_018,Sublime,Complementary™,Cruz,collection_cooccurrence,51,"Both collections appear among products in the ""Sublime"" look on page 51."
look_018,Sublime,Complementary™,Cruz™ Soap,collection_cooccurrence,51,"Both collections appear among products in the ""Sublime"" look on page 51."
look_018,Sublime,Complementary™,Instafit+,collection_cooccurrence,51,"Both collections appear among products in the ""Sublime"" look on page 51."
look_018,Sublime,Complementary™,Kumin Cold-only,collection_cooccurrence,51,"Both collections appear among products in the ""Sublime"" look on page 51."
look_018,Sublime,Complementary™,Ladena,collection_cooccurrence,51,"Both collections appear among products in the ""Sublime"" look on page 51."
look_018,Sublime,Complementary™,Patio™,collection_cooccurrence,51,"Both collections appear among products in the ""Sublime"" look on page 51."
look_018,Sublime,Complementary™,Purewash™,collection_cooccurrence,51,"Both collections appear among products in the ""Sublime"" look on page 51."
look_018,Sublime,Complementary™,Spacity,collection_cooccurrence,51,"Both collections appear among products in the ""Sublime"" look on page 51."
look_018,Sublime,Complementary™,Span,collection_cooccurrence,51,"Both collections appear among products in the ""Sublime"" look on page 51."
look_018,Sublime,Complementary™,Summit,collection_cooccurrence,51,"Both collections appear among products in the ""Sublime"" look on page 51."
look_018,Sublime,Cruz,Cruz™ Soap,collection_cooccurrence,51,"Both collections appear among products in the ""Sublime"" look on page 51."
look_018,Sublime,Cruz,Instafit+,collection_cooccurrence,51,"Both collections appear among products in the ""Sublime"" look on page 51."
look_018,Sublime,Cruz,Kumin Cold-only,collection_cooccurrence,51,"Both collections appear among products in the ""Sublime"" look on page 51."
look_018,Sublime,Cruz,Ladena,collection_cooccurrence,51,"Both collections appear among products in the ""Sublime"" look on page 51."
look_018,Sublime,Cruz,Patio™,collection_cooccurrence,51,"Both collections appear among products in the ""Sublime"" look on page 51."
look_018,Sublime,Cruz,Purewash™,collection_cooccurrence,51,"Both collections appear among products in the ""Sublime"" look on page 51."
look_018,Sublime,Cruz,Spacity,collection_cooccurrence,51,"Both collections appear among products in the ""Sublime"" look on page 51."
look_018,Sublime,Cruz,Span,collection_cooccurrence,51,"Both collections appear among products in the ""Sublime"" look on page 51."
look_018,Sublime,Cruz,Summit,collection_cooccurrence,51,"Both collections appear among products in the ""Sublime"" look on page 51."
look_018,Sublime,Cruz™ Soap,Instafit+,collection_cooccurrence,51,"Both collections appear among products in the ""Sublime"" look on page 51."
look_018,Sublime,Cruz™ Soap,Kumin Cold-only,collection_cooccurrence,51,"Both collections appear among products in the ""Sublime"" look on page 51."
look_018,Sublime,Cruz™ Soap,Ladena,collection_cooccurrence,51,"Both collections appear among products in the ""Sublime"" look on page 51."
look_018,Sublime,Cruz™ Soap,Patio™,collection_cooccurrence,51,"Both collections appear among products in the ""Sublime"" look on page 51."
look_018,Sublime,Cruz™ Soap,Purewash™,collection_cooccurrence,51,"Both collections appear among products in the ""Sublime"" look on page 51."
look_018,Sublime,Cruz™ Soap,Spacity,collection_cooccurrence,51,"Both collections appear among products in the ""Sublime"" look on page 51."
look_018,Sublime,Cruz™ Soap,Span,collection_cooccurrence,51,"Both collections appear among products in the ""Sublime"" look on page 51."
look_018,Sublime,Cruz™ Soap,Summit,collection_cooccurrence,51,"Both collections appear among products in the ""Sublime"" look on page 51."
look_018,Sublime,Instafit+,Kumin Cold-only,collection_cooccurrence,51,"Both collections appear among products in the ""Sublime"" look on page 51."
look_018,Sublime,Instafit+,Ladena,collection_cooccurrence,51,"Both collections appear among products in the ""Sublime"" look on page 51."
look_018,Sublime,Instafit+,Patio™,collection_cooccurrence,51,"Both collections appear among products in the ""Sublime"" look on page 51."
look_018,Sublime,Instafit+,Purewash™,collection_cooccurrence,51,"Both collections appear among products in the ""Sublime"" look on page 51."
look_018,Sublime,Instafit+,Spacity,collection_cooccurrence,51,"Both collections appear among products in the ""Sublime"" look on page 51."
look_018,Sublime,Instafit+,Span,collection_cooccurrence,51,"Both collections appear among products in the ""Sublime"" look on page 51."
look_018,Sublime,Instafit+,Summit,collection_cooccurrence,51,"Both collections appear among products in the ""Sublime"" look on page 51."
look_018,Sublime,Kumin Cold-only,Ladena,collection_cooccurrence,51,"Both collections appear among products in the ""Sublime"" look on page 51."
look_018,Sublime,Kumin Cold-only,Patio™,collection_cooccurrence,51,"Both collections appear among products in the ""Sublime"" look on page 51."
look_018,Sublime,Kumin Cold-only,Purewash™,collection_cooccurrence,51,"Both collections appear among products in the ""Sublime"" look on page 51."
look_018,Sublime,Kumin Cold-only,Spacity,collection_cooccurrence,51,"Both collections appear among products in the ""Sublime"" look on page 51."
look_018,Sublime,Kumin Cold-only,Span,collection_cooccurrence,51,"Both collections appear among products in the ""Sublime"" look on page 51."
look_018,Sublime,Kumin Cold-only,Summit,collection_cooccurrence,51,"Both collections appear among products in the ""Sublime"" look on page 51."
look_018,Sublime,Ladena,Patio™,collection_cooccurrence,51,"Both collections appear among products in the ""Sublime"" look on page 51."
look_018,Sublime,Ladena,Purewash™,collection_cooccurrence,51,"Both collections appear among products in the ""Sublime"" look on page 51."
look_018,Sublime,Ladena,Spacity,collection_cooccurrence,51,"Both collections appear among products in the ""Sublime"" look on page 51."
look_018,Sublime,Ladena,Span,collection_cooccurrence,51,"Both collections appear among products in the ""Sublime"" look on page 51."
look_018,Sublime,Ladena,Summit,collection_cooccurrence,51,"Both collections appear among products in the ""Sublime"" look on page 51."
look_018,Sublime,Patio™,Purewash™,collection_cooccurrence,51,"Both collections appear among products in the ""Sublime"" look on page 51."
look_018,Sublime,Patio™,Spacity,collection_cooccurrence,51,"Both collections appear among products in the ""Sublime"" look on page 51."
look_018,Sublime,Patio™,Span,collection_cooccurrence,51,"Both collections appear among products in the ""Sublime"" look on page 51."
look_018,Sublime,Patio™,Summit,collection_cooccurrence,51,"Both collections appear among products in the ""Sublime"" look on page 51."
look_018,Sublime,Purewash™,Spacity,collection_cooccurrence,51,"Both collections appear among products in the ""Sublime"" look on page 51."
look_018,Sublime,Purewash™,Span,collection_cooccurrence,51,"Both collections appear among products in the ""Sublime"" look on page 51."
look_018,Sublime,Purewash™,Summit,collection_cooccurrence,51,"Both collections appear among products in the ""Sublime"" look on page 51."
look_018,Sublime,Spacity,Span,collection_cooccurrence,51,"Both collections appear among products in the ""Sublime"" look on page 51."
look_018,Sublime,Spacity,Summit,collection_cooccurrence,51,"Both collections appear among products in the ""Sublime"" look on page 51."
look_018,Sublime,Span,Summit,collection_cooccurrence,51,"Both collections appear among products in the ""Sublime"" look on page 51."
look_019,Sublime,Bardon™,Complementary™,collection_cooccurrence,53,"Both collections appear among products in the ""Sublime"" look on page 53."
look_019,Sublime,Bardon™,Cruz™,collection_cooccurrence,53,"Both collections appear among products in the ""Sublime"" look on page 53."
look_019,Sublime,Bardon™,Cruz™ Soap,collection_cooccurrence,53,"Both collections appear among products in the ""Sublime"" look on page 53."
look_019,Sublime,Bardon™,Fore Tri,collection_cooccurrence,53,"Both collections appear among products in the ""Sublime"" look on page 53."
look_019,Sublime,Bardon™,Kumin Cold-only,collection_cooccurrence,53,"Both collections appear among products in the ""Sublime"" look on page 53."
look_019,Sublime,Bardon™,Ladena,collection_cooccurrence,53,"Both collections appear among products in the ""Sublime"" look on page 53."
look_019,Sublime,Bardon™,Lynk™,collection_cooccurrence,53,"Both collections appear among products in the ""Sublime"" look on page 53."
look_019,Sublime,Bardon™,Patio™,collection_cooccurrence,53,"Both collections appear among products in the ""Sublime"" look on page 53."
look_019,Sublime,Bardon™,Purewash™,collection_cooccurrence,53,"Both collections appear among products in the ""Sublime"" look on page 53."
look_019,Sublime,Bardon™,SoftPress™,collection_cooccurrence,53,"Both collections appear among products in the ""Sublime"" look on page 53."
look_019,Sublime,Bardon™,Spacity,collection_cooccurrence,53,"Both collections appear among products in the ""Sublime"" look on page 53."
look_019,Sublime,Bardon™,Span,collection_cooccurrence,53,"Both collections appear among products in the ""Sublime"" look on page 53."
look_019,Sublime,Complementary™,Cruz™,collection_cooccurrence,53,"Both collections appear among products in the ""Sublime"" look on page 53."
look_019,Sublime,Complementary™,Cruz™ Soap,collection_cooccurrence,53,"Both collections appear among products in the ""Sublime"" look on page 53."
look_019,Sublime,Complementary™,Fore Tri,collection_cooccurrence,53,"Both collections appear among products in the ""Sublime"" look on page 53."
look_019,Sublime,Complementary™,Kumin Cold-only,collection_cooccurrence,53,"Both collections appear among products in the ""Sublime"" look on page 53."
look_019,Sublime,Complementary™,Ladena,collection_cooccurrence,53,"Both collections appear among products in the ""Sublime"" look on page 53."
look_019,Sublime,Complementary™,Lynk™,collection_cooccurrence,53,"Both collections appear among products in the ""Sublime"" look on page 53."
look_019,Sublime,Complementary™,Patio™,collection_cooccurrence,53,"Both collections appear among products in the ""Sublime"" look on page 53."
look_019,Sublime,Complementary™,Purewash™,collection_cooccurrence,53,"Both collections appear among products in the ""Sublime"" look on page 53."
look_019,Sublime,Complementary™,SoftPress™,collection_cooccurrence,53,"Both collections appear among products in the ""Sublime"" look on page 53."
look_019,Sublime,Complementary™,Spacity,collection_cooccurrence,53,"Both collections appear among products in the ""Sublime"" look on page 53."
look_019,Sublime,Complementary™,Span,collection_cooccurrence,53,"Both collections appear among products in the ""Sublime"" look on page 53."
look_019,Sublime,Cruz™,Cruz™ Soap,collection_cooccurrence,53,"Both collections appear among products in the ""Sublime"" look on page 53."
look_019,Sublime,Cruz™,Fore Tri,collection_cooccurrence,53,"Both collections appear among products in the ""Sublime"" look on page 53."
look_019,Sublime,Cruz™,Kumin Cold-only,collection_cooccurrence,53,"Both collections appear among products in the ""Sublime"" look on page 53."
look_019,Sublime,Cruz™,Ladena,collection_cooccurrence,53,"Both collections appear among products in the ""Sublime"" look on page 53."
look_019,Sublime,Cruz™,Lynk™,collection_cooccurrence,53,"Both collections appear among products in the ""Sublime"" look on page 53."
look_019,Sublime,Cruz™,Patio™,collection_cooccurrence,53,"Both collections appear among products in the ""Sublime"" look on page 53."
look_019,Sublime,Cruz™,Purewash™,collection_cooccurrence,53,"Both collections appear among products in the ""Sublime"" look on page 53."
look_019,Sublime,Cruz™,SoftPress™,collection_cooccurrence,53,"Both collections appear among products in the ""Sublime"" look on page 53."
look_019,Sublime,Cruz™,Spacity,collection_cooccurrence,53,"Both collections appear among products in the ""Sublime"" look on page 53."
look_019,Sublime,Cruz™,Span,collection_cooccurrence,53,"Both collections appear among products in the ""Sublime"" look on page 53."
look_019,Sublime,Cruz™ Soap,Fore Tri,collection_cooccurrence,53,"Both collections appear among products in the ""Sublime"" look on page 53."
look_019,Sublime,Cruz™ Soap,Kumin Cold-only,collection_cooccurrence,53,"Both collections appear among products in the ""Sublime"" look on page 53."
look_019,Sublime,Cruz™ Soap,Ladena,collection_cooccurrence,53,"Both collections appear among products in the ""Sublime"" look on page 53."
look_019,Sublime,Cruz™ Soap,Lynk™,collection_cooccurrence,53,"Both collections appear among products in the ""Sublime"" look on page 53."
look_019,Sublime,Cruz™ Soap,Patio™,collection_cooccurrence,53,"Both collections appear among products in the ""Sublime"" look on page 53."
look_019,Sublime,Cruz™ Soap,Purewash™,collection_cooccurrence,53,"Both collections appear among products in the ""Sublime"" look on page 53."
look_019,Sublime,Cruz™ Soap,SoftPress™,collection_cooccurrence,53,"Both collections appear among products in the ""Sublime"" look on page 53."
look_019,Sublime,Cruz™ Soap,Spacity,collection_cooccurrence,53,"Both collections appear among products in the ""Sublime"" look on page 53."
look_019,Sublime,Cruz™ Soap,Span,collection_cooccurrence,53,"Both collections appear among products in the ""Sublime"" look on page 53."
look_019,Sublime,Fore Tri,Kumin Cold-only,collection_cooccurrence,53,"Both collections appear among products in the ""Sublime"" look on page 53."
look_019,Sublime,Fore Tri,Ladena,collection_cooccurrence,53,"Both collections appear among products in the ""Sublime"" look on page 53."
look_019,Sublime,Fore Tri,Lynk™,collection_cooccurrence,53,"Both collections appear among products in the ""Sublime"" look on page 53."
look_019,Sublime,Fore Tri,Patio™,collection_cooccurrence,53,"Both collections appear among products in the ""Sublime"" look on page 53."
look_019,Sublime,Fore Tri,Purewash™,collection_cooccurrence,53,"Both collections appear among products in the ""Sublime"" look on page 53."
look_019,Sublime,Fore Tri,SoftPress™,collection_cooccurrence,53,"Both collections appear among products in the ""Sublime"" look on page 53."
look_019,Sublime,Fore Tri,Spacity,collection_cooccurrence,53,"Both collections appear among products in the ""Sublime"" look on page 53."
look_019,Sublime,Fore Tri,Span,collection_cooccurrence,53,"Both collections appear among products in the ""Sublime"" look on page 53."
look_019,Sublime,Kumin Cold-only,Ladena,collection_cooccurrence,53,"Both collections appear among products in the ""Sublime"" look on page 53."
look_019,Sublime,Kumin Cold-only,Lynk™,collection_cooccurrence,53,"Both collections appear among products in the ""Sublime"" look on page 53."
look_019,Sublime,Kumin Cold-only,Patio™,collection_cooccurrence,53,"Both collections appear among products in the ""Sublime"" look on page 53."
look_019,Sublime,Kumin Cold-only,Purewash™,collection_cooccurrence,53,"Both collections appear among products in the ""Sublime"" look on page 53."
look_019,Sublime,Kumin Cold-only,SoftPress™,collection_cooccurrence,53,"Both collections appear among products in the ""Sublime"" look on page 53."
look_019,Sublime,Kumin Cold-only,Spacity,collection_cooccurrence,53,"Both collections appear among products in the ""Sublime"" look on page 53."
look_019,Sublime,Kumin Cold-only,Span,collection_cooccurrence,53,"Both collections appear among products in the ""Sublime"" look on page 53."
look_019,Sublime,Ladena,Lynk™,collection_cooccurrence,53,"Both collections appear among products in the ""Sublime"" look on page 53."
look_019,Sublime,Ladena,Patio™,collection_cooccurrence,53,"Both collections appear among products in the ""Sublime"" look on page 53."
look_019,Sublime,Ladena,Purewash™,collection_cooccurrence,53,"Both collections appear among products in the ""Sublime"" look on page 53."
look_019,Sublime,Ladena,SoftPress™,collection_cooccurrence,53,"Both collections appear among products in the ""Sublime"" look on page 53."
look_019,Sublime,Ladena,Spacity,collection_cooccurrence,53,"Both collections appear among products in the ""Sublime"" look on page 53."
look_019,Sublime,Ladena,Span,collection_cooccurrence,53,"Both collections appear among products in the ""Sublime"" look on page 53."
look_019,Sublime,Lynk™,Patio™,collection_cooccurrence,53,"Both collections appear among products in the ""Sublime"" look on page 53."
look_019,Sublime,Lynk™,Purewash™,collection_cooccurrence,53,"Both collections appear among products in the ""Sublime"" look on page 53."
look_019,Sublime,Lynk™,SoftPress™,collection_cooccurrence,53,"Both collections appear among products in the ""Sublime"" look on page 53."
look_019,Sublime,Lynk™,Spacity,collection_cooccurrence,53,"Both collections appear among products in the ""Sublime"" look on page 53."
look_019,Sublime,Lynk™,Span,collection_cooccurrence,53,"Both collections appear among products in the ""Sublime"" look on page 53."
look_019,Sublime,Patio™,Purewash™,collection_cooccurrence,53,"Both collections appear among products in the ""Sublime"" look on page 53."
look_019,Sublime,Patio™,SoftPress™,collection_cooccurrence,53,"Both collections appear among products in the ""Sublime"" look on page 53."
look_019,Sublime,Patio™,Spacity,collection_cooccurrence,53,"Both collections appear among products in the ""Sublime"" look on page 53."
look_019,Sublime,Patio™,Span,collection_cooccurrence,53,"Both collections appear among products in the ""Sublime"" look on page 53."
look_019,Sublime,Purewash™,SoftPress™,collection_cooccurrence,53,"Both collections appear among products in the ""Sublime"" look on page 53."
look_019,Sublime,Purewash™,Spacity,collection_cooccurrence,53,"Both collections appear among products in the ""Sublime"" look on page 53."
look_019,Sublime,Purewash™,Span,collection_cooccurrence,53,"Both collections appear among products in the ""Sublime"" look on page 53."
look_019,Sublime,SoftPress™,Spacity,collection_cooccurrence,53,"Both collections appear among products in the ""Sublime"" look on page 53."
look_019,Sublime,SoftPress™,Span,collection_cooccurrence,53,"Both collections appear among products in the ""Sublime"" look on page 53."
look_019,Sublime,Spacity,Span,collection_cooccurrence,53,"Both collections appear among products in the ""Sublime"" look on page 53."
look_020,Imperial,Bardon™,Brazn Wall,collection_cooccurrence,55,"Both collections appear among products in the ""Imperial"" look on page 55."
look_020,Imperial,Bardon™,Complementary™,collection_cooccurrence,55,"Both collections appear among products in the ""Imperial"" look on page 55."
look_020,Imperial,Bardon™,Cruz™,collection_cooccurrence,55,"Both collections appear among products in the ""Imperial"" look on page 55."
look_020,Imperial,Bardon™,Elate®,collection_cooccurrence,55,"Both collections appear among products in the ""Imperial"" look on page 55."
look_020,Imperial,Bardon™,Instafit+,collection_cooccurrence,55,"Both collections appear among products in the ""Imperial"" look on page 55."
look_020,Imperial,Bardon™,Ladena,collection_cooccurrence,55,"Both collections appear among products in the ""Imperial"" look on page 55."
look_020,Imperial,Bardon™,Patio™,collection_cooccurrence,55,"Both collections appear among products in the ""Imperial"" look on page 55."
look_020,Imperial,Bardon™,Pebble™,collection_cooccurrence,55,"Both collections appear among products in the ""Imperial"" look on page 55."
look_020,Imperial,Bardon™,Purewash™,collection_cooccurrence,55,"Both collections appear among products in the ""Imperial"" look on page 55."
look_020,Imperial,Bardon™,Strayt™ Touchless,collection_cooccurrence,55,"Both collections appear among products in the ""Imperial"" look on page 55."
look_020,Imperial,Bardon™,Tend,collection_cooccurrence,55,"Both collections appear among products in the ""Imperial"" look on page 55."
look_020,Imperial,Bardon™,Vive,collection_cooccurrence,55,"Both collections appear among products in the ""Imperial"" look on page 55."
look_020,Imperial,Brazn Wall,Complementary™,collection_cooccurrence,55,"Both collections appear among products in the ""Imperial"" look on page 55."
look_020,Imperial,Brazn Wall,Cruz™,collection_cooccurrence,55,"Both collections appear among products in the ""Imperial"" look on page 55."
look_020,Imperial,Brazn Wall,Elate®,collection_cooccurrence,55,"Both collections appear among products in the ""Imperial"" look on page 55."
look_020,Imperial,Brazn Wall,Instafit+,collection_cooccurrence,55,"Both collections appear among products in the ""Imperial"" look on page 55."
look_020,Imperial,Brazn Wall,Ladena,collection_cooccurrence,55,"Both collections appear among products in the ""Imperial"" look on page 55."
look_020,Imperial,Brazn Wall,Patio™,collection_cooccurrence,55,"Both collections appear among products in the ""Imperial"" look on page 55."
look_020,Imperial,Brazn Wall,Pebble™,collection_cooccurrence,55,"Both collections appear among products in the ""Imperial"" look on page 55."
look_020,Imperial,Brazn Wall,Purewash™,collection_cooccurrence,55,"Both collections appear among products in the ""Imperial"" look on page 55."
look_020,Imperial,Brazn Wall,Strayt™ Touchless,collection_cooccurrence,55,"Both collections appear among products in the ""Imperial"" look on page 55."
look_020,Imperial,Brazn Wall,Tend,collection_cooccurrence,55,"Both collections appear among products in the ""Imperial"" look on page 55."
look_020,Imperial,Brazn Wall,Vive,collection_cooccurrence,55,"Both collections appear among products in the ""Imperial"" look on page 55."
look_020,Imperial,Complementary™,Cruz™,collection_cooccurrence,55,"Both collections appear among products in the ""Imperial"" look on page 55."
look_020,Imperial,Complementary™,Elate®,collection_cooccurrence,55,"Both collections appear among products in the ""Imperial"" look on page 55."
look_020,Imperial,Complementary™,Instafit+,collection_cooccurrence,55,"Both collections appear among products in the ""Imperial"" look on page 55."
look_020,Imperial,Complementary™,Ladena,collection_cooccurrence,55,"Both collections appear among products in the ""Imperial"" look on page 55."
look_020,Imperial,Complementary™,Patio™,collection_cooccurrence,55,"Both collections appear among products in the ""Imperial"" look on page 55."
look_020,Imperial,Complementary™,Pebble™,collection_cooccurrence,55,"Both collections appear among products in the ""Imperial"" look on page 55."
look_020,Imperial,Complementary™,Purewash™,collection_cooccurrence,55,"Both collections appear among products in the ""Imperial"" look on page 55."
look_020,Imperial,Complementary™,Strayt™ Touchless,collection_cooccurrence,55,"Both collections appear among products in the ""Imperial"" look on page 55."
look_020,Imperial,Complementary™,Tend,collection_cooccurrence,55,"Both collections appear among products in the ""Imperial"" look on page 55."
look_020,Imperial,Complementary™,Vive,collection_cooccurrence,55,"Both collections appear among products in the ""Imperial"" look on page 55."
look_020,Imperial,Cruz™,Elate®,collection_cooccurrence,55,"Both collections appear among products in the ""Imperial"" look on page 55."
look_020,Imperial,Cruz™,Instafit+,collection_cooccurrence,55,"Both collections appear among products in the ""Imperial"" look on page 55."
look_020,Imperial,Cruz™,Ladena,collection_cooccurrence,55,"Both collections appear among products in the ""Imperial"" look on page 55."
look_020,Imperial,Cruz™,Patio™,collection_cooccurrence,55,"Both collections appear among products in the ""Imperial"" look on page 55."
look_020,Imperial,Cruz™,Pebble™,collection_cooccurrence,55,"Both collections appear among products in the ""Imperial"" look on page 55."
look_020,Imperial,Cruz™,Purewash™,collection_cooccurrence,55,"Both collections appear among products in the ""Imperial"" look on page 55."
look_020,Imperial,Cruz™,Strayt™ Touchless,collection_cooccurrence,55,"Both collections appear among products in the ""Imperial"" look on page 55."
look_020,Imperial,Cruz™,Tend,collection_cooccurrence,55,"Both collections appear among products in the ""Imperial"" look on page 55."
look_020,Imperial,Cruz™,Vive,collection_cooccurrence,55,"Both collections appear among products in the ""Imperial"" look on page 55."
look_020,Imperial,Elate®,Instafit+,collection_cooccurrence,55,"Both collections appear among products in the ""Imperial"" look on page 55."
look_020,Imperial,Elate®,Ladena,collection_cooccurrence,55,"Both collections appear among products in the ""Imperial"" look on page 55."
look_020,Imperial,Elate®,Patio™,collection_cooccurrence,55,"Both collections appear among products in the ""Imperial"" look on page 55."
look_020,Imperial,Elate®,Pebble™,collection_cooccurrence,55,"Both collections appear among products in the ""Imperial"" look on page 55."
look_020,Imperial,Elate®,Purewash™,collection_cooccurrence,55,"Both collections appear among products in the ""Imperial"" look on page 55."
look_020,Imperial,Elate®,Strayt™ Touchless,collection_cooccurrence,55,"Both collections appear among products in the ""Imperial"" look on page 55."
look_020,Imperial,Elate®,Tend,collection_cooccurrence,55,"Both collections appear among products in the ""Imperial"" look on page 55."
look_020,Imperial,Elate®,Vive,collection_cooccurrence,55,"Both collections appear among products in the ""Imperial"" look on page 55."
look_020,Imperial,Instafit+,Ladena,collection_cooccurrence,55,"Both collections appear among products in the ""Imperial"" look on page 55."
look_020,Imperial,Instafit+,Patio™,collection_cooccurrence,55,"Both collections appear among products in the ""Imperial"" look on page 55."
look_020,Imperial,Instafit+,Pebble™,collection_cooccurrence,55,"Both collections appear among products in the ""Imperial"" look on page 55."
look_020,Imperial,Instafit+,Purewash™,collection_cooccurrence,55,"Both collections appear among products in the ""Imperial"" look on page 55."
look_020,Imperial,Instafit+,Strayt™ Touchless,collection_cooccurrence,55,"Both collections appear among products in the ""Imperial"" look on page 55."
look_020,Imperial,Instafit+,Tend,collection_cooccurrence,55,"Both collections appear among products in the ""Imperial"" look on page 55."
look_020,Imperial,Instafit+,Vive,collection_cooccurrence,55,"Both collections appear among products in the ""Imperial"" look on page 55."
look_020,Imperial,Ladena,Patio™,collection_cooccurrence,55,"Both collections appear among products in the ""Imperial"" look on page 55."
look_020,Imperial,Ladena,Pebble™,collection_cooccurrence,55,"Both collections appear among products in the ""Imperial"" look on page 55."
look_020,Imperial,Ladena,Purewash™,collection_cooccurrence,55,"Both collections appear among products in the ""Imperial"" look on page 55."
look_020,Imperial,Ladena,Strayt™ Touchless,collection_cooccurrence,55,"Both collections appear among products in the ""Imperial"" look on page 55."
look_020,Imperial,Ladena,Tend,collection_cooccurrence,55,"Both collections appear among products in the ""Imperial"" look on page 55."
look_020,Imperial,Ladena,Vive,collection_cooccurrence,55,"Both collections appear among products in the ""Imperial"" look on page 55."
look_020,Imperial,Patio™,Pebble™,collection_cooccurrence,55,"Both collections appear among products in the ""Imperial"" look on page 55."
look_020,Imperial,Patio™,Purewash™,collection_cooccurrence,55,"Both collections appear among products in the ""Imperial"" look on page 55."
look_020,Imperial,Patio™,Strayt™ Touchless,collection_cooccurrence,55,"Both collections appear among products in the ""Imperial"" look on page 55."
look_020,Imperial,Patio™,Tend,collection_cooccurrence,55,"Both collections appear among products in the ""Imperial"" look on page 55."
look_020,Imperial,Patio™,Vive,collection_cooccurrence,55,"Both collections appear among products in the ""Imperial"" look on page 55."
look_020,Imperial,Pebble™,Purewash™,collection_cooccurrence,55,"Both collections appear among products in the ""Imperial"" look on page 55."
look_020,Imperial,Pebble™,Strayt™ Touchless,collection_cooccurrence,55,"Both collections appear among products in the ""Imperial"" look on page 55."
look_020,Imperial,Pebble™,Tend,collection_cooccurrence,55,"Both collections appear among products in the ""Imperial"" look on page 55."
look_020,Imperial,Pebble™,Vive,collection_cooccurrence,55,"Both collections appear among products in the ""Imperial"" look on page 55."
look_020,Imperial,Purewash™,Strayt™ Touchless,collection_cooccurrence,55,"Both collections appear among products in the ""Imperial"" look on page 55."
look_020,Imperial,Purewash™,Tend,collection_cooccurrence,55,"Both collections appear among products in the ""Imperial"" look on page 55."
look_020,Imperial,Purewash™,Vive,collection_cooccurrence,55,"Both collections appear among products in the ""Imperial"" look on page 55."
look_020,Imperial,Strayt™ Touchless,Tend,collection_cooccurrence,55,"Both collections appear among products in the ""Imperial"" look on page 55."
look_020,Imperial,Strayt™ Touchless,Vive,collection_cooccurrence,55,"Both collections appear among products in the ""Imperial"" look on page 55."
look_020,Imperial,Tend,Vive,collection_cooccurrence,55,"Both collections appear among products in the ""Imperial"" look on page 55."
look_021,Imperial,Bardon™,Brazn Wall,collection_cooccurrence,57,"Both collections appear among products in the ""Imperial"" look on page 57."
look_021,Imperial,Bardon™,Complementary™,collection_cooccurrence,57,"Both collections appear among products in the ""Imperial"" look on page 57."
look_021,Imperial,Bardon™,Cruz™,collection_cooccurrence,57,"Both collections appear among products in the ""Imperial"" look on page 57."
look_021,Imperial,Bardon™,Elate®,collection_cooccurrence,57,"Both collections appear among products in the ""Imperial"" look on page 57."
look_021,Imperial,Bardon™,Forefront™,collection_cooccurrence,57,"Both collections appear among products in the ""Imperial"" look on page 57."
look_021,Imperial,Bardon™,Hone,collection_cooccurrence,57,"Both collections appear among products in the ""Imperial"" look on page 57."
look_021,Imperial,Bardon™,Instafit+,collection_cooccurrence,57,"Both collections appear among products in the ""Imperial"" look on page 57."
look_021,Imperial,Bardon™,Kumin™,collection_cooccurrence,57,"Both collections appear among products in the ""Imperial"" look on page 57."
look_021,Imperial,Bardon™,Patio™,collection_cooccurrence,57,"Both collections appear among products in the ""Imperial"" look on page 57."
look_021,Imperial,Bardon™,Pebble,collection_cooccurrence,57,"Both collections appear among products in the ""Imperial"" look on page 57."
look_021,Imperial,Bardon™,Purewash™,collection_cooccurrence,57,"Both collections appear among products in the ""Imperial"" look on page 57."
look_021,Imperial,Brazn Wall,Complementary™,collection_cooccurrence,57,"Both collections appear among products in the ""Imperial"" look on page 57."
look_021,Imperial,Brazn Wall,Cruz™,collection_cooccurrence,57,"Both collections appear among products in the ""Imperial"" look on page 57."
look_021,Imperial,Brazn Wall,Elate®,collection_cooccurrence,57,"Both collections appear among products in the ""Imperial"" look on page 57."
look_021,Imperial,Brazn Wall,Forefront™,collection_cooccurrence,57,"Both collections appear among products in the ""Imperial"" look on page 57."
look_021,Imperial,Brazn Wall,Hone,collection_cooccurrence,57,"Both collections appear among products in the ""Imperial"" look on page 57."
look_021,Imperial,Brazn Wall,Instafit+,collection_cooccurrence,57,"Both collections appear among products in the ""Imperial"" look on page 57."
look_021,Imperial,Brazn Wall,Kumin™,collection_cooccurrence,57,"Both collections appear among products in the ""Imperial"" look on page 57."
look_021,Imperial,Brazn Wall,Patio™,collection_cooccurrence,57,"Both collections appear among products in the ""Imperial"" look on page 57."
look_021,Imperial,Brazn Wall,Pebble,collection_cooccurrence,57,"Both collections appear among products in the ""Imperial"" look on page 57."
look_021,Imperial,Brazn Wall,Purewash™,collection_cooccurrence,57,"Both collections appear among products in the ""Imperial"" look on page 57."
look_021,Imperial,Complementary™,Cruz™,collection_cooccurrence,57,"Both collections appear among products in the ""Imperial"" look on page 57."
look_021,Imperial,Complementary™,Elate®,collection_cooccurrence,57,"Both collections appear among products in the ""Imperial"" look on page 57."
look_021,Imperial,Complementary™,Forefront™,collection_cooccurrence,57,"Both collections appear among products in the ""Imperial"" look on page 57."
look_021,Imperial,Complementary™,Hone,collection_cooccurrence,57,"Both collections appear among products in the ""Imperial"" look on page 57."
look_021,Imperial,Complementary™,Instafit+,collection_cooccurrence,57,"Both collections appear among products in the ""Imperial"" look on page 57."
look_021,Imperial,Complementary™,Kumin™,collection_cooccurrence,57,"Both collections appear among products in the ""Imperial"" look on page 57."
look_021,Imperial,Complementary™,Patio™,collection_cooccurrence,57,"Both collections appear among products in the ""Imperial"" look on page 57."
look_021,Imperial,Complementary™,Pebble,collection_cooccurrence,57,"Both collections appear among products in the ""Imperial"" look on page 57."
look_021,Imperial,Complementary™,Purewash™,collection_cooccurrence,57,"Both collections appear among products in the ""Imperial"" look on page 57."
look_021,Imperial,Cruz™,Elate®,collection_cooccurrence,57,"Both collections appear among products in the ""Imperial"" look on page 57."
look_021,Imperial,Cruz™,Forefront™,collection_cooccurrence,57,"Both collections appear among products in the ""Imperial"" look on page 57."
look_021,Imperial,Cruz™,Hone,collection_cooccurrence,57,"Both collections appear among products in the ""Imperial"" look on page 57."
look_021,Imperial,Cruz™,Instafit+,collection_cooccurrence,57,"Both collections appear among products in the ""Imperial"" look on page 57."
look_021,Imperial,Cruz™,Kumin™,collection_cooccurrence,57,"Both collections appear among products in the ""Imperial"" look on page 57."
look_021,Imperial,Cruz™,Patio™,collection_cooccurrence,57,"Both collections appear among products in the ""Imperial"" look on page 57."
look_021,Imperial,Cruz™,Pebble,collection_cooccurrence,57,"Both collections appear among products in the ""Imperial"" look on page 57."
look_021,Imperial,Cruz™,Purewash™,collection_cooccurrence,57,"Both collections appear among products in the ""Imperial"" look on page 57."
look_021,Imperial,Elate®,Forefront™,collection_cooccurrence,57,"Both collections appear among products in the ""Imperial"" look on page 57."
look_021,Imperial,Elate®,Hone,collection_cooccurrence,57,"Both collections appear among products in the ""Imperial"" look on page 57."
look_021,Imperial,Elate®,Instafit+,collection_cooccurrence,57,"Both collections appear among products in the ""Imperial"" look on page 57."
look_021,Imperial,Elate®,Kumin™,collection_cooccurrence,57,"Both collections appear among products in the ""Imperial"" look on page 57."
look_021,Imperial,Elate®,Patio™,collection_cooccurrence,57,"Both collections appear among products in the ""Imperial"" look on page 57."
look_021,Imperial,Elate®,Pebble,collection_cooccurrence,57,"Both collections appear among products in the ""Imperial"" look on page 57."
look_021,Imperial,Elate®,Purewash™,collection_cooccurrence,57,"Both collections appear among products in the ""Imperial"" look on page 57."
look_021,Imperial,Forefront™,Hone,collection_cooccurrence,57,"Both collections appear among products in the ""Imperial"" look on page 57."
look_021,Imperial,Forefront™,Instafit+,collection_cooccurrence,57,"Both collections appear among products in the ""Imperial"" look on page 57."
look_021,Imperial,Forefront™,Kumin™,collection_cooccurrence,57,"Both collections appear among products in the ""Imperial"" look on page 57."
look_021,Imperial,Forefront™,Patio™,collection_cooccurrence,57,"Both collections appear among products in the ""Imperial"" look on page 57."
look_021,Imperial,Forefront™,Pebble,collection_cooccurrence,57,"Both collections appear among products in the ""Imperial"" look on page 57."
look_021,Imperial,Forefront™,Purewash™,collection_cooccurrence,57,"Both collections appear among products in the ""Imperial"" look on page 57."
look_021,Imperial,Hone,Instafit+,collection_cooccurrence,57,"Both collections appear among products in the ""Imperial"" look on page 57."
look_021,Imperial,Hone,Kumin™,collection_cooccurrence,57,"Both collections appear among products in the ""Imperial"" look on page 57."
look_021,Imperial,Hone,Patio™,collection_cooccurrence,57,"Both collections appear among products in the ""Imperial"" look on page 57."
look_021,Imperial,Hone,Pebble,collection_cooccurrence,57,"Both collections appear among products in the ""Imperial"" look on page 57."
look_021,Imperial,Hone,Purewash™,collection_cooccurrence,57,"Both collections appear among products in the ""Imperial"" look on page 57."
look_021,Imperial,Instafit+,Kumin™,collection_cooccurrence,57,"Both collections appear among products in the ""Imperial"" look on page 57."
look_021,Imperial,Instafit+,Patio™,collection_cooccurrence,57,"Both collections appear among products in the ""Imperial"" look on page 57."
look_021,Imperial,Instafit+,Pebble,collection_cooccurrence,57,"Both collections appear among products in the ""Imperial"" look on page 57."
look_021,Imperial,Instafit+,Purewash™,collection_cooccurrence,57,"Both collections appear among products in the ""Imperial"" look on page 57."
look_021,Imperial,Kumin™,Patio™,collection_cooccurrence,57,"Both collections appear among products in the ""Imperial"" look on page 57."
look_021,Imperial,Kumin™,Pebble,collection_cooccurrence,57,"Both collections appear among products in the ""Imperial"" look on page 57."
look_021,Imperial,Kumin™,Purewash™,collection_cooccurrence,57,"Both collections appear among products in the ""Imperial"" look on page 57."
look_021,Imperial,Patio™,Pebble,collection_cooccurrence,57,"Both collections appear among products in the ""Imperial"" look on page 57."
look_021,Imperial,Patio™,Purewash™,collection_cooccurrence,57,"Both collections appear among products in the ""Imperial"" look on page 57."
look_021,Imperial,Pebble,Purewash™,collection_cooccurrence,57,"Both collections appear among products in the ""Imperial"" look on page 57."
look_022,Luxe,Aleo+,Avid™,collection_cooccurrence,59,"Both collections appear among products in the ""Luxe"" look on page 59."
look_022,Luxe,Aleo+,Bardon™,collection_cooccurrence,59,"Both collections appear among products in the ""Luxe"" look on page 59."
look_022,Luxe,Aleo+,Bardon™ Touchless,collection_cooccurrence,59,"Both collections appear among products in the ""Luxe"" look on page 59."
look_022,Luxe,Aleo+,Composed™,collection_cooccurrence,59,"Both collections appear among products in the ""Luxe"" look on page 59."
look_022,Luxe,Aleo+,Cruz™,collection_cooccurrence,59,"Both collections appear among products in the ""Luxe"" look on page 59."
look_022,Luxe,Aleo+,Elate®,collection_cooccurrence,59,"Both collections appear among products in the ""Luxe"" look on page 59."
look_022,Luxe,Aleo+,Instafit+,collection_cooccurrence,59,"Both collections appear among products in the ""Luxe"" look on page 59."
look_022,Luxe,Aleo+,Ladena,collection_cooccurrence,59,"Both collections appear among products in the ""Luxe"" look on page 59."
look_022,Luxe,Aleo+,Patio™ Touchless,collection_cooccurrence,59,"Both collections appear among products in the ""Luxe"" look on page 59."
look_022,Luxe,Aleo+,Skim™,collection_cooccurrence,59,"Both collections appear among products in the ""Luxe"" look on page 59."
look_022,Luxe,Aleo+,Veil™,collection_cooccurrence,59,"Both collections appear among products in the ""Luxe"" look on page 59."
look_022,Luxe,Avid™,Bardon™,collection_cooccurrence,59,"Both collections appear among products in the ""Luxe"" look on page 59."
look_022,Luxe,Avid™,Bardon™ Touchless,collection_cooccurrence,59,"Both collections appear among products in the ""Luxe"" look on page 59."
look_022,Luxe,Avid™,Composed™,collection_cooccurrence,59,"Both collections appear among products in the ""Luxe"" look on page 59."
look_022,Luxe,Avid™,Cruz™,collection_cooccurrence,59,"Both collections appear among products in the ""Luxe"" look on page 59."
look_022,Luxe,Avid™,Elate®,collection_cooccurrence,59,"Both collections appear among products in the ""Luxe"" look on page 59."
look_022,Luxe,Avid™,Instafit+,collection_cooccurrence,59,"Both collections appear among products in the ""Luxe"" look on page 59."
look_022,Luxe,Avid™,Ladena,collection_cooccurrence,59,"Both collections appear among products in the ""Luxe"" look on page 59."
look_022,Luxe,Avid™,Patio™ Touchless,collection_cooccurrence,59,"Both collections appear among products in the ""Luxe"" look on page 59."
look_022,Luxe,Avid™,Skim™,collection_cooccurrence,59,"Both collections appear among products in the ""Luxe"" look on page 59."
look_022,Luxe,Avid™,Veil™,collection_cooccurrence,59,"Both collections appear among products in the ""Luxe"" look on page 59."
look_022,Luxe,Bardon™,Bardon™ Touchless,collection_cooccurrence,59,"Both collections appear among products in the ""Luxe"" look on page 59."
look_022,Luxe,Bardon™,Composed™,collection_cooccurrence,59,"Both collections appear among products in the ""Luxe"" look on page 59."
look_022,Luxe,Bardon™,Cruz™,collection_cooccurrence,59,"Both collections appear among products in the ""Luxe"" look on page 59."
look_022,Luxe,Bardon™,Elate®,collection_cooccurrence,59,"Both collections appear among products in the ""Luxe"" look on page 59."
look_022,Luxe,Bardon™,Instafit+,collection_cooccurrence,59,"Both collections appear among products in the ""Luxe"" look on page 59."
look_022,Luxe,Bardon™,Ladena,collection_cooccurrence,59,"Both collections appear among products in the ""Luxe"" look on page 59."
look_022,Luxe,Bardon™,Patio™ Touchless,collection_cooccurrence,59,"Both collections appear among products in the ""Luxe"" look on page 59."
look_022,Luxe,Bardon™,Skim™,collection_cooccurrence,59,"Both collections appear among products in the ""Luxe"" look on page 59."
look_022,Luxe,Bardon™,Veil™,collection_cooccurrence,59,"Both collections appear among products in the ""Luxe"" look on page 59."
look_022,Luxe,Bardon™ Touchless,Composed™,collection_cooccurrence,59,"Both collections appear among products in the ""Luxe"" look on page 59."
look_022,Luxe,Bardon™ Touchless,Cruz™,collection_cooccurrence,59,"Both collections appear among products in the ""Luxe"" look on page 59."
look_022,Luxe,Bardon™ Touchless,Elate®,collection_cooccurrence,59,"Both collections appear among products in the ""Luxe"" look on page 59."
look_022,Luxe,Bardon™ Touchless,Instafit+,collection_cooccurrence,59,"Both collections appear among products in the ""Luxe"" look on page 59."
look_022,Luxe,Bardon™ Touchless,Ladena,collection_cooccurrence,59,"Both collections appear among products in the ""Luxe"" look on page 59."
look_022,Luxe,Bardon™ Touchless,Patio™ Touchless,collection_cooccurrence,59,"Both collections appear among products in the ""Luxe"" look on page 59."
look_022,Luxe,Bardon™ Touchless,Skim™,collection_cooccurrence,59,"Both collections appear among products in the ""Luxe"" look on page 59."
look_022,Luxe,Bardon™ Touchless,Veil™,collection_cooccurrence,59,"Both collections appear among products in the ""Luxe"" look on page 59."
look_022,Luxe,Composed™,Cruz™,collection_cooccurrence,59,"Both collections appear among products in the ""Luxe"" look on page 59."
look_022,Luxe,Composed™,Elate®,collection_cooccurrence,59,"Both collections appear among products in the ""Luxe"" look on page 59."
look_022,Luxe,Composed™,Instafit+,collection_cooccurrence,59,"Both collections appear among products in the ""Luxe"" look on page 59."
look_022,Luxe,Composed™,Ladena,collection_cooccurrence,59,"Both collections appear among products in the ""Luxe"" look on page 59."
look_022,Luxe,Composed™,Patio™ Touchless,collection_cooccurrence,59,"Both collections appear among products in the ""Luxe"" look on page 59."
look_022,Luxe,Composed™,Skim™,collection_cooccurrence,59,"Both collections appear among products in the ""Luxe"" look on page 59."
look_022,Luxe,Composed™,Veil™,collection_cooccurrence,59,"Both collections appear among products in the ""Luxe"" look on page 59."
look_022,Luxe,Cruz™,Elate®,collection_cooccurrence,59,"Both collections appear among products in the ""Luxe"" look on page 59."
look_022,Luxe,Cruz™,Instafit+,collection_cooccurrence,59,"Both collections appear among products in the ""Luxe"" look on page 59."
look_022,Luxe,Cruz™,Ladena,collection_cooccurrence,59,"Both collections appear among products in the ""Luxe"" look on page 59."
look_022,Luxe,Cruz™,Patio™ Touchless,collection_cooccurrence,59,"Both collections appear among products in the ""Luxe"" look on page 59."
look_022,Luxe,Cruz™,Skim™,collection_cooccurrence,59,"Both collections appear among products in the ""Luxe"" look on page 59."
look_022,Luxe,Cruz™,Veil™,collection_cooccurrence,59,"Both collections appear among products in the ""Luxe"" look on page 59."
look_022,Luxe,Elate®,Instafit+,collection_cooccurrence,59,"Both collections appear among products in the ""Luxe"" look on page 59."
look_022,Luxe,Elate®,Ladena,collection_cooccurrence,59,"Both collections appear among products in the ""Luxe"" look on page 59."
look_022,Luxe,Elate®,Patio™ Touchless,collection_cooccurrence,59,"Both collections appear among products in the ""Luxe"" look on page 59."
look_022,Luxe,Elate®,Skim™,collection_cooccurrence,59,"Both collections appear among products in the ""Luxe"" look on page 59."
look_022,Luxe,Elate®,Veil™,collection_cooccurrence,59,"Both collections appear among products in the ""Luxe"" look on page 59."
look_022,Luxe,Instafit+,Ladena,collection_cooccurrence,59,"Both collections appear among products in the ""Luxe"" look on page 59."
look_022,Luxe,Instafit+,Patio™ Touchless,collection_cooccurrence,59,"Both collections appear among products in the ""Luxe"" look on page 59."
look_022,Luxe,Instafit+,Skim™,collection_cooccurrence,59,"Both collections appear among products in the ""Luxe"" look on page 59."
look_022,Luxe,Instafit+,Veil™,collection_cooccurrence,59,"Both collections appear among products in the ""Luxe"" look on page 59."
look_022,Luxe,Ladena,Patio™ Touchless,collection_cooccurrence,59,"Both collections appear among products in the ""Luxe"" look on page 59."
look_022,Luxe,Ladena,Skim™,collection_cooccurrence,59,"Both collections appear among products in the ""Luxe"" look on page 59."
look_022,Luxe,Ladena,Veil™,collection_cooccurrence,59,"Both collections appear among products in the ""Luxe"" look on page 59."
look_022,Luxe,Patio™ Touchless,Skim™,collection_cooccurrence,59,"Both collections appear among products in the ""Luxe"" look on page 59."
look_022,Luxe,Patio™ Touchless,Veil™,collection_cooccurrence,59,"Both collections appear among products in the ""Luxe"" look on page 59."
look_022,Luxe,Skim™,Veil™,collection_cooccurrence,59,"Both collections appear among products in the ""Luxe"" look on page 59."
look_023,Luxe,Avid™,Bardon™,collection_cooccurrence,61,"Both collections appear among products in the ""Luxe"" look on page 61."
look_023,Luxe,Avid™,Cruz™,collection_cooccurrence,61,"Both collections appear among products in the ""Luxe"" look on page 61."
look_023,Luxe,Avid™,Elate®,collection_cooccurrence,61,"Both collections appear among products in the ""Luxe"" look on page 61."
look_023,Luxe,Avid™,Forefront™,collection_cooccurrence,61,"Both collections appear among products in the ""Luxe"" look on page 61."
look_023,Luxe,Avid™,Instafit+,collection_cooccurrence,61,"Both collections appear among products in the ""Luxe"" look on page 61."
look_023,Luxe,Avid™,ModernLife Edge™,collection_cooccurrence,61,"Both collections appear among products in the ""Luxe"" look on page 61."
look_023,Luxe,Avid™,Oblo™,collection_cooccurrence,61,"Both collections appear among products in the ""Luxe"" look on page 61."
look_023,Luxe,Avid™,Patio™ Touchless,collection_cooccurrence,61,"Both collections appear among products in the ""Luxe"" look on page 61."
look_023,Luxe,Avid™,Summon,collection_cooccurrence,61,"Both collections appear among products in the ""Luxe"" look on page 61."
look_023,Luxe,Avid™,Veil™,collection_cooccurrence,61,"Both collections appear among products in the ""Luxe"" look on page 61."
look_023,Luxe,Bardon™,Cruz™,collection_cooccurrence,61,"Both collections appear among products in the ""Luxe"" look on page 61."
look_023,Luxe,Bardon™,Elate®,collection_cooccurrence,61,"Both collections appear among products in the ""Luxe"" look on page 61."
look_023,Luxe,Bardon™,Forefront™,collection_cooccurrence,61,"Both collections appear among products in the ""Luxe"" look on page 61."
look_023,Luxe,Bardon™,Instafit+,collection_cooccurrence,61,"Both collections appear among products in the ""Luxe"" look on page 61."
look_023,Luxe,Bardon™,ModernLife Edge™,collection_cooccurrence,61,"Both collections appear among products in the ""Luxe"" look on page 61."
look_023,Luxe,Bardon™,Oblo™,collection_cooccurrence,61,"Both collections appear among products in the ""Luxe"" look on page 61."
look_023,Luxe,Bardon™,Patio™ Touchless,collection_cooccurrence,61,"Both collections appear among products in the ""Luxe"" look on page 61."
look_023,Luxe,Bardon™,Summon,collection_cooccurrence,61,"Both collections appear among products in the ""Luxe"" look on page 61."
look_023,Luxe,Bardon™,Veil™,collection_cooccurrence,61,"Both collections appear among products in the ""Luxe"" look on page 61."
look_023,Luxe,Cruz™,Elate®,collection_cooccurrence,61,"Both collections appear among products in the ""Luxe"" look on page 61."
look_023,Luxe,Cruz™,Forefront™,collection_cooccurrence,61,"Both collections appear among products in the ""Luxe"" look on page 61."
look_023,Luxe,Cruz™,Instafit+,collection_cooccurrence,61,"Both collections appear among products in the ""Luxe"" look on page 61."
look_023,Luxe,Cruz™,ModernLife Edge™,collection_cooccurrence,61,"Both collections appear among products in the ""Luxe"" look on page 61."
look_023,Luxe,Cruz™,Oblo™,collection_cooccurrence,61,"Both collections appear among products in the ""Luxe"" look on page 61."
look_023,Luxe,Cruz™,Patio™ Touchless,collection_cooccurrence,61,"Both collections appear among products in the ""Luxe"" look on page 61."
look_023,Luxe,Cruz™,Summon,collection_cooccurrence,61,"Both collections appear among products in the ""Luxe"" look on page 61."
look_023,Luxe,Cruz™,Veil™,collection_cooccurrence,61,"Both collections appear among products in the ""Luxe"" look on page 61."
look_023,Luxe,Elate®,Forefront™,collection_cooccurrence,61,"Both collections appear among products in the ""Luxe"" look on page 61."
look_023,Luxe,Elate®,Instafit+,collection_cooccurrence,61,"Both collections appear among products in the ""Luxe"" look on page 61."
look_023,Luxe,Elate®,ModernLife Edge™,collection_cooccurrence,61,"Both collections appear among products in the ""Luxe"" look on page 61."
look_023,Luxe,Elate®,Oblo™,collection_cooccurrence,61,"Both collections appear among products in the ""Luxe"" look on page 61."
look_023,Luxe,Elate®,Patio™ Touchless,collection_cooccurrence,61,"Both collections appear among products in the ""Luxe"" look on page 61."
look_023,Luxe,Elate®,Summon,collection_cooccurrence,61,"Both collections appear among products in the ""Luxe"" look on page 61."
look_023,Luxe,Elate®,Veil™,collection_cooccurrence,61,"Both collections appear among products in the ""Luxe"" look on page 61."
look_023,Luxe,Forefront™,Instafit+,collection_cooccurrence,61,"Both collections appear among products in the ""Luxe"" look on page 61."
look_023,Luxe,Forefront™,ModernLife Edge™,collection_cooccurrence,61,"Both collections appear among products in the ""Luxe"" look on page 61."
look_023,Luxe,Forefront™,Oblo™,collection_cooccurrence,61,"Both collections appear among products in the ""Luxe"" look on page 61."
look_023,Luxe,Forefront™,Patio™ Touchless,collection_cooccurrence,61,"Both collections appear among products in the ""Luxe"" look on page 61."
look_023,Luxe,Forefront™,Summon,collection_cooccurrence,61,"Both collections appear among products in the ""Luxe"" look on page 61."
look_023,Luxe,Forefront™,Veil™,collection_cooccurrence,61,"Both collections appear among products in the ""Luxe"" look on page 61."
look_023,Luxe,Instafit+,ModernLife Edge™,collection_cooccurrence,61,"Both collections appear among products in the ""Luxe"" look on page 61."
look_023,Luxe,Instafit+,Oblo™,collection_cooccurrence,61,"Both collections appear among products in the ""Luxe"" look on page 61."
look_023,Luxe,Instafit+,Patio™ Touchless,collection_cooccurrence,61,"Both collections appear among products in the ""Luxe"" look on page 61."
look_023,Luxe,Instafit+,Summon,collection_cooccurrence,61,"Both collections appear among products in the ""Luxe"" look on page 61."
look_023,Luxe,Instafit+,Veil™,collection_cooccurrence,61,"Both collections appear among products in the ""Luxe"" look on page 61."
look_023,Luxe,ModernLife Edge™,Oblo™,collection_cooccurrence,61,"Both collections appear among products in the ""Luxe"" look on page 61."
look_023,Luxe,ModernLife Edge™,Patio™ Touchless,collection_cooccurrence,61,"Both collections appear among products in the ""Luxe"" look on page 61."
look_023,Luxe,ModernLife Edge™,Summon,collection_cooccurrence,61,"Both collections appear among products in the ""Luxe"" look on page 61."
look_023,Luxe,ModernLife Edge™,Veil™,collection_cooccurrence,61,"Both collections appear among products in the ""Luxe"" look on page 61."
look_023,Luxe,Oblo™,Patio™ Touchless,collection_cooccurrence,61,"Both collections appear among products in the ""Luxe"" look on page 61."
look_023,Luxe,Oblo™,Summon,collection_cooccurrence,61,"Both collections appear among products in the ""Luxe"" look on page 61."
look_023,Luxe,Oblo™,Veil™,collection_cooccurrence,61,"Both collections appear among products in the ""Luxe"" look on page 61."
look_023,Luxe,Patio™ Touchless,Summon,collection_cooccurrence,61,"Both collections appear among products in the ""Luxe"" look on page 61."
look_023,Luxe,Patio™ Touchless,Veil™,collection_cooccurrence,61,"Both collections appear among products in the ""Luxe"" look on page 61."
look_023,Luxe,Summon,Veil™,collection_cooccurrence,61,"Both collections appear among products in the ""Luxe"" look on page 61."
look_024,Noir,Accent,Bardon™,collection_cooccurrence,63,"Both collections appear among products in the ""Noir"" look on page 63."
look_024,Noir,Accent,Elate®,collection_cooccurrence,63,"Both collections appear among products in the ""Noir"" look on page 63."
look_024,Noir,Accent,Instafit+,collection_cooccurrence,63,"Both collections appear among products in the ""Noir"" look on page 63."
look_024,Noir,Accent,Ladena,collection_cooccurrence,63,"Both collections appear among products in the ""Noir"" look on page 63."
look_024,Noir,Accent,Parallel™,collection_cooccurrence,63,"Both collections appear among products in the ""Noir"" look on page 63."
look_024,Noir,Accent,Patio™ Urinal,collection_cooccurrence,63,"Both collections appear among products in the ""Noir"" look on page 63."
look_024,Noir,Accent,Skim™ Pneumatic,collection_cooccurrence,63,"Both collections appear among products in the ""Noir"" look on page 63."
look_024,Noir,Accent,Spacity,collection_cooccurrence,63,"Both collections appear among products in the ""Noir"" look on page 63."
look_024,Noir,Accent,Tend,collection_cooccurrence,63,"Both collections appear among products in the ""Noir"" look on page 63."
look_024,Noir,Bardon™,Elate®,collection_cooccurrence,63,"Both collections appear among products in the ""Noir"" look on page 63."
look_024,Noir,Bardon™,Instafit+,collection_cooccurrence,63,"Both collections appear among products in the ""Noir"" look on page 63."
look_024,Noir,Bardon™,Ladena,collection_cooccurrence,63,"Both collections appear among products in the ""Noir"" look on page 63."
look_024,Noir,Bardon™,Parallel™,collection_cooccurrence,63,"Both collections appear among products in the ""Noir"" look on page 63."
look_024,Noir,Bardon™,Patio™ Urinal,collection_cooccurrence,63,"Both collections appear among products in the ""Noir"" look on page 63."
look_024,Noir,Bardon™,Skim™ Pneumatic,collection_cooccurrence,63,"Both collections appear among products in the ""Noir"" look on page 63."
look_024,Noir,Bardon™,Spacity,collection_cooccurrence,63,"Both collections appear among products in the ""Noir"" look on page 63."
look_024,Noir,Bardon™,Tend,collection_cooccurrence,63,"Both collections appear among products in the ""Noir"" look on page 63."
look_024,Noir,Elate®,Instafit+,collection_cooccurrence,63,"Both collections appear among products in the ""Noir"" look on page 63."
look_024,Noir,Elate®,Ladena,collection_cooccurrence,63,"Both collections appear among products in the ""Noir"" look on page 63."
look_024,Noir,Elate®,Parallel™,collection_cooccurrence,63,"Both collections appear among products in the ""Noir"" look on page 63."
look_024,Noir,Elate®,Patio™ Urinal,collection_cooccurrence,63,"Both collections appear among products in the ""Noir"" look on page 63."
look_024,Noir,Elate®,Skim™ Pneumatic,collection_cooccurrence,63,"Both collections appear among products in the ""Noir"" look on page 63."
look_024,Noir,Elate®,Spacity,collection_cooccurrence,63,"Both collections appear among products in the ""Noir"" look on page 63."
look_024,Noir,Elate®,Tend,collection_cooccurrence,63,"Both collections appear among products in the ""Noir"" look on page 63."
look_024,Noir,Instafit+,Ladena,collection_cooccurrence,63,"Both collections appear among products in the ""Noir"" look on page 63."
look_024,Noir,Instafit+,Parallel™,collection_cooccurrence,63,"Both collections appear among products in the ""Noir"" look on page 63."
look_024,Noir,Instafit+,Patio™ Urinal,collection_cooccurrence,63,"Both collections appear among products in the ""Noir"" look on page 63."
look_024,Noir,Instafit+,Skim™ Pneumatic,collection_cooccurrence,63,"Both collections appear among products in the ""Noir"" look on page 63."
look_024,Noir,Instafit+,Spacity,collection_cooccurrence,63,"Both collections appear among products in the ""Noir"" look on page 63."
look_024,Noir,Instafit+,Tend,collection_cooccurrence,63,"Both collections appear among products in the ""Noir"" look on page 63."
look_024,Noir,Ladena,Parallel™,collection_cooccurrence,63,"Both collections appear among products in the ""Noir"" look on page 63."
look_024,Noir,Ladena,Patio™ Urinal,collection_cooccurrence,63,"Both collections appear among products in the ""Noir"" look on page 63."
look_024,Noir,Ladena,Skim™ Pneumatic,collection_cooccurrence,63,"Both collections appear among products in the ""Noir"" look on page 63."
look_024,Noir,Ladena,Spacity,collection_cooccurrence,63,"Both collections appear among products in the ""Noir"" look on page 63."
look_024,Noir,Ladena,Tend,collection_cooccurrence,63,"Both collections appear among products in the ""Noir"" look on page 63."
look_024,Noir,Parallel™,Patio™ Urinal,collection_cooccurrence,63,"Both collections appear among products in the ""Noir"" look on page 63."
look_024,Noir,Parallel™,Skim™ Pneumatic,collection_cooccurrence,63,"Both collections appear among products in the ""Noir"" look on page 63."
look_024,Noir,Parallel™,Spacity,collection_cooccurrence,63,"Both collections appear among products in the ""Noir"" look on page 63."
look_024,Noir,Parallel™,Tend,collection_cooccurrence,63,"Both collections appear among products in the ""Noir"" look on page 63."
look_024,Noir,Patio™ Urinal,Skim™ Pneumatic,collection_cooccurrence,63,"Both collections appear among products in the ""Noir"" look on page 63."
look_024,Noir,Patio™ Urinal,Spacity,collection_cooccurrence,63,"Both collections appear among products in the ""Noir"" look on page 63."
look_024,Noir,Patio™ Urinal,Tend,collection_cooccurrence,63,"Both collections appear among products in the ""Noir"" look on page 63."
look_024,Noir,Skim™ Pneumatic,Spacity,collection_cooccurrence,63,"Both collections appear among products in the ""Noir"" look on page 63."
look_024,Noir,Skim™ Pneumatic,Tend,collection_cooccurrence,63,"Both collections appear among products in the ""Noir"" look on page 63."
look_024,Noir,Spacity,Tend,collection_cooccurrence,63,"Both collections appear among products in the ""Noir"" look on page 63."
look_025,Noir,Accent,Bardon™,collection_cooccurrence,65,"Both collections appear among products in the ""Noir"" look on page 65."
look_025,Noir,Accent,Elate®,collection_cooccurrence,65,"Both collections appear among products in the ""Noir"" look on page 65."
look_025,Noir,Accent,Instafit+,collection_cooccurrence,65,"Both collections appear among products in the ""Noir"" look on page 65."
look_025,Noir,Accent,Ladena,collection_cooccurrence,65,"Both collections appear among products in the ""Noir"" look on page 65."
look_025,Noir,Accent,Lynk™,collection_cooccurrence,65,"Both collections appear among products in the ""Noir"" look on page 65."
look_025,Noir,Accent,ModernLife Edge™,collection_cooccurrence,65,"Both collections appear among products in the ""Noir"" look on page 65."
look_025,Noir,Accent,Patio™,collection_cooccurrence,65,"Both collections appear among products in the ""Noir"" look on page 65."
look_025,Noir,Accent,Patio™ Touchless,collection_cooccurrence,65,"Both collections appear among products in the ""Noir"" look on page 65."
look_025,Noir,Accent,Veil®,collection_cooccurrence,65,"Both collections appear among products in the ""Noir"" look on page 65."
look_025,Noir,Bardon™,Elate®,collection_cooccurrence,65,"Both collections appear among products in the ""Noir"" look on page 65."
look_025,Noir,Bardon™,Instafit+,collection_cooccurrence,65,"Both collections appear among products in the ""Noir"" look on page 65."
look_025,Noir,Bardon™,Ladena,collection_cooccurrence,65,"Both collections appear among products in the ""Noir"" look on page 65."
look_025,Noir,Bardon™,Lynk™,collection_cooccurrence,65,"Both collections appear among products in the ""Noir"" look on page 65."
look_025,Noir,Bardon™,ModernLife Edge™,collection_cooccurrence,65,"Both collections appear among products in the ""Noir"" look on page 65."
look_025,Noir,Bardon™,Patio™,collection_cooccurrence,65,"Both collections appear among products in the ""Noir"" look on page 65."
look_025,Noir,Bardon™,Patio™ Touchless,collection_cooccurrence,65,"Both collections appear among products in the ""Noir"" look on page 65."
look_025,Noir,Bardon™,Veil®,collection_cooccurrence,65,"Both collections appear among products in the ""Noir"" look on page 65."
look_025,Noir,Elate®,Instafit+,collection_cooccurrence,65,"Both collections appear among products in the ""Noir"" look on page 65."
look_025,Noir,Elate®,Ladena,collection_cooccurrence,65,"Both collections appear among products in the ""Noir"" look on page 65."
look_025,Noir,Elate®,Lynk™,collection_cooccurrence,65,"Both collections appear among products in the ""Noir"" look on page 65."
look_025,Noir,Elate®,ModernLife Edge™,collection_cooccurrence,65,"Both collections appear among products in the ""Noir"" look on page 65."
look_025,Noir,Elate®,Patio™,collection_cooccurrence,65,"Both collections appear among products in the ""Noir"" look on page 65."
look_025,Noir,Elate®,Patio™ Touchless,collection_cooccurrence,65,"Both collections appear among products in the ""Noir"" look on page 65."
look_025,Noir,Elate®,Veil®,collection_cooccurrence,65,"Both collections appear among products in the ""Noir"" look on page 65."
look_025,Noir,Instafit+,Ladena,collection_cooccurrence,65,"Both collections appear among products in the ""Noir"" look on page 65."
look_025,Noir,Instafit+,Lynk™,collection_cooccurrence,65,"Both collections appear among products in the ""Noir"" look on page 65."
look_025,Noir,Instafit+,ModernLife Edge™,collection_cooccurrence,65,"Both collections appear among products in the ""Noir"" look on page 65."
look_025,Noir,Instafit+,Patio™,collection_cooccurrence,65,"Both collections appear among products in the ""Noir"" look on page 65."
look_025,Noir,Instafit+,Patio™ Touchless,collection_cooccurrence,65,"Both collections appear among products in the ""Noir"" look on page 65."
look_025,Noir,Instafit+,Veil®,collection_cooccurrence,65,"Both collections appear among products in the ""Noir"" look on page 65."
look_025,Noir,Ladena,Lynk™,collection_cooccurrence,65,"Both collections appear among products in the ""Noir"" look on page 65."
look_025,Noir,Ladena,ModernLife Edge™,collection_cooccurrence,65,"Both collections appear among products in the ""Noir"" look on page 65."
look_025,Noir,Ladena,Patio™,collection_cooccurrence,65,"Both collections appear among products in the ""Noir"" look on page 65."
look_025,Noir,Ladena,Patio™ Touchless,collection_cooccurrence,65,"Both collections appear among products in the ""Noir"" look on page 65."
look_025,Noir,Ladena,Veil®,collection_cooccurrence,65,"Both collections appear among products in the ""Noir"" look on page 65."
look_025,Noir,Lynk™,ModernLife Edge™,collection_cooccurrence,65,"Both collections appear among products in the ""Noir"" look on page 65."
look_025,Noir,Lynk™,Patio™,collection_cooccurrence,65,"Both collections appear among products in the ""Noir"" look on page 65."
look_025,Noir,Lynk™,Patio™ Touchless,collection_cooccurrence,65,"Both collections appear among products in the ""Noir"" look on page 65."
look_025,Noir,Lynk™,Veil®,collection_cooccurrence,65,"Both collections appear among products in the ""Noir"" look on page 65."
look_025,Noir,ModernLife Edge™,Patio™,collection_cooccurrence,65,"Both collections appear among products in the ""Noir"" look on page 65."
look_025,Noir,ModernLife Edge™,Patio™ Touchless,collection_cooccurrence,65,"Both collections appear among products in the ""Noir"" look on page 65."
look_025,Noir,ModernLife Edge™,Veil®,collection_cooccurrence,65,"Both collections appear among products in the ""Noir"" look on page 65."
look_025,Noir,Patio™,Patio™ Touchless,collection_cooccurrence,65,"Both collections appear among products in the ""Noir"" look on page 65."
look_025,Noir,Patio™,Veil®,collection_cooccurrence,65,"Both collections appear among products in the ""Noir"" look on page 65."
look_025,Noir,Patio™ Touchless,Veil®,collection_cooccurrence,65,"Both collections appear among products in the ""Noir"" look on page 65."
look_026,Elegance,Apt Round,Aqua Turbo,collection_cooccurrence,67,"Both collections appear among products in the ""Elegance"" look on page 67."
look_026,Elegance,Apt Round,Beam,collection_cooccurrence,67,"Both collections appear among products in the ""Elegance"" look on page 67."
look_026,Elegance,Apt Round,Beam AT230 RBS,collection_cooccurrence,67,"Both collections appear among products in the ""Elegance"" look on page 67."
look_026,Elegance,Apt Round,Complementary,collection_cooccurrence,67,"Both collections appear among products in the ""Elegance"" look on page 67."
look_026,Elegance,Apt Round,Complementary™,collection_cooccurrence,67,"Both collections appear among products in the ""Elegance"" look on page 67."
look_026,Elegance,Apt Round,Instaflush™ Nxt Gen,collection_cooccurrence,67,"Both collections appear among products in the ""Elegance"" look on page 67."
look_026,Elegance,Apt Round,Riveria,collection_cooccurrence,67,"Both collections appear among products in the ""Elegance"" look on page 67."
look_026,Elegance,Aqua Turbo,Beam,collection_cooccurrence,67,"Both collections appear among products in the ""Elegance"" look on page 67."
look_026,Elegance,Aqua Turbo,Beam AT230 RBS,collection_cooccurrence,67,"Both collections appear among products in the ""Elegance"" look on page 67."
look_026,Elegance,Aqua Turbo,Complementary,collection_cooccurrence,67,"Both collections appear among products in the ""Elegance"" look on page 67."
look_026,Elegance,Aqua Turbo,Complementary™,collection_cooccurrence,67,"Both collections appear among products in the ""Elegance"" look on page 67."
look_026,Elegance,Aqua Turbo,Instaflush™ Nxt Gen,collection_cooccurrence,67,"Both collections appear among products in the ""Elegance"" look on page 67."
look_026,Elegance,Aqua Turbo,Riveria,collection_cooccurrence,67,"Both collections appear among products in the ""Elegance"" look on page 67."
look_026,Elegance,Beam,Beam AT230 RBS,collection_cooccurrence,67,"Both collections appear among products in the ""Elegance"" look on page 67."
look_026,Elegance,Beam,Complementary,collection_cooccurrence,67,"Both collections appear among products in the ""Elegance"" look on page 67."
look_026,Elegance,Beam,Complementary™,collection_cooccurrence,67,"Both collections appear among products in the ""Elegance"" look on page 67."
look_026,Elegance,Beam,Instaflush™ Nxt Gen,collection_cooccurrence,67,"Both collections appear among products in the ""Elegance"" look on page 67."
look_026,Elegance,Beam,Riveria,collection_cooccurrence,67,"Both collections appear among products in the ""Elegance"" look on page 67."
look_026,Elegance,Beam AT230 RBS,Complementary,collection_cooccurrence,67,"Both collections appear among products in the ""Elegance"" look on page 67."
look_026,Elegance,Beam AT230 RBS,Complementary™,collection_cooccurrence,67,"Both collections appear among products in the ""Elegance"" look on page 67."
look_026,Elegance,Beam AT230 RBS,Instaflush™ Nxt Gen,collection_cooccurrence,67,"Both collections appear among products in the ""Elegance"" look on page 67."
look_026,Elegance,Beam AT230 RBS,Riveria,collection_cooccurrence,67,"Both collections appear among products in the ""Elegance"" look on page 67."
look_026,Elegance,Complementary,Complementary™,collection_cooccurrence,67,"Both collections appear among products in the ""Elegance"" look on page 67."
look_026,Elegance,Complementary,Instaflush™ Nxt Gen,collection_cooccurrence,67,"Both collections appear among products in the ""Elegance"" look on page 67."
look_026,Elegance,Complementary,Riveria,collection_cooccurrence,67,"Both collections appear among products in the ""Elegance"" look on page 67."
look_026,Elegance,Complementary™,Instaflush™ Nxt Gen,collection_cooccurrence,67,"Both collections appear among products in the ""Elegance"" look on page 67."
look_026,Elegance,Complementary™,Riveria,collection_cooccurrence,67,"Both collections appear among products in the ""Elegance"" look on page 67."
look_026,Elegance,Instaflush™ Nxt Gen,Riveria,collection_cooccurrence,67,"Both collections appear among products in the ""Elegance"" look on page 67."
look_027,Elegance,Apt Round,Aqua Turbo,collection_cooccurrence,69,"Both collections appear among products in the ""Elegance"" look on page 69."
look_027,Elegance,Apt Round,Complementary,collection_cooccurrence,69,"Both collections appear among products in the ""Elegance"" look on page 69."
look_027,Elegance,Apt Round,Complementary™,collection_cooccurrence,69,"Both collections appear among products in the ""Elegance"" look on page 69."
look_027,Elegance,Apt Round,Fore Arc™,collection_cooccurrence,69,"Both collections appear among products in the ""Elegance"" look on page 69."
look_027,Elegance,Apt Round,Fore Tri,collection_cooccurrence,69,"Both collections appear among products in the ""Elegance"" look on page 69."
look_027,Elegance,Apt Round,Fore Tri Aqua Turbo,collection_cooccurrence,69,"Both collections appear among products in the ""Elegance"" look on page 69."
look_027,Elegance,Apt Round,Instaflush™ Nxt Gen,collection_cooccurrence,69,"Both collections appear among products in the ""Elegance"" look on page 69."
look_027,Elegance,Apt Round,Summit,collection_cooccurrence,69,"Both collections appear among products in the ""Elegance"" look on page 69."
look_027,Elegance,Aqua Turbo,Complementary,collection_cooccurrence,69,"Both collections appear among products in the ""Elegance"" look on page 69."
look_027,Elegance,Aqua Turbo,Complementary™,collection_cooccurrence,69,"Both collections appear among products in the ""Elegance"" look on page 69."
look_027,Elegance,Aqua Turbo,Fore Arc™,collection_cooccurrence,69,"Both collections appear among products in the ""Elegance"" look on page 69."
look_027,Elegance,Aqua Turbo,Fore Tri,collection_cooccurrence,69,"Both collections appear among products in the ""Elegance"" look on page 69."
look_027,Elegance,Aqua Turbo,Fore Tri Aqua Turbo,collection_cooccurrence,69,"Both collections appear among products in the ""Elegance"" look on page 69."
look_027,Elegance,Aqua Turbo,Instaflush™ Nxt Gen,collection_cooccurrence,69,"Both collections appear among products in the ""Elegance"" look on page 69."
look_027,Elegance,Aqua Turbo,Summit,collection_cooccurrence,69,"Both collections appear among products in the ""Elegance"" look on page 69."
look_027,Elegance,Complementary,Complementary™,collection_cooccurrence,69,"Both collections appear among products in the ""Elegance"" look on page 69."
look_027,Elegance,Complementary,Fore Arc™,collection_cooccurrence,69,"Both collections appear among products in the ""Elegance"" look on page 69."
look_027,Elegance,Complementary,Fore Tri,collection_cooccurrence,69,"Both collections appear among products in the ""Elegance"" look on page 69."
look_027,Elegance,Complementary,Fore Tri Aqua Turbo,collection_cooccurrence,69,"Both collections appear among products in the ""Elegance"" look on page 69."
look_027,Elegance,Complementary,Instaflush™ Nxt Gen,collection_cooccurrence,69,"Both collections appear among products in the ""Elegance"" look on page 69."
look_027,Elegance,Complementary,Summit,collection_cooccurrence,69,"Both collections appear among products in the ""Elegance"" look on page 69."
look_027,Elegance,Complementary™,Fore Arc™,collection_cooccurrence,69,"Both collections appear among products in the ""Elegance"" look on page 69."
look_027,Elegance,Complementary™,Fore Tri,collection_cooccurrence,69,"Both collections appear among products in the ""Elegance"" look on page 69."
look_027,Elegance,Complementary™,Fore Tri Aqua Turbo,collection_cooccurrence,69,"Both collections appear among products in the ""Elegance"" look on page 69."
look_027,Elegance,Complementary™,Instaflush™ Nxt Gen,collection_cooccurrence,69,"Both collections appear among products in the ""Elegance"" look on page 69."
look_027,Elegance,Complementary™,Summit,collection_cooccurrence,69,"Both collections appear among products in the ""Elegance"" look on page 69."
look_027,Elegance,Fore Arc™,Fore Tri,collection_cooccurrence,69,"Both collections appear among products in the ""Elegance"" look on page 69."
look_027,Elegance,Fore Arc™,Fore Tri Aqua Turbo,collection_cooccurrence,69,"Both collections appear among products in the ""Elegance"" look on page 69."
look_027,Elegance,Fore Arc™,Instaflush™ Nxt Gen,collection_cooccurrence,69,"Both collections appear among products in the ""Elegance"" look on page 69."
look_027,Elegance,Fore Arc™,Summit,collection_cooccurrence,69,"Both collections appear among products in the ""Elegance"" look on page 69."
look_027,Elegance,Fore Tri,Fore Tri Aqua Turbo,collection_cooccurrence,69,"Both collections appear among products in the ""Elegance"" look on page 69."
look_027,Elegance,Fore Tri,Instaflush™ Nxt Gen,collection_cooccurrence,69,"Both collections appear among products in the ""Elegance"" look on page 69."
look_027,Elegance,Fore Tri,Summit,collection_cooccurrence,69,"Both collections appear among products in the ""Elegance"" look on page 69."
look_027,Elegance,Fore Tri Aqua Turbo,Instaflush™ Nxt Gen,collection_cooccurrence,69,"Both collections appear among products in the ""Elegance"" look on page 69."
look_027,Elegance,Fore Tri Aqua Turbo,Summit,collection_cooccurrence,69,"Both collections appear among products in the ""Elegance"" look on page 69."
look_027,Elegance,Instaflush™ Nxt Gen,Summit,collection_cooccurrence,69,"Both collections appear among products in the ""Elegance"" look on page 69."
look_028,Elegance,Apt Round,Aqua Turbo,collection_cooccurrence,71,"Both collections appear among products in the ""Elegance"" look on page 71."
look_028,Elegance,Apt Round,Complementary,collection_cooccurrence,71,"Both collections appear among products in the ""Elegance"" look on page 71."
look_028,Elegance,Apt Round,Complementary™,collection_cooccurrence,71,"Both collections appear among products in the ""Elegance"" look on page 71."
look_028,Elegance,Apt Round,Fore Arc™,collection_cooccurrence,71,"Both collections appear among products in the ""Elegance"" look on page 71."
look_028,Elegance,Apt Round,Fore Tri,collection_cooccurrence,71,"Both collections appear among products in the ""Elegance"" look on page 71."
look_028,Elegance,Apt Round,Fore Tri Aqua Turbo,collection_cooccurrence,71,"Both collections appear among products in the ""Elegance"" look on page 71."
look_028,Elegance,Apt Round,Instaflush™ Nxt Gen,collection_cooccurrence,71,"Both collections appear among products in the ""Elegance"" look on page 71."
look_028,Elegance,Apt Round,Riveria,collection_cooccurrence,71,"Both collections appear among products in the ""Elegance"" look on page 71."
look_028,Elegance,Apt Round,Statement™,collection_cooccurrence,71,"Both collections appear among products in the ""Elegance"" look on page 71."
look_028,Elegance,Aqua Turbo,Complementary,collection_cooccurrence,71,"Both collections appear among products in the ""Elegance"" look on page 71."
look_028,Elegance,Aqua Turbo,Complementary™,collection_cooccurrence,71,"Both collections appear among products in the ""Elegance"" look on page 71."
look_028,Elegance,Aqua Turbo,Fore Arc™,collection_cooccurrence,71,"Both collections appear among products in the ""Elegance"" look on page 71."
look_028,Elegance,Aqua Turbo,Fore Tri,collection_cooccurrence,71,"Both collections appear among products in the ""Elegance"" look on page 71."
look_028,Elegance,Aqua Turbo,Fore Tri Aqua Turbo,collection_cooccurrence,71,"Both collections appear among products in the ""Elegance"" look on page 71."
look_028,Elegance,Aqua Turbo,Instaflush™ Nxt Gen,collection_cooccurrence,71,"Both collections appear among products in the ""Elegance"" look on page 71."
look_028,Elegance,Aqua Turbo,Riveria,collection_cooccurrence,71,"Both collections appear among products in the ""Elegance"" look on page 71."
look_028,Elegance,Aqua Turbo,Statement™,collection_cooccurrence,71,"Both collections appear among products in the ""Elegance"" look on page 71."
look_028,Elegance,Complementary,Complementary™,collection_cooccurrence,71,"Both collections appear among products in the ""Elegance"" look on page 71."
look_028,Elegance,Complementary,Fore Arc™,collection_cooccurrence,71,"Both collections appear among products in the ""Elegance"" look on page 71."
look_028,Elegance,Complementary,Fore Tri,collection_cooccurrence,71,"Both collections appear among products in the ""Elegance"" look on page 71."
look_028,Elegance,Complementary,Fore Tri Aqua Turbo,collection_cooccurrence,71,"Both collections appear among products in the ""Elegance"" look on page 71."
look_028,Elegance,Complementary,Instaflush™ Nxt Gen,collection_cooccurrence,71,"Both collections appear among products in the ""Elegance"" look on page 71."
look_028,Elegance,Complementary,Riveria,collection_cooccurrence,71,"Both collections appear among products in the ""Elegance"" look on page 71."
look_028,Elegance,Complementary,Statement™,collection_cooccurrence,71,"Both collections appear among products in the ""Elegance"" look on page 71."
look_028,Elegance,Complementary™,Fore Arc™,collection_cooccurrence,71,"Both collections appear among products in the ""Elegance"" look on page 71."
look_028,Elegance,Complementary™,Fore Tri,collection_cooccurrence,71,"Both collections appear among products in the ""Elegance"" look on page 71."
look_028,Elegance,Complementary™,Fore Tri Aqua Turbo,collection_cooccurrence,71,"Both collections appear among products in the ""Elegance"" look on page 71."
look_028,Elegance,Complementary™,Instaflush™ Nxt Gen,collection_cooccurrence,71,"Both collections appear among products in the ""Elegance"" look on page 71."
look_028,Elegance,Complementary™,Riveria,collection_cooccurrence,71,"Both collections appear among products in the ""Elegance"" look on page 71."
look_028,Elegance,Complementary™,Statement™,collection_cooccurrence,71,"Both collections appear among products in the ""Elegance"" look on page 71."
look_028,Elegance,Fore Arc™,Fore Tri,collection_cooccurrence,71,"Both collections appear among products in the ""Elegance"" look on page 71."
look_028,Elegance,Fore Arc™,Fore Tri Aqua Turbo,collection_cooccurrence,71,"Both collections appear among products in the ""Elegance"" look on page 71."
look_028,Elegance,Fore Arc™,Instaflush™ Nxt Gen,collection_cooccurrence,71,"Both collections appear among products in the ""Elegance"" look on page 71."
look_028,Elegance,Fore Arc™,Riveria,collection_cooccurrence,71,"Both collections appear among products in the ""Elegance"" look on page 71."
look_028,Elegance,Fore Arc™,Statement™,collection_cooccurrence,71,"Both collections appear among products in the ""Elegance"" look on page 71."
look_028,Elegance,Fore Tri,Fore Tri Aqua Turbo,collection_cooccurrence,71,"Both collections appear among products in the ""Elegance"" look on page 71."
look_028,Elegance,Fore Tri,Instaflush™ Nxt Gen,collection_cooccurrence,71,"Both collections appear among products in the ""Elegance"" look on page 71."
look_028,Elegance,Fore Tri,Riveria,collection_cooccurrence,71,"Both collections appear among products in the ""Elegance"" look on page 71."
look_028,Elegance,Fore Tri,Statement™,collection_cooccurrence,71,"Both collections appear among products in the ""Elegance"" look on page 71."
look_028,Elegance,Fore Tri Aqua Turbo,Instaflush™ Nxt Gen,collection_cooccurrence,71,"Both collections appear among products in the ""Elegance"" look on page 71."
look_028,Elegance,Fore Tri Aqua Turbo,Riveria,collection_cooccurrence,71,"Both collections appear among products in the ""Elegance"" look on page 71."
look_028,Elegance,Fore Tri Aqua Turbo,Statement™,collection_cooccurrence,71,"Both collections appear among products in the ""Elegance"" look on page 71."
look_028,Elegance,Instaflush™ Nxt Gen,Riveria,collection_cooccurrence,71,"Both collections appear among products in the ""Elegance"" look on page 71."
look_028,Elegance,Instaflush™ Nxt Gen,Statement™,collection_cooccurrence,71,"Both collections appear among products in the ""Elegance"" look on page 71."
look_028,Elegance,Riveria,Statement™,collection_cooccurrence,71,"Both collections appear among products in the ""Elegance"" look on page 71."
look_029,Elegance,Apt Round,Apt Square,collection_cooccurrence,73,"Both collections appear among products in the ""Elegance"" look on page 73."
look_029,Elegance,Apt Round,Aqua Turbo,collection_cooccurrence,73,"Both collections appear among products in the ""Elegance"" look on page 73."
look_029,Elegance,Apt Round,Complementary,collection_cooccurrence,73,"Both collections appear among products in the ""Elegance"" look on page 73."
look_029,Elegance,Apt Round,Complementary™,collection_cooccurrence,73,"Both collections appear among products in the ""Elegance"" look on page 73."
look_029,Elegance,Apt Round,Daisyfield®,collection_cooccurrence,73,"Both collections appear among products in the ""Elegance"" look on page 73."
look_029,Elegance,Apt Round,Fore Arc™,collection_cooccurrence,73,"Both collections appear among products in the ""Elegance"" look on page 73."
look_029,Elegance,Apt Round,Fore Tri,collection_cooccurrence,73,"Both collections appear among products in the ""Elegance"" look on page 73."
look_029,Elegance,Apt Round,Fore Tri Aqua Turbo,collection_cooccurrence,73,"Both collections appear among products in the ""Elegance"" look on page 73."
look_029,Elegance,Apt Round,Instaflush™ Nxt Gen,collection_cooccurrence,73,"Both collections appear among products in the ""Elegance"" look on page 73."
look_029,Elegance,Apt Round,Riveria,collection_cooccurrence,73,"Both collections appear among products in the ""Elegance"" look on page 73."
look_029,Elegance,Apt Square,Aqua Turbo,collection_cooccurrence,73,"Both collections appear among products in the ""Elegance"" look on page 73."
look_029,Elegance,Apt Square,Complementary,collection_cooccurrence,73,"Both collections appear among products in the ""Elegance"" look on page 73."
look_029,Elegance,Apt Square,Complementary™,collection_cooccurrence,73,"Both collections appear among products in the ""Elegance"" look on page 73."
look_029,Elegance,Apt Square,Daisyfield®,collection_cooccurrence,73,"Both collections appear among products in the ""Elegance"" look on page 73."
look_029,Elegance,Apt Square,Fore Arc™,collection_cooccurrence,73,"Both collections appear among products in the ""Elegance"" look on page 73."
look_029,Elegance,Apt Square,Fore Tri,collection_cooccurrence,73,"Both collections appear among products in the ""Elegance"" look on page 73."
look_029,Elegance,Apt Square,Fore Tri Aqua Turbo,collection_cooccurrence,73,"Both collections appear among products in the ""Elegance"" look on page 73."
look_029,Elegance,Apt Square,Instaflush™ Nxt Gen,collection_cooccurrence,73,"Both collections appear among products in the ""Elegance"" look on page 73."
look_029,Elegance,Apt Square,Riveria,collection_cooccurrence,73,"Both collections appear among products in the ""Elegance"" look on page 73."
look_029,Elegance,Aqua Turbo,Complementary,collection_cooccurrence,73,"Both collections appear among products in the ""Elegance"" look on page 73."
look_029,Elegance,Aqua Turbo,Complementary™,collection_cooccurrence,73,"Both collections appear among products in the ""Elegance"" look on page 73."
look_029,Elegance,Aqua Turbo,Daisyfield®,collection_cooccurrence,73,"Both collections appear among products in the ""Elegance"" look on page 73."
look_029,Elegance,Aqua Turbo,Fore Arc™,collection_cooccurrence,73,"Both collections appear among products in the ""Elegance"" look on page 73."
look_029,Elegance,Aqua Turbo,Fore Tri,collection_cooccurrence,73,"Both collections appear among products in the ""Elegance"" look on page 73."
look_029,Elegance,Aqua Turbo,Fore Tri Aqua Turbo,collection_cooccurrence,73,"Both collections appear among products in the ""Elegance"" look on page 73."
look_029,Elegance,Aqua Turbo,Instaflush™ Nxt Gen,collection_cooccurrence,73,"Both collections appear among products in the ""Elegance"" look on page 73."
look_029,Elegance,Aqua Turbo,Riveria,collection_cooccurrence,73,"Both collections appear among products in the ""Elegance"" look on page 73."
look_029,Elegance,Complementary,Complementary™,collection_cooccurrence,73,"Both collections appear among products in the ""Elegance"" look on page 73."
look_029,Elegance,Complementary,Daisyfield®,collection_cooccurrence,73,"Both collections appear among products in the ""Elegance"" look on page 73."
look_029,Elegance,Complementary,Fore Arc™,collection_cooccurrence,73,"Both collections appear among products in the ""Elegance"" look on page 73."
look_029,Elegance,Complementary,Fore Tri,collection_cooccurrence,73,"Both collections appear among products in the ""Elegance"" look on page 73."
look_029,Elegance,Complementary,Fore Tri Aqua Turbo,collection_cooccurrence,73,"Both collections appear among products in the ""Elegance"" look on page 73."
look_029,Elegance,Complementary,Instaflush™ Nxt Gen,collection_cooccurrence,73,"Both collections appear among products in the ""Elegance"" look on page 73."
look_029,Elegance,Complementary,Riveria,collection_cooccurrence,73,"Both collections appear among products in the ""Elegance"" look on page 73."
look_029,Elegance,Complementary™,Daisyfield®,collection_cooccurrence,73,"Both collections appear among products in the ""Elegance"" look on page 73."
look_029,Elegance,Complementary™,Fore Arc™,collection_cooccurrence,73,"Both collections appear among products in the ""Elegance"" look on page 73."
look_029,Elegance,Complementary™,Fore Tri,collection_cooccurrence,73,"Both collections appear among products in the ""Elegance"" look on page 73."
look_029,Elegance,Complementary™,Fore Tri Aqua Turbo,collection_cooccurrence,73,"Both collections appear among products in the ""Elegance"" look on page 73."
look_029,Elegance,Complementary™,Instaflush™ Nxt Gen,collection_cooccurrence,73,"Both collections appear among products in the ""Elegance"" look on page 73."
look_029,Elegance,Complementary™,Riveria,collection_cooccurrence,73,"Both collections appear among products in the ""Elegance"" look on page 73."
look_029,Elegance,Daisyfield®,Fore Arc™,collection_cooccurrence,73,"Both collections appear among products in the ""Elegance"" look on page 73."
look_029,Elegance,Daisyfield®,Fore Tri,collection_cooccurrence,73,"Both collections appear among products in the ""Elegance"" look on page 73."
look_029,Elegance,Daisyfield®,Fore Tri Aqua Turbo,collection_cooccurrence,73,"Both collections appear among products in the ""Elegance"" look on page 73."
look_029,Elegance,Daisyfield®,Instaflush™ Nxt Gen,collection_cooccurrence,73,"Both collections appear among products in the ""Elegance"" look on page 73."
look_029,Elegance,Daisyfield®,Riveria,collection_cooccurrence,73,"Both collections appear among products in the ""Elegance"" look on page 73."
look_029,Elegance,Fore Arc™,Fore Tri,collection_cooccurrence,73,"Both collections appear among products in the ""Elegance"" look on page 73."
look_029,Elegance,Fore Arc™,Fore Tri Aqua Turbo,collection_cooccurrence,73,"Both collections appear among products in the ""Elegance"" look on page 73."
look_029,Elegance,Fore Arc™,Instaflush™ Nxt Gen,collection_cooccurrence,73,"Both collections appear among products in the ""Elegance"" look on page 73."
look_029,Elegance,Fore Arc™,Riveria,collection_cooccurrence,73,"Both collections appear among products in the ""Elegance"" look on page 73."
look_029,Elegance,Fore Tri,Fore Tri Aqua Turbo,collection_cooccurrence,73,"Both collections appear among products in the ""Elegance"" look on page 73."
look_029,Elegance,Fore Tri,Instaflush™ Nxt Gen,collection_cooccurrence,73,"Both collections appear among products in the ""Elegance"" look on page 73."
look_029,Elegance,Fore Tri,Riveria,collection_cooccurrence,73,"Both collections appear among products in the ""Elegance"" look on page 73."
look_029,Elegance,Fore Tri Aqua Turbo,Instaflush™ Nxt Gen,collection_cooccurrence,73,"Both collections appear among products in the ""Elegance"" look on page 73."
look_029,Elegance,Fore Tri Aqua Turbo,Riveria,collection_cooccurrence,73,"Both collections appear among products in the ""Elegance"" look on page 73."
look_029,Elegance,Instaflush™ Nxt Gen,Riveria,collection_cooccurrence,73,"Both collections appear among products in the ""Elegance"" look on page 73."
look_030,Elegance,Apt Round,Apt Square,collection_cooccurrence,75,"Both collections appear among products in the ""Elegance"" look on page 75."
look_030,Elegance,Apt Round,Aqua Turbo,collection_cooccurrence,75,"Both collections appear among products in the ""Elegance"" look on page 75."
look_030,Elegance,Apt Round,Complementary,collection_cooccurrence,75,"Both collections appear among products in the ""Elegance"" look on page 75."
look_030,Elegance,Apt Round,Complementary™,collection_cooccurrence,75,"Both collections appear among products in the ""Elegance"" look on page 75."
look_030,Elegance,Apt Round,Daisyfield®,collection_cooccurrence,75,"Both collections appear among products in the ""Elegance"" look on page 75."
look_030,Elegance,Apt Round,Fore Arc™,collection_cooccurrence,75,"Both collections appear among products in the ""Elegance"" look on page 75."
look_030,Elegance,Apt Round,Fore Line™,collection_cooccurrence,75,"Both collections appear among products in the ""Elegance"" look on page 75."
look_030,Elegance,Apt Round,Fore Line™ Aqua Turbo,collection_cooccurrence,75,"Both collections appear among products in the ""Elegance"" look on page 75."
look_030,Elegance,Apt Round,Instaflush™ Nxt Gen,collection_cooccurrence,75,"Both collections appear among products in the ""Elegance"" look on page 75."
look_030,Elegance,Apt Round,Riveria,collection_cooccurrence,75,"Both collections appear among products in the ""Elegance"" look on page 75."
look_030,Elegance,Apt Square,Aqua Turbo,collection_cooccurrence,75,"Both collections appear among products in the ""Elegance"" look on page 75."
look_030,Elegance,Apt Square,Complementary,collection_cooccurrence,75,"Both collections appear among products in the ""Elegance"" look on page 75."
look_030,Elegance,Apt Square,Complementary™,collection_cooccurrence,75,"Both collections appear among products in the ""Elegance"" look on page 75."
look_030,Elegance,Apt Square,Daisyfield®,collection_cooccurrence,75,"Both collections appear among products in the ""Elegance"" look on page 75."
look_030,Elegance,Apt Square,Fore Arc™,collection_cooccurrence,75,"Both collections appear among products in the ""Elegance"" look on page 75."
look_030,Elegance,Apt Square,Fore Line™,collection_cooccurrence,75,"Both collections appear among products in the ""Elegance"" look on page 75."
look_030,Elegance,Apt Square,Fore Line™ Aqua Turbo,collection_cooccurrence,75,"Both collections appear among products in the ""Elegance"" look on page 75."
look_030,Elegance,Apt Square,Instaflush™ Nxt Gen,collection_cooccurrence,75,"Both collections appear among products in the ""Elegance"" look on page 75."
look_030,Elegance,Apt Square,Riveria,collection_cooccurrence,75,"Both collections appear among products in the ""Elegance"" look on page 75."
look_030,Elegance,Aqua Turbo,Complementary,collection_cooccurrence,75,"Both collections appear among products in the ""Elegance"" look on page 75."
look_030,Elegance,Aqua Turbo,Complementary™,collection_cooccurrence,75,"Both collections appear among products in the ""Elegance"" look on page 75."
look_030,Elegance,Aqua Turbo,Daisyfield®,collection_cooccurrence,75,"Both collections appear among products in the ""Elegance"" look on page 75."
look_030,Elegance,Aqua Turbo,Fore Arc™,collection_cooccurrence,75,"Both collections appear among products in the ""Elegance"" look on page 75."
look_030,Elegance,Aqua Turbo,Fore Line™,collection_cooccurrence,75,"Both collections appear among products in the ""Elegance"" look on page 75."
look_030,Elegance,Aqua Turbo,Fore Line™ Aqua Turbo,collection_cooccurrence,75,"Both collections appear among products in the ""Elegance"" look on page 75."
look_030,Elegance,Aqua Turbo,Instaflush™ Nxt Gen,collection_cooccurrence,75,"Both collections appear among products in the ""Elegance"" look on page 75."
look_030,Elegance,Aqua Turbo,Riveria,collection_cooccurrence,75,"Both collections appear among products in the ""Elegance"" look on page 75."
look_030,Elegance,Complementary,Complementary™,collection_cooccurrence,75,"Both collections appear among products in the ""Elegance"" look on page 75."
look_030,Elegance,Complementary,Daisyfield®,collection_cooccurrence,75,"Both collections appear among products in the ""Elegance"" look on page 75."
look_030,Elegance,Complementary,Fore Arc™,collection_cooccurrence,75,"Both collections appear among products in the ""Elegance"" look on page 75."
look_030,Elegance,Complementary,Fore Line™,collection_cooccurrence,75,"Both collections appear among products in the ""Elegance"" look on page 75."
look_030,Elegance,Complementary,Fore Line™ Aqua Turbo,collection_cooccurrence,75,"Both collections appear among products in the ""Elegance"" look on page 75."
look_030,Elegance,Complementary,Instaflush™ Nxt Gen,collection_cooccurrence,75,"Both collections appear among products in the ""Elegance"" look on page 75."
look_030,Elegance,Complementary,Riveria,collection_cooccurrence,75,"Both collections appear among products in the ""Elegance"" look on page 75."
look_030,Elegance,Complementary™,Daisyfield®,collection_cooccurrence,75,"Both collections appear among products in the ""Elegance"" look on page 75."
look_030,Elegance,Complementary™,Fore Arc™,collection_cooccurrence,75,"Both collections appear among products in the ""Elegance"" look on page 75."
look_030,Elegance,Complementary™,Fore Line™,collection_cooccurrence,75,"Both collections appear among products in the ""Elegance"" look on page 75."
look_030,Elegance,Complementary™,Fore Line™ Aqua Turbo,collection_cooccurrence,75,"Both collections appear among products in the ""Elegance"" look on page 75."
look_030,Elegance,Complementary™,Instaflush™ Nxt Gen,collection_cooccurrence,75,"Both collections appear among products in the ""Elegance"" look on page 75."
look_030,Elegance,Complementary™,Riveria,collection_cooccurrence,75,"Both collections appear among products in the ""Elegance"" look on page 75."
look_030,Elegance,Daisyfield®,Fore Arc™,collection_cooccurrence,75,"Both collections appear among products in the ""Elegance"" look on page 75."
look_030,Elegance,Daisyfield®,Fore Line™,collection_cooccurrence,75,"Both collections appear among products in the ""Elegance"" look on page 75."
look_030,Elegance,Daisyfield®,Fore Line™ Aqua Turbo,collection_cooccurrence,75,"Both collections appear among products in the ""Elegance"" look on page 75."
look_030,Elegance,Daisyfield®,Instaflush™ Nxt Gen,collection_cooccurrence,75,"Both collections appear among products in the ""Elegance"" look on page 75."
look_030,Elegance,Daisyfield®,Riveria,collection_cooccurrence,75,"Both collections appear among products in the ""Elegance"" look on page 75."
look_030,Elegance,Fore Arc™,Fore Line™,collection_cooccurrence,75,"Both collections appear among products in the ""Elegance"" look on page 75."
look_030,Elegance,Fore Arc™,Fore Line™ Aqua Turbo,collection_cooccurrence,75,"Both collections appear among products in the ""Elegance"" look on page 75."
look_030,Elegance,Fore Arc™,Instaflush™ Nxt Gen,collection_cooccurrence,75,"Both collections appear among products in the ""Elegance"" look on page 75."
look_030,Elegance,Fore Arc™,Riveria,collection_cooccurrence,75,"Both collections appear among products in the ""Elegance"" look on page 75."
look_030,Elegance,Fore Line™,Fore Line™ Aqua Turbo,collection_cooccurrence,75,"Both collections appear among products in the ""Elegance"" look on page 75."
look_030,Elegance,Fore Line™,Instaflush™ Nxt Gen,collection_cooccurrence,75,"Both collections appear among products in the ""Elegance"" look on page 75."
look_030,Elegance,Fore Line™,Riveria,collection_cooccurrence,75,"Both collections appear among products in the ""Elegance"" look on page 75."
look_030,Elegance,Fore Line™ Aqua Turbo,Instaflush™ Nxt Gen,collection_cooccurrence,75,"Both collections appear among products in the ""Elegance"" look on page 75."
look_030,Elegance,Fore Line™ Aqua Turbo,Riveria,collection_cooccurrence,75,"Both collections appear among products in the ""Elegance"" look on page 75."
look_030,Elegance,Instaflush™ Nxt Gen,Riveria,collection_cooccurrence,75,"Both collections appear among products in the ""Elegance"" look on page 75."
look_031,Elegance,Apt Round,Apt Square,collection_cooccurrence,77,"Both collections appear among products in the ""Elegance"" look on page 77."
look_031,Elegance,Apt Round,Aqua Turbo,collection_cooccurrence,77,"Both collections appear among products in the ""Elegance"" look on page 77."
look_031,Elegance,Apt Round,Complementary,collection_cooccurrence,77,"Both collections appear among products in the ""Elegance"" look on page 77."
look_031,Elegance,Apt Round,Complementary™,collection_cooccurrence,77,"Both collections appear among products in the ""Elegance"" look on page 77."
look_031,Elegance,Apt Round,Fore Arc™,collection_cooccurrence,77,"Both collections appear among products in the ""Elegance"" look on page 77."
look_031,Elegance,Apt Round,Fore Line™,collection_cooccurrence,77,"Both collections appear among products in the ""Elegance"" look on page 77."
look_031,Elegance,Apt Round,Fore Line™ Aqua Turbo,collection_cooccurrence,77,"Both collections appear among products in the ""Elegance"" look on page 77."
look_031,Elegance,Apt Round,Instaflush™ Nxt Gen,collection_cooccurrence,77,"Both collections appear among products in the ""Elegance"" look on page 77."
look_031,Elegance,Apt Round,Riveria,collection_cooccurrence,77,"Both collections appear among products in the ""Elegance"" look on page 77."
look_031,Elegance,Apt Round,Statement™,collection_cooccurrence,77,"Both collections appear among products in the ""Elegance"" look on page 77."
look_031,Elegance,Apt Square,Aqua Turbo,collection_cooccurrence,77,"Both collections appear among products in the ""Elegance"" look on page 77."
look_031,Elegance,Apt Square,Complementary,collection_cooccurrence,77,"Both collections appear among products in the ""Elegance"" look on page 77."
look_031,Elegance,Apt Square,Complementary™,collection_cooccurrence,77,"Both collections appear among products in the ""Elegance"" look on page 77."
look_031,Elegance,Apt Square,Fore Arc™,collection_cooccurrence,77,"Both collections appear among products in the ""Elegance"" look on page 77."
look_031,Elegance,Apt Square,Fore Line™,collection_cooccurrence,77,"Both collections appear among products in the ""Elegance"" look on page 77."
look_031,Elegance,Apt Square,Fore Line™ Aqua Turbo,collection_cooccurrence,77,"Both collections appear among products in the ""Elegance"" look on page 77."
look_031,Elegance,Apt Square,Instaflush™ Nxt Gen,collection_cooccurrence,77,"Both collections appear among products in the ""Elegance"" look on page 77."
look_031,Elegance,Apt Square,Riveria,collection_cooccurrence,77,"Both collections appear among products in the ""Elegance"" look on page 77."
look_031,Elegance,Apt Square,Statement™,collection_cooccurrence,77,"Both collections appear among products in the ""Elegance"" look on page 77."
look_031,Elegance,Aqua Turbo,Complementary,collection_cooccurrence,77,"Both collections appear among products in the ""Elegance"" look on page 77."
look_031,Elegance,Aqua Turbo,Complementary™,collection_cooccurrence,77,"Both collections appear among products in the ""Elegance"" look on page 77."
look_031,Elegance,Aqua Turbo,Fore Arc™,collection_cooccurrence,77,"Both collections appear among products in the ""Elegance"" look on page 77."
look_031,Elegance,Aqua Turbo,Fore Line™,collection_cooccurrence,77,"Both collections appear among products in the ""Elegance"" look on page 77."
look_031,Elegance,Aqua Turbo,Fore Line™ Aqua Turbo,collection_cooccurrence,77,"Both collections appear among products in the ""Elegance"" look on page 77."
look_031,Elegance,Aqua Turbo,Instaflush™ Nxt Gen,collection_cooccurrence,77,"Both collections appear among products in the ""Elegance"" look on page 77."
look_031,Elegance,Aqua Turbo,Riveria,collection_cooccurrence,77,"Both collections appear among products in the ""Elegance"" look on page 77."
look_031,Elegance,Aqua Turbo,Statement™,collection_cooccurrence,77,"Both collections appear among products in the ""Elegance"" look on page 77."
look_031,Elegance,Complementary,Complementary™,collection_cooccurrence,77,"Both collections appear among products in the ""Elegance"" look on page 77."
look_031,Elegance,Complementary,Fore Arc™,collection_cooccurrence,77,"Both collections appear among products in the ""Elegance"" look on page 77."
look_031,Elegance,Complementary,Fore Line™,collection_cooccurrence,77,"Both collections appear among products in the ""Elegance"" look on page 77."
look_031,Elegance,Complementary,Fore Line™ Aqua Turbo,collection_cooccurrence,77,"Both collections appear among products in the ""Elegance"" look on page 77."
look_031,Elegance,Complementary,Instaflush™ Nxt Gen,collection_cooccurrence,77,"Both collections appear among products in the ""Elegance"" look on page 77."
look_031,Elegance,Complementary,Riveria,collection_cooccurrence,77,"Both collections appear among products in the ""Elegance"" look on page 77."
look_031,Elegance,Complementary,Statement™,collection_cooccurrence,77,"Both collections appear among products in the ""Elegance"" look on page 77."
look_031,Elegance,Complementary™,Fore Arc™,collection_cooccurrence,77,"Both collections appear among products in the ""Elegance"" look on page 77."
look_031,Elegance,Complementary™,Fore Line™,collection_cooccurrence,77,"Both collections appear among products in the ""Elegance"" look on page 77."
look_031,Elegance,Complementary™,Fore Line™ Aqua Turbo,collection_cooccurrence,77,"Both collections appear among products in the ""Elegance"" look on page 77."
look_031,Elegance,Complementary™,Instaflush™ Nxt Gen,collection_cooccurrence,77,"Both collections appear among products in the ""Elegance"" look on page 77."
look_031,Elegance,Complementary™,Riveria,collection_cooccurrence,77,"Both collections appear among products in the ""Elegance"" look on page 77."
look_031,Elegance,Complementary™,Statement™,collection_cooccurrence,77,"Both collections appear among products in the ""Elegance"" look on page 77."
look_031,Elegance,Fore Arc™,Fore Line™,collection_cooccurrence,77,"Both collections appear among products in the ""Elegance"" look on page 77."
look_031,Elegance,Fore Arc™,Fore Line™ Aqua Turbo,collection_cooccurrence,77,"Both collections appear among products in the ""Elegance"" look on page 77."
look_031,Elegance,Fore Arc™,Instaflush™ Nxt Gen,collection_cooccurrence,77,"Both collections appear among products in the ""Elegance"" look on page 77."
look_031,Elegance,Fore Arc™,Riveria,collection_cooccurrence,77,"Both collections appear among products in the ""Elegance"" look on page 77."
look_031,Elegance,Fore Arc™,Statement™,collection_cooccurrence,77,"Both collections appear among products in the ""Elegance"" look on page 77."
look_031,Elegance,Fore Line™,Fore Line™ Aqua Turbo,collection_cooccurrence,77,"Both collections appear among products in the ""Elegance"" look on page 77."
look_031,Elegance,Fore Line™,Instaflush™ Nxt Gen,collection_cooccurrence,77,"Both collections appear among products in the ""Elegance"" look on page 77."
look_031,Elegance,Fore Line™,Riveria,collection_cooccurrence,77,"Both collections appear among products in the ""Elegance"" look on page 77."
look_031,Elegance,Fore Line™,Statement™,collection_cooccurrence,77,"Both collections appear among products in the ""Elegance"" look on page 77."
look_031,Elegance,Fore Line™ Aqua Turbo,Instaflush™ Nxt Gen,collection_cooccurrence,77,"Both collections appear among products in the ""Elegance"" look on page 77."
look_031,Elegance,Fore Line™ Aqua Turbo,Riveria,collection_cooccurrence,77,"Both collections appear among products in the ""Elegance"" look on page 77."
look_031,Elegance,Fore Line™ Aqua Turbo,Statement™,collection_cooccurrence,77,"Both collections appear among products in the ""Elegance"" look on page 77."
look_031,Elegance,Instaflush™ Nxt Gen,Riveria,collection_cooccurrence,77,"Both collections appear among products in the ""Elegance"" look on page 77."
look_031,Elegance,Instaflush™ Nxt Gen,Statement™,collection_cooccurrence,77,"Both collections appear among products in the ""Elegance"" look on page 77."
look_031,Elegance,Riveria,Statement™,collection_cooccurrence,77,"Both collections appear among products in the ""Elegance"" look on page 77."
look_032,Elegance,Apt Round,Apt Square,collection_cooccurrence,79,"Both collections appear among products in the ""Elegance"" look on page 79."
look_032,Elegance,Apt Round,Aqua Turbo,collection_cooccurrence,79,"Both collections appear among products in the ""Elegance"" look on page 79."
look_032,Elegance,Apt Round,Complementary,collection_cooccurrence,79,"Both collections appear among products in the ""Elegance"" look on page 79."
look_032,Elegance,Apt Round,Complementary™,collection_cooccurrence,79,"Both collections appear among products in the ""Elegance"" look on page 79."
look_032,Elegance,Apt Round,Fore Arc™,collection_cooccurrence,79,"Both collections appear among products in the ""Elegance"" look on page 79."
look_032,Elegance,Apt Round,Fore Arc™ Aqua Turbo,collection_cooccurrence,79,"Both collections appear among products in the ""Elegance"" look on page 79."
look_032,Elegance,Apt Round,Instaflush™ Nxt Gen,collection_cooccurrence,79,"Both collections appear among products in the ""Elegance"" look on page 79."
look_032,Elegance,Apt Round,Mastershower™,collection_cooccurrence,79,"Both collections appear among products in the ""Elegance"" look on page 79."
look_032,Elegance,Apt Round,Rain Duet™ Square,collection_cooccurrence,79,"Both collections appear among products in the ""Elegance"" look on page 79."
look_032,Elegance,Apt Round,Riveria,collection_cooccurrence,79,"Both collections appear among products in the ""Elegance"" look on page 79."
look_032,Elegance,Apt Square,Aqua Turbo,collection_cooccurrence,79,"Both collections appear among products in the ""Elegance"" look on page 79."
look_032,Elegance,Apt Square,Complementary,collection_cooccurrence,79,"Both collections appear among products in the ""Elegance"" look on page 79."
look_032,Elegance,Apt Square,Complementary™,collection_cooccurrence,79,"Both collections appear among products in the ""Elegance"" look on page 79."
look_032,Elegance,Apt Square,Fore Arc™,collection_cooccurrence,79,"Both collections appear among products in the ""Elegance"" look on page 79."
look_032,Elegance,Apt Square,Fore Arc™ Aqua Turbo,collection_cooccurrence,79,"Both collections appear among products in the ""Elegance"" look on page 79."
look_032,Elegance,Apt Square,Instaflush™ Nxt Gen,collection_cooccurrence,79,"Both collections appear among products in the ""Elegance"" look on page 79."
look_032,Elegance,Apt Square,Mastershower™,collection_cooccurrence,79,"Both collections appear among products in the ""Elegance"" look on page 79."
look_032,Elegance,Apt Square,Rain Duet™ Square,collection_cooccurrence,79,"Both collections appear among products in the ""Elegance"" look on page 79."
look_032,Elegance,Apt Square,Riveria,collection_cooccurrence,79,"Both collections appear among products in the ""Elegance"" look on page 79."
look_032,Elegance,Aqua Turbo,Complementary,collection_cooccurrence,79,"Both collections appear among products in the ""Elegance"" look on page 79."
look_032,Elegance,Aqua Turbo,Complementary™,collection_cooccurrence,79,"Both collections appear among products in the ""Elegance"" look on page 79."
look_032,Elegance,Aqua Turbo,Fore Arc™,collection_cooccurrence,79,"Both collections appear among products in the ""Elegance"" look on page 79."
look_032,Elegance,Aqua Turbo,Fore Arc™ Aqua Turbo,collection_cooccurrence,79,"Both collections appear among products in the ""Elegance"" look on page 79."
look_032,Elegance,Aqua Turbo,Instaflush™ Nxt Gen,collection_cooccurrence,79,"Both collections appear among products in the ""Elegance"" look on page 79."
look_032,Elegance,Aqua Turbo,Mastershower™,collection_cooccurrence,79,"Both collections appear among products in the ""Elegance"" look on page 79."
look_032,Elegance,Aqua Turbo,Rain Duet™ Square,collection_cooccurrence,79,"Both collections appear among products in the ""Elegance"" look on page 79."
look_032,Elegance,Aqua Turbo,Riveria,collection_cooccurrence,79,"Both collections appear among products in the ""Elegance"" look on page 79."
look_032,Elegance,Complementary,Complementary™,collection_cooccurrence,79,"Both collections appear among products in the ""Elegance"" look on page 79."
look_032,Elegance,Complementary,Fore Arc™,collection_cooccurrence,79,"Both collections appear among products in the ""Elegance"" look on page 79."
look_032,Elegance,Complementary,Fore Arc™ Aqua Turbo,collection_cooccurrence,79,"Both collections appear among products in the ""Elegance"" look on page 79."
look_032,Elegance,Complementary,Instaflush™ Nxt Gen,collection_cooccurrence,79,"Both collections appear among products in the ""Elegance"" look on page 79."
look_032,Elegance,Complementary,Mastershower™,collection_cooccurrence,79,"Both collections appear among products in the ""Elegance"" look on page 79."
look_032,Elegance,Complementary,Rain Duet™ Square,collection_cooccurrence,79,"Both collections appear among products in the ""Elegance"" look on page 79."
look_032,Elegance,Complementary,Riveria,collection_cooccurrence,79,"Both collections appear among products in the ""Elegance"" look on page 79."
look_032,Elegance,Complementary™,Fore Arc™,collection_cooccurrence,79,"Both collections appear among products in the ""Elegance"" look on page 79."
look_032,Elegance,Complementary™,Fore Arc™ Aqua Turbo,collection_cooccurrence,79,"Both collections appear among products in the ""Elegance"" look on page 79."
look_032,Elegance,Complementary™,Instaflush™ Nxt Gen,collection_cooccurrence,79,"Both collections appear among products in the ""Elegance"" look on page 79."
look_032,Elegance,Complementary™,Mastershower™,collection_cooccurrence,79,"Both collections appear among products in the ""Elegance"" look on page 79."
look_032,Elegance,Complementary™,Rain Duet™ Square,collection_cooccurrence,79,"Both collections appear among products in the ""Elegance"" look on page 79."
look_032,Elegance,Complementary™,Riveria,collection_cooccurrence,79,"Both collections appear among products in the ""Elegance"" look on page 79."
look_032,Elegance,Fore Arc™,Fore Arc™ Aqua Turbo,collection_cooccurrence,79,"Both collections appear among products in the ""Elegance"" look on page 79."
look_032,Elegance,Fore Arc™,Instaflush™ Nxt Gen,collection_cooccurrence,79,"Both collections appear among products in the ""Elegance"" look on page 79."
look_032,Elegance,Fore Arc™,Mastershower™,collection_cooccurrence,79,"Both collections appear among products in the ""Elegance"" look on page 79."
look_032,Elegance,Fore Arc™,Rain Duet™ Square,collection_cooccurrence,79,"Both collections appear among products in the ""Elegance"" look on page 79."
look_032,Elegance,Fore Arc™,Riveria,collection_cooccurrence,79,"Both collections appear among products in the ""Elegance"" look on page 79."
look_032,Elegance,Fore Arc™ Aqua Turbo,Instaflush™ Nxt Gen,collection_cooccurrence,79,"Both collections appear among products in the ""Elegance"" look on page 79."
look_032,Elegance,Fore Arc™ Aqua Turbo,Mastershower™,collection_cooccurrence,79,"Both collections appear among products in the ""Elegance"" look on page 79."
look_032,Elegance,Fore Arc™ Aqua Turbo,Rain Duet™ Square,collection_cooccurrence,79,"Both collections appear among products in the ""Elegance"" look on page 79."
look_032,Elegance,Fore Arc™ Aqua Turbo,Riveria,collection_cooccurrence,79,"Both collections appear among products in the ""Elegance"" look on page 79."
look_032,Elegance,Instaflush™ Nxt Gen,Mastershower™,collection_cooccurrence,79,"Both collections appear among products in the ""Elegance"" look on page 79."
look_032,Elegance,Instaflush™ Nxt Gen,Rain Duet™ Square,collection_cooccurrence,79,"Both collections appear among products in the ""Elegance"" look on page 79."
look_032,Elegance,Instaflush™ Nxt Gen,Riveria,collection_cooccurrence,79,"Both collections appear among products in the ""Elegance"" look on page 79."
look_032,Elegance,Mastershower™,Rain Duet™ Square,collection_cooccurrence,79,"Both collections appear among products in the ""Elegance"" look on page 79."
look_032,Elegance,Mastershower™,Riveria,collection_cooccurrence,79,"Both collections appear among products in the ""Elegance"" look on page 79."
look_032,Elegance,Rain Duet™ Square,Riveria,collection_cooccurrence,79,"Both collections appear among products in the ""Elegance"" look on page 79."
look_033,Harmony,Apt,Apt Flux,collection_cooccurrence,81,"Both collections appear among products in the ""Harmony"" look on page 81."
look_033,Harmony,Apt,Apt Flux AT230,collection_cooccurrence,81,"Both collections appear among products in the ""Harmony"" look on page 81."
look_033,Harmony,Apt,Aqua Turbo,collection_cooccurrence,81,"Both collections appear among products in the ""Harmony"" look on page 81."
look_033,Harmony,Apt,Brive Plus™,collection_cooccurrence,81,"Both collections appear among products in the ""Harmony"" look on page 81."
look_033,Harmony,Apt,Complementary,collection_cooccurrence,81,"Both collections appear among products in the ""Harmony"" look on page 81."
look_033,Harmony,Apt,Complementary™,collection_cooccurrence,81,"Both collections appear among products in the ""Harmony"" look on page 81."
look_033,Harmony,Apt,Instaflush™ Nxt Gen,collection_cooccurrence,81,"Both collections appear among products in the ""Harmony"" look on page 81."
look_033,Harmony,Apt,Patio™,collection_cooccurrence,81,"Both collections appear among products in the ""Harmony"" look on page 81."
look_033,Harmony,Apt,Riveria,collection_cooccurrence,81,"Both collections appear among products in the ""Harmony"" look on page 81."
look_033,Harmony,Apt Flux,Apt Flux AT230,collection_cooccurrence,81,"Both collections appear among products in the ""Harmony"" look on page 81."
look_033,Harmony,Apt Flux,Aqua Turbo,collection_cooccurrence,81,"Both collections appear among products in the ""Harmony"" look on page 81."
look_033,Harmony,Apt Flux,Brive Plus™,collection_cooccurrence,81,"Both collections appear among products in the ""Harmony"" look on page 81."
look_033,Harmony,Apt Flux,Complementary,collection_cooccurrence,81,"Both collections appear among products in the ""Harmony"" look on page 81."
look_033,Harmony,Apt Flux,Complementary™,collection_cooccurrence,81,"Both collections appear among products in the ""Harmony"" look on page 81."
look_033,Harmony,Apt Flux,Instaflush™ Nxt Gen,collection_cooccurrence,81,"Both collections appear among products in the ""Harmony"" look on page 81."
look_033,Harmony,Apt Flux,Patio™,collection_cooccurrence,81,"Both collections appear among products in the ""Harmony"" look on page 81."
look_033,Harmony,Apt Flux,Riveria,collection_cooccurrence,81,"Both collections appear among products in the ""Harmony"" look on page 81."
look_033,Harmony,Apt Flux AT230,Aqua Turbo,collection_cooccurrence,81,"Both collections appear among products in the ""Harmony"" look on page 81."
look_033,Harmony,Apt Flux AT230,Brive Plus™,collection_cooccurrence,81,"Both collections appear among products in the ""Harmony"" look on page 81."
look_033,Harmony,Apt Flux AT230,Complementary,collection_cooccurrence,81,"Both collections appear among products in the ""Harmony"" look on page 81."
look_033,Harmony,Apt Flux AT230,Complementary™,collection_cooccurrence,81,"Both collections appear among products in the ""Harmony"" look on page 81."
look_033,Harmony,Apt Flux AT230,Instaflush™ Nxt Gen,collection_cooccurrence,81,"Both collections appear among products in the ""Harmony"" look on page 81."
look_033,Harmony,Apt Flux AT230,Patio™,collection_cooccurrence,81,"Both collections appear among products in the ""Harmony"" look on page 81."
look_033,Harmony,Apt Flux AT230,Riveria,collection_cooccurrence,81,"Both collections appear among products in the ""Harmony"" look on page 81."
look_033,Harmony,Aqua Turbo,Brive Plus™,collection_cooccurrence,81,"Both collections appear among products in the ""Harmony"" look on page 81."
look_033,Harmony,Aqua Turbo,Complementary,collection_cooccurrence,81,"Both collections appear among products in the ""Harmony"" look on page 81."
look_033,Harmony,Aqua Turbo,Complementary™,collection_cooccurrence,81,"Both collections appear among products in the ""Harmony"" look on page 81."
look_033,Harmony,Aqua Turbo,Instaflush™ Nxt Gen,collection_cooccurrence,81,"Both collections appear among products in the ""Harmony"" look on page 81."
look_033,Harmony,Aqua Turbo,Patio™,collection_cooccurrence,81,"Both collections appear among products in the ""Harmony"" look on page 81."
look_033,Harmony,Aqua Turbo,Riveria,collection_cooccurrence,81,"Both collections appear among products in the ""Harmony"" look on page 81."
look_033,Harmony,Brive Plus™,Complementary,collection_cooccurrence,81,"Both collections appear among products in the ""Harmony"" look on page 81."
look_033,Harmony,Brive Plus™,Complementary™,collection_cooccurrence,81,"Both collections appear among products in the ""Harmony"" look on page 81."
look_033,Harmony,Brive Plus™,Instaflush™ Nxt Gen,collection_cooccurrence,81,"Both collections appear among products in the ""Harmony"" look on page 81."
look_033,Harmony,Brive Plus™,Patio™,collection_cooccurrence,81,"Both collections appear among products in the ""Harmony"" look on page 81."
look_033,Harmony,Brive Plus™,Riveria,collection_cooccurrence,81,"Both collections appear among products in the ""Harmony"" look on page 81."
look_033,Harmony,Complementary,Complementary™,collection_cooccurrence,81,"Both collections appear among products in the ""Harmony"" look on page 81."
look_033,Harmony,Complementary,Instaflush™ Nxt Gen,collection_cooccurrence,81,"Both collections appear among products in the ""Harmony"" look on page 81."
look_033,Harmony,Complementary,Patio™,collection_cooccurrence,81,"Both collections appear among products in the ""Harmony"" look on page 81."
look_033,Harmony,Complementary,Riveria,collection_cooccurrence,81,"Both collections appear among products in the ""Harmony"" look on page 81."
look_033,Harmony,Complementary™,Instaflush™ Nxt Gen,collection_cooccurrence,81,"Both collections appear among products in the ""Harmony"" look on page 81."
look_033,Harmony,Complementary™,Patio™,collection_cooccurrence,81,"Both collections appear among products in the ""Harmony"" look on page 81."
look_033,Harmony,Complementary™,Riveria,collection_cooccurrence,81,"Both collections appear among products in the ""Harmony"" look on page 81."
look_033,Harmony,Instaflush™ Nxt Gen,Patio™,collection_cooccurrence,81,"Both collections appear among products in the ""Harmony"" look on page 81."
look_033,Harmony,Instaflush™ Nxt Gen,Riveria,collection_cooccurrence,81,"Both collections appear among products in the ""Harmony"" look on page 81."
look_033,Harmony,Patio™,Riveria,collection_cooccurrence,81,"Both collections appear among products in the ""Harmony"" look on page 81."
look_034,Harmony,Apt,Apt Curv,collection_cooccurrence,83,"Both collections appear among products in the ""Harmony"" look on page 83."
look_034,Harmony,Apt,Apt Curv AT230,collection_cooccurrence,83,"Both collections appear among products in the ""Harmony"" look on page 83."
look_034,Harmony,Apt,Aqua Turbo,collection_cooccurrence,83,"Both collections appear among products in the ""Harmony"" look on page 83."
look_034,Harmony,Apt,Complementary,collection_cooccurrence,83,"Both collections appear among products in the ""Harmony"" look on page 83."
look_034,Harmony,Apt,Complementary™,collection_cooccurrence,83,"Both collections appear among products in the ""Harmony"" look on page 83."
look_034,Harmony,Apt,Conical Bell™,collection_cooccurrence,83,"Both collections appear among products in the ""Harmony"" look on page 83."
look_034,Harmony,Apt,Daisyfield®,collection_cooccurrence,83,"Both collections appear among products in the ""Harmony"" look on page 83."
look_034,Harmony,Apt,Instaflush™,collection_cooccurrence,83,"Both collections appear among products in the ""Harmony"" look on page 83."
look_034,Harmony,Apt,Span,collection_cooccurrence,83,"Both collections appear among products in the ""Harmony"" look on page 83."
look_034,Harmony,Apt,Summit™,collection_cooccurrence,83,"Both collections appear among products in the ""Harmony"" look on page 83."
look_034,Harmony,Apt Curv,Apt Curv AT230,collection_cooccurrence,83,"Both collections appear among products in the ""Harmony"" look on page 83."
look_034,Harmony,Apt Curv,Aqua Turbo,collection_cooccurrence,83,"Both collections appear among products in the ""Harmony"" look on page 83."
look_034,Harmony,Apt Curv,Complementary,collection_cooccurrence,83,"Both collections appear among products in the ""Harmony"" look on page 83."
look_034,Harmony,Apt Curv,Complementary™,collection_cooccurrence,83,"Both collections appear among products in the ""Harmony"" look on page 83."
look_034,Harmony,Apt Curv,Conical Bell™,collection_cooccurrence,83,"Both collections appear among products in the ""Harmony"" look on page 83."
look_034,Harmony,Apt Curv,Daisyfield®,collection_cooccurrence,83,"Both collections appear among products in the ""Harmony"" look on page 83."
look_034,Harmony,Apt Curv,Instaflush™,collection_cooccurrence,83,"Both collections appear among products in the ""Harmony"" look on page 83."
look_034,Harmony,Apt Curv,Span,collection_cooccurrence,83,"Both collections appear among products in the ""Harmony"" look on page 83."
look_034,Harmony,Apt Curv,Summit™,collection_cooccurrence,83,"Both collections appear among products in the ""Harmony"" look on page 83."
look_034,Harmony,Apt Curv AT230,Aqua Turbo,collection_cooccurrence,83,"Both collections appear among products in the ""Harmony"" look on page 83."
look_034,Harmony,Apt Curv AT230,Complementary,collection_cooccurrence,83,"Both collections appear among products in the ""Harmony"" look on page 83."
look_034,Harmony,Apt Curv AT230,Complementary™,collection_cooccurrence,83,"Both collections appear among products in the ""Harmony"" look on page 83."
look_034,Harmony,Apt Curv AT230,Conical Bell™,collection_cooccurrence,83,"Both collections appear among products in the ""Harmony"" look on page 83."
look_034,Harmony,Apt Curv AT230,Daisyfield®,collection_cooccurrence,83,"Both collections appear among products in the ""Harmony"" look on page 83."
look_034,Harmony,Apt Curv AT230,Instaflush™,collection_cooccurrence,83,"Both collections appear among products in the ""Harmony"" look on page 83."
look_034,Harmony,Apt Curv AT230,Span,collection_cooccurrence,83,"Both collections appear among products in the ""Harmony"" look on page 83."
look_034,Harmony,Apt Curv AT230,Summit™,collection_cooccurrence,83,"Both collections appear among products in the ""Harmony"" look on page 83."
look_034,Harmony,Aqua Turbo,Complementary,collection_cooccurrence,83,"Both collections appear among products in the ""Harmony"" look on page 83."
look_034,Harmony,Aqua Turbo,Complementary™,collection_cooccurrence,83,"Both collections appear among products in the ""Harmony"" look on page 83."
look_034,Harmony,Aqua Turbo,Conical Bell™,collection_cooccurrence,83,"Both collections appear among products in the ""Harmony"" look on page 83."
look_034,Harmony,Aqua Turbo,Daisyfield®,collection_cooccurrence,83,"Both collections appear among products in the ""Harmony"" look on page 83."
look_034,Harmony,Aqua Turbo,Instaflush™,collection_cooccurrence,83,"Both collections appear among products in the ""Harmony"" look on page 83."
look_034,Harmony,Aqua Turbo,Span,collection_cooccurrence,83,"Both collections appear among products in the ""Harmony"" look on page 83."
look_034,Harmony,Aqua Turbo,Summit™,collection_cooccurrence,83,"Both collections appear among products in the ""Harmony"" look on page 83."
look_034,Harmony,Complementary,Complementary™,collection_cooccurrence,83,"Both collections appear among products in the ""Harmony"" look on page 83."
look_034,Harmony,Complementary,Conical Bell™,collection_cooccurrence,83,"Both collections appear among products in the ""Harmony"" look on page 83."
look_034,Harmony,Complementary,Daisyfield®,collection_cooccurrence,83,"Both collections appear among products in the ""Harmony"" look on page 83."
look_034,Harmony,Complementary,Instaflush™,collection_cooccurrence,83,"Both collections appear among products in the ""Harmony"" look on page 83."
look_034,Harmony,Complementary,Span,collection_cooccurrence,83,"Both collections appear among products in the ""Harmony"" look on page 83."
look_034,Harmony,Complementary,Summit™,collection_cooccurrence,83,"Both collections appear among products in the ""Harmony"" look on page 83."
look_034,Harmony,Complementary™,Conical Bell™,collection_cooccurrence,83,"Both collections appear among products in the ""Harmony"" look on page 83."
look_034,Harmony,Complementary™,Daisyfield®,collection_cooccurrence,83,"Both collections appear among products in the ""Harmony"" look on page 83."
look_034,Harmony,Complementary™,Instaflush™,collection_cooccurrence,83,"Both collections appear among products in the ""Harmony"" look on page 83."
look_034,Harmony,Complementary™,Span,collection_cooccurrence,83,"Both collections appear among products in the ""Harmony"" look on page 83."
look_034,Harmony,Complementary™,Summit™,collection_cooccurrence,83,"Both collections appear among products in the ""Harmony"" look on page 83."
look_034,Harmony,Conical Bell™,Daisyfield®,collection_cooccurrence,83,"Both collections appear among products in the ""Harmony"" look on page 83."
look_034,Harmony,Conical Bell™,Instaflush™,collection_cooccurrence,83,"Both collections appear among products in the ""Harmony"" look on page 83."
look_034,Harmony,Conical Bell™,Span,collection_cooccurrence,83,"Both collections appear among products in the ""Harmony"" look on page 83."
look_034,Harmony,Conical Bell™,Summit™,collection_cooccurrence,83,"Both collections appear among products in the ""Harmony"" look on page 83."
look_034,Harmony,Daisyfield®,Instaflush™,collection_cooccurrence,83,"Both collections appear among products in the ""Harmony"" look on page 83."
look_034,Harmony,Daisyfield®,Span,collection_cooccurrence,83,"Both collections appear among products in the ""Harmony"" look on page 83."
look_034,Harmony,Daisyfield®,Summit™,collection_cooccurrence,83,"Both collections appear among products in the ""Harmony"" look on page 83."
look_034,Harmony,Instaflush™,Span,collection_cooccurrence,83,"Both collections appear among products in the ""Harmony"" look on page 83."
look_034,Harmony,Instaflush™,Summit™,collection_cooccurrence,83,"Both collections appear among products in the ""Harmony"" look on page 83."
look_034,Harmony,Span,Summit™,collection_cooccurrence,83,"Both collections appear among products in the ""Harmony"" look on page 83."
look_035,Harmony,Apt,Apt Flux,collection_cooccurrence,85,"Both collections appear among products in the ""Harmony"" look on page 85."
look_035,Harmony,Apt,Aqua Turbo,collection_cooccurrence,85,"Both collections appear among products in the ""Harmony"" look on page 85."
look_035,Harmony,Apt,Complementary,collection_cooccurrence,85,"Both collections appear among products in the ""Harmony"" look on page 85."
look_035,Harmony,Apt,Complementary™,collection_cooccurrence,85,"Both collections appear among products in the ""Harmony"" look on page 85."
look_035,Harmony,Apt,Fore Tri Aqua Turbo,collection_cooccurrence,85,"Both collections appear among products in the ""Harmony"" look on page 85."
look_035,Harmony,Apt,Instaflush™,collection_cooccurrence,85,"Both collections appear among products in the ""Harmony"" look on page 85."
look_035,Harmony,Apt,Riveria,collection_cooccurrence,85,"Both collections appear among products in the ""Harmony"" look on page 85."
look_035,Harmony,Apt,Span,collection_cooccurrence,85,"Both collections appear among products in the ""Harmony"" look on page 85."
look_035,Harmony,Apt Flux,Aqua Turbo,collection_cooccurrence,85,"Both collections appear among products in the ""Harmony"" look on page 85."
look_035,Harmony,Apt Flux,Complementary,collection_cooccurrence,85,"Both collections appear among products in the ""Harmony"" look on page 85."
look_035,Harmony,Apt Flux,Complementary™,collection_cooccurrence,85,"Both collections appear among products in the ""Harmony"" look on page 85."
look_035,Harmony,Apt Flux,Fore Tri Aqua Turbo,collection_cooccurrence,85,"Both collections appear among products in the ""Harmony"" look on page 85."
look_035,Harmony,Apt Flux,Instaflush™,collection_cooccurrence,85,"Both collections appear among products in the ""Harmony"" look on page 85."
look_035,Harmony,Apt Flux,Riveria,collection_cooccurrence,85,"Both collections appear among products in the ""Harmony"" look on page 85."
look_035,Harmony,Apt Flux,Span,collection_cooccurrence,85,"Both collections appear among products in the ""Harmony"" look on page 85."
look_035,Harmony,Aqua Turbo,Complementary,collection_cooccurrence,85,"Both collections appear among products in the ""Harmony"" look on page 85."
look_035,Harmony,Aqua Turbo,Complementary™,collection_cooccurrence,85,"Both collections appear among products in the ""Harmony"" look on page 85."
look_035,Harmony,Aqua Turbo,Fore Tri Aqua Turbo,collection_cooccurrence,85,"Both collections appear among products in the ""Harmony"" look on page 85."
look_035,Harmony,Aqua Turbo,Instaflush™,collection_cooccurrence,85,"Both collections appear among products in the ""Harmony"" look on page 85."
look_035,Harmony,Aqua Turbo,Riveria,collection_cooccurrence,85,"Both collections appear among products in the ""Harmony"" look on page 85."
look_035,Harmony,Aqua Turbo,Span,collection_cooccurrence,85,"Both collections appear among products in the ""Harmony"" look on page 85."
look_035,Harmony,Complementary,Complementary™,collection_cooccurrence,85,"Both collections appear among products in the ""Harmony"" look on page 85."
look_035,Harmony,Complementary,Fore Tri Aqua Turbo,collection_cooccurrence,85,"Both collections appear among products in the ""Harmony"" look on page 85."
look_035,Harmony,Complementary,Instaflush™,collection_cooccurrence,85,"Both collections appear among products in the ""Harmony"" look on page 85."
look_035,Harmony,Complementary,Riveria,collection_cooccurrence,85,"Both collections appear among products in the ""Harmony"" look on page 85."
look_035,Harmony,Complementary,Span,collection_cooccurrence,85,"Both collections appear among products in the ""Harmony"" look on page 85."
look_035,Harmony,Complementary™,Fore Tri Aqua Turbo,collection_cooccurrence,85,"Both collections appear among products in the ""Harmony"" look on page 85."
look_035,Harmony,Complementary™,Instaflush™,collection_cooccurrence,85,"Both collections appear among products in the ""Harmony"" look on page 85."
look_035,Harmony,Complementary™,Riveria,collection_cooccurrence,85,"Both collections appear among products in the ""Harmony"" look on page 85."
look_035,Harmony,Complementary™,Span,collection_cooccurrence,85,"Both collections appear among products in the ""Harmony"" look on page 85."
look_035,Harmony,Fore Tri Aqua Turbo,Instaflush™,collection_cooccurrence,85,"Both collections appear among products in the ""Harmony"" look on page 85."
look_035,Harmony,Fore Tri Aqua Turbo,Riveria,collection_cooccurrence,85,"Both collections appear among products in the ""Harmony"" look on page 85."
look_035,Harmony,Fore Tri Aqua Turbo,Span,collection_cooccurrence,85,"Both collections appear among products in the ""Harmony"" look on page 85."
look_035,Harmony,Instaflush™,Riveria,collection_cooccurrence,85,"Both collections appear among products in the ""Harmony"" look on page 85."
look_035,Harmony,Instaflush™,Span,collection_cooccurrence,85,"Both collections appear among products in the ""Harmony"" look on page 85."
look_035,Harmony,Riveria,Span,collection_cooccurrence,85,"Both collections appear among products in the ""Harmony"" look on page 85."
look_036,Harmony,Apt,Apt Curv,collection_cooccurrence,87,"Both collections appear among products in the ""Harmony"" look on page 87."
look_036,Harmony,Apt,Apt Curv AT230,collection_cooccurrence,87,"Both collections appear among products in the ""Harmony"" look on page 87."
look_036,Harmony,Apt,Apt Round,collection_cooccurrence,87,"Both collections appear among products in the ""Harmony"" look on page 87."
look_036,Harmony,Apt,Aqua Turbo,collection_cooccurrence,87,"Both collections appear among products in the ""Harmony"" look on page 87."
look_036,Harmony,Apt,Complementary,collection_cooccurrence,87,"Both collections appear among products in the ""Harmony"" look on page 87."
look_036,Harmony,Apt,Complementary™,collection_cooccurrence,87,"Both collections appear among products in the ""Harmony"" look on page 87."
look_036,Harmony,Apt,Instaflush™,collection_cooccurrence,87,"Both collections appear among products in the ""Harmony"" look on page 87."
look_036,Harmony,Apt,Summit™,collection_cooccurrence,87,"Both collections appear among products in the ""Harmony"" look on page 87."
look_036,Harmony,Apt Curv,Apt Curv AT230,collection_cooccurrence,87,"Both collections appear among products in the ""Harmony"" look on page 87."
look_036,Harmony,Apt Curv,Apt Round,collection_cooccurrence,87,"Both collections appear among products in the ""Harmony"" look on page 87."
look_036,Harmony,Apt Curv,Aqua Turbo,collection_cooccurrence,87,"Both collections appear among products in the ""Harmony"" look on page 87."
look_036,Harmony,Apt Curv,Complementary,collection_cooccurrence,87,"Both collections appear among products in the ""Harmony"" look on page 87."
look_036,Harmony,Apt Curv,Complementary™,collection_cooccurrence,87,"Both collections appear among products in the ""Harmony"" look on page 87."
look_036,Harmony,Apt Curv,Instaflush™,collection_cooccurrence,87,"Both collections appear among products in the ""Harmony"" look on page 87."
look_036,Harmony,Apt Curv,Summit™,collection_cooccurrence,87,"Both collections appear among products in the ""Harmony"" look on page 87."
look_036,Harmony,Apt Curv AT230,Apt Round,collection_cooccurrence,87,"Both collections appear among products in the ""Harmony"" look on page 87."
look_036,Harmony,Apt Curv AT230,Aqua Turbo,collection_cooccurrence,87,"Both collections appear among products in the ""Harmony"" look on page 87."
look_036,Harmony,Apt Curv AT230,Complementary,collection_cooccurrence,87,"Both collections appear among products in the ""Harmony"" look on page 87."
look_036,Harmony,Apt Curv AT230,Complementary™,collection_cooccurrence,87,"Both collections appear among products in the ""Harmony"" look on page 87."
look_036,Harmony,Apt Curv AT230,Instaflush™,collection_cooccurrence,87,"Both collections appear among products in the ""Harmony"" look on page 87."
look_036,Harmony,Apt Curv AT230,Summit™,collection_cooccurrence,87,"Both collections appear among products in the ""Harmony"" look on page 87."
look_036,Harmony,Apt Round,Aqua Turbo,collection_cooccurrence,87,"Both collections appear among products in the ""Harmony"" look on page 87."
look_036,Harmony,Apt Round,Complementary,collection_cooccurrence,87,"Both collections appear among products in the ""Harmony"" look on page 87."
look_036,Harmony,Apt Round,Complementary™,collection_cooccurrence,87,"Both collections appear among products in the ""Harmony"" look on page 87."
look_036,Harmony,Apt Round,Instaflush™,collection_cooccurrence,87,"Both collections appear among products in the ""Harmony"" look on page 87."
look_036,Harmony,Apt Round,Summit™,collection_cooccurrence,87,"Both collections appear among products in the ""Harmony"" look on page 87."
look_036,Harmony,Aqua Turbo,Complementary,collection_cooccurrence,87,"Both collections appear among products in the ""Harmony"" look on page 87."
look_036,Harmony,Aqua Turbo,Complementary™,collection_cooccurrence,87,"Both collections appear among products in the ""Harmony"" look on page 87."
look_036,Harmony,Aqua Turbo,Instaflush™,collection_cooccurrence,87,"Both collections appear among products in the ""Harmony"" look on page 87."
look_036,Harmony,Aqua Turbo,Summit™,collection_cooccurrence,87,"Both collections appear among products in the ""Harmony"" look on page 87."
look_036,Harmony,Complementary,Complementary™,collection_cooccurrence,87,"Both collections appear among products in the ""Harmony"" look on page 87."
look_036,Harmony,Complementary,Instaflush™,collection_cooccurrence,87,"Both collections appear among products in the ""Harmony"" look on page 87."
look_036,Harmony,Complementary,Summit™,collection_cooccurrence,87,"Both collections appear among products in the ""Harmony"" look on page 87."
look_036,Harmony,Complementary™,Instaflush™,collection_cooccurrence,87,"Both collections appear among products in the ""Harmony"" look on page 87."
look_036,Harmony,Complementary™,Summit™,collection_cooccurrence,87,"Both collections appear among products in the ""Harmony"" look on page 87."
look_036,Harmony,Instaflush™,Summit™,collection_cooccurrence,87,"Both collections appear among products in the ""Harmony"" look on page 87."
look_037,Harmony,Apt,Apt Flux,collection_cooccurrence,89,"Both collections appear among products in the ""Harmony"" look on page 89."
look_037,Harmony,Apt,Apt Flux AT230,collection_cooccurrence,89,"Both collections appear among products in the ""Harmony"" look on page 89."
look_037,Harmony,Apt,Apt Round,collection_cooccurrence,89,"Both collections appear among products in the ""Harmony"" look on page 89."
look_037,Harmony,Apt,Apt Square,collection_cooccurrence,89,"Both collections appear among products in the ""Harmony"" look on page 89."
look_037,Harmony,Apt,Aqua Turbo,collection_cooccurrence,89,"Both collections appear among products in the ""Harmony"" look on page 89."
look_037,Harmony,Apt,Complementary,collection_cooccurrence,89,"Both collections appear among products in the ""Harmony"" look on page 89."
look_037,Harmony,Apt,Complementary™,collection_cooccurrence,89,"Both collections appear among products in the ""Harmony"" look on page 89."
look_037,Harmony,Apt,Instaflush™,collection_cooccurrence,89,"Both collections appear among products in the ""Harmony"" look on page 89."
look_037,Harmony,Apt,Riveria,collection_cooccurrence,89,"Both collections appear among products in the ""Harmony"" look on page 89."
look_037,Harmony,Apt Flux,Apt Flux AT230,collection_cooccurrence,89,"Both collections appear among products in the ""Harmony"" look on page 89."
look_037,Harmony,Apt Flux,Apt Round,collection_cooccurrence,89,"Both collections appear among products in the ""Harmony"" look on page 89."
look_037,Harmony,Apt Flux,Apt Square,collection_cooccurrence,89,"Both collections appear among products in the ""Harmony"" look on page 89."
look_037,Harmony,Apt Flux,Aqua Turbo,collection_cooccurrence,89,"Both collections appear among products in the ""Harmony"" look on page 89."
look_037,Harmony,Apt Flux,Complementary,collection_cooccurrence,89,"Both collections appear among products in the ""Harmony"" look on page 89."
look_037,Harmony,Apt Flux,Complementary™,collection_cooccurrence,89,"Both collections appear among products in the ""Harmony"" look on page 89."
look_037,Harmony,Apt Flux,Instaflush™,collection_cooccurrence,89,"Both collections appear among products in the ""Harmony"" look on page 89."
look_037,Harmony,Apt Flux,Riveria,collection_cooccurrence,89,"Both collections appear among products in the ""Harmony"" look on page 89."
look_037,Harmony,Apt Flux AT230,Apt Round,collection_cooccurrence,89,"Both collections appear among products in the ""Harmony"" look on page 89."
look_037,Harmony,Apt Flux AT230,Apt Square,collection_cooccurrence,89,"Both collections appear among products in the ""Harmony"" look on page 89."
look_037,Harmony,Apt Flux AT230,Aqua Turbo,collection_cooccurrence,89,"Both collections appear among products in the ""Harmony"" look on page 89."
look_037,Harmony,Apt Flux AT230,Complementary,collection_cooccurrence,89,"Both collections appear among products in the ""Harmony"" look on page 89."
look_037,Harmony,Apt Flux AT230,Complementary™,collection_cooccurrence,89,"Both collections appear among products in the ""Harmony"" look on page 89."
look_037,Harmony,Apt Flux AT230,Instaflush™,collection_cooccurrence,89,"Both collections appear among products in the ""Harmony"" look on page 89."
look_037,Harmony,Apt Flux AT230,Riveria,collection_cooccurrence,89,"Both collections appear among products in the ""Harmony"" look on page 89."
look_037,Harmony,Apt Round,Apt Square,collection_cooccurrence,89,"Both collections appear among products in the ""Harmony"" look on page 89."
look_037,Harmony,Apt Round,Aqua Turbo,collection_cooccurrence,89,"Both collections appear among products in the ""Harmony"" look on page 89."
look_037,Harmony,Apt Round,Complementary,collection_cooccurrence,89,"Both collections appear among products in the ""Harmony"" look on page 89."
look_037,Harmony,Apt Round,Complementary™,collection_cooccurrence,89,"Both collections appear among products in the ""Harmony"" look on page 89."
look_037,Harmony,Apt Round,Instaflush™,collection_cooccurrence,89,"Both collections appear among products in the ""Harmony"" look on page 89."
look_037,Harmony,Apt Round,Riveria,collection_cooccurrence,89,"Both collections appear among products in the ""Harmony"" look on page 89."
look_037,Harmony,Apt Square,Aqua Turbo,collection_cooccurrence,89,"Both collections appear among products in the ""Harmony"" look on page 89."
look_037,Harmony,Apt Square,Complementary,collection_cooccurrence,89,"Both collections appear among products in the ""Harmony"" look on page 89."
look_037,Harmony,Apt Square,Complementary™,collection_cooccurrence,89,"Both collections appear among products in the ""Harmony"" look on page 89."
look_037,Harmony,Apt Square,Instaflush™,collection_cooccurrence,89,"Both collections appear among products in the ""Harmony"" look on page 89."
look_037,Harmony,Apt Square,Riveria,collection_cooccurrence,89,"Both collections appear among products in the ""Harmony"" look on page 89."
look_037,Harmony,Aqua Turbo,Complementary,collection_cooccurrence,89,"Both collections appear among products in the ""Harmony"" look on page 89."
look_037,Harmony,Aqua Turbo,Complementary™,collection_cooccurrence,89,"Both collections appear among products in the ""Harmony"" look on page 89."
look_037,Harmony,Aqua Turbo,Instaflush™,collection_cooccurrence,89,"Both collections appear among products in the ""Harmony"" look on page 89."
look_037,Harmony,Aqua Turbo,Riveria,collection_cooccurrence,89,"Both collections appear among products in the ""Harmony"" look on page 89."
look_037,Harmony,Complementary,Complementary™,collection_cooccurrence,89,"Both collections appear among products in the ""Harmony"" look on page 89."
look_037,Harmony,Complementary,Instaflush™,collection_cooccurrence,89,"Both collections appear among products in the ""Harmony"" look on page 89."
look_037,Harmony,Complementary,Riveria,collection_cooccurrence,89,"Both collections appear among products in the ""Harmony"" look on page 89."
look_037,Harmony,Complementary™,Instaflush™,collection_cooccurrence,89,"Both collections appear among products in the ""Harmony"" look on page 89."
look_037,Harmony,Complementary™,Riveria,collection_cooccurrence,89,"Both collections appear among products in the ""Harmony"" look on page 89."
look_037,Harmony,Instaflush™,Riveria,collection_cooccurrence,89,"Both collections appear among products in the ""Harmony"" look on page 89."
