relationship_id,look_id,look_name,source_sku,target_sku,relationship_type,source_page,evidence,confidence,review_required,review_reason
rel_0001,look_001,Superior,K-26994IN-0,K-21060IN-0,design_co_occurrence,13,"Both products appear in the same ""Superior"" look on page 13.",high,false,
rel_0002,look_001,Superior,K-26994IN-0,K-23475IN-4-CP,design_co_occurrence,13,"Both products appear in the same ""Superior"" look on page 13.",high,false,
rel_0003,look_001,Superior,K-26994IN-0,K-75890IN-P-CP,design_co_occurrence,13,"Both products appear in the same ""Superior"" look on page 13.",high,false,
rel_0004,look_001,Superior,K-21060IN-0,K-23475IN-4-CP,design_co_occurrence,13,"Both products appear in the same ""Superior"" look on page 13.",high,false,
rel_0005,look_001,Superior,K-21060IN-0,K-75890IN-P-CP,design_co_occurrence,13,"Both products appear in the same ""Superior"" look on page 13.",high,false,
rel_0006,look_001,Superior,K-23475IN-4-CP,K-75890IN-P-CP,design_co_occurrence,13,"Both products appear in the same ""Superior"" look on page 13.",high,false,
rel_0007,look_002,Superior,K-25758IN-4ND-AF,K-21226IN-SS-0,design_co_occurrence,15,"Both products appear in the same ""Superior"" look on page 15.",high,false,
rel_0008,look_002,Superior,K-25758IN-4ND-AF,K-5402IN-ZZ-0,design_co_occurrence,15,"Both products appear in the same ""Superior"" look on page 15.",high,false,
rel_0009,look_002,Superior,K-25758IN-4ND-AF,K-97258IN-ZZ-AF,design_co_occurrence,15,"Both products appear in the same ""Superior"" look on page 15.",high,false,
rel_0010,look_002,Superior,K-25758IN-4ND-AF,K-29959IN-AF,design_co_occurrence,15,"Both products appear in the same ""Superior"" look on page 15.",high,false,
rel_0011,look_002,Superior,K-25758IN-4ND-AF,K-26347IN-9-AF,design_co_occurrence,15,"Both products appear in the same ""Superior"" look on page 15.",high,false,
rel_0012,look_002,Superior,K-25758IN-4ND-AF,K-25764IN-AF,design_co_occurrence,15,"Both products appear in the same ""Superior"" look on page 15.",high,false,
rel_0013,look_002,Superior,K-25758IN-4ND-AF,K-7314IN-AF,design_co_occurrence,15,"Both products appear in the same ""Superior"" look on page 15.",high,false,
rel_0014,look_002,Superior,K-25758IN-4ND-AF,K-20746IN-AF,design_co_occurrence,15,"Both products appear in the same ""Superior"" look on page 15.",high,false,
rel_0015,look_002,Superior,K-25758IN-4ND-AF,K-26341IN-NA,design_co_occurrence,15,"Both products appear in the same ""Superior"" look on page 15.",high,false,
rel_0016,look_002,Superior,K-21226IN-SS-0,K-5402IN-ZZ-0,design_co_occurrence,15,"Both products appear in the same ""Superior"" look on page 15.",high,false,
rel_0017,look_002,Superior,K-21226IN-SS-0,K-97258IN-ZZ-AF,design_co_occurrence,15,"Both products appear in the same ""Superior"" look on page 15.",high,false,
rel_0018,look_002,Superior,K-21226IN-SS-0,K-29959IN-AF,design_co_occurrence,15,"Both products appear in the same ""Superior"" look on page 15.",high,false,
rel_0019,look_002,Superior,K-21226IN-SS-0,K-26347IN-9-AF,design_co_occurrence,15,"Both products appear in the same ""Superior"" look on page 15.",high,false,
rel_0020,look_002,Superior,K-21226IN-SS-0,K-25764IN-AF,design_co_occurrence,15,"Both products appear in the same ""Superior"" look on page 15.",high,false,
rel_0021,look_002,Superior,K-21226IN-SS-0,K-7314IN-AF,design_co_occurrence,15,"Both products appear in the same ""Superior"" look on page 15.",high,false,
rel_0022,look_002,Superior,K-21226IN-SS-0,K-20746IN-AF,design_co_occurrence,15,"Both products appear in the same ""Superior"" look on page 15.",high,false,
rel_0023,look_002,Superior,K-21226IN-SS-0,K-26341IN-NA,design_co_occurrence,15,"Both products appear in the same ""Superior"" look on page 15.",high,false,
rel_0024,look_002,Superior,K-5402IN-ZZ-0,K-97258IN-ZZ-AF,design_co_occurrence,15,"Both products appear in the same ""Superior"" look on page 15.",high,false,
rel_0025,look_002,Superior,K-5402IN-ZZ-0,K-29959IN-AF,design_co_occurrence,15,"Both products appear in the same ""Superior"" look on page 15.",high,false,
rel_0026,look_002,Superior,K-5402IN-ZZ-0,K-26347IN-9-AF,design_co_occurrence,15,"Both products appear in the same ""Superior"" look on page 15.",high,false,
rel_0027,look_002,Superior,K-5402IN-ZZ-0,K-25764IN-AF,design_co_occurrence,15,"Both products appear in the same ""Superior"" look on page 15.",high,false,
rel_0028,look_002,Superior,K-5402IN-ZZ-0,K-7314IN-AF,design_co_occurrence,15,"Both products appear in the same ""Superior"" look on page 15.",high,false,
rel_0029,look_002,Superior,K-5402IN-ZZ-0,K-20746IN-AF,design_co_occurrence,15,"Both products appear in the same ""Superior"" look on page 15.",high,false,
rel_0030,look_002,Superior,K-5402IN-ZZ-0,K-26341IN-NA,design_co_occurrence,15,"Both products appear in the same ""Superior"" look on page 15.",high,false,
rel_0031,look_002,Superior,K-97258IN-ZZ-AF,K-29959IN-AF,design_co_occurrence,15,"Both products appear in the same ""Superior"" look on page 15.",high,false,
rel_0032,look_002,Superior,K-97258IN-ZZ-AF,K-26347IN-9-AF,design_co_occurrence,15,"Both products appear in the same ""Superior"" look on page 15.",high,false,
rel_0033,look_002,Superior,K-97258IN-ZZ-AF,K-25764IN-AF,design_co_occurrence,15,"Both products appear in the same ""Superior"" look on page 15.",high,false,
rel_0034,look_002,Superior,K-97258IN-ZZ-AF,K-7314IN-AF,design_co_occurrence,15,"Both products appear in the same ""Superior"" look on page 15.",high,false,
rel_0035,look_002,Superior,K-97258IN-ZZ-AF,K-20746IN-AF,design_co_occurrence,15,"Both products appear in the same ""Superior"" look on page 15.",high,false,
rel_0036,look_002,Superior,K-97258IN-ZZ-AF,K-26341IN-NA,design_co_occurrence,15,"Both products appear in the same ""Superior"" look on page 15.",high,false,
rel_0037,look_002,Superior,K-29959IN-AF,K-26347IN-9-AF,design_co_occurrence,15,"Both products appear in the same ""Superior"" look on page 15.",high,false,
rel_0038,look_002,Superior,K-29959IN-AF,K-25764IN-AF,design_co_occurrence,15,"Both products appear in the same ""Superior"" look on page 15.",high,false,
rel_0039,look_002,Superior,K-29959IN-AF,K-7314IN-AF,design_co_occurrence,15,"Both products appear in the same ""Superior"" look on page 15.",high,false,
rel_0040,look_002,Superior,K-29959IN-AF,K-20746IN-AF,design_co_occurrence,15,"Both products appear in the same ""Superior"" look on page 15.",high,false,
rel_0041,look_002,Superior,K-29959IN-AF,K-26341IN-NA,design_co_occurrence,15,"Both products appear in the same ""Superior"" look on page 15.",high,false,
rel_0042,look_002,Superior,K-26347IN-9-AF,K-25764IN-AF,design_co_occurrence,15,"Both products appear in the same ""Superior"" look on page 15.",high,false,
rel_0043,look_002,Superior,K-26347IN-9-AF,K-7314IN-AF,design_co_occurrence,15,"Both products appear in the same ""Superior"" look on page 15.",high,false,
rel_0044,look_002,Superior,K-26347IN-9-AF,K-20746IN-AF,design_co_occurrence,15,"Both products appear in the same ""Superior"" look on page 15.",high,false,
rel_0045,look_002,Superior,K-26347IN-9-AF,K-26341IN-NA,design_co_occurrence,15,"Both products appear in the same ""Superior"" look on page 15.",high,false,
rel_0046,look_002,Superior,K-25764IN-AF,K-7314IN-AF,design_co_occurrence,15,"Both products appear in the same ""Superior"" look on page 15.",high,false,
rel_0047,look_002,Superior,K-25764IN-AF,K-20746IN-AF,design_co_occurrence,15,"Both products appear in the same ""Superior"" look on page 15.",high,false,
rel_0048,look_002,Superior,K-25764IN-AF,K-26341IN-NA,design_co_occurrence,15,"Both products appear in the same ""Superior"" look on page 15.",high,false,
rel_0049,look_002,Superior,K-7314IN-AF,K-20746IN-AF,design_co_occurrence,15,"Both products appear in the same ""Superior"" look on page 15.",high,false,
rel_0050,look_002,Superior,K-7314IN-AF,K-26341IN-NA,design_co_occurrence,15,"Both products appear in the same ""Superior"" look on page 15.",high,false,
rel_0051,look_002,Superior,K-20746IN-AF,K-26341IN-NA,design_co_occurrence,15,"Both products appear in the same ""Superior"" look on page 15.",high,false,
rel_0052,look_003,Superior,K-25759IN-4ND-CP,K-31343IN-SS-0,design_co_occurrence,17,"Both products appear in the same ""Superior"" look on page 17.",high,false,
rel_0053,look_003,Superior,K-25759IN-4ND-CP,K-75890IN-P-CP,design_co_occurrence,17,"Both products appear in the same ""Superior"" look on page 17.",high,false,
rel_0054,look_003,Superior,K-25759IN-4ND-CP,K-31539IN-SS-0 + K-4108IN-0,design_co_occurrence,17,"Both products appear in the same ""Superior"" look on page 17.",high,false,
rel_0055,look_003,Superior,K-25759IN-4ND-CP,K-77364IN-CP,design_co_occurrence,17,"Both products appear in the same ""Superior"" look on page 17.",high,false,
rel_0056,look_003,Superior,K-25759IN-4ND-CP,K-26296IN-CP,design_co_occurrence,17,"Both products appear in the same ""Superior"" look on page 17.",high,false,
rel_0057,look_003,Superior,K-25759IN-4ND-CP,K-26347IN-9-CP,design_co_occurrence,17,"Both products appear in the same ""Superior"" look on page 17.",high,false,
rel_0058,look_003,Superior,K-25759IN-4ND-CP,K-25765IN-CP,design_co_occurrence,17,"Both products appear in the same ""Superior"" look on page 17.",high,false,
rel_0059,look_003,Superior,K-25759IN-4ND-CP,K-26351IN-P-NA,design_co_occurrence,17,"Both products appear in the same ""Superior"" look on page 17.",high,false,
rel_0060,look_003,Superior,K-25759IN-4ND-CP,K-7314IN-CP,design_co_occurrence,17,"Both products appear in the same ""Superior"" look on page 17.",high,false,
rel_0061,look_003,Superior,K-25759IN-4ND-CP,K-20746IN-CP,design_co_occurrence,17,"Both products appear in the same ""Superior"" look on page 17.",high,false,
rel_0062,look_003,Superior,K-25759IN-4ND-CP,K-26341IN-NA,design_co_occurrence,17,"Both products appear in the same ""Superior"" look on page 17.",high,false,
rel_0063,look_003,Superior,K-25759IN-4ND-CP,K-26324IN-CP,design_co_occurrence,17,"Both products appear in the same ""Superior"" look on page 17.",high,false,
rel_0064,look_003,Superior,K-31343IN-SS-0,K-75890IN-P-CP,design_co_occurrence,17,"Both products appear in the same ""Superior"" look on page 17.",high,false,
rel_0065,look_003,Superior,K-31343IN-SS-0,K-31539IN-SS-0 + K-4108IN-0,design_co_occurrence,17,"Both products appear in the same ""Superior"" look on page 17.",high,false,
rel_0066,look_003,Superior,K-31343IN-SS-0,K-77364IN-CP,design_co_occurrence,17,"Both products appear in the same ""Superior"" look on page 17.",high,false,
rel_0067,look_003,Superior,K-31343IN-SS-0,K-26296IN-CP,design_co_occurrence,17,"Both products appear in the same ""Superior"" look on page 17.",high,false,
rel_0068,look_003,Superior,K-31343IN-SS-0,K-26347IN-9-CP,design_co_occurrence,17,"Both products appear in the same ""Superior"" look on page 17.",high,false,
rel_0069,look_003,Superior,K-31343IN-SS-0,K-25765IN-CP,design_co_occurrence,17,"Both products appear in the same ""Superior"" look on page 17.",high,false,
rel_0070,look_003,Superior,K-31343IN-SS-0,K-26351IN-P-NA,design_co_occurrence,17,"Both products appear in the same ""Superior"" look on page 17.",high,false,
rel_0071,look_003,Superior,K-31343IN-SS-0,K-7314IN-CP,design_co_occurrence,17,"Both products appear in the same ""Superior"" look on page 17.",high,false,
rel_0072,look_003,Superior,K-31343IN-SS-0,K-20746IN-CP,design_co_occurrence,17,"Both products appear in the same ""Superior"" look on page 17.",high,false,
rel_0073,look_003,Superior,K-31343IN-SS-0,K-26341IN-NA,design_co_occurrence,17,"Both products appear in the same ""Superior"" look on page 17.",high,false,
rel_0074,look_003,Superior,K-31343IN-SS-0,K-26324IN-CP,design_co_occurrence,17,"Both products appear in the same ""Superior"" look on page 17.",high,false,
rel_0075,look_003,Superior,K-75890IN-P-CP,K-31539IN-SS-0 + K-4108IN-0,design_co_occurrence,17,"Both products appear in the same ""Superior"" look on page 17.",high,false,
rel_0076,look_003,Superior,K-75890IN-P-CP,K-77364IN-CP,design_co_occurrence,17,"Both products appear in the same ""Superior"" look on page 17.",high,false,
rel_0077,look_003,Superior,K-75890IN-P-CP,K-26296IN-CP,design_co_occurrence,17,"Both products appear in the same ""Superior"" look on page 17.",high,false,
rel_0078,look_003,Superior,K-75890IN-P-CP,K-26347IN-9-CP,design_co_occurrence,17,"Both products appear in the same ""Superior"" look on page 17.",high,false,
rel_0079,look_003,Superior,K-75890IN-P-CP,K-25765IN-CP,design_co_occurrence,17,"Both products appear in the same ""Superior"" look on page 17.",high,false,
rel_0080,look_003,Superior,K-75890IN-P-CP,K-26351IN-P-NA,design_co_occurrence,17,"Both products appear in the same ""Superior"" look on page 17.",high,false,
rel_0081,look_003,Superior,K-75890IN-P-CP,K-7314IN-CP,design_co_occurrence,17,"Both products appear in the same ""Superior"" look on page 17.",high,false,
rel_0082,look_003,Superior,K-75890IN-P-CP,K-20746IN-CP,design_co_occurrence,17,"Both products appear in the same ""Superior"" look on page 17.",high,false,
rel_0083,look_003,Superior,K-75890IN-P-CP,K-26341IN-NA,design_co_occurrence,17,"Both products appear in the same ""Superior"" look on page 17.",high,false,
rel_0084,look_003,Superior,K-75890IN-P-CP,K-26324IN-CP,design_co_occurrence,17,"Both products appear in the same ""Superior"" look on page 17.",high,false,
rel_0085,look_003,Superior,K-31539IN-SS-0 + K-4108IN-0,K-77364IN-CP,design_co_occurrence,17,"Both products appear in the same ""Superior"" look on page 17.",high,false,
rel_0086,look_003,Superior,K-31539IN-SS-0 + K-4108IN-0,K-26296IN-CP,design_co_occurrence,17,"Both products appear in the same ""Superior"" look on page 17.",high,false,
rel_0087,look_003,Superior,K-31539IN-SS-0 + K-4108IN-0,K-26347IN-9-CP,design_co_occurrence,17,"Both products appear in the same ""Superior"" look on page 17.",high,false,
rel_0088,look_003,Superior,K-31539IN-SS-0 + K-4108IN-0,K-25765IN-CP,design_co_occurrence,17,"Both products appear in the same ""Superior"" look on page 17.",high,false,
rel_0089,look_003,Superior,K-31539IN-SS-0 + K-4108IN-0,K-26351IN-P-NA,design_co_occurrence,17,"Both products appear in the same ""Superior"" look on page 17.",high,false,
rel_0090,look_003,Superior,K-31539IN-SS-0 + K-4108IN-0,K-7314IN-CP,design_co_occurrence,17,"Both products appear in the same ""Superior"" look on page 17.",high,false,
rel_0091,look_003,Superior,K-31539IN-SS-0 + K-4108IN-0,K-20746IN-CP,design_co_occurrence,17,"Both products appear in the same ""Superior"" look on page 17.",high,false,
rel_0092,look_003,Superior,K-31539IN-SS-0 + K-4108IN-0,K-26341IN-NA,design_co_occurrence,17,"Both products appear in the same ""Superior"" look on page 17.",high,false,
rel_0093,look_003,Superior,K-31539IN-SS-0 + K-4108IN-0,K-26324IN-CP,design_co_occurrence,17,"Both products appear in the same ""Superior"" look on page 17.",high,false,
rel_0094,look_003,Superior,K-77364IN-CP,K-26296IN-CP,design_co_occurrence,17,"Both products appear in the same ""Superior"" look on page 17.",high,false,
rel_0095,look_003,Superior,K-77364IN-CP,K-26347IN-9-CP,design_co_occurrence,17,"Both products appear in the same ""Superior"" look on page 17.",high,false,
rel_0096,look_003,Superior,K-77364IN-CP,K-25765IN-CP,design_co_occurrence,17,"Both products appear in the same ""Superior"" look on page 17.",high,false,
rel_0097,look_003,Superior,K-77364IN-CP,K-26351IN-P-NA,design_co_occurrence,17,"Both products appear in the same ""Superior"" look on page 17.",high,false,
rel_0098,look_003,Superior,K-77364IN-CP,K-7314IN-CP,design_co_occurrence,17,"Both products appear in the same ""Superior"" look on page 17.",high,false,
rel_0099,look_003,Superior,K-77364IN-CP,K-20746IN-CP,design_co_occurrence,17,"Both products appear in the same ""Superior"" look on page 17.",high,false,
rel_0100,look_003,Superior,K-77364IN-CP,K-26341IN-NA,design_co_occurrence,17,"Both products appear in the same ""Superior"" look on page 17.",high,false,
rel_0101,look_003,Superior,K-77364IN-CP,K-26324IN-CP,design_co_occurrence,17,"Both products appear in the same ""Superior"" look on page 17.",high,false,
rel_0102,look_003,Superior,K-26296IN-CP,K-26347IN-9-CP,design_co_occurrence,17,"Both products appear in the same ""Superior"" look on page 17.",high,false,
rel_0103,look_003,Superior,K-26296IN-CP,K-25765IN-CP,design_co_occurrence,17,"Both products appear in the same ""Superior"" look on page 17.",high,false,
rel_0104,look_003,Superior,K-26296IN-CP,K-26351IN-P-NA,design_co_occurrence,17,"Both products appear in the same ""Superior"" look on page 17.",high,false,
rel_0105,look_003,Superior,K-26296IN-CP,K-7314IN-CP,design_co_occurrence,17,"Both products appear in the same ""Superior"" look on page 17.",high,false,
rel_0106,look_003,Superior,K-26296IN-CP,K-20746IN-CP,design_co_occurrence,17,"Both products appear in the same ""Superior"" look on page 17.",high,false,
rel_0107,look_003,Superior,K-26296IN-CP,K-26341IN-NA,design_co_occurrence,17,"Both products appear in the same ""Superior"" look on page 17.",high,false,
rel_0108,look_003,Superior,K-26296IN-CP,K-26324IN-CP,design_co_occurrence,17,"Both products appear in the same ""Superior"" look on page 17.",high,false,
rel_0109,look_003,Superior,K-26347IN-9-CP,K-25765IN-CP,design_co_occurrence,17,"Both products appear in the same ""Superior"" look on page 17.",high,false,
rel_0110,look_003,Superior,K-26347IN-9-CP,K-26351IN-P-NA,design_co_occurrence,17,"Both products appear in the same ""Superior"" look on page 17.",high,false,
rel_0111,look_003,Superior,K-26347IN-9-CP,K-7314IN-CP,design_co_occurrence,17,"Both products appear in the same ""Superior"" look on page 17.",high,false,
rel_0112,look_003,Superior,K-26347IN-9-CP,K-20746IN-CP,design_co_occurrence,17,"Both products appear in the same ""Superior"" look on page 17.",high,false,
rel_0113,look_003,Superior,K-26347IN-9-CP,K-26341IN-NA,design_co_occurrence,17,"Both products appear in the same ""Superior"" look on page 17.",high,false,
rel_0114,look_003,Superior,K-26347IN-9-CP,K-26324IN-CP,design_co_occurrence,17,"Both products appear in the same ""Superior"" look on page 17.",high,false,
rel_0115,look_003,Superior,K-25765IN-CP,K-26351IN-P-NA,design_co_occurrence,17,"Both products appear in the same ""Superior"" look on page 17.",high,false,
rel_0116,look_003,Superior,K-25765IN-CP,K-7314IN-CP,design_co_occurrence,17,"Both products appear in the same ""Superior"" look on page 17.",high,false,
rel_0117,look_003,Superior,K-25765IN-CP,K-20746IN-CP,design_co_occurrence,17,"Both products appear in the same ""Superior"" look on page 17.",high,false,
rel_0118,look_003,Superior,K-25765IN-CP,K-26341IN-NA,design_co_occurrence,17,"Both products appear in the same ""Superior"" look on page 17.",high,false,
rel_0119,look_003,Superior,K-25765IN-CP,K-26324IN-CP,design_co_occurrence,17,"Both products appear in the same ""Superior"" look on page 17.",high,false,
rel_0120,look_003,Superior,K-26351IN-P-NA,K-7314IN-CP,design_co_occurrence,17,"Both products appear in the same ""Superior"" look on page 17.",high,false,
rel_0121,look_003,Superior,K-26351IN-P-NA,K-20746IN-CP,design_co_occurrence,17,"Both products appear in the same ""Superior"" look on page 17.",high,false,
rel_0122,look_003,Superior,K-26351IN-P-NA,K-26341IN-NA,design_co_occurrence,17,"Both products appear in the same ""Superior"" look on page 17.",high,false,
rel_0123,look_003,Superior,K-26351IN-P-NA,K-26324IN-CP,design_co_occurrence,17,"Both products appear in the same ""Superior"" look on page 17.",high,false,
rel_0124,look_003,Superior,K-7314IN-CP,K-20746IN-CP,design_co_occurrence,17,"Both products appear in the same ""Superior"" look on page 17.",high,false,
rel_0125,look_003,Superior,K-7314IN-CP,K-26341IN-NA,design_co_occurrence,17,"Both products appear in the same ""Superior"" look on page 17.",high,false,
rel_0126,look_003,Superior,K-7314IN-CP,K-26324IN-CP,design_co_occurrence,17,"Both products appear in the same ""Superior"" look on page 17.",high,false,
rel_0127,look_003,Superior,K-20746IN-CP,K-26341IN-NA,design_co_occurrence,17,"Both products appear in the same ""Superior"" look on page 17.",high,false,
rel_0128,look_003,Superior,K-20746IN-CP,K-26324IN-CP,design_co_occurrence,17,"Both products appear in the same ""Superior"" look on page 17.",high,false,
rel_0129,look_003,Superior,K-26341IN-NA,K-26324IN-CP,design_co_occurrence,17,"Both products appear in the same ""Superior"" look on page 17.",high,false,
rel_0130,look_004,Superior,K-25758IN-4ND-AF,K-31343IN-SS-0,design_co_occurrence,19,"Both products appear in the same ""Superior"" look on page 19.",high,false,
rel_0131,look_004,Superior,K-25758IN-4ND-AF,K-75890IN-M-AF,design_co_occurrence,19,"Both products appear in the same ""Superior"" look on page 19.",high,false,
rel_0132,look_004,Superior,K-25758IN-4ND-AF,K-27902IN-SS-0,design_co_occurrence,19,"Both products appear in the same ""Superior"" look on page 19.",high,false,
rel_0133,look_004,Superior,K-25758IN-4ND-AF,K-12927IN-AF,design_co_occurrence,19,"Both products appear in the same ""Superior"" look on page 19.",high,false,
rel_0134,look_004,Superior,K-25758IN-4ND-AF,K-27731IN-AF,design_co_occurrence,19,"Both products appear in the same ""Superior"" look on page 19.",high,false,
rel_0135,look_004,Superior,K-25758IN-4ND-AF,K-25761IN-9-AF,design_co_occurrence,19,"Both products appear in the same ""Superior"" look on page 19.",high,false,
rel_0136,look_004,Superior,K-25758IN-4ND-AF,K-25765IN-AF,design_co_occurrence,19,"Both products appear in the same ""Superior"" look on page 19.",high,false,
rel_0137,look_004,Superior,K-25758IN-4ND-AF,K-26351IN-P-NA,design_co_occurrence,19,"Both products appear in the same ""Superior"" look on page 19.",high,false,
rel_0138,look_004,Superior,K-25758IN-4ND-AF,K-7314IN-AF,design_co_occurrence,19,"Both products appear in the same ""Superior"" look on page 19.",high,false,
rel_0139,look_004,Superior,K-25758IN-4ND-AF,K-20746IN-AF,design_co_occurrence,19,"Both products appear in the same ""Superior"" look on page 19.",high,false,
rel_0140,look_004,Superior,K-25758IN-4ND-AF,K-20740IN-A-NA,design_co_occurrence,19,"Both products appear in the same ""Superior"" look on page 19.",high,false,
rel_0141,look_004,Superior,K-25758IN-4ND-AF,K-16346IN-AF,design_co_occurrence,19,"Both products appear in the same ""Superior"" look on page 19.",high,false,
rel_0142,look_004,Superior,K-31343IN-SS-0,K-75890IN-M-AF,design_co_occurrence,19,"Both products appear in the same ""Superior"" look on page 19.",high,false,
rel_0143,look_004,Superior,K-31343IN-SS-0,K-27902IN-SS-0,design_co_occurrence,19,"Both products appear in the same ""Superior"" look on page 19.",high,false,
rel_0144,look_004,Superior,K-31343IN-SS-0,K-12927IN-AF,design_co_occurrence,19,"Both products appear in the same ""Superior"" look on page 19.",high,false,
rel_0145,look_004,Superior,K-31343IN-SS-0,K-27731IN-AF,design_co_occurrence,19,"Both products appear in the same ""Superior"" look on page 19.",high,false,
rel_0146,look_004,Superior,K-31343IN-SS-0,K-25761IN-9-AF,design_co_occurrence,19,"Both products appear in the same ""Superior"" look on page 19.",high,false,
rel_0147,look_004,Superior,K-31343IN-SS-0,K-25765IN-AF,design_co_occurrence,19,"Both products appear in the same ""Superior"" look on page 19.",high,false,
rel_0148,look_004,Superior,K-31343IN-SS-0,K-26351IN-P-NA,design_co_occurrence,19,"Both products appear in the same ""Superior"" look on page 19.",high,false,
rel_0149,look_004,Superior,K-31343IN-SS-0,K-7314IN-AF,design_co_occurrence,19,"Both products appear in the same ""Superior"" look on page 19.",high,false,
rel_0150,look_004,Superior,K-31343IN-SS-0,K-20746IN-AF,design_co_occurrence,19,"Both products appear in the same ""Superior"" look on page 19.",high,false,
rel_0151,look_004,Superior,K-31343IN-SS-0,K-20740IN-A-NA,design_co_occurrence,19,"Both products appear in the same ""Superior"" look on page 19.",high,false,
rel_0152,look_004,Superior,K-31343IN-SS-0,K-16346IN-AF,design_co_occurrence,19,"Both products appear in the same ""Superior"" look on page 19.",high,false,
rel_0153,look_004,Superior,K-75890IN-M-AF,K-27902IN-SS-0,design_co_occurrence,19,"Both products appear in the same ""Superior"" look on page 19.",high,false,
rel_0154,look_004,Superior,K-75890IN-M-AF,K-12927IN-AF,design_co_occurrence,19,"Both products appear in the same ""Superior"" look on page 19.",high,false,
rel_0155,look_004,Superior,K-75890IN-M-AF,K-27731IN-AF,design_co_occurrence,19,"Both products appear in the same ""Superior"" look on page 19.",high,false,
rel_0156,look_004,Superior,K-75890IN-M-AF,K-25761IN-9-AF,design_co_occurrence,19,"Both products appear in the same ""Superior"" look on page 19.",high,false,
rel_0157,look_004,Superior,K-75890IN-M-AF,K-25765IN-AF,design_co_occurrence,19,"Both products appear in the same ""Superior"" look on page 19.",high,false,
rel_0158,look_004,Superior,K-75890IN-M-AF,K-26351IN-P-NA,design_co_occurrence,19,"Both products appear in the same ""Superior"" look on page 19.",high,false,
rel_0159,look_004,Superior,K-75890IN-M-AF,K-7314IN-AF,design_co_occurrence,19,"Both products appear in the same ""Superior"" look on page 19.",high,false,
rel_0160,look_004,Superior,K-75890IN-M-AF,K-20746IN-AF,design_co_occurrence,19,"Both products appear in the same ""Superior"" look on page 19.",high,false,
rel_0161,look_004,Superior,K-75890IN-M-AF,K-20740IN-A-NA,design_co_occurrence,19,"Both products appear in the same ""Superior"" look on page 19.",high,false,
rel_0162,look_004,Superior,K-75890IN-M-AF,K-16346IN-AF,design_co_occurrence,19,"Both products appear in the same ""Superior"" look on page 19.",high,false,
rel_0163,look_004,Superior,K-27902IN-SS-0,K-12927IN-AF,design_co_occurrence,19,"Both products appear in the same ""Superior"" look on page 19.",high,false,
rel_0164,look_004,Superior,K-27902IN-SS-0,K-27731IN-AF,design_co_occurrence,19,"Both products appear in the same ""Superior"" look on page 19.",high,false,
rel_0165,look_004,Superior,K-27902IN-SS-0,K-25761IN-9-AF,design_co_occurrence,19,"Both products appear in the same ""Superior"" look on page 19.",high,false,
rel_0166,look_004,Superior,K-27902IN-SS-0,K-25765IN-AF,design_co_occurrence,19,"Both products appear in the same ""Superior"" look on page 19.",high,false,
rel_0167,look_004,Superior,K-27902IN-SS-0,K-26351IN-P-NA,design_co_occurrence,19,"Both products appear in the same ""Superior"" look on page 19.",high,false,
rel_0168,look_004,Superior,K-27902IN-SS-0,K-7314IN-AF,design_co_occurrence,19,"Both products appear in the same ""Superior"" look on page 19.",high,false,
rel_0169,look_004,Superior,K-27902IN-SS-0,K-20746IN-AF,design_co_occurrence,19,"Both products appear in the same ""Superior"" look on page 19.",high,false,
rel_0170,look_004,Superior,K-27902IN-SS-0,K-20740IN-A-NA,design_co_occurrence,19,"Both products appear in the same ""Superior"" look on page 19.",high,false,
rel_0171,look_004,Superior,K-27902IN-SS-0,K-16346IN-AF,design_co_occurrence,19,"Both products appear in the same ""Superior"" look on page 19.",high,false,
rel_0172,look_004,Superior,K-12927IN-AF,K-27731IN-AF,design_co_occurrence,19,"Both products appear in the same ""Superior"" look on page 19.",high,false,
rel_0173,look_004,Superior,K-12927IN-AF,K-25761IN-9-AF,design_co_occurrence,19,"Both products appear in the same ""Superior"" look on page 19.",high,false,
rel_0174,look_004,Superior,K-12927IN-AF,K-25765IN-AF,design_co_occurrence,19,"Both products appear in the same ""Superior"" look on page 19.",high,false,
rel_0175,look_004,Superior,K-12927IN-AF,K-26351IN-P-NA,design_co_occurrence,19,"Both products appear in the same ""Superior"" look on page 19.",high,false,
rel_0176,look_004,Superior,K-12927IN-AF,K-7314IN-AF,design_co_occurrence,19,"Both products appear in the same ""Superior"" look on page 19.",high,false,
rel_0177,look_004,Superior,K-12927IN-AF,K-20746IN-AF,design_co_occurrence,19,"Both products appear in the same ""Superior"" look on page 19.",high,false,
rel_0178,look_004,Superior,K-12927IN-AF,K-20740IN-A-NA,design_co_occurrence,19,"Both products appear in the same ""Superior"" look on page 19.",high,false,
rel_0179,look_004,Superior,K-12927IN-AF,K-16346IN-AF,design_co_occurrence,19,"Both products appear in the same ""Superior"" look on page 19.",high,false,
rel_0180,look_004,Superior,K-27731IN-AF,K-25761IN-9-AF,design_co_occurrence,19,"Both products appear in the same ""Superior"" look on page 19.",high,false,
rel_0181,look_004,Superior,K-27731IN-AF,K-25765IN-AF,design_co_occurrence,19,"Both products appear in the same ""Superior"" look on page 19.",high,false,
rel_0182,look_004,Superior,K-27731IN-AF,K-26351IN-P-NA,design_co_occurrence,19,"Both products appear in the same ""Superior"" look on page 19.",high,false,
rel_0183,look_004,Superior,K-27731IN-AF,K-7314IN-AF,design_co_occurrence,19,"Both products appear in the same ""Superior"" look on page 19.",high,false,
rel_0184,look_004,Superior,K-27731IN-AF,K-20746IN-AF,design_co_occurrence,19,"Both products appear in the same ""Superior"" look on page 19.",high,false,
rel_0185,look_004,Superior,K-27731IN-AF,K-20740IN-A-NA,design_co_occurrence,19,"Both products appear in the same ""Superior"" look on page 19.",high,false,
rel_0186,look_004,Superior,K-27731IN-AF,K-16346IN-AF,design_co_occurrence,19,"Both products appear in the same ""Superior"" look on page 19.",high,false,
rel_0187,look_004,Superior,K-25761IN-9-AF,K-25765IN-AF,design_co_occurrence,19,"Both products appear in the same ""Superior"" look on page 19.",high,false,
rel_0188,look_004,Superior,K-25761IN-9-AF,K-26351IN-P-NA,design_co_occurrence,19,"Both products appear in the same ""Superior"" look on page 19.",high,false,
rel_0189,look_004,Superior,K-25761IN-9-AF,K-7314IN-AF,design_co_occurrence,19,"Both products appear in the same ""Superior"" look on page 19.",high,false,
rel_0190,look_004,Superior,K-25761IN-9-AF,K-20746IN-AF,design_co_occurrence,19,"Both products appear in the same ""Superior"" look on page 19.",high,false,
rel_0191,look_004,Superior,K-25761IN-9-AF,K-20740IN-A-NA,design_co_occurrence,19,"Both products appear in the same ""Superior"" look on page 19.",high,false,
rel_0192,look_004,Superior,K-25761IN-9-AF,K-16346IN-AF,design_co_occurrence,19,"Both products appear in the same ""Superior"" look on page 19.",high,false,
rel_0193,look_004,Superior,K-25765IN-AF,K-26351IN-P-NA,design_co_occurrence,19,"Both products appear in the same ""Superior"" look on page 19.",high,false,
rel_0194,look_004,Superior,K-25765IN-AF,K-7314IN-AF,design_co_occurrence,19,"Both products appear in the same ""Superior"" look on page 19.",high,false,
rel_0195,look_004,Superior,K-25765IN-AF,K-20746IN-AF,design_co_occurrence,19,"Both products appear in the same ""Superior"" look on page 19.",high,false,
rel_0196,look_004,Superior,K-25765IN-AF,K-20740IN-A-NA,design_co_occurrence,19,"Both products appear in the same ""Superior"" look on page 19.",high,false,
rel_0197,look_004,Superior,K-25765IN-AF,K-16346IN-AF,design_co_occurrence,19,"Both products appear in the same ""Superior"" look on page 19.",high,false,
rel_0198,look_004,Superior,K-26351IN-P-NA,K-7314IN-AF,design_co_occurrence,19,"Both products appear in the same ""Superior"" look on page 19.",high,false,
rel_0199,look_004,Superior,K-26351IN-P-NA,K-20746IN-AF,design_co_occurrence,19,"Both products appear in the same ""Superior"" look on page 19.",high,false,
rel_0200,look_004,Superior,K-26351IN-P-NA,K-20740IN-A-NA,design_co_occurrence,19,"Both products appear in the same ""Superior"" look on page 19.",high,false,
rel_0201,look_004,Superior,K-26351IN-P-NA,K-16346IN-AF,design_co_occurrence,19,"Both products appear in the same ""Superior"" look on page 19.",high,false,
rel_0202,look_004,Superior,K-7314IN-AF,K-20746IN-AF,design_co_occurrence,19,"Both products appear in the same ""Superior"" look on page 19.",high,false,
rel_0203,look_004,Superior,K-7314IN-AF,K-20740IN-A-NA,design_co_occurrence,19,"Both products appear in the same ""Superior"" look on page 19.",high,false,
rel_0204,look_004,Superior,K-7314IN-AF,K-16346IN-AF,design_co_occurrence,19,"Both products appear in the same ""Superior"" look on page 19.",high,false,
rel_0205,look_004,Superior,K-20746IN-AF,K-20740IN-A-NA,design_co_occurrence,19,"Both products appear in the same ""Superior"" look on page 19.",high,false,
rel_0206,look_004,Superior,K-20746IN-AF,K-16346IN-AF,design_co_occurrence,19,"Both products appear in the same ""Superior"" look on page 19.",high,false,
rel_0207,look_004,Superior,K-20740IN-A-NA,K-16346IN-AF,design_co_occurrence,19,"Both products appear in the same ""Superior"" look on page 19.",high,false,
rel_0208,look_005,Aspire,K-23475IN-4ND-CP,K-5373IN-0,design_co_occurrence,23,"Both products appear in the same ""Aspire"" look on page 23.",high,false,
rel_0209,look_005,Aspire,K-23475IN-4ND-CP,K-5413IN-P-CP,design_co_occurrence,23,"Both products appear in the same ""Aspire"" look on page 23.",high,false,
rel_0210,look_005,Aspire,K-23475IN-4ND-CP,K-26994IN-0,design_co_occurrence,23,"Both products appear in the same ""Aspire"" look on page 23.",high,false,
rel_0211,look_005,Aspire,K-23475IN-4ND-CP,K-97258IN-CP,design_co_occurrence,23,"Both products appear in the same ""Aspire"" look on page 23.",high,false,
rel_0212,look_005,Aspire,K-23475IN-4ND-CP,K-26294IN-CP,design_co_occurrence,23,"Both products appear in the same ""Aspire"" look on page 23.",high,false,
rel_0213,look_005,Aspire,K-23475IN-4ND-CP,K-23497IN-4-CP,design_co_occurrence,23,"Both products appear in the same ""Aspire"" look on page 23.",high,false,
rel_0214,look_005,Aspire,K-23475IN-4ND-CP,K-26299IN-CP,design_co_occurrence,23,"Both products appear in the same ""Aspire"" look on page 23.",high,false,
rel_0215,look_005,Aspire,K-23475IN-4ND-CP,K-23512IN-CP,design_co_occurrence,23,"Both products appear in the same ""Aspire"" look on page 23.",high,false,
rel_0216,look_005,Aspire,K-23475IN-4ND-CP,K-26351IN-P-NA,design_co_occurrence,23,"Both products appear in the same ""Aspire"" look on page 23.",high,false,
rel_0217,look_005,Aspire,K-23475IN-4ND-CP,K-75823IN-CP,design_co_occurrence,23,"Both products appear in the same ""Aspire"" look on page 23.",high,false,
rel_0218,look_005,Aspire,K-23475IN-4ND-CP,K-45433IN-CP,design_co_occurrence,23,"Both products appear in the same ""Aspire"" look on page 23.",high,false,
rel_0219,look_005,Aspire,K-23475IN-4ND-CP,K-99924IN-CP,design_co_occurrence,23,"Both products appear in the same ""Aspire"" look on page 23.",high,false,
rel_0220,look_005,Aspire,K-23475IN-4ND-CP,K-16347IN-CP,design_co_occurrence,23,"Both products appear in the same ""Aspire"" look on page 23.",high,false,
rel_0221,look_005,Aspire,K-5373IN-0,K-5413IN-P-CP,design_co_occurrence,23,"Both products appear in the same ""Aspire"" look on page 23.",high,false,
rel_0222,look_005,Aspire,K-5373IN-0,K-26994IN-0,design_co_occurrence,23,"Both products appear in the same ""Aspire"" look on page 23.",high,false,
rel_0223,look_005,Aspire,K-5373IN-0,K-97258IN-CP,design_co_occurrence,23,"Both products appear in the same ""Aspire"" look on page 23.",high,false,
rel_0224,look_005,Aspire,K-5373IN-0,K-26294IN-CP,design_co_occurrence,23,"Both products appear in the same ""Aspire"" look on page 23.",high,false,
rel_0225,look_005,Aspire,K-5373IN-0,K-23497IN-4-CP,design_co_occurrence,23,"Both products appear in the same ""Aspire"" look on page 23.",high,false,
rel_0226,look_005,Aspire,K-5373IN-0,K-26299IN-CP,design_co_occurrence,23,"Both products appear in the same ""Aspire"" look on page 23.",high,false,
rel_0227,look_005,Aspire,K-5373IN-0,K-23512IN-CP,design_co_occurrence,23,"Both products appear in the same ""Aspire"" look on page 23.",high,false,
rel_0228,look_005,Aspire,K-5373IN-0,K-26351IN-P-NA,design_co_occurrence,23,"Both products appear in the same ""Aspire"" look on page 23.",high,false,
rel_0229,look_005,Aspire,K-5373IN-0,K-75823IN-CP,design_co_occurrence,23,"Both products appear in the same ""Aspire"" look on page 23.",high,false,
rel_0230,look_005,Aspire,K-5373IN-0,K-45433IN-CP,design_co_occurrence,23,"Both products appear in the same ""Aspire"" look on page 23.",high,false,
rel_0231,look_005,Aspire,K-5373IN-0,K-99924IN-CP,design_co_occurrence,23,"Both products appear in the same ""Aspire"" look on page 23.",high,false,
rel_0232,look_005,Aspire,K-5373IN-0,K-16347IN-CP,design_co_occurrence,23,"Both products appear in the same ""Aspire"" look on page 23.",high,false,
rel_0233,look_005,Aspire,K-5413IN-P-CP,K-26994IN-0,design_co_occurrence,23,"Both products appear in the same ""Aspire"" look on page 23.",high,false,
rel_0234,look_005,Aspire,K-5413IN-P-CP,K-97258IN-CP,design_co_occurrence,23,"Both products appear in the same ""Aspire"" look on page 23.",high,false,
rel_0235,look_005,Aspire,K-5413IN-P-CP,K-26294IN-CP,design_co_occurrence,23,"Both products appear in the same ""Aspire"" look on page 23.",high,false,
rel_0236,look_005,Aspire,K-5413IN-P-CP,K-23497IN-4-CP,design_co_occurrence,23,"Both products appear in the same ""Aspire"" look on page 23.",high,false,
rel_0237,look_005,Aspire,K-5413IN-P-CP,K-26299IN-CP,design_co_occurrence,23,"Both products appear in the same ""Aspire"" look on page 23.",high,false,
rel_0238,look_005,Aspire,K-5413IN-P-CP,K-23512IN-CP,design_co_occurrence,23,"Both products appear in the same ""Aspire"" look on page 23.",high,false,
rel_0239,look_005,Aspire,K-5413IN-P-CP,K-26351IN-P-NA,design_co_occurrence,23,"Both products appear in the same ""Aspire"" look on page 23.",high,false,
rel_0240,look_005,Aspire,K-5413IN-P-CP,K-75823IN-CP,design_co_occurrence,23,"Both products appear in the same ""Aspire"" look on page 23.",high,false,
rel_0241,look_005,Aspire,K-5413IN-P-CP,K-45433IN-CP,design_co_occurrence,23,"Both products appear in the same ""Aspire"" look on page 23.",high,false,
rel_0242,look_005,Aspire,K-5413IN-P-CP,K-99924IN-CP,design_co_occurrence,23,"Both products appear in the same ""Aspire"" look on page 23.",high,false,
rel_0243,look_005,Aspire,K-5413IN-P-CP,K-16347IN-CP,design_co_occurrence,23,"Both products appear in the same ""Aspire"" look on page 23.",high,false,
rel_0244,look_005,Aspire,K-26994IN-0,K-97258IN-CP,design_co_occurrence,23,"Both products appear in the same ""Aspire"" look on page 23.",high,false,
rel_0245,look_005,Aspire,K-26994IN-0,K-26294IN-CP,design_co_occurrence,23,"Both products appear in the same ""Aspire"" look on page 23.",high,false,
rel_0246,look_005,Aspire,K-26994IN-0,K-23497IN-4-CP,design_co_occurrence,23,"Both products appear in the same ""Aspire"" look on page 23.",high,false,
rel_0247,look_005,Aspire,K-26994IN-0,K-26299IN-CP,design_co_occurrence,23,"Both products appear in the same ""Aspire"" look on page 23.",high,false,
rel_0248,look_005,Aspire,K-26994IN-0,K-23512IN-CP,design_co_occurrence,23,"Both products appear in the same ""Aspire"" look on page 23.",high,false,
rel_0249,look_005,Aspire,K-26994IN-0,K-26351IN-P-NA,design_co_occurrence,23,"Both products appear in the same ""Aspire"" look on page 23.",high,false,
rel_0250,look_005,Aspire,K-26994IN-0,K-75823IN-CP,design_co_occurrence,23,"Both products appear in the same ""Aspire"" look on page 23.",high,false,
rel_0251,look_005,Aspire,K-26994IN-0,K-45433IN-CP,design_co_occurrence,23,"Both products appear in the same ""Aspire"" look on page 23.",high,false,
rel_0252,look_005,Aspire,K-26994IN-0,K-99924IN-CP,design_co_occurrence,23,"Both products appear in the same ""Aspire"" look on page 23.",high,false,
rel_0253,look_005,Aspire,K-26994IN-0,K-16347IN-CP,design_co_occurrence,23,"Both products appear in the same ""Aspire"" look on page 23.",high,false,
rel_0254,look_005,Aspire,K-97258IN-CP,K-26294IN-CP,design_co_occurrence,23,"Both products appear in the same ""Aspire"" look on page 23.",high,false,
rel_0255,look_005,Aspire,K-97258IN-CP,K-23497IN-4-CP,design_co_occurrence,23,"Both products appear in the same ""Aspire"" look on page 23.",high,false,
rel_0256,look_005,Aspire,K-97258IN-CP,K-26299IN-CP,design_co_occurrence,23,"Both products appear in the same ""Aspire"" look on page 23.",high,false,
rel_0257,look_005,Aspire,K-97258IN-CP,K-23512IN-CP,design_co_occurrence,23,"Both products appear in the same ""Aspire"" look on page 23.",high,false,
rel_0258,look_005,Aspire,K-97258IN-CP,K-26351IN-P-NA,design_co_occurrence,23,"Both products appear in the same ""Aspire"" look on page 23.",high,false,
rel_0259,look_005,Aspire,K-97258IN-CP,K-75823IN-CP,design_co_occurrence,23,"Both products appear in the same ""Aspire"" look on page 23.",high,false,
rel_0260,look_005,Aspire,K-97258IN-CP,K-45433IN-CP,design_co_occurrence,23,"Both products appear in the same ""Aspire"" look on page 23.",high,false,
rel_0261,look_005,Aspire,K-97258IN-CP,K-99924IN-CP,design_co_occurrence,23,"Both products appear in the same ""Aspire"" look on page 23.",high,false,
rel_0262,look_005,Aspire,K-97258IN-CP,K-16347IN-CP,design_co_occurrence,23,"Both products appear in the same ""Aspire"" look on page 23.",high,false,
rel_0263,look_005,Aspire,K-26294IN-CP,K-23497IN-4-CP,design_co_occurrence,23,"Both products appear in the same ""Aspire"" look on page 23.",high,false,
rel_0264,look_005,Aspire,K-26294IN-CP,K-26299IN-CP,design_co_occurrence,23,"Both products appear in the same ""Aspire"" look on page 23.",high,false,
rel_0265,look_005,Aspire,K-26294IN-CP,K-23512IN-CP,design_co_occurrence,23,"Both products appear in the same ""Aspire"" look on page 23.",high,false,
rel_0266,look_005,Aspire,K-26294IN-CP,K-26351IN-P-NA,design_co_occurrence,23,"Both products appear in the same ""Aspire"" look on page 23.",high,false,
rel_0267,look_005,Aspire,K-26294IN-CP,K-75823IN-CP,design_co_occurrence,23,"Both products appear in the same ""Aspire"" look on page 23.",high,false,
rel_0268,look_005,Aspire,K-26294IN-CP,K-45433IN-CP,design_co_occurrence,23,"Both products appear in the same ""Aspire"" look on page 23.",high,false,
rel_0269,look_005,Aspire,K-26294IN-CP,K-99924IN-CP,design_co_occurrence,23,"Both products appear in the same ""Aspire"" look on page 23.",high,false,
rel_0270,look_005,Aspire,K-26294IN-CP,K-16347IN-CP,design_co_occurrence,23,"Both products appear in the same ""Aspire"" look on page 23.",high,false,
rel_0271,look_005,Aspire,K-23497IN-4-CP,K-26299IN-CP,design_co_occurrence,23,"Both products appear in the same ""Aspire"" look on page 23.",high,false,
rel_0272,look_005,Aspire,K-23497IN-4-CP,K-23512IN-CP,design_co_occurrence,23,"Both products appear in the same ""Aspire"" look on page 23.",high,false,
rel_0273,look_005,Aspire,K-23497IN-4-CP,K-26351IN-P-NA,design_co_occurrence,23,"Both products appear in the same ""Aspire"" look on page 23.",high,false,
rel_0274,look_005,Aspire,K-23497IN-4-CP,K-75823IN-CP,design_co_occurrence,23,"Both products appear in the same ""Aspire"" look on page 23.",high,false,
rel_0275,look_005,Aspire,K-23497IN-4-CP,K-45433IN-CP,design_co_occurrence,23,"Both products appear in the same ""Aspire"" look on page 23.",high,false,
rel_0276,look_005,Aspire,K-23497IN-4-CP,K-99924IN-CP,design_co_occurrence,23,"Both products appear in the same ""Aspire"" look on page 23.",high,false,
rel_0277,look_005,Aspire,K-23497IN-4-CP,K-16347IN-CP,design_co_occurrence,23,"Both products appear in the same ""Aspire"" look on page 23.",high,false,
rel_0278,look_005,Aspire,K-26299IN-CP,K-23512IN-CP,design_co_occurrence,23,"Both products appear in the same ""Aspire"" look on page 23.",high,false,
rel_0279,look_005,Aspire,K-26299IN-CP,K-26351IN-P-NA,design_co_occurrence,23,"Both products appear in the same ""Aspire"" look on page 23.",high,false,
rel_0280,look_005,Aspire,K-26299IN-CP,K-75823IN-CP,design_co_occurrence,23,"Both products appear in the same ""Aspire"" look on page 23.",high,false,
rel_0281,look_005,Aspire,K-26299IN-CP,K-45433IN-CP,design_co_occurrence,23,"Both products appear in the same ""Aspire"" look on page 23.",high,false,
rel_0282,look_005,Aspire,K-26299IN-CP,K-99924IN-CP,design_co_occurrence,23,"Both products appear in the same ""Aspire"" look on page 23.",high,false,
rel_0283,look_005,Aspire,K-26299IN-CP,K-16347IN-CP,design_co_occurrence,23,"Both products appear in the same ""Aspire"" look on page 23.",high,false,
rel_0284,look_005,Aspire,K-23512IN-CP,K-26351IN-P-NA,design_co_occurrence,23,"Both products appear in the same ""Aspire"" look on page 23.",high,false,
rel_0285,look_005,Aspire,K-23512IN-CP,K-75823IN-CP,design_co_occurrence,23,"Both products appear in the same ""Aspire"" look on page 23.",high,false,
rel_0286,look_005,Aspire,K-23512IN-CP,K-45433IN-CP,design_co_occurrence,23,"Both products appear in the same ""Aspire"" look on page 23.",high,false,
rel_0287,look_005,Aspire,K-23512IN-CP,K-99924IN-CP,design_co_occurrence,23,"Both products appear in the same ""Aspire"" look on page 23.",high,false,
rel_0288,look_005,Aspire,K-23512IN-CP,K-16347IN-CP,design_co_occurrence,23,"Both products appear in the same ""Aspire"" look on page 23.",high,false,
rel_0289,look_005,Aspire,K-26351IN-P-NA,K-75823IN-CP,design_co_occurrence,23,"Both products appear in the same ""Aspire"" look on page 23.",high,false,
rel_0290,look_005,Aspire,K-26351IN-P-NA,K-45433IN-CP,design_co_occurrence,23,"Both products appear in the same ""Aspire"" look on page 23.",high,false,
rel_0291,look_005,Aspire,K-26351IN-P-NA,K-99924IN-CP,design_co_occurrence,23,"Both products appear in the same ""Aspire"" look on page 23.",high,false,
rel_0292,look_005,Aspire,K-26351IN-P-NA,K-16347IN-CP,design_co_occurrence,23,"Both products appear in the same ""Aspire"" look on page 23.",high,false,
rel_0293,look_005,Aspire,K-75823IN-CP,K-45433IN-CP,design_co_occurrence,23,"Both products appear in the same ""Aspire"" look on page 23.",high,false,
rel_0294,look_005,Aspire,K-75823IN-CP,K-99924IN-CP,design_co_occurrence,23,"Both products appear in the same ""Aspire"" look on page 23.",high,false,
rel_0295,look_005,Aspire,K-75823IN-CP,K-16347IN-CP,design_co_occurrence,23,"Both products appear in the same ""Aspire"" look on page 23.",high,false,
rel_0296,look_005,Aspire,K-45433IN-CP,K-99924IN-CP,design_co_occurrence,23,"Both products appear in the same ""Aspire"" look on page 23.",high,false,
rel_0297,look_005,Aspire,K-45433IN-CP,K-16347IN-CP,design_co_occurrence,23,"Both products appear in the same ""Aspire"" look on page 23.",high,false,
rel_0298,look_005,Aspire,K-99924IN-CP,K-16347IN-CP,design_co_occurrence,23,"Both products appear in the same ""Aspire"" look on page 23.",high,false,
rel_0299,look_006,Aspire,K-72275IN-4ND-CP,K-2660IN-1-0,design_co_occurrence,25,"Both products appear in the same ""Aspire"" look on page 25.",high,false,
rel_0300,look_006,Aspire,K-72275IN-4ND-CP,K-5413IN-P-CP,design_co_occurrence,25,"Both products appear in the same ""Aspire"" look on page 25.",high,false,
rel_0301,look_006,Aspire,K-72275IN-4ND-CP,K-75708IN-2SS-0,design_co_occurrence,25,"Both products appear in the same ""Aspire"" look on page 25.",high,false,
rel_0302,look_006,Aspire,K-72275IN-4ND-CP,K-97258IN-CP,design_co_occurrence,25,"Both products appear in the same ""Aspire"" look on page 25.",high,false,
rel_0303,look_006,Aspire,K-72275IN-4ND-CP,K-27731IN-CP,design_co_occurrence,25,"Both products appear in the same ""Aspire"" look on page 25.",high,false,
rel_0304,look_006,Aspire,K-72275IN-4ND-CP,K-77311IN-4FP-CP,design_co_occurrence,25,"Both products appear in the same ""Aspire"" look on page 25.",high,false,
rel_0305,look_006,Aspire,K-72275IN-4ND-CP,K-8002IN-CP,design_co_occurrence,25,"Both products appear in the same ""Aspire"" look on page 25.",high,false,
rel_0306,look_006,Aspire,K-72275IN-4ND-CP,K-99061IN-CP,design_co_occurrence,25,"Both products appear in the same ""Aspire"" look on page 25.",high,false,
rel_0307,look_006,Aspire,K-72275IN-4ND-CP,K-26351IN-P-NA,design_co_occurrence,25,"Both products appear in the same ""Aspire"" look on page 25.",high,false,
rel_0308,look_006,Aspire,K-72275IN-4ND-CP,K-7314IN-CP,design_co_occurrence,25,"Both products appear in the same ""Aspire"" look on page 25.",high,false,
rel_0309,look_006,Aspire,K-72275IN-4ND-CP,K-45433IN-CP,design_co_occurrence,25,"Both products appear in the same ""Aspire"" look on page 25.",high,false,
rel_0310,look_006,Aspire,K-72275IN-4ND-CP,K-99924IN-CP,design_co_occurrence,25,"Both products appear in the same ""Aspire"" look on page 25.",high,false,
rel_0311,look_006,Aspire,K-72275IN-4ND-CP,K-16346IN-CP,design_co_occurrence,25,"Both products appear in the same ""Aspire"" look on page 25.",high,false,
rel_0312,look_006,Aspire,K-2660IN-1-0,K-5413IN-P-CP,design_co_occurrence,25,"Both products appear in the same ""Aspire"" look on page 25.",high,false,
rel_0313,look_006,Aspire,K-2660IN-1-0,K-75708IN-2SS-0,design_co_occurrence,25,"Both products appear in the same ""Aspire"" look on page 25.",high,false,
rel_0314,look_006,Aspire,K-2660IN-1-0,K-97258IN-CP,design_co_occurrence,25,"Both products appear in the same ""Aspire"" look on page 25.",high,false,
rel_0315,look_006,Aspire,K-2660IN-1-0,K-27731IN-CP,design_co_occurrence,25,"Both products appear in the same ""Aspire"" look on page 25.",high,false,
rel_0316,look_006,Aspire,K-2660IN-1-0,K-77311IN-4FP-CP,design_co_occurrence,25,"Both products appear in the same ""Aspire"" look on page 25.",high,false,
rel_0317,look_006,Aspire,K-2660IN-1-0,K-8002IN-CP,design_co_occurrence,25,"Both products appear in the same ""Aspire"" look on page 25.",high,false,
rel_0318,look_006,Aspire,K-2660IN-1-0,K-99061IN-CP,design_co_occurrence,25,"Both products appear in the same ""Aspire"" look on page 25.",high,false,
rel_0319,look_006,Aspire,K-2660IN-1-0,K-26351IN-P-NA,design_co_occurrence,25,"Both products appear in the same ""Aspire"" look on page 25.",high,false,
rel_0320,look_006,Aspire,K-2660IN-1-0,K-7314IN-CP,design_co_occurrence,25,"Both products appear in the same ""Aspire"" look on page 25.",high,false,
rel_0321,look_006,Aspire,K-2660IN-1-0,K-45433IN-CP,design_co_occurrence,25,"Both products appear in the same ""Aspire"" look on page 25.",high,false,
rel_0322,look_006,Aspire,K-2660IN-1-0,K-99924IN-CP,design_co_occurrence,25,"Both products appear in the same ""Aspire"" look on page 25.",high,false,
rel_0323,look_006,Aspire,K-2660IN-1-0,K-16346IN-CP,design_co_occurrence,25,"Both products appear in the same ""Aspire"" look on page 25.",high,false,
rel_0324,look_006,Aspire,K-5413IN-P-CP,K-75708IN-2SS-0,design_co_occurrence,25,"Both products appear in the same ""Aspire"" look on page 25.",high,false,
rel_0325,look_006,Aspire,K-5413IN-P-CP,K-97258IN-CP,design_co_occurrence,25,"Both products appear in the same ""Aspire"" look on page 25.",high,false,
rel_0326,look_006,Aspire,K-5413IN-P-CP,K-27731IN-CP,design_co_occurrence,25,"Both products appear in the same ""Aspire"" look on page 25.",high,false,
rel_0327,look_006,Aspire,K-5413IN-P-CP,K-77311IN-4FP-CP,design_co_occurrence,25,"Both products appear in the same ""Aspire"" look on page 25.",high,false,
rel_0328,look_006,Aspire,K-5413IN-P-CP,K-8002IN-CP,design_co_occurrence,25,"Both products appear in the same ""Aspire"" look on page 25.",high,false,
rel_0329,look_006,Aspire,K-5413IN-P-CP,K-99061IN-CP,design_co_occurrence,25,"Both products appear in the same ""Aspire"" look on page 25.",high,false,
rel_0330,look_006,Aspire,K-5413IN-P-CP,K-26351IN-P-NA,design_co_occurrence,25,"Both products appear in the same ""Aspire"" look on page 25.",high,false,
rel_0331,look_006,Aspire,K-5413IN-P-CP,K-7314IN-CP,design_co_occurrence,25,"Both products appear in the same ""Aspire"" look on page 25.",high,false,
rel_0332,look_006,Aspire,K-5413IN-P-CP,K-45433IN-CP,design_co_occurrence,25,"Both products appear in the same ""Aspire"" look on page 25.",high,false,
rel_0333,look_006,Aspire,K-5413IN-P-CP,K-99924IN-CP,design_co_occurrence,25,"Both products appear in the same ""Aspire"" look on page 25.",high,false,
rel_0334,look_006,Aspire,K-5413IN-P-CP,K-16346IN-CP,design_co_occurrence,25,"Both products appear in the same ""Aspire"" look on page 25.",high,false,
rel_0335,look_006,Aspire,K-75708IN-2SS-0,K-97258IN-CP,design_co_occurrence,25,"Both products appear in the same ""Aspire"" look on page 25.",high,false,
rel_0336,look_006,Aspire,K-75708IN-2SS-0,K-27731IN-CP,design_co_occurrence,25,"Both products appear in the same ""Aspire"" look on page 25.",high,false,
rel_0337,look_006,Aspire,K-75708IN-2SS-0,K-77311IN-4FP-CP,design_co_occurrence,25,"Both products appear in the same ""Aspire"" look on page 25.",high,false,
rel_0338,look_006,Aspire,K-75708IN-2SS-0,K-8002IN-CP,design_co_occurrence,25,"Both products appear in the same ""Aspire"" look on page 25.",high,false,
rel_0339,look_006,Aspire,K-75708IN-2SS-0,K-99061IN-CP,design_co_occurrence,25,"Both products appear in the same ""Aspire"" look on page 25.",high,false,
rel_0340,look_006,Aspire,K-75708IN-2SS-0,K-26351IN-P-NA,design_co_occurrence,25,"Both products appear in the same ""Aspire"" look on page 25.",high,false,
rel_0341,look_006,Aspire,K-75708IN-2SS-0,K-7314IN-CP,design_co_occurrence,25,"Both products appear in the same ""Aspire"" look on page 25.",high,false,
rel_0342,look_006,Aspire,K-75708IN-2SS-0,K-45433IN-CP,design_co_occurrence,25,"Both products appear in the same ""Aspire"" look on page 25.",high,false,
rel_0343,look_006,Aspire,K-75708IN-2SS-0,K-99924IN-CP,design_co_occurrence,25,"Both products appear in the same ""Aspire"" look on page 25.",high,false,
rel_0344,look_006,Aspire,K-75708IN-2SS-0,K-16346IN-CP,design_co_occurrence,25,"Both products appear in the same ""Aspire"" look on page 25.",high,false,
rel_0345,look_006,Aspire,K-97258IN-CP,K-27731IN-CP,design_co_occurrence,25,"Both products appear in the same ""Aspire"" look on page 25.",high,false,
rel_0346,look_006,Aspire,K-97258IN-CP,K-77311IN-4FP-CP,design_co_occurrence,25,"Both products appear in the same ""Aspire"" look on page 25.",high,false,
rel_0347,look_006,Aspire,K-97258IN-CP,K-8002IN-CP,design_co_occurrence,25,"Both products appear in the same ""Aspire"" look on page 25.",high,false,
rel_0348,look_006,Aspire,K-97258IN-CP,K-99061IN-CP,design_co_occurrence,25,"Both products appear in the same ""Aspire"" look on page 25.",high,false,
rel_0349,look_006,Aspire,K-97258IN-CP,K-26351IN-P-NA,design_co_occurrence,25,"Both products appear in the same ""Aspire"" look on page 25.",high,false,
rel_0350,look_006,Aspire,K-97258IN-CP,K-7314IN-CP,design_co_occurrence,25,"Both products appear in the same ""Aspire"" look on page 25.",high,false,
rel_0351,look_006,Aspire,K-97258IN-CP,K-45433IN-CP,design_co_occurrence,25,"Both products appear in the same ""Aspire"" look on page 25.",high,false,
rel_0352,look_006,Aspire,K-97258IN-CP,K-99924IN-CP,design_co_occurrence,25,"Both products appear in the same ""Aspire"" look on page 25.",high,false,
rel_0353,look_006,Aspire,K-97258IN-CP,K-16346IN-CP,design_co_occurrence,25,"Both products appear in the same ""Aspire"" look on page 25.",high,false,
rel_0354,look_006,Aspire,K-27731IN-CP,K-77311IN-4FP-CP,design_co_occurrence,25,"Both products appear in the same ""Aspire"" look on page 25.",high,false,
rel_0355,look_006,Aspire,K-27731IN-CP,K-8002IN-CP,design_co_occurrence,25,"Both products appear in the same ""Aspire"" look on page 25.",high,false,
rel_0356,look_006,Aspire,K-27731IN-CP,K-99061IN-CP,design_co_occurrence,25,"Both products appear in the same ""Aspire"" look on page 25.",high,false,
rel_0357,look_006,Aspire,K-27731IN-CP,K-26351IN-P-NA,design_co_occurrence,25,"Both products appear in the same ""Aspire"" look on page 25.",high,false,
rel_0358,look_006,Aspire,K-27731IN-CP,K-7314IN-CP,design_co_occurrence,25,"Both products appear in the same ""Aspire"" look on page 25.",high,false,
rel_0359,look_006,Aspire,K-27731IN-CP,K-45433IN-CP,design_co_occurrence,25,"Both products appear in the same ""Aspire"" look on page 25.",high,false,
rel_0360,look_006,Aspire,K-27731IN-CP,K-99924IN-CP,design_co_occurrence,25,"Both products appear in the same ""Aspire"" look on page 25.",high,false,
rel_0361,look_006,Aspire,K-27731IN-CP,K-16346IN-CP,design_co_occurrence,25,"Both products appear in the same ""Aspire"" look on page 25.",high,false,
rel_0362,look_006,Aspire,K-77311IN-4FP-CP,K-8002IN-CP,design_co_occurrence,25,"Both products appear in the same ""Aspire"" look on page 25.",high,false,
rel_0363,look_006,Aspire,K-77311IN-4FP-CP,K-99061IN-CP,design_co_occurrence,25,"Both products appear in the same ""Aspire"" look on page 25.",high,false,
rel_0364,look_006,Aspire,K-77311IN-4FP-CP,K-26351IN-P-NA,design_co_occurrence,25,"Both products appear in the same ""Aspire"" look on page 25.",high,false,
rel_0365,look_006,Aspire,K-77311IN-4FP-CP,K-7314IN-CP,design_co_occurrence,25,"Both products appear in the same ""Aspire"" look on page 25.",high,false,
rel_0366,look_006,Aspire,K-77311IN-4FP-CP,K-45433IN-CP,design_co_occurrence,25,"Both products appear in the same ""Aspire"" look on page 25.",high,false,
rel_0367,look_006,Aspire,K-77311IN-4FP-CP,K-99924IN-CP,design_co_occurrence,25,"Both products appear in the same ""Aspire"" look on page 25.",high,false,
rel_0368,look_006,Aspire,K-77311IN-4FP-CP,K-16346IN-CP,design_co_occurrence,25,"Both products appear in the same ""Aspire"" look on page 25.",high,false,
rel_0369,look_006,Aspire,K-8002IN-CP,K-99061IN-CP,design_co_occurrence,25,"Both products appear in the same ""Aspire"" look on page 25.",high,false,
rel_0370,look_006,Aspire,K-8002IN-CP,K-26351IN-P-NA,design_co_occurrence,25,"Both products appear in the same ""Aspire"" look on page 25.",high,false,
rel_0371,look_006,Aspire,K-8002IN-CP,K-7314IN-CP,design_co_occurrence,25,"Both products appear in the same ""Aspire"" look on page 25.",high,false,
rel_0372,look_006,Aspire,K-8002IN-CP,K-45433IN-CP,design_co_occurrence,25,"Both products appear in the same ""Aspire"" look on page 25.",high,false,
rel_0373,look_006,Aspire,K-8002IN-CP,K-99924IN-CP,design_co_occurrence,25,"Both products appear in the same ""Aspire"" look on page 25.",high,false,
rel_0374,look_006,Aspire,K-8002IN-CP,K-16346IN-CP,design_co_occurrence,25,"Both products appear in the same ""Aspire"" look on page 25.",high,false,
rel_0375,look_006,Aspire,K-99061IN-CP,K-26351IN-P-NA,design_co_occurrence,25,"Both products appear in the same ""Aspire"" look on page 25.",high,false,
rel_0376,look_006,Aspire,K-99061IN-CP,K-7314IN-CP,design_co_occurrence,25,"Both products appear in the same ""Aspire"" look on page 25.",high,false,
rel_0377,look_006,Aspire,K-99061IN-CP,K-45433IN-CP,design_co_occurrence,25,"Both products appear in the same ""Aspire"" look on page 25.",high,false,
rel_0378,look_006,Aspire,K-99061IN-CP,K-99924IN-CP,design_co_occurrence,25,"Both products appear in the same ""Aspire"" look on page 25.",high,false,
rel_0379,look_006,Aspire,K-99061IN-CP,K-16346IN-CP,design_co_occurrence,25,"Both products appear in the same ""Aspire"" look on page 25.",high,false,
rel_0380,look_006,Aspire,K-26351IN-P-NA,K-7314IN-CP,design_co_occurrence,25,"Both products appear in the same ""Aspire"" look on page 25.",high,false,
rel_0381,look_006,Aspire,K-26351IN-P-NA,K-45433IN-CP,design_co_occurrence,25,"Both products appear in the same ""Aspire"" look on page 25.",high,false,
rel_0382,look_006,Aspire,K-26351IN-P-NA,K-99924IN-CP,design_co_occurrence,25,"Both products appear in the same ""Aspire"" look on page 25.",high,false,
rel_0383,look_006,Aspire,K-26351IN-P-NA,K-16346IN-CP,design_co_occurrence,25,"Both products appear in the same ""Aspire"" look on page 25.",high,false,
rel_0384,look_006,Aspire,K-7314IN-CP,K-45433IN-CP,design_co_occurrence,25,"Both products appear in the same ""Aspire"" look on page 25.",high,false,
rel_0385,look_006,Aspire,K-7314IN-CP,K-99924IN-CP,design_co_occurrence,25,"Both products appear in the same ""Aspire"" look on page 25.",high,false,
rel_0386,look_006,Aspire,K-7314IN-CP,K-16346IN-CP,design_co_occurrence,25,"Both products appear in the same ""Aspire"" look on page 25.",high,false,
rel_0387,look_006,Aspire,K-45433IN-CP,K-99924IN-CP,design_co_occurrence,25,"Both products appear in the same ""Aspire"" look on page 25.",high,false,
rel_0388,look_006,Aspire,K-45433IN-CP,K-16346IN-CP,design_co_occurrence,25,"Both products appear in the same ""Aspire"" look on page 25.",high,false,
rel_0389,look_006,Aspire,K-99924IN-CP,K-16346IN-CP,design_co_occurrence,25,"Both products appear in the same ""Aspire"" look on page 25.",high,false,
rel_0390,look_007,Aspire,K-5684IN-4ND-CP,K-77171IN-0,design_co_occurrence,27,"Both products appear in the same ""Aspire"" look on page 27.",high,false,
rel_0391,look_007,Aspire,K-5684IN-4ND-CP,K-75890IN-M-CP,design_co_occurrence,27,"Both products appear in the same ""Aspire"" look on page 27.",high,false,
rel_0392,look_007,Aspire,K-5684IN-4ND-CP,K-75708IN-2SS-0,design_co_occurrence,27,"Both products appear in the same ""Aspire"" look on page 27.",high,false,
rel_0393,look_007,Aspire,K-5684IN-4ND-CP,K-97258IN-CP,design_co_occurrence,27,"Both products appear in the same ""Aspire"" look on page 27.",high,false,
rel_0394,look_007,Aspire,K-5684IN-4ND-CP,K-27731IN-CP,design_co_occurrence,27,"Both products appear in the same ""Aspire"" look on page 27.",high,false,
rel_0395,look_007,Aspire,K-5684IN-4ND-CP,K-72328IN-4FP-CP,design_co_occurrence,27,"Both products appear in the same ""Aspire"" look on page 27.",high,false,
rel_0396,look_007,Aspire,K-5684IN-4ND-CP,K-99061IN-CP,design_co_occurrence,27,"Both products appear in the same ""Aspire"" look on page 27.",high,false,
rel_0397,look_007,Aspire,K-5684IN-4ND-CP,K-26351IN-P-NA,design_co_occurrence,27,"Both products appear in the same ""Aspire"" look on page 27.",high,false,
rel_0398,look_007,Aspire,K-5684IN-4ND-CP,K-7314IN-CP,design_co_occurrence,27,"Both products appear in the same ""Aspire"" look on page 27.",high,false,
rel_0399,look_007,Aspire,K-5684IN-4ND-CP,K-45433IN-CP,design_co_occurrence,27,"Both products appear in the same ""Aspire"" look on page 27.",high,false,
rel_0400,look_007,Aspire,K-5684IN-4ND-CP,K-882IN-CP,design_co_occurrence,27,"Both products appear in the same ""Aspire"" look on page 27.",high,false,
rel_0401,look_007,Aspire,K-5684IN-4ND-CP,K-16346IN-CP,design_co_occurrence,27,"Both products appear in the same ""Aspire"" look on page 27.",high,false,
rel_0402,look_007,Aspire,K-77171IN-0,K-75890IN-M-CP,design_co_occurrence,27,"Both products appear in the same ""Aspire"" look on page 27.",high,false,
rel_0403,look_007,Aspire,K-77171IN-0,K-75708IN-2SS-0,design_co_occurrence,27,"Both products appear in the same ""Aspire"" look on page 27.",high,false,
rel_0404,look_007,Aspire,K-77171IN-0,K-97258IN-CP,design_co_occurrence,27,"Both products appear in the same ""Aspire"" look on page 27.",high,false,
rel_0405,look_007,Aspire,K-77171IN-0,K-27731IN-CP,design_co_occurrence,27,"Both products appear in the same ""Aspire"" look on page 27.",high,false,
rel_0406,look_007,Aspire,K-77171IN-0,K-72328IN-4FP-CP,design_co_occurrence,27,"Both products appear in the same ""Aspire"" look on page 27.",high,false,
rel_0407,look_007,Aspire,K-77171IN-0,K-99061IN-CP,design_co_occurrence,27,"Both products appear in the same ""Aspire"" look on page 27.",high,false,
rel_0408,look_007,Aspire,K-77171IN-0,K-26351IN-P-NA,design_co_occurrence,27,"Both products appear in the same ""Aspire"" look on page 27.",high,false,
rel_0409,look_007,Aspire,K-77171IN-0,K-7314IN-CP,design_co_occurrence,27,"Both products appear in the same ""Aspire"" look on page 27.",high,false,
rel_0410,look_007,Aspire,K-77171IN-0,K-45433IN-CP,design_co_occurrence,27,"Both products appear in the same ""Aspire"" look on page 27.",high,false,
rel_0411,look_007,Aspire,K-77171IN-0,K-882IN-CP,design_co_occurrence,27,"Both products appear in the same ""Aspire"" look on page 27.",high,false,
rel_0412,look_007,Aspire,K-77171IN-0,K-16346IN-CP,design_co_occurrence,27,"Both products appear in the same ""Aspire"" look on page 27.",high,false,
rel_0413,look_007,Aspire,K-75890IN-M-CP,K-75708IN-2SS-0,design_co_occurrence,27,"Both products appear in the same ""Aspire"" look on page 27.",high,false,
rel_0414,look_007,Aspire,K-75890IN-M-CP,K-97258IN-CP,design_co_occurrence,27,"Both products appear in the same ""Aspire"" look on page 27.",high,false,
rel_0415,look_007,Aspire,K-75890IN-M-CP,K-27731IN-CP,design_co_occurrence,27,"Both products appear in the same ""Aspire"" look on page 27.",high,false,
rel_0416,look_007,Aspire,K-75890IN-M-CP,K-72328IN-4FP-CP,design_co_occurrence,27,"Both products appear in the same ""Aspire"" look on page 27.",high,false,
rel_0417,look_007,Aspire,K-75890IN-M-CP,K-99061IN-CP,design_co_occurrence,27,"Both products appear in the same ""Aspire"" look on page 27.",high,false,
rel_0418,look_007,Aspire,K-75890IN-M-CP,K-26351IN-P-NA,design_co_occurrence,27,"Both products appear in the same ""Aspire"" look on page 27.",high,false,
rel_0419,look_007,Aspire,K-75890IN-M-CP,K-7314IN-CP,design_co_occurrence,27,"Both products appear in the same ""Aspire"" look on page 27.",high,false,
rel_0420,look_007,Aspire,K-75890IN-M-CP,K-45433IN-CP,design_co_occurrence,27,"Both products appear in the same ""Aspire"" look on page 27.",high,false,
rel_0421,look_007,Aspire,K-75890IN-M-CP,K-882IN-CP,design_co_occurrence,27,"Both products appear in the same ""Aspire"" look on page 27.",high,false,
rel_0422,look_007,Aspire,K-75890IN-M-CP,K-16346IN-CP,design_co_occurrence,27,"Both products appear in the same ""Aspire"" look on page 27.",high,false,
rel_0423,look_007,Aspire,K-75708IN-2SS-0,K-97258IN-CP,design_co_occurrence,27,"Both products appear in the same ""Aspire"" look on page 27.",high,false,
rel_0424,look_007,Aspire,K-75708IN-2SS-0,K-27731IN-CP,design_co_occurrence,27,"Both products appear in the same ""Aspire"" look on page 27.",high,false,
rel_0425,look_007,Aspire,K-75708IN-2SS-0,K-72328IN-4FP-CP,design_co_occurrence,27,"Both products appear in the same ""Aspire"" look on page 27.",high,false,
rel_0426,look_007,Aspire,K-75708IN-2SS-0,K-99061IN-CP,design_co_occurrence,27,"Both products appear in the same ""Aspire"" look on page 27.",high,false,
rel_0427,look_007,Aspire,K-75708IN-2SS-0,K-26351IN-P-NA,design_co_occurrence,27,"Both products appear in the same ""Aspire"" look on page 27.",high,false,
rel_0428,look_007,Aspire,K-75708IN-2SS-0,K-7314IN-CP,design_co_occurrence,27,"Both products appear in the same ""Aspire"" look on page 27.",high,false,
rel_0429,look_007,Aspire,K-75708IN-2SS-0,K-45433IN-CP,design_co_occurrence,27,"Both products appear in the same ""Aspire"" look on page 27.",high,false,
rel_0430,look_007,Aspire,K-75708IN-2SS-0,K-882IN-CP,design_co_occurrence,27,"Both products appear in the same ""Aspire"" look on page 27.",high,false,
rel_0431,look_007,Aspire,K-75708IN-2SS-0,K-16346IN-CP,design_co_occurrence,27,"Both products appear in the same ""Aspire"" look on page 27.",high,false,
rel_0432,look_007,Aspire,K-97258IN-CP,K-27731IN-CP,design_co_occurrence,27,"Both products appear in the same ""Aspire"" look on page 27.",high,false,
rel_0433,look_007,Aspire,K-97258IN-CP,K-72328IN-4FP-CP,design_co_occurrence,27,"Both products appear in the same ""Aspire"" look on page 27.",high,false,
rel_0434,look_007,Aspire,K-97258IN-CP,K-99061IN-CP,design_co_occurrence,27,"Both products appear in the same ""Aspire"" look on page 27.",high,false,
rel_0435,look_007,Aspire,K-97258IN-CP,K-26351IN-P-NA,design_co_occurrence,27,"Both products appear in the same ""Aspire"" look on page 27.",high,false,
rel_0436,look_007,Aspire,K-97258IN-CP,K-7314IN-CP,design_co_occurrence,27,"Both products appear in the same ""Aspire"" look on page 27.",high,false,
rel_0437,look_007,Aspire,K-97258IN-CP,K-45433IN-CP,design_co_occurrence,27,"Both products appear in the same ""Aspire"" look on page 27.",high,false,
rel_0438,look_007,Aspire,K-97258IN-CP,K-882IN-CP,design_co_occurrence,27,"Both products appear in the same ""Aspire"" look on page 27.",high,false,
rel_0439,look_007,Aspire,K-97258IN-CP,K-16346IN-CP,design_co_occurrence,27,"Both products appear in the same ""Aspire"" look on page 27.",high,false,
rel_0440,look_007,Aspire,K-27731IN-CP,K-72328IN-4FP-CP,design_co_occurrence,27,"Both products appear in the same ""Aspire"" look on page 27.",high,false,
rel_0441,look_007,Aspire,K-27731IN-CP,K-99061IN-CP,design_co_occurrence,27,"Both products appear in the same ""Aspire"" look on page 27.",high,false,
rel_0442,look_007,Aspire,K-27731IN-CP,K-26351IN-P-NA,design_co_occurrence,27,"Both products appear in the same ""Aspire"" look on page 27.",high,false,
rel_0443,look_007,Aspire,K-27731IN-CP,K-7314IN-CP,design_co_occurrence,27,"Both products appear in the same ""Aspire"" look on page 27.",high,false,
rel_0444,look_007,Aspire,K-27731IN-CP,K-45433IN-CP,design_co_occurrence,27,"Both products appear in the same ""Aspire"" look on page 27.",high,false,
rel_0445,look_007,Aspire,K-27731IN-CP,K-882IN-CP,design_co_occurrence,27,"Both products appear in the same ""Aspire"" look on page 27.",high,false,
rel_0446,look_007,Aspire,K-27731IN-CP,K-16346IN-CP,design_co_occurrence,27,"Both products appear in the same ""Aspire"" look on page 27.",high,false,
rel_0447,look_007,Aspire,K-72328IN-4FP-CP,K-99061IN-CP,design_co_occurrence,27,"Both products appear in the same ""Aspire"" look on page 27.",high,false,
rel_0448,look_007,Aspire,K-72328IN-4FP-CP,K-26351IN-P-NA,design_co_occurrence,27,"Both products appear in the same ""Aspire"" look on page 27.",high,false,
rel_0449,look_007,Aspire,K-72328IN-4FP-CP,K-7314IN-CP,design_co_occurrence,27,"Both products appear in the same ""Aspire"" look on page 27.",high,false,
rel_0450,look_007,Aspire,K-72328IN-4FP-CP,K-45433IN-CP,design_co_occurrence,27,"Both products appear in the same ""Aspire"" look on page 27.",high,false,
rel_0451,look_007,Aspire,K-72328IN-4FP-CP,K-882IN-CP,design_co_occurrence,27,"Both products appear in the same ""Aspire"" look on page 27.",high,false,
rel_0452,look_007,Aspire,K-72328IN-4FP-CP,K-16346IN-CP,design_co_occurrence,27,"Both products appear in the same ""Aspire"" look on page 27.",high,false,
rel_0453,look_007,Aspire,K-99061IN-CP,K-26351IN-P-NA,design_co_occurrence,27,"Both products appear in the same ""Aspire"" look on page 27.",high,false,
rel_0454,look_007,Aspire,K-99061IN-CP,K-7314IN-CP,design_co_occurrence,27,"Both products appear in the same ""Aspire"" look on page 27.",high,false,
rel_0455,look_007,Aspire,K-99061IN-CP,K-45433IN-CP,design_co_occurrence,27,"Both products appear in the same ""Aspire"" look on page 27.",high,false,
rel_0456,look_007,Aspire,K-99061IN-CP,K-882IN-CP,design_co_occurrence,27,"Both products appear in the same ""Aspire"" look on page 27.",high,false,
rel_0457,look_007,Aspire,K-99061IN-CP,K-16346IN-CP,design_co_occurrence,27,"Both products appear in the same ""Aspire"" look on page 27.",high,false,
rel_0458,look_007,Aspire,K-26351IN-P-NA,K-7314IN-CP,design_co_occurrence,27,"Both products appear in the same ""Aspire"" look on page 27.",high,false,
rel_0459,look_007,Aspire,K-26351IN-P-NA,K-45433IN-CP,design_co_occurrence,27,"Both products appear in the same ""Aspire"" look on page 27.",high,false,
rel_0460,look_007,Aspire,K-26351IN-P-NA,K-882IN-CP,design_co_occurrence,27,"Both products appear in the same ""Aspire"" look on page 27.",high,false,
rel_0461,look_007,Aspire,K-26351IN-P-NA,K-16346IN-CP,design_co_occurrence,27,"Both products appear in the same ""Aspire"" look on page 27.",high,false,
rel_0462,look_007,Aspire,K-7314IN-CP,K-45433IN-CP,design_co_occurrence,27,"Both products appear in the same ""Aspire"" look on page 27.",high,false,
rel_0463,look_007,Aspire,K-7314IN-CP,K-882IN-CP,design_co_occurrence,27,"Both products appear in the same ""Aspire"" look on page 27.",high,false,
rel_0464,look_007,Aspire,K-7314IN-CP,K-16346IN-CP,design_co_occurrence,27,"Both products appear in the same ""Aspire"" look on page 27.",high,false,
rel_0465,look_007,Aspire,K-45433IN-CP,K-882IN-CP,design_co_occurrence,27,"Both products appear in the same ""Aspire"" look on page 27.",high,false,
rel_0466,look_007,Aspire,K-45433IN-CP,K-16346IN-CP,design_co_occurrence,27,"Both products appear in the same ""Aspire"" look on page 27.",high,false,
rel_0467,look_007,Aspire,K-882IN-CP,K-16346IN-CP,design_co_occurrence,27,"Both products appear in the same ""Aspire"" look on page 27.",high,false,
rel_0468,look_008,Aspire,K-72275IN-4ND-CP,K-76600IN-0,design_co_occurrence,29,"Both products appear in the same ""Aspire"" look on page 29.",high,false,
rel_0469,look_008,Aspire,K-72275IN-4ND-CP,K-75890IN-P-CP,design_co_occurrence,29,"Both products appear in the same ""Aspire"" look on page 29.",high,false,
rel_0470,look_008,Aspire,K-72275IN-4ND-CP,K-20217IN-S-0,design_co_occurrence,29,"Both products appear in the same ""Aspire"" look on page 29.",high,false,
rel_0471,look_008,Aspire,K-72275IN-4ND-CP,K-12927IN-CP,design_co_occurrence,29,"Both products appear in the same ""Aspire"" look on page 29.",high,false,
rel_0472,look_008,Aspire,K-72275IN-4ND-CP,K-27731IN-CP,design_co_occurrence,29,"Both products appear in the same ""Aspire"" look on page 29.",high,false,
rel_0473,look_008,Aspire,K-72275IN-4ND-CP,K-72290IN-4FP-CP,design_co_occurrence,29,"Both products appear in the same ""Aspire"" look on page 29.",high,false,
rel_0474,look_008,Aspire,K-72275IN-4ND-CP,K-99061IN-CP,design_co_occurrence,29,"Both products appear in the same ""Aspire"" look on page 29.",high,false,
rel_0475,look_008,Aspire,K-72275IN-4ND-CP,K-26351IN-M-NA,design_co_occurrence,29,"Both products appear in the same ""Aspire"" look on page 29.",high,false,
rel_0476,look_008,Aspire,K-72275IN-4ND-CP,K-75823IN-CP,design_co_occurrence,29,"Both products appear in the same ""Aspire"" look on page 29.",high,false,
rel_0477,look_008,Aspire,K-72275IN-4ND-CP,K-20746IN-CP,design_co_occurrence,29,"Both products appear in the same ""Aspire"" look on page 29.",high,false,
rel_0478,look_008,Aspire,K-72275IN-4ND-CP,K-882IN-CP,design_co_occurrence,29,"Both products appear in the same ""Aspire"" look on page 29.",high,false,
rel_0479,look_008,Aspire,K-72275IN-4ND-CP,K-11623IN-CP,design_co_occurrence,29,"Both products appear in the same ""Aspire"" look on page 29.",high,false,
rel_0480,look_008,Aspire,K-76600IN-0,K-75890IN-P-CP,design_co_occurrence,29,"Both products appear in the same ""Aspire"" look on page 29.",high,false,
rel_0481,look_008,Aspire,K-76600IN-0,K-20217IN-S-0,design_co_occurrence,29,"Both products appear in the same ""Aspire"" look on page 29.",high,false,
rel_0482,look_008,Aspire,K-76600IN-0,K-12927IN-CP,design_co_occurrence,29,"Both products appear in the same ""Aspire"" look on page 29.",high,false,
rel_0483,look_008,Aspire,K-76600IN-0,K-27731IN-CP,design_co_occurrence,29,"Both products appear in the same ""Aspire"" look on page 29.",high,false,
rel_0484,look_008,Aspire,K-76600IN-0,K-72290IN-4FP-CP,design_co_occurrence,29,"Both products appear in the same ""Aspire"" look on page 29.",high,false,
rel_0485,look_008,Aspire,K-76600IN-0,K-99061IN-CP,design_co_occurrence,29,"Both products appear in the same ""Aspire"" look on page 29.",high,false,
rel_0486,look_008,Aspire,K-76600IN-0,K-26351IN-M-NA,design_co_occurrence,29,"Both products appear in the same ""Aspire"" look on page 29.",high,false,
rel_0487,look_008,Aspire,K-76600IN-0,K-75823IN-CP,design_co_occurrence,29,"Both products appear in the same ""Aspire"" look on page 29.",high,false,
rel_0488,look_008,Aspire,K-76600IN-0,K-20746IN-CP,design_co_occurrence,29,"Both products appear in the same ""Aspire"" look on page 29.",high,false,
rel_0489,look_008,Aspire,K-76600IN-0,K-882IN-CP,design_co_occurrence,29,"Both products appear in the same ""Aspire"" look on page 29.",high,false,
rel_0490,look_008,Aspire,K-76600IN-0,K-11623IN-CP,design_co_occurrence,29,"Both products appear in the same ""Aspire"" look on page 29.",high,false,
rel_0491,look_008,Aspire,K-75890IN-P-CP,K-20217IN-S-0,design_co_occurrence,29,"Both products appear in the same ""Aspire"" look on page 29.",high,false,
rel_0492,look_008,Aspire,K-75890IN-P-CP,K-12927IN-CP,design_co_occurrence,29,"Both products appear in the same ""Aspire"" look on page 29.",high,false,
rel_0493,look_008,Aspire,K-75890IN-P-CP,K-27731IN-CP,design_co_occurrence,29,"Both products appear in the same ""Aspire"" look on page 29.",high,false,
rel_0494,look_008,Aspire,K-75890IN-P-CP,K-72290IN-4FP-CP,design_co_occurrence,29,"Both products appear in the same ""Aspire"" look on page 29.",high,false,
rel_0495,look_008,Aspire,K-75890IN-P-CP,K-99061IN-CP,design_co_occurrence,29,"Both products appear in the same ""Aspire"" look on page 29.",high,false,
rel_0496,look_008,Aspire,K-75890IN-P-CP,K-26351IN-M-NA,design_co_occurrence,29,"Both products appear in the same ""Aspire"" look on page 29.",high,false,
rel_0497,look_008,Aspire,K-75890IN-P-CP,K-75823IN-CP,design_co_occurrence,29,"Both products appear in the same ""Aspire"" look on page 29.",high,false,
rel_0498,look_008,Aspire,K-75890IN-P-CP,K-20746IN-CP,design_co_occurrence,29,"Both products appear in the same ""Aspire"" look on page 29.",high,false,
rel_0499,look_008,Aspire,K-75890IN-P-CP,K-882IN-CP,design_co_occurrence,29,"Both products appear in the same ""Aspire"" look on page 29.",high,false,
rel_0500,look_008,Aspire,K-75890IN-P-CP,K-11623IN-CP,design_co_occurrence,29,"Both products appear in the same ""Aspire"" look on page 29.",high,false,
rel_0501,look_008,Aspire,K-20217IN-S-0,K-12927IN-CP,design_co_occurrence,29,"Both products appear in the same ""Aspire"" look on page 29.",high,false,
rel_0502,look_008,Aspire,K-20217IN-S-0,K-27731IN-CP,design_co_occurrence,29,"Both products appear in the same ""Aspire"" look on page 29.",high,false,
rel_0503,look_008,Aspire,K-20217IN-S-0,K-72290IN-4FP-CP,design_co_occurrence,29,"Both products appear in the same ""Aspire"" look on page 29.",high,false,
rel_0504,look_008,Aspire,K-20217IN-S-0,K-99061IN-CP,design_co_occurrence,29,"Both products appear in the same ""Aspire"" look on page 29.",high,false,
rel_0505,look_008,Aspire,K-20217IN-S-0,K-26351IN-M-NA,design_co_occurrence,29,"Both products appear in the same ""Aspire"" look on page 29.",high,false,
rel_0506,look_008,Aspire,K-20217IN-S-0,K-75823IN-CP,design_co_occurrence,29,"Both products appear in the same ""Aspire"" look on page 29.",high,false,
rel_0507,look_008,Aspire,K-20217IN-S-0,K-20746IN-CP,design_co_occurrence,29,"Both products appear in the same ""Aspire"" look on page 29.",high,false,
rel_0508,look_008,Aspire,K-20217IN-S-0,K-882IN-CP,design_co_occurrence,29,"Both products appear in the same ""Aspire"" look on page 29.",high,false,
rel_0509,look_008,Aspire,K-20217IN-S-0,K-11623IN-CP,design_co_occurrence,29,"Both products appear in the same ""Aspire"" look on page 29.",high,false,
rel_0510,look_008,Aspire,K-12927IN-CP,K-27731IN-CP,design_co_occurrence,29,"Both products appear in the same ""Aspire"" look on page 29.",high,false,
rel_0511,look_008,Aspire,K-12927IN-CP,K-72290IN-4FP-CP,design_co_occurrence,29,"Both products appear in the same ""Aspire"" look on page 29.",high,false,
rel_0512,look_008,Aspire,K-12927IN-CP,K-99061IN-CP,design_co_occurrence,29,"Both products appear in the same ""Aspire"" look on page 29.",high,false,
rel_0513,look_008,Aspire,K-12927IN-CP,K-26351IN-M-NA,design_co_occurrence,29,"Both products appear in the same ""Aspire"" look on page 29.",high,false,
rel_0514,look_008,Aspire,K-12927IN-CP,K-75823IN-CP,design_co_occurrence,29,"Both products appear in the same ""Aspire"" look on page 29.",high,false,
rel_0515,look_008,Aspire,K-12927IN-CP,K-20746IN-CP,design_co_occurrence,29,"Both products appear in the same ""Aspire"" look on page 29.",high,false,
rel_0516,look_008,Aspire,K-12927IN-CP,K-882IN-CP,design_co_occurrence,29,"Both products appear in the same ""Aspire"" look on page 29.",high,false,
rel_0517,look_008,Aspire,K-12927IN-CP,K-11623IN-CP,design_co_occurrence,29,"Both products appear in the same ""Aspire"" look on page 29.",high,false,
rel_0518,look_008,Aspire,K-27731IN-CP,K-72290IN-4FP-CP,design_co_occurrence,29,"Both products appear in the same ""Aspire"" look on page 29.",high,false,
rel_0519,look_008,Aspire,K-27731IN-CP,K-99061IN-CP,design_co_occurrence,29,"Both products appear in the same ""Aspire"" look on page 29.",high,false,
rel_0520,look_008,Aspire,K-27731IN-CP,K-26351IN-M-NA,design_co_occurrence,29,"Both products appear in the same ""Aspire"" look on page 29.",high,false,
rel_0521,look_008,Aspire,K-27731IN-CP,K-75823IN-CP,design_co_occurrence,29,"Both products appear in the same ""Aspire"" look on page 29.",high,false,
rel_0522,look_008,Aspire,K-27731IN-CP,K-20746IN-CP,design_co_occurrence,29,"Both products appear in the same ""Aspire"" look on page 29.",high,false,
rel_0523,look_008,Aspire,K-27731IN-CP,K-882IN-CP,design_co_occurrence,29,"Both products appear in the same ""Aspire"" look on page 29.",high,false,
rel_0524,look_008,Aspire,K-27731IN-CP,K-11623IN-CP,design_co_occurrence,29,"Both products appear in the same ""Aspire"" look on page 29.",high,false,
rel_0525,look_008,Aspire,K-72290IN-4FP-CP,K-99061IN-CP,design_co_occurrence,29,"Both products appear in the same ""Aspire"" look on page 29.",high,false,
rel_0526,look_008,Aspire,K-72290IN-4FP-CP,K-26351IN-M-NA,design_co_occurrence,29,"Both products appear in the same ""Aspire"" look on page 29.",high,false,
rel_0527,look_008,Aspire,K-72290IN-4FP-CP,K-75823IN-CP,design_co_occurrence,29,"Both products appear in the same ""Aspire"" look on page 29.",high,false,
rel_0528,look_008,Aspire,K-72290IN-4FP-CP,K-20746IN-CP,design_co_occurrence,29,"Both products appear in the same ""Aspire"" look on page 29.",high,false,
rel_0529,look_008,Aspire,K-72290IN-4FP-CP,K-882IN-CP,design_co_occurrence,29,"Both products appear in the same ""Aspire"" look on page 29.",high,false,
rel_0530,look_008,Aspire,K-72290IN-4FP-CP,K-11623IN-CP,design_co_occurrence,29,"Both products appear in the same ""Aspire"" look on page 29.",high,false,
rel_0531,look_008,Aspire,K-99061IN-CP,K-26351IN-M-NA,design_co_occurrence,29,"Both products appear in the same ""Aspire"" look on page 29.",high,false,
rel_0532,look_008,Aspire,K-99061IN-CP,K-75823IN-CP,design_co_occurrence,29,"Both products appear in the same ""Aspire"" look on page 29.",high,false,
rel_0533,look_008,Aspire,K-99061IN-CP,K-20746IN-CP,design_co_occurrence,29,"Both products appear in the same ""Aspire"" look on page 29.",high,false,
rel_0534,look_008,Aspire,K-99061IN-CP,K-882IN-CP,design_co_occurrence,29,"Both products appear in the same ""Aspire"" look on page 29.",high,false,
rel_0535,look_008,Aspire,K-99061IN-CP,K-11623IN-CP,design_co_occurrence,29,"Both products appear in the same ""Aspire"" look on page 29.",high,false,
rel_0536,look_008,Aspire,K-26351IN-M-NA,K-75823IN-CP,design_co_occurrence,29,"Both products appear in the same ""Aspire"" look on page 29.",high,false,
rel_0537,look_008,Aspire,K-26351IN-M-NA,K-20746IN-CP,design_co_occurrence,29,"Both products appear in the same ""Aspire"" look on page 29.",high,false,
rel_0538,look_008,Aspire,K-26351IN-M-NA,K-882IN-CP,design_co_occurrence,29,"Both products appear in the same ""Aspire"" look on page 29.",high,false,
rel_0539,look_008,Aspire,K-26351IN-M-NA,K-11623IN-CP,design_co_occurrence,29,"Both products appear in the same ""Aspire"" look on page 29.",high,false,
rel_0540,look_008,Aspire,K-75823IN-CP,K-20746IN-CP,design_co_occurrence,29,"Both products appear in the same ""Aspire"" look on page 29.",high,false,
rel_0541,look_008,Aspire,K-75823IN-CP,K-882IN-CP,design_co_occurrence,29,"Both products appear in the same ""Aspire"" look on page 29.",high,false,
rel_0542,look_008,Aspire,K-75823IN-CP,K-11623IN-CP,design_co_occurrence,29,"Both products appear in the same ""Aspire"" look on page 29.",high,false,
rel_0543,look_008,Aspire,K-20746IN-CP,K-882IN-CP,design_co_occurrence,29,"Both products appear in the same ""Aspire"" look on page 29.",high,false,
rel_0544,look_008,Aspire,K-20746IN-CP,K-11623IN-CP,design_co_occurrence,29,"Both products appear in the same ""Aspire"" look on page 29.",high,false,
rel_0545,look_008,Aspire,K-882IN-CP,K-11623IN-CP,design_co_occurrence,29,"Both products appear in the same ""Aspire"" look on page 29.",high,false,
rel_0546,look_009,Aspire,K-23967IN-4ND-CP,K-28784IN-0,design_co_occurrence,31,"Both products appear in the same ""Aspire"" look on page 31.",high,false,
rel_0547,look_009,Aspire,K-23967IN-4ND-CP,K-75890IN-M-CP,design_co_occurrence,31,"Both products appear in the same ""Aspire"" look on page 31.",high,false,
rel_0548,look_009,Aspire,K-23967IN-4ND-CP,K-26998IN-0,design_co_occurrence,31,"Both products appear in the same ""Aspire"" look on page 31.",high,false,
rel_0549,look_009,Aspire,K-23967IN-4ND-CP,K-12927IN-CP,design_co_occurrence,31,"Both products appear in the same ""Aspire"" look on page 31.",high,false,
rel_0550,look_009,Aspire,K-23967IN-4ND-CP,K-73199IN-CP,design_co_occurrence,31,"Both products appear in the same ""Aspire"" look on page 31.",high,false,
rel_0551,look_009,Aspire,K-23967IN-4ND-CP,K-23971IN-4FP-CP,design_co_occurrence,31,"Both products appear in the same ""Aspire"" look on page 31.",high,false,
rel_0552,look_009,Aspire,K-23967IN-4ND-CP,K-23973IN-AA-CP,design_co_occurrence,31,"Both products appear in the same ""Aspire"" look on page 31.",high,false,
rel_0553,look_009,Aspire,K-23967IN-4ND-CP,K-26351IN-P-NA,design_co_occurrence,31,"Both products appear in the same ""Aspire"" look on page 31.",high,false,
rel_0554,look_009,Aspire,K-23967IN-4ND-CP,K-75823IN-CP,design_co_occurrence,31,"Both products appear in the same ""Aspire"" look on page 31.",high,false,
rel_0555,look_009,Aspire,K-23967IN-4ND-CP,K-32485IN-NA,design_co_occurrence,31,"Both products appear in the same ""Aspire"" look on page 31.",high,false,
rel_0556,look_009,Aspire,K-23967IN-4ND-CP,K-882IN-CP,design_co_occurrence,31,"Both products appear in the same ""Aspire"" look on page 31.",high,false,
rel_0557,look_009,Aspire,K-23967IN-4ND-CP,K-16346IN-CP,design_co_occurrence,31,"Both products appear in the same ""Aspire"" look on page 31.",high,false,
rel_0558,look_009,Aspire,K-28784IN-0,K-75890IN-M-CP,design_co_occurrence,31,"Both products appear in the same ""Aspire"" look on page 31.",high,false,
rel_0559,look_009,Aspire,K-28784IN-0,K-26998IN-0,design_co_occurrence,31,"Both products appear in the same ""Aspire"" look on page 31.",high,false,
rel_0560,look_009,Aspire,K-28784IN-0,K-12927IN-CP,design_co_occurrence,31,"Both products appear in the same ""Aspire"" look on page 31.",high,false,
rel_0561,look_009,Aspire,K-28784IN-0,K-73199IN-CP,design_co_occurrence,31,"Both products appear in the same ""Aspire"" look on page 31.",high,false,
rel_0562,look_009,Aspire,K-28784IN-0,K-23971IN-4FP-CP,design_co_occurrence,31,"Both products appear in the same ""Aspire"" look on page 31.",high,false,
rel_0563,look_009,Aspire,K-28784IN-0,K-23973IN-AA-CP,design_co_occurrence,31,"Both products appear in the same ""Aspire"" look on page 31.",high,false,
rel_0564,look_009,Aspire,K-28784IN-0,K-26351IN-P-NA,design_co_occurrence,31,"Both products appear in the same ""Aspire"" look on page 31.",high,false,
rel_0565,look_009,Aspire,K-28784IN-0,K-75823IN-CP,design_co_occurrence,31,"Both products appear in the same ""Aspire"" look on page 31.",high,false,
rel_0566,look_009,Aspire,K-28784IN-0,K-32485IN-NA,design_co_occurrence,31,"Both products appear in the same ""Aspire"" look on page 31.",high,false,
rel_0567,look_009,Aspire,K-28784IN-0,K-882IN-CP,design_co_occurrence,31,"Both products appear in the same ""Aspire"" look on page 31.",high,false,
rel_0568,look_009,Aspire,K-28784IN-0,K-16346IN-CP,design_co_occurrence,31,"Both products appear in the same ""Aspire"" look on page 31.",high,false,
rel_0569,look_009,Aspire,K-75890IN-M-CP,K-26998IN-0,design_co_occurrence,31,"Both products appear in the same ""Aspire"" look on page 31.",high,false,
rel_0570,look_009,Aspire,K-75890IN-M-CP,K-12927IN-CP,design_co_occurrence,31,"Both products appear in the same ""Aspire"" look on page 31.",high,false,
rel_0571,look_009,Aspire,K-75890IN-M-CP,K-73199IN-CP,design_co_occurrence,31,"Both products appear in the same ""Aspire"" look on page 31.",high,false,
rel_0572,look_009,Aspire,K-75890IN-M-CP,K-23971IN-4FP-CP,design_co_occurrence,31,"Both products appear in the same ""Aspire"" look on page 31.",high,false,
rel_0573,look_009,Aspire,K-75890IN-M-CP,K-23973IN-AA-CP,design_co_occurrence,31,"Both products appear in the same ""Aspire"" look on page 31.",high,false,
rel_0574,look_009,Aspire,K-75890IN-M-CP,K-26351IN-P-NA,design_co_occurrence,31,"Both products appear in the same ""Aspire"" look on page 31.",high,false,
rel_0575,look_009,Aspire,K-75890IN-M-CP,K-75823IN-CP,design_co_occurrence,31,"Both products appear in the same ""Aspire"" look on page 31.",high,false,
rel_0576,look_009,Aspire,K-75890IN-M-CP,K-32485IN-NA,design_co_occurrence,31,"Both products appear in the same ""Aspire"" look on page 31.",high,false,
rel_0577,look_009,Aspire,K-75890IN-M-CP,K-882IN-CP,design_co_occurrence,31,"Both products appear in the same ""Aspire"" look on page 31.",high,false,
rel_0578,look_009,Aspire,K-75890IN-M-CP,K-16346IN-CP,design_co_occurrence,31,"Both products appear in the same ""Aspire"" look on page 31.",high,false,
rel_0579,look_009,Aspire,K-26998IN-0,K-12927IN-CP,design_co_occurrence,31,"Both products appear in the same ""Aspire"" look on page 31.",high,false,
rel_0580,look_009,Aspire,K-26998IN-0,K-73199IN-CP,design_co_occurrence,31,"Both products appear in the same ""Aspire"" look on page 31.",high,false,
rel_0581,look_009,Aspire,K-26998IN-0,K-23971IN-4FP-CP,design_co_occurrence,31,"Both products appear in the same ""Aspire"" look on page 31.",high,false,
rel_0582,look_009,Aspire,K-26998IN-0,K-23973IN-AA-CP,design_co_occurrence,31,"Both products appear in the same ""Aspire"" look on page 31.",high,false,
rel_0583,look_009,Aspire,K-26998IN-0,K-26351IN-P-NA,design_co_occurrence,31,"Both products appear in the same ""Aspire"" look on page 31.",high,false,
rel_0584,look_009,Aspire,K-26998IN-0,K-75823IN-CP,design_co_occurrence,31,"Both products appear in the same ""Aspire"" look on page 31.",high,false,
rel_0585,look_009,Aspire,K-26998IN-0,K-32485IN-NA,design_co_occurrence,31,"Both products appear in the same ""Aspire"" look on page 31.",high,false,
rel_0586,look_009,Aspire,K-26998IN-0,K-882IN-CP,design_co_occurrence,31,"Both products appear in the same ""Aspire"" look on page 31.",high,false,
rel_0587,look_009,Aspire,K-26998IN-0,K-16346IN-CP,design_co_occurrence,31,"Both products appear in the same ""Aspire"" look on page 31.",high,false,
rel_0588,look_009,Aspire,K-12927IN-CP,K-73199IN-CP,design_co_occurrence,31,"Both products appear in the same ""Aspire"" look on page 31.",high,false,
rel_0589,look_009,Aspire,K-12927IN-CP,K-23971IN-4FP-CP,design_co_occurrence,31,"Both products appear in the same ""Aspire"" look on page 31.",high,false,
rel_0590,look_009,Aspire,K-12927IN-CP,K-23973IN-AA-CP,design_co_occurrence,31,"Both products appear in the same ""Aspire"" look on page 31.",high,false,
rel_0591,look_009,Aspire,K-12927IN-CP,K-26351IN-P-NA,design_co_occurrence,31,"Both products appear in the same ""Aspire"" look on page 31.",high,false,
rel_0592,look_009,Aspire,K-12927IN-CP,K-75823IN-CP,design_co_occurrence,31,"Both products appear in the same ""Aspire"" look on page 31.",high,false,
rel_0593,look_009,Aspire,K-12927IN-CP,K-32485IN-NA,design_co_occurrence,31,"Both products appear in the same ""Aspire"" look on page 31.",high,false,
rel_0594,look_009,Aspire,K-12927IN-CP,K-882IN-CP,design_co_occurrence,31,"Both products appear in the same ""Aspire"" look on page 31.",high,false,
rel_0595,look_009,Aspire,K-12927IN-CP,K-16346IN-CP,design_co_occurrence,31,"Both products appear in the same ""Aspire"" look on page 31.",high,false,
rel_0596,look_009,Aspire,K-73199IN-CP,K-23971IN-4FP-CP,design_co_occurrence,31,"Both products appear in the same ""Aspire"" look on page 31.",high,false,
rel_0597,look_009,Aspire,K-73199IN-CP,K-23973IN-AA-CP,design_co_occurrence,31,"Both products appear in the same ""Aspire"" look on page 31.",high,false,
rel_0598,look_009,Aspire,K-73199IN-CP,K-26351IN-P-NA,design_co_occurrence,31,"Both products appear in the same ""Aspire"" look on page 31.",high,false,
rel_0599,look_009,Aspire,K-73199IN-CP,K-75823IN-CP,design_co_occurrence,31,"Both products appear in the same ""Aspire"" look on page 31.",high,false,
rel_0600,look_009,Aspire,K-73199IN-CP,K-32485IN-NA,design_co_occurrence,31,"Both products appear in the same ""Aspire"" look on page 31.",high,false,
rel_0601,look_009,Aspire,K-73199IN-CP,K-882IN-CP,design_co_occurrence,31,"Both products appear in the same ""Aspire"" look on page 31.",high,false,
rel_0602,look_009,Aspire,K-73199IN-CP,K-16346IN-CP,design_co_occurrence,31,"Both products appear in the same ""Aspire"" look on page 31.",high,false,
rel_0603,look_009,Aspire,K-23971IN-4FP-CP,K-23973IN-AA-CP,design_co_occurrence,31,"Both products appear in the same ""Aspire"" look on page 31.",high,false,
rel_0604,look_009,Aspire,K-23971IN-4FP-CP,K-26351IN-P-NA,design_co_occurrence,31,"Both products appear in the same ""Aspire"" look on page 31.",high,false,
rel_0605,look_009,Aspire,K-23971IN-4FP-CP,K-75823IN-CP,design_co_occurrence,31,"Both products appear in the same ""Aspire"" look on page 31.",high,false,
rel_0606,look_009,Aspire,K-23971IN-4FP-CP,K-32485IN-NA,design_co_occurrence,31,"Both products appear in the same ""Aspire"" look on page 31.",high,false,
rel_0607,look_009,Aspire,K-23971IN-4FP-CP,K-882IN-CP,design_co_occurrence,31,"Both products appear in the same ""Aspire"" look on page 31.",high,false,
rel_0608,look_009,Aspire,K-23971IN-4FP-CP,K-16346IN-CP,design_co_occurrence,31,"Both products appear in the same ""Aspire"" look on page 31.",high,false,
rel_0609,look_009,Aspire,K-23973IN-AA-CP,K-26351IN-P-NA,design_co_occurrence,31,"Both products appear in the same ""Aspire"" look on page 31.",high,false,
rel_0610,look_009,Aspire,K-23973IN-AA-CP,K-75823IN-CP,design_co_occurrence,31,"Both products appear in the same ""Aspire"" look on page 31.",high,false,
rel_0611,look_009,Aspire,K-23973IN-AA-CP,K-32485IN-NA,design_co_occurrence,31,"Both products appear in the same ""Aspire"" look on page 31.",high,false,
rel_0612,look_009,Aspire,K-23973IN-AA-CP,K-882IN-CP,design_co_occurrence,31,"Both products appear in the same ""Aspire"" look on page 31.",high,false,
rel_0613,look_009,Aspire,K-23973IN-AA-CP,K-16346IN-CP,design_co_occurrence,31,"Both products appear in the same ""Aspire"" look on page 31.",high,false,
rel_0614,look_009,Aspire,K-26351IN-P-NA,K-75823IN-CP,design_co_occurrence,31,"Both products appear in the same ""Aspire"" look on page 31.",high,false,
rel_0615,look_009,Aspire,K-26351IN-P-NA,K-32485IN-NA,design_co_occurrence,31,"Both products appear in the same ""Aspire"" look on page 31.",high,false,
rel_0616,look_009,Aspire,K-26351IN-P-NA,K-882IN-CP,design_co_occurrence,31,"Both products appear in the same ""Aspire"" look on page 31.",high,false,
rel_0617,look_009,Aspire,K-26351IN-P-NA,K-16346IN-CP,design_co_occurrence,31,"Both products appear in the same ""Aspire"" look on page 31.",high,false,
rel_0618,look_009,Aspire,K-75823IN-CP,K-32485IN-NA,design_co_occurrence,31,"Both products appear in the same ""Aspire"" look on page 31.",high,false,
rel_0619,look_009,Aspire,K-75823IN-CP,K-882IN-CP,design_co_occurrence,31,"Both products appear in the same ""Aspire"" look on page 31.",high,false,
rel_0620,look_009,Aspire,K-75823IN-CP,K-16346IN-CP,design_co_occurrence,31,"Both products appear in the same ""Aspire"" look on page 31.",high,false,
rel_0621,look_009,Aspire,K-32485IN-NA,K-882IN-CP,design_co_occurrence,31,"Both products appear in the same ""Aspire"" look on page 31.",high,false,
rel_0622,look_009,Aspire,K-32485IN-NA,K-16346IN-CP,design_co_occurrence,31,"Both products appear in the same ""Aspire"" look on page 31.",high,false,
rel_0623,look_009,Aspire,K-882IN-CP,K-16346IN-CP,design_co_occurrence,31,"Both products appear in the same ""Aspire"" look on page 31.",high,false,
rel_0624,look_010,Aspire,K-22534IN-4ND-CP,K-2214IN-0,design_co_occurrence,33,"Both products appear in the same ""Aspire"" look on page 33.",high,false,
rel_0625,look_010,Aspire,K-22534IN-4ND-CP,K-28475IN-M-CP,design_co_occurrence,33,"Both products appear in the same ""Aspire"" look on page 33.",high,false,
rel_0626,look_010,Aspire,K-22534IN-4ND-CP,K-20217IN-S-0,design_co_occurrence,33,"Both products appear in the same ""Aspire"" look on page 33.",high,false,
rel_0627,look_010,Aspire,K-22534IN-4ND-CP,K-12927IN-CP,design_co_occurrence,33,"Both products appear in the same ""Aspire"" look on page 33.",high,false,
rel_0628,look_010,Aspire,K-22534IN-4ND-CP,K-73198IN-CP,design_co_occurrence,33,"Both products appear in the same ""Aspire"" look on page 33.",high,false,
rel_0629,look_010,Aspire,K-22534IN-4ND-CP,K-22541IN-4FP-CP,design_co_occurrence,33,"Both products appear in the same ""Aspire"" look on page 33.",high,false,
rel_0630,look_010,Aspire,K-22534IN-4ND-CP,K-22543IN-CP,design_co_occurrence,33,"Both products appear in the same ""Aspire"" look on page 33.",high,false,
rel_0631,look_010,Aspire,K-22534IN-4ND-CP,K-26351IN-P-NA,design_co_occurrence,33,"Both products appear in the same ""Aspire"" look on page 33.",high,false,
rel_0632,look_010,Aspire,K-22534IN-4ND-CP,K-7314IN-CP,design_co_occurrence,33,"Both products appear in the same ""Aspire"" look on page 33.",high,false,
rel_0633,look_010,Aspire,K-22534IN-4ND-CP,K-45432IN-CP,design_co_occurrence,33,"Both products appear in the same ""Aspire"" look on page 33.",high,false,
rel_0634,look_010,Aspire,K-22534IN-4ND-CP,K-882IN-CP,design_co_occurrence,33,"Both products appear in the same ""Aspire"" look on page 33.",high,false,
rel_0635,look_010,Aspire,K-22534IN-4ND-CP,K-16346IN-CP,design_co_occurrence,33,"Both products appear in the same ""Aspire"" look on page 33.",high,false,
rel_0636,look_010,Aspire,K-2214IN-0,K-28475IN-M-CP,design_co_occurrence,33,"Both products appear in the same ""Aspire"" look on page 33.",high,false,
rel_0637,look_010,Aspire,K-2214IN-0,K-20217IN-S-0,design_co_occurrence,33,"Both products appear in the same ""Aspire"" look on page 33.",high,false,
rel_0638,look_010,Aspire,K-2214IN-0,K-12927IN-CP,design_co_occurrence,33,"Both products appear in the same ""Aspire"" look on page 33.",high,false,
rel_0639,look_010,Aspire,K-2214IN-0,K-73198IN-CP,design_co_occurrence,33,"Both products appear in the same ""Aspire"" look on page 33.",high,false,
rel_0640,look_010,Aspire,K-2214IN-0,K-22541IN-4FP-CP,design_co_occurrence,33,"Both products appear in the same ""Aspire"" look on page 33.",high,false,
rel_0641,look_010,Aspire,K-2214IN-0,K-22543IN-CP,design_co_occurrence,33,"Both products appear in the same ""Aspire"" look on page 33.",high,false,
rel_0642,look_010,Aspire,K-2214IN-0,K-26351IN-P-NA,design_co_occurrence,33,"Both products appear in the same ""Aspire"" look on page 33.",high,false,
rel_0643,look_010,Aspire,K-2214IN-0,K-7314IN-CP,design_co_occurrence,33,"Both products appear in the same ""Aspire"" look on page 33.",high,false,
rel_0644,look_010,Aspire,K-2214IN-0,K-45432IN-CP,design_co_occurrence,33,"Both products appear in the same ""Aspire"" look on page 33.",high,false,
rel_0645,look_010,Aspire,K-2214IN-0,K-882IN-CP,design_co_occurrence,33,"Both products appear in the same ""Aspire"" look on page 33.",high,false,
rel_0646,look_010,Aspire,K-2214IN-0,K-16346IN-CP,design_co_occurrence,33,"Both products appear in the same ""Aspire"" look on page 33.",high,false,
rel_0647,look_010,Aspire,K-28475IN-M-CP,K-20217IN-S-0,design_co_occurrence,33,"Both products appear in the same ""Aspire"" look on page 33.",high,false,
rel_0648,look_010,Aspire,K-28475IN-M-CP,K-12927IN-CP,design_co_occurrence,33,"Both products appear in the same ""Aspire"" look on page 33.",high,false,
rel_0649,look_010,Aspire,K-28475IN-M-CP,K-73198IN-CP,design_co_occurrence,33,"Both products appear in the same ""Aspire"" look on page 33.",high,false,
rel_0650,look_010,Aspire,K-28475IN-M-CP,K-22541IN-4FP-CP,design_co_occurrence,33,"Both products appear in the same ""Aspire"" look on page 33.",high,false,
rel_0651,look_010,Aspire,K-28475IN-M-CP,K-22543IN-CP,design_co_occurrence,33,"Both products appear in the same ""Aspire"" look on page 33.",high,false,
rel_0652,look_010,Aspire,K-28475IN-M-CP,K-26351IN-P-NA,design_co_occurrence,33,"Both products appear in the same ""Aspire"" look on page 33.",high,false,
rel_0653,look_010,Aspire,K-28475IN-M-CP,K-7314IN-CP,design_co_occurrence,33,"Both products appear in the same ""Aspire"" look on page 33.",high,false,
rel_0654,look_010,Aspire,K-28475IN-M-CP,K-45432IN-CP,design_co_occurrence,33,"Both products appear in the same ""Aspire"" look on page 33.",high,false,
rel_0655,look_010,Aspire,K-28475IN-M-CP,K-882IN-CP,design_co_occurrence,33,"Both products appear in the same ""Aspire"" look on page 33.",high,false,
rel_0656,look_010,Aspire,K-28475IN-M-CP,K-16346IN-CP,design_co_occurrence,33,"Both products appear in the same ""Aspire"" look on page 33.",high,false,
rel_0657,look_010,Aspire,K-20217IN-S-0,K-12927IN-CP,design_co_occurrence,33,"Both products appear in the same ""Aspire"" look on page 33.",high,false,
rel_0658,look_010,Aspire,K-20217IN-S-0,K-73198IN-CP,design_co_occurrence,33,"Both products appear in the same ""Aspire"" look on page 33.",high,false,
rel_0659,look_010,Aspire,K-20217IN-S-0,K-22541IN-4FP-CP,design_co_occurrence,33,"Both products appear in the same ""Aspire"" look on page 33.",high,false,
rel_0660,look_010,Aspire,K-20217IN-S-0,K-22543IN-CP,design_co_occurrence,33,"Both products appear in the same ""Aspire"" look on page 33.",high,false,
rel_0661,look_010,Aspire,K-20217IN-S-0,K-26351IN-P-NA,design_co_occurrence,33,"Both products appear in the same ""Aspire"" look on page 33.",high,false,
rel_0662,look_010,Aspire,K-20217IN-S-0,K-7314IN-CP,design_co_occurrence,33,"Both products appear in the same ""Aspire"" look on page 33.",high,false,
rel_0663,look_010,Aspire,K-20217IN-S-0,K-45432IN-CP,design_co_occurrence,33,"Both products appear in the same ""Aspire"" look on page 33.",high,false,
rel_0664,look_010,Aspire,K-20217IN-S-0,K-882IN-CP,design_co_occurrence,33,"Both products appear in the same ""Aspire"" look on page 33.",high,false,
rel_0665,look_010,Aspire,K-20217IN-S-0,K-16346IN-CP,design_co_occurrence,33,"Both products appear in the same ""Aspire"" look on page 33.",high,false,
rel_0666,look_010,Aspire,K-12927IN-CP,K-73198IN-CP,design_co_occurrence,33,"Both products appear in the same ""Aspire"" look on page 33.",high,false,
rel_0667,look_010,Aspire,K-12927IN-CP,K-22541IN-4FP-CP,design_co_occurrence,33,"Both products appear in the same ""Aspire"" look on page 33.",high,false,
rel_0668,look_010,Aspire,K-12927IN-CP,K-22543IN-CP,design_co_occurrence,33,"Both products appear in the same ""Aspire"" look on page 33.",high,false,
rel_0669,look_010,Aspire,K-12927IN-CP,K-26351IN-P-NA,design_co_occurrence,33,"Both products appear in the same ""Aspire"" look on page 33.",high,false,
rel_0670,look_010,Aspire,K-12927IN-CP,K-7314IN-CP,design_co_occurrence,33,"Both products appear in the same ""Aspire"" look on page 33.",high,false,
rel_0671,look_010,Aspire,K-12927IN-CP,K-45432IN-CP,design_co_occurrence,33,"Both products appear in the same ""Aspire"" look on page 33.",high,false,
rel_0672,look_010,Aspire,K-12927IN-CP,K-882IN-CP,design_co_occurrence,33,"Both products appear in the same ""Aspire"" look on page 33.",high,false,
rel_0673,look_010,Aspire,K-12927IN-CP,K-16346IN-CP,design_co_occurrence,33,"Both products appear in the same ""Aspire"" look on page 33.",high,false,
rel_0674,look_010,Aspire,K-73198IN-CP,K-22541IN-4FP-CP,design_co_occurrence,33,"Both products appear in the same ""Aspire"" look on page 33.",high,false,
rel_0675,look_010,Aspire,K-73198IN-CP,K-22543IN-CP,design_co_occurrence,33,"Both products appear in the same ""Aspire"" look on page 33.",high,false,
rel_0676,look_010,Aspire,K-73198IN-CP,K-26351IN-P-NA,design_co_occurrence,33,"Both products appear in the same ""Aspire"" look on page 33.",high,false,
rel_0677,look_010,Aspire,K-73198IN-CP,K-7314IN-CP,design_co_occurrence,33,"Both products appear in the same ""Aspire"" look on page 33.",high,false,
rel_0678,look_010,Aspire,K-73198IN-CP,K-45432IN-CP,design_co_occurrence,33,"Both products appear in the same ""Aspire"" look on page 33.",high,false,
rel_0679,look_010,Aspire,K-73198IN-CP,K-882IN-CP,design_co_occurrence,33,"Both products appear in the same ""Aspire"" look on page 33.",high,false,
rel_0680,look_010,Aspire,K-73198IN-CP,K-16346IN-CP,design_co_occurrence,33,"Both products appear in the same ""Aspire"" look on page 33.",high,false,
rel_0681,look_010,Aspire,K-22541IN-4FP-CP,K-22543IN-CP,design_co_occurrence,33,"Both products appear in the same ""Aspire"" look on page 33.",high,false,
rel_0682,look_010,Aspire,K-22541IN-4FP-CP,K-26351IN-P-NA,design_co_occurrence,33,"Both products appear in the same ""Aspire"" look on page 33.",high,false,
rel_0683,look_010,Aspire,K-22541IN-4FP-CP,K-7314IN-CP,design_co_occurrence,33,"Both products appear in the same ""Aspire"" look on page 33.",high,false,
rel_0684,look_010,Aspire,K-22541IN-4FP-CP,K-45432IN-CP,design_co_occurrence,33,"Both products appear in the same ""Aspire"" look on page 33.",high,false,
rel_0685,look_010,Aspire,K-22541IN-4FP-CP,K-882IN-CP,design_co_occurrence,33,"Both products appear in the same ""Aspire"" look on page 33.",high,false,
rel_0686,look_010,Aspire,K-22541IN-4FP-CP,K-16346IN-CP,design_co_occurrence,33,"Both products appear in the same ""Aspire"" look on page 33.",high,false,
rel_0687,look_010,Aspire,K-22543IN-CP,K-26351IN-P-NA,design_co_occurrence,33,"Both products appear in the same ""Aspire"" look on page 33.",high,false,
rel_0688,look_010,Aspire,K-22543IN-CP,K-7314IN-CP,design_co_occurrence,33,"Both products appear in the same ""Aspire"" look on page 33.",high,false,
rel_0689,look_010,Aspire,K-22543IN-CP,K-45432IN-CP,design_co_occurrence,33,"Both products appear in the same ""Aspire"" look on page 33.",high,false,
rel_0690,look_010,Aspire,K-22543IN-CP,K-882IN-CP,design_co_occurrence,33,"Both products appear in the same ""Aspire"" look on page 33.",high,false,
rel_0691,look_010,Aspire,K-22543IN-CP,K-16346IN-CP,design_co_occurrence,33,"Both products appear in the same ""Aspire"" look on page 33.",high,false,
rel_0692,look_010,Aspire,K-26351IN-P-NA,K-7314IN-CP,design_co_occurrence,33,"Both products appear in the same ""Aspire"" look on page 33.",high,false,
rel_0693,look_010,Aspire,K-26351IN-P-NA,K-45432IN-CP,design_co_occurrence,33,"Both products appear in the same ""Aspire"" look on page 33.",high,false,
rel_0694,look_010,Aspire,K-26351IN-P-NA,K-882IN-CP,design_co_occurrence,33,"Both products appear in the same ""Aspire"" look on page 33.",high,false,
rel_0695,look_010,Aspire,K-26351IN-P-NA,K-16346IN-CP,design_co_occurrence,33,"Both products appear in the same ""Aspire"" look on page 33.",high,false,
rel_0696,look_010,Aspire,K-7314IN-CP,K-45432IN-CP,design_co_occurrence,33,"Both products appear in the same ""Aspire"" look on page 33.",high,false,
rel_0697,look_010,Aspire,K-7314IN-CP,K-882IN-CP,design_co_occurrence,33,"Both products appear in the same ""Aspire"" look on page 33.",high,false,
rel_0698,look_010,Aspire,K-7314IN-CP,K-16346IN-CP,design_co_occurrence,33,"Both products appear in the same ""Aspire"" look on page 33.",high,false,
rel_0699,look_010,Aspire,K-45432IN-CP,K-882IN-CP,design_co_occurrence,33,"Both products appear in the same ""Aspire"" look on page 33.",high,false,
rel_0700,look_010,Aspire,K-45432IN-CP,K-16346IN-CP,design_co_occurrence,33,"Both products appear in the same ""Aspire"" look on page 33.",high,false,
rel_0701,look_010,Aspire,K-882IN-CP,K-16346IN-CP,design_co_occurrence,33,"Both products appear in the same ""Aspire"" look on page 33.",high,false,
rel_0702,look_011,Desire,K-27479IN-4ND-CP,K-75374IN-1-0,design_co_occurrence,37,"Both products appear in the same ""Desire"" look on page 37.",high,false,
rel_0703,look_011,Desire,K-27479IN-4ND-CP,K-28475IN-M-CP,design_co_occurrence,37,"Both products appear in the same ""Desire"" look on page 37.",high,false,
rel_0704,look_011,Desire,K-27479IN-4ND-CP,K-29174IN-S-0,design_co_occurrence,37,"Both products appear in the same ""Desire"" look on page 37.",high,false,
rel_0705,look_011,Desire,K-27479IN-4ND-CP,K-12925IN-CP,design_co_occurrence,37,"Both products appear in the same ""Desire"" look on page 37.",high,false,
rel_0706,look_011,Desire,K-27479IN-4ND-CP,K-72425IN-CP,design_co_occurrence,37,"Both products appear in the same ""Desire"" look on page 37.",high,false,
rel_0707,look_011,Desire,K-27479IN-4ND-CP,K-27497IN-4FP-CP,design_co_occurrence,37,"Both products appear in the same ""Desire"" look on page 37.",high,false,
rel_0708,look_011,Desire,K-27479IN-4ND-CP,K-27492IN-CP,design_co_occurrence,37,"Both products appear in the same ""Desire"" look on page 37.",high,false,
rel_0709,look_011,Desire,K-27479IN-4ND-CP,K-26351IN-M-NA,design_co_occurrence,37,"Both products appear in the same ""Desire"" look on page 37.",high,false,
rel_0710,look_011,Desire,K-27479IN-4ND-CP,K-75823IN-CP,design_co_occurrence,37,"Both products appear in the same ""Desire"" look on page 37.",high,false,
rel_0711,look_011,Desire,K-27479IN-4ND-CP,K-45432IN-CP,design_co_occurrence,37,"Both products appear in the same ""Desire"" look on page 37.",high,false,
rel_0712,look_011,Desire,K-27479IN-4ND-CP,K-75201IN-CP,design_co_occurrence,37,"Both products appear in the same ""Desire"" look on page 37.",high,false,
rel_0713,look_011,Desire,K-75374IN-1-0,K-28475IN-M-CP,design_co_occurrence,37,"Both products appear in the same ""Desire"" look on page 37.",high,false,
rel_0714,look_011,Desire,K-75374IN-1-0,K-29174IN-S-0,design_co_occurrence,37,"Both products appear in the same ""Desire"" look on page 37.",high,false,
rel_0715,look_011,Desire,K-75374IN-1-0,K-12925IN-CP,design_co_occurrence,37,"Both products appear in the same ""Desire"" look on page 37.",high,false,
rel_0716,look_011,Desire,K-75374IN-1-0,K-72425IN-CP,design_co_occurrence,37,"Both products appear in the same ""Desire"" look on page 37.",high,false,
rel_0717,look_011,Desire,K-75374IN-1-0,K-27497IN-4FP-CP,design_co_occurrence,37,"Both products appear in the same ""Desire"" look on page 37.",high,false,
rel_0718,look_011,Desire,K-75374IN-1-0,K-27492IN-CP,design_co_occurrence,37,"Both products appear in the same ""Desire"" look on page 37.",high,false,
rel_0719,look_011,Desire,K-75374IN-1-0,K-26351IN-M-NA,design_co_occurrence,37,"Both products appear in the same ""Desire"" look on page 37.",high,false,
rel_0720,look_011,Desire,K-75374IN-1-0,K-75823IN-CP,design_co_occurrence,37,"Both products appear in the same ""Desire"" look on page 37.",high,false,
rel_0721,look_011,Desire,K-75374IN-1-0,K-45432IN-CP,design_co_occurrence,37,"Both products appear in the same ""Desire"" look on page 37.",high,false,
rel_0722,look_011,Desire,K-75374IN-1-0,K-75201IN-CP,design_co_occurrence,37,"Both products appear in the same ""Desire"" look on page 37.",high,false,
rel_0723,look_011,Desire,K-28475IN-M-CP,K-29174IN-S-0,design_co_occurrence,37,"Both products appear in the same ""Desire"" look on page 37.",high,false,
rel_0724,look_011,Desire,K-28475IN-M-CP,K-12925IN-CP,design_co_occurrence,37,"Both products appear in the same ""Desire"" look on page 37.",high,false,
rel_0725,look_011,Desire,K-28475IN-M-CP,K-72425IN-CP,design_co_occurrence,37,"Both products appear in the same ""Desire"" look on page 37.",high,false,
rel_0726,look_011,Desire,K-28475IN-M-CP,K-27497IN-4FP-CP,design_co_occurrence,37,"Both products appear in the same ""Desire"" look on page 37.",high,false,
rel_0727,look_011,Desire,K-28475IN-M-CP,K-27492IN-CP,design_co_occurrence,37,"Both products appear in the same ""Desire"" look on page 37.",high,false,
rel_0728,look_011,Desire,K-28475IN-M-CP,K-26351IN-M-NA,design_co_occurrence,37,"Both products appear in the same ""Desire"" look on page 37.",high,false,
rel_0729,look_011,Desire,K-28475IN-M-CP,K-75823IN-CP,design_co_occurrence,37,"Both products appear in the same ""Desire"" look on page 37.",high,false,
rel_0730,look_011,Desire,K-28475IN-M-CP,K-45432IN-CP,design_co_occurrence,37,"Both products appear in the same ""Desire"" look on page 37.",high,false,
rel_0731,look_011,Desire,K-28475IN-M-CP,K-75201IN-CP,design_co_occurrence,37,"Both products appear in the same ""Desire"" look on page 37.",high,false,
rel_0732,look_011,Desire,K-29174IN-S-0,K-12925IN-CP,design_co_occurrence,37,"Both products appear in the same ""Desire"" look on page 37.",high,false,
rel_0733,look_011,Desire,K-29174IN-S-0,K-72425IN-CP,design_co_occurrence,37,"Both products appear in the same ""Desire"" look on page 37.",high,false,
rel_0734,look_011,Desire,K-29174IN-S-0,K-27497IN-4FP-CP,design_co_occurrence,37,"Both products appear in the same ""Desire"" look on page 37.",high,false,
rel_0735,look_011,Desire,K-29174IN-S-0,K-27492IN-CP,design_co_occurrence,37,"Both products appear in the same ""Desire"" look on page 37.",high,false,
rel_0736,look_011,Desire,K-29174IN-S-0,K-26351IN-M-NA,design_co_occurrence,37,"Both products appear in the same ""Desire"" look on page 37.",high,false,
rel_0737,look_011,Desire,K-29174IN-S-0,K-75823IN-CP,design_co_occurrence,37,"Both products appear in the same ""Desire"" look on page 37.",high,false,
rel_0738,look_011,Desire,K-29174IN-S-0,K-45432IN-CP,design_co_occurrence,37,"Both products appear in the same ""Desire"" look on page 37.",high,false,
rel_0739,look_011,Desire,K-29174IN-S-0,K-75201IN-CP,design_co_occurrence,37,"Both products appear in the same ""Desire"" look on page 37.",high,false,
rel_0740,look_011,Desire,K-12925IN-CP,K-72425IN-CP,design_co_occurrence,37,"Both products appear in the same ""Desire"" look on page 37.",high,false,
rel_0741,look_011,Desire,K-12925IN-CP,K-27497IN-4FP-CP,design_co_occurrence,37,"Both products appear in the same ""Desire"" look on page 37.",high,false,
rel_0742,look_011,Desire,K-12925IN-CP,K-27492IN-CP,design_co_occurrence,37,"Both products appear in the same ""Desire"" look on page 37.",high,false,
rel_0743,look_011,Desire,K-12925IN-CP,K-26351IN-M-NA,design_co_occurrence,37,"Both products appear in the same ""Desire"" look on page 37.",high,false,
rel_0744,look_011,Desire,K-12925IN-CP,K-75823IN-CP,design_co_occurrence,37,"Both products appear in the same ""Desire"" look on page 37.",high,false,
rel_0745,look_011,Desire,K-12925IN-CP,K-45432IN-CP,design_co_occurrence,37,"Both products appear in the same ""Desire"" look on page 37.",high,false,
rel_0746,look_011,Desire,K-12925IN-CP,K-75201IN-CP,design_co_occurrence,37,"Both products appear in the same ""Desire"" look on page 37.",high,false,
rel_0747,look_011,Desire,K-72425IN-CP,K-27497IN-4FP-CP,design_co_occurrence,37,"Both products appear in the same ""Desire"" look on page 37.",high,false,
rel_0748,look_011,Desire,K-72425IN-CP,K-27492IN-CP,design_co_occurrence,37,"Both products appear in the same ""Desire"" look on page 37.",high,false,
rel_0749,look_011,Desire,K-72425IN-CP,K-26351IN-M-NA,design_co_occurrence,37,"Both products appear in the same ""Desire"" look on page 37.",high,false,
rel_0750,look_011,Desire,K-72425IN-CP,K-75823IN-CP,design_co_occurrence,37,"Both products appear in the same ""Desire"" look on page 37.",high,false,
rel_0751,look_011,Desire,K-72425IN-CP,K-45432IN-CP,design_co_occurrence,37,"Both products appear in the same ""Desire"" look on page 37.",high,false,
rel_0752,look_011,Desire,K-72425IN-CP,K-75201IN-CP,design_co_occurrence,37,"Both products appear in the same ""Desire"" look on page 37.",high,false,
rel_0753,look_011,Desire,K-27497IN-4FP-CP,K-27492IN-CP,design_co_occurrence,37,"Both products appear in the same ""Desire"" look on page 37.",high,false,
rel_0754,look_011,Desire,K-27497IN-4FP-CP,K-26351IN-M-NA,design_co_occurrence,37,"Both products appear in the same ""Desire"" look on page 37.",high,false,
rel_0755,look_011,Desire,K-27497IN-4FP-CP,K-75823IN-CP,design_co_occurrence,37,"Both products appear in the same ""Desire"" look on page 37.",high,false,
rel_0756,look_011,Desire,K-27497IN-4FP-CP,K-45432IN-CP,design_co_occurrence,37,"Both products appear in the same ""Desire"" look on page 37.",high,false,
rel_0757,look_011,Desire,K-27497IN-4FP-CP,K-75201IN-CP,design_co_occurrence,37,"Both products appear in the same ""Desire"" look on page 37.",high,false,
rel_0758,look_011,Desire,K-27492IN-CP,K-26351IN-M-NA,design_co_occurrence,37,"Both products appear in the same ""Desire"" look on page 37.",high,false,
rel_0759,look_011,Desire,K-27492IN-CP,K-75823IN-CP,design_co_occurrence,37,"Both products appear in the same ""Desire"" look on page 37.",high,false,
rel_0760,look_011,Desire,K-27492IN-CP,K-45432IN-CP,design_co_occurrence,37,"Both products appear in the same ""Desire"" look on page 37.",high,false,
rel_0761,look_011,Desire,K-27492IN-CP,K-75201IN-CP,design_co_occurrence,37,"Both products appear in the same ""Desire"" look on page 37.",high,false,
rel_0762,look_011,Desire,K-26351IN-M-NA,K-75823IN-CP,design_co_occurrence,37,"Both products appear in the same ""Desire"" look on page 37.",high,false,
rel_0763,look_011,Desire,K-26351IN-M-NA,K-45432IN-CP,design_co_occurrence,37,"Both products appear in the same ""Desire"" look on page 37.",high,false,
rel_0764,look_011,Desire,K-26351IN-M-NA,K-75201IN-CP,design_co_occurrence,37,"Both products appear in the same ""Desire"" look on page 37.",high,false,
rel_0765,look_011,Desire,K-75823IN-CP,K-45432IN-CP,design_co_occurrence,37,"Both products appear in the same ""Desire"" look on page 37.",high,false,
rel_0766,look_011,Desire,K-75823IN-CP,K-75201IN-CP,design_co_occurrence,37,"Both products appear in the same ""Desire"" look on page 37.",high,false,
rel_0767,look_011,Desire,K-45432IN-CP,K-75201IN-CP,design_co_occurrence,37,"Both products appear in the same ""Desire"" look on page 37.",high,false,
rel_0768,look_012,Desire,K-33063IN-4ND-CP,K-2200IN-0,design_co_occurrence,39,"Both products appear in the same ""Desire"" look on page 39.",high,false,
rel_0769,look_012,Desire,K-33063IN-4ND-CP,K-28476IN-M-CP,design_co_occurrence,39,"Both products appear in the same ""Desire"" look on page 39.",high,false,
rel_0770,look_012,Desire,K-33063IN-4ND-CP,K-30438IN-0,design_co_occurrence,39,"Both products appear in the same ""Desire"" look on page 39.",high,false,
rel_0771,look_012,Desire,K-33063IN-4ND-CP,K-12925IN-CP,design_co_occurrence,39,"Both products appear in the same ""Desire"" look on page 39.",high,false,
rel_0772,look_012,Desire,K-33063IN-4ND-CP,K-75924IN-CP,design_co_occurrence,39,"Both products appear in the same ""Desire"" look on page 39.",high,false,
rel_0773,look_012,Desire,K-33063IN-4ND-CP,K-33118IN-4FP-CP,design_co_occurrence,39,"Both products appear in the same ""Desire"" look on page 39.",high,false,
rel_0774,look_012,Desire,K-33063IN-4ND-CP,K-33074IN-CP,design_co_occurrence,39,"Both products appear in the same ""Desire"" look on page 39.",high,false,
rel_0775,look_012,Desire,K-33063IN-4ND-CP,K-26351IN-M-NA,design_co_occurrence,39,"Both products appear in the same ""Desire"" look on page 39.",high,false,
rel_0776,look_012,Desire,K-33063IN-4ND-CP,K-7314IN-CP,design_co_occurrence,39,"Both products appear in the same ""Desire"" look on page 39.",high,false,
rel_0777,look_012,Desire,K-33063IN-4ND-CP,K-45433IN-CP,design_co_occurrence,39,"Both products appear in the same ""Desire"" look on page 39.",high,false,
rel_0778,look_012,Desire,K-33063IN-4ND-CP,K-75201IN-CP,design_co_occurrence,39,"Both products appear in the same ""Desire"" look on page 39.",high,false,
rel_0779,look_012,Desire,K-33063IN-4ND-CP,K-99054IN-CP,design_co_occurrence,39,"Both products appear in the same ""Desire"" look on page 39.",high,false,
rel_0780,look_012,Desire,K-2200IN-0,K-28476IN-M-CP,design_co_occurrence,39,"Both products appear in the same ""Desire"" look on page 39.",high,false,
rel_0781,look_012,Desire,K-2200IN-0,K-30438IN-0,design_co_occurrence,39,"Both products appear in the same ""Desire"" look on page 39.",high,false,
rel_0782,look_012,Desire,K-2200IN-0,K-12925IN-CP,design_co_occurrence,39,"Both products appear in the same ""Desire"" look on page 39.",high,false,
rel_0783,look_012,Desire,K-2200IN-0,K-75924IN-CP,design_co_occurrence,39,"Both products appear in the same ""Desire"" look on page 39.",high,false,
rel_0784,look_012,Desire,K-2200IN-0,K-33118IN-4FP-CP,design_co_occurrence,39,"Both products appear in the same ""Desire"" look on page 39.",high,false,
rel_0785,look_012,Desire,K-2200IN-0,K-33074IN-CP,design_co_occurrence,39,"Both products appear in the same ""Desire"" look on page 39.",high,false,
rel_0786,look_012,Desire,K-2200IN-0,K-26351IN-M-NA,design_co_occurrence,39,"Both products appear in the same ""Desire"" look on page 39.",high,false,
rel_0787,look_012,Desire,K-2200IN-0,K-7314IN-CP,design_co_occurrence,39,"Both products appear in the same ""Desire"" look on page 39.",high,false,
rel_0788,look_012,Desire,K-2200IN-0,K-45433IN-CP,design_co_occurrence,39,"Both products appear in the same ""Desire"" look on page 39.",high,false,
rel_0789,look_012,Desire,K-2200IN-0,K-75201IN-CP,design_co_occurrence,39,"Both products appear in the same ""Desire"" look on page 39.",high,false,
rel_0790,look_012,Desire,K-2200IN-0,K-99054IN-CP,design_co_occurrence,39,"Both products appear in the same ""Desire"" look on page 39.",high,false,
rel_0791,look_012,Desire,K-28476IN-M-CP,K-30438IN-0,design_co_occurrence,39,"Both products appear in the same ""Desire"" look on page 39.",high,false,
rel_0792,look_012,Desire,K-28476IN-M-CP,K-12925IN-CP,design_co_occurrence,39,"Both products appear in the same ""Desire"" look on page 39.",high,false,
rel_0793,look_012,Desire,K-28476IN-M-CP,K-75924IN-CP,design_co_occurrence,39,"Both products appear in the same ""Desire"" look on page 39.",high,false,
rel_0794,look_012,Desire,K-28476IN-M-CP,K-33118IN-4FP-CP,design_co_occurrence,39,"Both products appear in the same ""Desire"" look on page 39.",high,false,
rel_0795,look_012,Desire,K-28476IN-M-CP,K-33074IN-CP,design_co_occurrence,39,"Both products appear in the same ""Desire"" look on page 39.",high,false,
rel_0796,look_012,Desire,K-28476IN-M-CP,K-26351IN-M-NA,design_co_occurrence,39,"Both products appear in the same ""Desire"" look on page 39.",high,false,
rel_0797,look_012,Desire,K-28476IN-M-CP,K-7314IN-CP,design_co_occurrence,39,"Both products appear in the same ""Desire"" look on page 39.",high,false,
rel_0798,look_012,Desire,K-28476IN-M-CP,K-45433IN-CP,design_co_occurrence,39,"Both products appear in the same ""Desire"" look on page 39.",high,false,
rel_0799,look_012,Desire,K-28476IN-M-CP,K-75201IN-CP,design_co_occurrence,39,"Both products appear in the same ""Desire"" look on page 39.",high,false,
rel_0800,look_012,Desire,K-28476IN-M-CP,K-99054IN-CP,design_co_occurrence,39,"Both products appear in the same ""Desire"" look on page 39.",high,false,
rel_0801,look_012,Desire,K-30438IN-0,K-12925IN-CP,design_co_occurrence,39,"Both products appear in the same ""Desire"" look on page 39.",high,false,
rel_0802,look_012,Desire,K-30438IN-0,K-75924IN-CP,design_co_occurrence,39,"Both products appear in the same ""Desire"" look on page 39.",high,false,
rel_0803,look_012,Desire,K-30438IN-0,K-33118IN-4FP-CP,design_co_occurrence,39,"Both products appear in the same ""Desire"" look on page 39.",high,false,
rel_0804,look_012,Desire,K-30438IN-0,K-33074IN-CP,design_co_occurrence,39,"Both products appear in the same ""Desire"" look on page 39.",high,false,
rel_0805,look_012,Desire,K-30438IN-0,K-26351IN-M-NA,design_co_occurrence,39,"Both products appear in the same ""Desire"" look on page 39.",high,false,
rel_0806,look_012,Desire,K-30438IN-0,K-7314IN-CP,design_co_occurrence,39,"Both products appear in the same ""Desire"" look on page 39.",high,false,
rel_0807,look_012,Desire,K-30438IN-0,K-45433IN-CP,design_co_occurrence,39,"Both products appear in the same ""Desire"" look on page 39.",high,false,
rel_0808,look_012,Desire,K-30438IN-0,K-75201IN-CP,design_co_occurrence,39,"Both products appear in the same ""Desire"" look on page 39.",high,false,
rel_0809,look_012,Desire,K-30438IN-0,K-99054IN-CP,design_co_occurrence,39,"Both products appear in the same ""Desire"" look on page 39.",high,false,
rel_0810,look_012,Desire,K-12925IN-CP,K-75924IN-CP,design_co_occurrence,39,"Both products appear in the same ""Desire"" look on page 39.",high,false,
rel_0811,look_012,Desire,K-12925IN-CP,K-33118IN-4FP-CP,design_co_occurrence,39,"Both products appear in the same ""Desire"" look on page 39.",high,false,
rel_0812,look_012,Desire,K-12925IN-CP,K-33074IN-CP,design_co_occurrence,39,"Both products appear in the same ""Desire"" look on page 39.",high,false,
rel_0813,look_012,Desire,K-12925IN-CP,K-26351IN-M-NA,design_co_occurrence,39,"Both products appear in the same ""Desire"" look on page 39.",high,false,
rel_0814,look_012,Desire,K-12925IN-CP,K-7314IN-CP,design_co_occurrence,39,"Both products appear in the same ""Desire"" look on page 39.",high,false,
rel_0815,look_012,Desire,K-12925IN-CP,K-45433IN-CP,design_co_occurrence,39,"Both products appear in the same ""Desire"" look on page 39.",high,false,
rel_0816,look_012,Desire,K-12925IN-CP,K-75201IN-CP,design_co_occurrence,39,"Both products appear in the same ""Desire"" look on page 39.",high,false,
rel_0817,look_012,Desire,K-12925IN-CP,K-99054IN-CP,design_co_occurrence,39,"Both products appear in the same ""Desire"" look on page 39.",high,false,
rel_0818,look_012,Desire,K-75924IN-CP,K-33118IN-4FP-CP,design_co_occurrence,39,"Both products appear in the same ""Desire"" look on page 39.",high,false,
rel_0819,look_012,Desire,K-75924IN-CP,K-33074IN-CP,design_co_occurrence,39,"Both products appear in the same ""Desire"" look on page 39.",high,false,
rel_0820,look_012,Desire,K-75924IN-CP,K-26351IN-M-NA,design_co_occurrence,39,"Both products appear in the same ""Desire"" look on page 39.",high,false,
rel_0821,look_012,Desire,K-75924IN-CP,K-7314IN-CP,design_co_occurrence,39,"Both products appear in the same ""Desire"" look on page 39.",high,false,
rel_0822,look_012,Desire,K-75924IN-CP,K-45433IN-CP,design_co_occurrence,39,"Both products appear in the same ""Desire"" look on page 39.",high,false,
rel_0823,look_012,Desire,K-75924IN-CP,K-75201IN-CP,design_co_occurrence,39,"Both products appear in the same ""Desire"" look on page 39.",high,false,
rel_0824,look_012,Desire,K-75924IN-CP,K-99054IN-CP,design_co_occurrence,39,"Both products appear in the same ""Desire"" look on page 39.",high,false,
rel_0825,look_012,Desire,K-33118IN-4FP-CP,K-33074IN-CP,design_co_occurrence,39,"Both products appear in the same ""Desire"" look on page 39.",high,false,
rel_0826,look_012,Desire,K-33118IN-4FP-CP,K-26351IN-M-NA,design_co_occurrence,39,"Both products appear in the same ""Desire"" look on page 39.",high,false,
rel_0827,look_012,Desire,K-33118IN-4FP-CP,K-7314IN-CP,design_co_occurrence,39,"Both products appear in the same ""Desire"" look on page 39.",high,false,
rel_0828,look_012,Desire,K-33118IN-4FP-CP,K-45433IN-CP,design_co_occurrence,39,"Both products appear in the same ""Desire"" look on page 39.",high,false,
rel_0829,look_012,Desire,K-33118IN-4FP-CP,K-75201IN-CP,design_co_occurrence,39,"Both products appear in the same ""Desire"" look on page 39.",high,false,
rel_0830,look_012,Desire,K-33118IN-4FP-CP,K-99054IN-CP,design_co_occurrence,39,"Both products appear in the same ""Desire"" look on page 39.",high,false,
rel_0831,look_012,Desire,K-33074IN-CP,K-26351IN-M-NA,design_co_occurrence,39,"Both products appear in the same ""Desire"" look on page 39.",high,false,
rel_0832,look_012,Desire,K-33074IN-CP,K-7314IN-CP,design_co_occurrence,39,"Both products appear in the same ""Desire"" look on page 39.",high,false,
rel_0833,look_012,Desire,K-33074IN-CP,K-45433IN-CP,design_co_occurrence,39,"Both products appear in the same ""Desire"" look on page 39.",high,false,
rel_0834,look_012,Desire,K-33074IN-CP,K-75201IN-CP,design_co_occurrence,39,"Both products appear in the same ""Desire"" look on page 39.",high,false,
rel_0835,look_012,Desire,K-33074IN-CP,K-99054IN-CP,design_co_occurrence,39,"Both products appear in the same ""Desire"" look on page 39.",high,false,
rel_0836,look_012,Desire,K-26351IN-M-NA,K-7314IN-CP,design_co_occurrence,39,"Both products appear in the same ""Desire"" look on page 39.",high,false,
rel_0837,look_012,Desire,K-26351IN-M-NA,K-45433IN-CP,design_co_occurrence,39,"Both products appear in the same ""Desire"" look on page 39.",high,false,
rel_0838,look_012,Desire,K-26351IN-M-NA,K-75201IN-CP,design_co_occurrence,39,"Both products appear in the same ""Desire"" look on page 39.",high,false,
rel_0839,look_012,Desire,K-26351IN-M-NA,K-99054IN-CP,design_co_occurrence,39,"Both products appear in the same ""Desire"" look on page 39.",high,false,
rel_0840,look_012,Desire,K-7314IN-CP,K-45433IN-CP,design_co_occurrence,39,"Both products appear in the same ""Desire"" look on page 39.",high,false,
rel_0841,look_012,Desire,K-7314IN-CP,K-75201IN-CP,design_co_occurrence,39,"Both products appear in the same ""Desire"" look on page 39.",high,false,
rel_0842,look_012,Desire,K-7314IN-CP,K-99054IN-CP,design_co_occurrence,39,"Both products appear in the same ""Desire"" look on page 39.",high,false,
rel_0843,look_012,Desire,K-45433IN-CP,K-75201IN-CP,design_co_occurrence,39,"Both products appear in the same ""Desire"" look on page 39.",high,false,
rel_0844,look_012,Desire,K-45433IN-CP,K-99054IN-CP,design_co_occurrence,39,"Both products appear in the same ""Desire"" look on page 39.",high,false,
rel_0845,look_012,Desire,K-75201IN-CP,K-99054IN-CP,design_co_occurrence,39,"Both products appear in the same ""Desire"" look on page 39.",high,false,
rel_0846,look_013,Desire,K-29928IN-4ND-CP,K-2210IN-0,design_co_occurrence,41,"Both products appear in the same ""Desire"" look on page 41.",high,false,
rel_0847,look_013,Desire,K-29928IN-4ND-CP,K-75890IN-P-CP,design_co_occurrence,41,"Both products appear in the same ""Desire"" look on page 41.",high,false,
rel_0848,look_013,Desire,K-29928IN-4ND-CP,K-28778IN-0,design_co_occurrence,41,"Both products appear in the same ""Desire"" look on page 41.",high,false,
rel_0849,look_013,Desire,K-29928IN-4ND-CP,K-12925IN-CP,design_co_occurrence,41,"Both products appear in the same ""Desire"" look on page 41.",high,false,
rel_0850,look_013,Desire,K-29928IN-4ND-CP,K-26290IN-CP,design_co_occurrence,41,"Both products appear in the same ""Desire"" look on page 41.",high,false,
rel_0851,look_013,Desire,K-29928IN-4ND-CP,K-21622IN-4FP-CP,design_co_occurrence,41,"Both products appear in the same ""Desire"" look on page 41.",high,false,
rel_0852,look_013,Desire,K-29928IN-4ND-CP,K-99060IN-CP,design_co_occurrence,41,"Both products appear in the same ""Desire"" look on page 41.",high,false,
rel_0853,look_013,Desire,K-29928IN-4ND-CP,K-26351IN-M-NA,design_co_occurrence,41,"Both products appear in the same ""Desire"" look on page 41.",high,false,
rel_0854,look_013,Desire,K-29928IN-4ND-CP,K-7314IN-CP,design_co_occurrence,41,"Both products appear in the same ""Desire"" look on page 41.",high,false,
rel_0855,look_013,Desire,K-29928IN-4ND-CP,K-45432IN-CP,design_co_occurrence,41,"Both products appear in the same ""Desire"" look on page 41.",high,false,
rel_0856,look_013,Desire,K-29928IN-4ND-CP,K-75201IN-CP,design_co_occurrence,41,"Both products appear in the same ""Desire"" look on page 41.",high,false,
rel_0857,look_013,Desire,K-29928IN-4ND-CP,K-99054IN-CP,design_co_occurrence,41,"Both products appear in the same ""Desire"" look on page 41.",high,false,
rel_0858,look_013,Desire,K-2210IN-0,K-75890IN-P-CP,design_co_occurrence,41,"Both products appear in the same ""Desire"" look on page 41.",high,false,
rel_0859,look_013,Desire,K-2210IN-0,K-28778IN-0,design_co_occurrence,41,"Both products appear in the same ""Desire"" look on page 41.",high,false,
rel_0860,look_013,Desire,K-2210IN-0,K-12925IN-CP,design_co_occurrence,41,"Both products appear in the same ""Desire"" look on page 41.",high,false,
rel_0861,look_013,Desire,K-2210IN-0,K-26290IN-CP,design_co_occurrence,41,"Both products appear in the same ""Desire"" look on page 41.",high,false,
rel_0862,look_013,Desire,K-2210IN-0,K-21622IN-4FP-CP,design_co_occurrence,41,"Both products appear in the same ""Desire"" look on page 41.",high,false,
rel_0863,look_013,Desire,K-2210IN-0,K-99060IN-CP,design_co_occurrence,41,"Both products appear in the same ""Desire"" look on page 41.",high,false,
rel_0864,look_013,Desire,K-2210IN-0,K-26351IN-M-NA,design_co_occurrence,41,"Both products appear in the same ""Desire"" look on page 41.",high,false,
rel_0865,look_013,Desire,K-2210IN-0,K-7314IN-CP,design_co_occurrence,41,"Both products appear in the same ""Desire"" look on page 41.",high,false,
rel_0866,look_013,Desire,K-2210IN-0,K-45432IN-CP,design_co_occurrence,41,"Both products appear in the same ""Desire"" look on page 41.",high,false,
rel_0867,look_013,Desire,K-2210IN-0,K-75201IN-CP,design_co_occurrence,41,"Both products appear in the same ""Desire"" look on page 41.",high,false,
rel_0868,look_013,Desire,K-2210IN-0,K-99054IN-CP,design_co_occurrence,41,"Both products appear in the same ""Desire"" look on page 41.",high,false,
rel_0869,look_013,Desire,K-75890IN-P-CP,K-28778IN-0,design_co_occurrence,41,"Both products appear in the same ""Desire"" look on page 41.",high,false,
rel_0870,look_013,Desire,K-75890IN-P-CP,K-12925IN-CP,design_co_occurrence,41,"Both products appear in the same ""Desire"" look on page 41.",high,false,
rel_0871,look_013,Desire,K-75890IN-P-CP,K-26290IN-CP,design_co_occurrence,41,"Both products appear in the same ""Desire"" look on page 41.",high,false,
rel_0872,look_013,Desire,K-75890IN-P-CP,K-21622IN-4FP-CP,design_co_occurrence,41,"Both products appear in the same ""Desire"" look on page 41.",high,false,
rel_0873,look_013,Desire,K-75890IN-P-CP,K-99060IN-CP,design_co_occurrence,41,"Both products appear in the same ""Desire"" look on page 41.",high,false,
rel_0874,look_013,Desire,K-75890IN-P-CP,K-26351IN-M-NA,design_co_occurrence,41,"Both products appear in the same ""Desire"" look on page 41.",high,false,
rel_0875,look_013,Desire,K-75890IN-P-CP,K-7314IN-CP,design_co_occurrence,41,"Both products appear in the same ""Desire"" look on page 41.",high,false,
rel_0876,look_013,Desire,K-75890IN-P-CP,K-45432IN-CP,design_co_occurrence,41,"Both products appear in the same ""Desire"" look on page 41.",high,false,
rel_0877,look_013,Desire,K-75890IN-P-CP,K-75201IN-CP,design_co_occurrence,41,"Both products appear in the same ""Desire"" look on page 41.",high,false,
rel_0878,look_013,Desire,K-75890IN-P-CP,K-99054IN-CP,design_co_occurrence,41,"Both products appear in the same ""Desire"" look on page 41.",high,false,
rel_0879,look_013,Desire,K-28778IN-0,K-12925IN-CP,design_co_occurrence,41,"Both products appear in the same ""Desire"" look on page 41.",high,false,
rel_0880,look_013,Desire,K-28778IN-0,K-26290IN-CP,design_co_occurrence,41,"Both products appear in the same ""Desire"" look on page 41.",high,false,
rel_0881,look_013,Desire,K-28778IN-0,K-21622IN-4FP-CP,design_co_occurrence,41,"Both products appear in the same ""Desire"" look on page 41.",high,false,
rel_0882,look_013,Desire,K-28778IN-0,K-99060IN-CP,design_co_occurrence,41,"Both products appear in the same ""Desire"" look on page 41.",high,false,
rel_0883,look_013,Desire,K-28778IN-0,K-26351IN-M-NA,design_co_occurrence,41,"Both products appear in the same ""Desire"" look on page 41.",high,false,
rel_0884,look_013,Desire,K-28778IN-0,K-7314IN-CP,design_co_occurrence,41,"Both products appear in the same ""Desire"" look on page 41.",high,false,
rel_0885,look_013,Desire,K-28778IN-0,K-45432IN-CP,design_co_occurrence,41,"Both products appear in the same ""Desire"" look on page 41.",high,false,
rel_0886,look_013,Desire,K-28778IN-0,K-75201IN-CP,design_co_occurrence,41,"Both products appear in the same ""Desire"" look on page 41.",high,false,
rel_0887,look_013,Desire,K-28778IN-0,K-99054IN-CP,design_co_occurrence,41,"Both products appear in the same ""Desire"" look on page 41.",high,false,
rel_0888,look_013,Desire,K-12925IN-CP,K-26290IN-CP,design_co_occurrence,41,"Both products appear in the same ""Desire"" look on page 41.",high,false,
rel_0889,look_013,Desire,K-12925IN-CP,K-21622IN-4FP-CP,design_co_occurrence,41,"Both products appear in the same ""Desire"" look on page 41.",high,false,
rel_0890,look_013,Desire,K-12925IN-CP,K-99060IN-CP,design_co_occurrence,41,"Both products appear in the same ""Desire"" look on page 41.",high,false,
rel_0891,look_013,Desire,K-12925IN-CP,K-26351IN-M-NA,design_co_occurrence,41,"Both products appear in the same ""Desire"" look on page 41.",high,false,
rel_0892,look_013,Desire,K-12925IN-CP,K-7314IN-CP,design_co_occurrence,41,"Both products appear in the same ""Desire"" look on page 41.",high,false,
rel_0893,look_013,Desire,K-12925IN-CP,K-45432IN-CP,design_co_occurrence,41,"Both products appear in the same ""Desire"" look on page 41.",high,false,
rel_0894,look_013,Desire,K-12925IN-CP,K-75201IN-CP,design_co_occurrence,41,"Both products appear in the same ""Desire"" look on page 41.",high,false,
rel_0895,look_013,Desire,K-12925IN-CP,K-99054IN-CP,design_co_occurrence,41,"Both products appear in the same ""Desire"" look on page 41.",high,false,
rel_0896,look_013,Desire,K-26290IN-CP,K-21622IN-4FP-CP,design_co_occurrence,41,"Both products appear in the same ""Desire"" look on page 41.",high,false,
rel_0897,look_013,Desire,K-26290IN-CP,K-99060IN-CP,design_co_occurrence,41,"Both products appear in the same ""Desire"" look on page 41.",high,false,
rel_0898,look_013,Desire,K-26290IN-CP,K-26351IN-M-NA,design_co_occurrence,41,"Both products appear in the same ""Desire"" look on page 41.",high,false,
rel_0899,look_013,Desire,K-26290IN-CP,K-7314IN-CP,design_co_occurrence,41,"Both products appear in the same ""Desire"" look on page 41.",high,false,
rel_0900,look_013,Desire,K-26290IN-CP,K-45432IN-CP,design_co_occurrence,41,"Both products appear in the same ""Desire"" look on page 41.",high,false,
rel_0901,look_013,Desire,K-26290IN-CP,K-75201IN-CP,design_co_occurrence,41,"Both products appear in the same ""Desire"" look on page 41.",high,false,
rel_0902,look_013,Desire,K-26290IN-CP,K-99054IN-CP,design_co_occurrence,41,"Both products appear in the same ""Desire"" look on page 41.",high,false,
rel_0903,look_013,Desire,K-21622IN-4FP-CP,K-99060IN-CP,design_co_occurrence,41,"Both products appear in the same ""Desire"" look on page 41.",high,false,
rel_0904,look_013,Desire,K-21622IN-4FP-CP,K-26351IN-M-NA,design_co_occurrence,41,"Both products appear in the same ""Desire"" look on page 41.",high,false,
rel_0905,look_013,Desire,K-21622IN-4FP-CP,K-7314IN-CP,design_co_occurrence,41,"Both products appear in the same ""Desire"" look on page 41.",high,false,
rel_0906,look_013,Desire,K-21622IN-4FP-CP,K-45432IN-CP,design_co_occurrence,41,"Both products appear in the same ""Desire"" look on page 41.",high,false,
rel_0907,look_013,Desire,K-21622IN-4FP-CP,K-75201IN-CP,design_co_occurrence,41,"Both products appear in the same ""Desire"" look on page 41.",high,false,
rel_0908,look_013,Desire,K-21622IN-4FP-CP,K-99054IN-CP,design_co_occurrence,41,"Both products appear in the same ""Desire"" look on page 41.",high,false,
rel_0909,look_013,Desire,K-99060IN-CP,K-26351IN-M-NA,design_co_occurrence,41,"Both products appear in the same ""Desire"" look on page 41.",high,false,
rel_0910,look_013,Desire,K-99060IN-CP,K-7314IN-CP,design_co_occurrence,41,"Both products appear in the same ""Desire"" look on page 41.",high,false,
rel_0911,look_013,Desire,K-99060IN-CP,K-45432IN-CP,design_co_occurrence,41,"Both products appear in the same ""Desire"" look on page 41.",high,false,
rel_0912,look_013,Desire,K-99060IN-CP,K-75201IN-CP,design_co_occurrence,41,"Both products appear in the same ""Desire"" look on page 41.",high,false,
rel_0913,look_013,Desire,K-99060IN-CP,K-99054IN-CP,design_co_occurrence,41,"Both products appear in the same ""Desire"" look on page 41.",high,false,
rel_0914,look_013,Desire,K-26351IN-M-NA,K-7314IN-CP,design_co_occurrence,41,"Both products appear in the same ""Desire"" look on page 41.",high,false,
rel_0915,look_013,Desire,K-26351IN-M-NA,K-45432IN-CP,design_co_occurrence,41,"Both products appear in the same ""Desire"" look on page 41.",high,false,
rel_0916,look_013,Desire,K-26351IN-M-NA,K-75201IN-CP,design_co_occurrence,41,"Both products appear in the same ""Desire"" look on page 41.",high,false,
rel_0917,look_013,Desire,K-26351IN-M-NA,K-99054IN-CP,design_co_occurrence,41,"Both products appear in the same ""Desire"" look on page 41.",high,false,
rel_0918,look_013,Desire,K-7314IN-CP,K-45432IN-CP,design_co_occurrence,41,"Both products appear in the same ""Desire"" look on page 41.",high,false,
rel_0919,look_013,Desire,K-7314IN-CP,K-75201IN-CP,design_co_occurrence,41,"Both products appear in the same ""Desire"" look on page 41.",high,false,
rel_0920,look_013,Desire,K-7314IN-CP,K-99054IN-CP,design_co_occurrence,41,"Both products appear in the same ""Desire"" look on page 41.",high,false,
rel_0921,look_013,Desire,K-45432IN-CP,K-75201IN-CP,design_co_occurrence,41,"Both products appear in the same ""Desire"" look on page 41.",high,false,
rel_0922,look_013,Desire,K-45432IN-CP,K-99054IN-CP,design_co_occurrence,41,"Both products appear in the same ""Desire"" look on page 41.",high,false,
rel_0923,look_013,Desire,K-75201IN-CP,K-99054IN-CP,design_co_occurrence,41,"Both products appear in the same ""Desire"" look on page 41.",high,false,
rel_0924,look_014,Desire,K-27478IN-4ND-CP,K-25318IN-0,design_co_occurrence,43,"Both products appear in the same ""Desire"" look on page 43.",high,false,
rel_0925,look_014,Desire,K-27478IN-4ND-CP,K-28476IN-M-CP,design_co_occurrence,43,"Both products appear in the same ""Desire"" look on page 43.",high,false,
rel_0926,look_014,Desire,K-27478IN-4ND-CP,K-29171IN-S-0,design_co_occurrence,43,"Both products appear in the same ""Desire"" look on page 43.",high,false,
rel_0927,look_014,Desire,K-27478IN-4ND-CP,K-12925IN-CP,design_co_occurrence,43,"Both products appear in the same ""Desire"" look on page 43.",high,false,
rel_0928,look_014,Desire,K-27478IN-4ND-CP,K-23657IN-CP,design_co_occurrence,43,"Both products appear in the same ""Desire"" look on page 43.",high,false,
rel_0929,look_014,Desire,K-27478IN-4ND-CP,K-27496IN-4FP-CP,design_co_occurrence,43,"Both products appear in the same ""Desire"" look on page 43.",high,false,
rel_0930,look_014,Desire,K-27478IN-4ND-CP,K-27492IN-CP,design_co_occurrence,43,"Both products appear in the same ""Desire"" look on page 43.",high,false,
rel_0931,look_014,Desire,K-27478IN-4ND-CP,K-26351IN-M-NA,design_co_occurrence,43,"Both products appear in the same ""Desire"" look on page 43.",high,false,
rel_0932,look_014,Desire,K-27478IN-4ND-CP,K-7314IN-CP,design_co_occurrence,43,"Both products appear in the same ""Desire"" look on page 43.",high,false,
rel_0933,look_014,Desire,K-27478IN-4ND-CP,K-20746IN-CP,design_co_occurrence,43,"Both products appear in the same ""Desire"" look on page 43.",high,false,
rel_0934,look_014,Desire,K-27478IN-4ND-CP,K-75201IN-CP,design_co_occurrence,43,"Both products appear in the same ""Desire"" look on page 43.",high,false,
rel_0935,look_014,Desire,K-25318IN-0,K-28476IN-M-CP,design_co_occurrence,43,"Both products appear in the same ""Desire"" look on page 43.",high,false,
rel_0936,look_014,Desire,K-25318IN-0,K-29171IN-S-0,design_co_occurrence,43,"Both products appear in the same ""Desire"" look on page 43.",high,false,
rel_0937,look_014,Desire,K-25318IN-0,K-12925IN-CP,design_co_occurrence,43,"Both products appear in the same ""Desire"" look on page 43.",high,false,
rel_0938,look_014,Desire,K-25318IN-0,K-23657IN-CP,design_co_occurrence,43,"Both products appear in the same ""Desire"" look on page 43.",high,false,
rel_0939,look_014,Desire,K-25318IN-0,K-27496IN-4FP-CP,design_co_occurrence,43,"Both products appear in the same ""Desire"" look on page 43.",high,false,
rel_0940,look_014,Desire,K-25318IN-0,K-27492IN-CP,design_co_occurrence,43,"Both products appear in the same ""Desire"" look on page 43.",high,false,
rel_0941,look_014,Desire,K-25318IN-0,K-26351IN-M-NA,design_co_occurrence,43,"Both products appear in the same ""Desire"" look on page 43.",high,false,
rel_0942,look_014,Desire,K-25318IN-0,K-7314IN-CP,design_co_occurrence,43,"Both products appear in the same ""Desire"" look on page 43.",high,false,
rel_0943,look_014,Desire,K-25318IN-0,K-20746IN-CP,design_co_occurrence,43,"Both products appear in the same ""Desire"" look on page 43.",high,false,
rel_0944,look_014,Desire,K-25318IN-0,K-75201IN-CP,design_co_occurrence,43,"Both products appear in the same ""Desire"" look on page 43.",high,false,
rel_0945,look_014,Desire,K-28476IN-M-CP,K-29171IN-S-0,design_co_occurrence,43,"Both products appear in the same ""Desire"" look on page 43.",high,false,
rel_0946,look_014,Desire,K-28476IN-M-CP,K-12925IN-CP,design_co_occurrence,43,"Both products appear in the same ""Desire"" look on page 43.",high,false,
rel_0947,look_014,Desire,K-28476IN-M-CP,K-23657IN-CP,design_co_occurrence,43,"Both products appear in the same ""Desire"" look on page 43.",high,false,
rel_0948,look_014,Desire,K-28476IN-M-CP,K-27496IN-4FP-CP,design_co_occurrence,43,"Both products appear in the same ""Desire"" look on page 43.",high,false,
rel_0949,look_014,Desire,K-28476IN-M-CP,K-27492IN-CP,design_co_occurrence,43,"Both products appear in the same ""Desire"" look on page 43.",high,false,
rel_0950,look_014,Desire,K-28476IN-M-CP,K-26351IN-M-NA,design_co_occurrence,43,"Both products appear in the same ""Desire"" look on page 43.",high,false,
rel_0951,look_014,Desire,K-28476IN-M-CP,K-7314IN-CP,design_co_occurrence,43,"Both products appear in the same ""Desire"" look on page 43.",high,false,
rel_0952,look_014,Desire,K-28476IN-M-CP,K-20746IN-CP,design_co_occurrence,43,"Both products appear in the same ""Desire"" look on page 43.",high,false,
rel_0953,look_014,Desire,K-28476IN-M-CP,K-75201IN-CP,design_co_occurrence,43,"Both products appear in the same ""Desire"" look on page 43.",high,false,
rel_0954,look_014,Desire,K-29171IN-S-0,K-12925IN-CP,design_co_occurrence,43,"Both products appear in the same ""Desire"" look on page 43.",high,false,
rel_0955,look_014,Desire,K-29171IN-S-0,K-23657IN-CP,design_co_occurrence,43,"Both products appear in the same ""Desire"" look on page 43.",high,false,
rel_0956,look_014,Desire,K-29171IN-S-0,K-27496IN-4FP-CP,design_co_occurrence,43,"Both products appear in the same ""Desire"" look on page 43.",high,false,
rel_0957,look_014,Desire,K-29171IN-S-0,K-27492IN-CP,design_co_occurrence,43,"Both products appear in the same ""Desire"" look on page 43.",high,false,
rel_0958,look_014,Desire,K-29171IN-S-0,K-26351IN-M-NA,design_co_occurrence,43,"Both products appear in the same ""Desire"" look on page 43.",high,false,
rel_0959,look_014,Desire,K-29171IN-S-0,K-7314IN-CP,design_co_occurrence,43,"Both products appear in the same ""Desire"" look on page 43.",high,false,
rel_0960,look_014,Desire,K-29171IN-S-0,K-20746IN-CP,design_co_occurrence,43,"Both products appear in the same ""Desire"" look on page 43.",high,false,
rel_0961,look_014,Desire,K-29171IN-S-0,K-75201IN-CP,design_co_occurrence,43,"Both products appear in the same ""Desire"" look on page 43.",high,false,
rel_0962,look_014,Desire,K-12925IN-CP,K-23657IN-CP,design_co_occurrence,43,"Both products appear in the same ""Desire"" look on page 43.",high,false,
rel_0963,look_014,Desire,K-12925IN-CP,K-27496IN-4FP-CP,design_co_occurrence,43,"Both products appear in the same ""Desire"" look on page 43.",high,false,
rel_0964,look_014,Desire,K-12925IN-CP,K-27492IN-CP,design_co_occurrence,43,"Both products appear in the same ""Desire"" look on page 43.",high,false,
rel_0965,look_014,Desire,K-12925IN-CP,K-26351IN-M-NA,design_co_occurrence,43,"Both products appear in the same ""Desire"" look on page 43.",high,false,
rel_0966,look_014,Desire,K-12925IN-CP,K-7314IN-CP,design_co_occurrence,43,"Both products appear in the same ""Desire"" look on page 43.",high,false,
rel_0967,look_014,Desire,K-12925IN-CP,K-20746IN-CP,design_co_occurrence,43,"Both products appear in the same ""Desire"" look on page 43.",high,false,
rel_0968,look_014,Desire,K-12925IN-CP,K-75201IN-CP,design_co_occurrence,43,"Both products appear in the same ""Desire"" look on page 43.",high,false,
rel_0969,look_014,Desire,K-23657IN-CP,K-27496IN-4FP-CP,design_co_occurrence,43,"Both products appear in the same ""Desire"" look on page 43.",high,false,
rel_0970,look_014,Desire,K-23657IN-CP,K-27492IN-CP,design_co_occurrence,43,"Both products appear in the same ""Desire"" look on page 43.",high,false,
rel_0971,look_014,Desire,K-23657IN-CP,K-26351IN-M-NA,design_co_occurrence,43,"Both products appear in the same ""Desire"" look on page 43.",high,false,
rel_0972,look_014,Desire,K-23657IN-CP,K-7314IN-CP,design_co_occurrence,43,"Both products appear in the same ""Desire"" look on page 43.",high,false,
rel_0973,look_014,Desire,K-23657IN-CP,K-20746IN-CP,design_co_occurrence,43,"Both products appear in the same ""Desire"" look on page 43.",high,false,
rel_0974,look_014,Desire,K-23657IN-CP,K-75201IN-CP,design_co_occurrence,43,"Both products appear in the same ""Desire"" look on page 43.",high,false,
rel_0975,look_014,Desire,K-27496IN-4FP-CP,K-27492IN-CP,design_co_occurrence,43,"Both products appear in the same ""Desire"" look on page 43.",high,false,
rel_0976,look_014,Desire,K-27496IN-4FP-CP,K-26351IN-M-NA,design_co_occurrence,43,"Both products appear in the same ""Desire"" look on page 43.",high,false,
rel_0977,look_014,Desire,K-27496IN-4FP-CP,K-7314IN-CP,design_co_occurrence,43,"Both products appear in the same ""Desire"" look on page 43.",high,false,
rel_0978,look_014,Desire,K-27496IN-4FP-CP,K-20746IN-CP,design_co_occurrence,43,"Both products appear in the same ""Desire"" look on page 43.",high,false,
rel_0979,look_014,Desire,K-27496IN-4FP-CP,K-75201IN-CP,design_co_occurrence,43,"Both products appear in the same ""Desire"" look on page 43.",high,false,
rel_0980,look_014,Desire,K-27492IN-CP,K-26351IN-M-NA,design_co_occurrence,43,"Both products appear in the same ""Desire"" look on page 43.",high,false,
rel_0981,look_014,Desire,K-27492IN-CP,K-7314IN-CP,design_co_occurrence,43,"Both products appear in the same ""Desire"" look on page 43.",high,false,
rel_0982,look_014,Desire,K-27492IN-CP,K-20746IN-CP,design_co_occurrence,43,"Both products appear in the same ""Desire"" look on page 43.",high,false,
rel_0983,look_014,Desire,K-27492IN-CP,K-75201IN-CP,design_co_occurrence,43,"Both products appear in the same ""Desire"" look on page 43.",high,false,
rel_0984,look_014,Desire,K-26351IN-M-NA,K-7314IN-CP,design_co_occurrence,43,"Both products appear in the same ""Desire"" look on page 43.",high,false,
rel_0985,look_014,Desire,K-26351IN-M-NA,K-20746IN-CP,design_co_occurrence,43,"Both products appear in the same ""Desire"" look on page 43.",high,false,
rel_0986,look_014,Desire,K-26351IN-M-NA,K-75201IN-CP,design_co_occurrence,43,"Both products appear in the same ""Desire"" look on page 43.",high,false,
rel_0987,look_014,Desire,K-7314IN-CP,K-20746IN-CP,design_co_occurrence,43,"Both products appear in the same ""Desire"" look on page 43.",high,false,
rel_0988,look_014,Desire,K-7314IN-CP,K-75201IN-CP,design_co_occurrence,43,"Both products appear in the same ""Desire"" look on page 43.",high,false,
rel_0989,look_014,Desire,K-20746IN-CP,K-75201IN-CP,design_co_occurrence,43,"Both products appear in the same ""Desire"" look on page 43.",high,false,
rel_0990,look_015,Desire,K-27477IN-4ND-CP,K-2210IN-0,design_co_occurrence,45,"Both products appear in the same ""Desire"" look on page 45.",high,false,
rel_0991,look_015,Desire,K-27477IN-4ND-CP,K-28476IN-M-CP,design_co_occurrence,45,"Both products appear in the same ""Desire"" look on page 45.",high,false,
rel_0992,look_015,Desire,K-27477IN-4ND-CP,K-29171IN-S-0,design_co_occurrence,45,"Both products appear in the same ""Desire"" look on page 45.",high,false,
rel_0993,look_015,Desire,K-27477IN-4ND-CP,K-12925IN-CP,design_co_occurrence,45,"Both products appear in the same ""Desire"" look on page 45.",high,false,
rel_0994,look_015,Desire,K-27477IN-4ND-CP,K-24547IN-CP,design_co_occurrence,45,"Both products appear in the same ""Desire"" look on page 45.",high,false,
rel_0995,look_015,Desire,K-27477IN-4ND-CP,K-27495IN-4FP-CP,design_co_occurrence,45,"Both products appear in the same ""Desire"" look on page 45.",high,false,
rel_0996,look_015,Desire,K-27477IN-4ND-CP,K-27490IN-CP,design_co_occurrence,45,"Both products appear in the same ""Desire"" look on page 45.",high,false,
rel_0997,look_015,Desire,K-27477IN-4ND-CP,K-26351IN-M-NA,design_co_occurrence,45,"Both products appear in the same ""Desire"" look on page 45.",high,false,
rel_0998,look_015,Desire,K-27477IN-4ND-CP,K-16407IN-CP,design_co_occurrence,45,"Both products appear in the same ""Desire"" look on page 45.",high,false,
rel_0999,look_015,Desire,K-27477IN-4ND-CP,K-45432IN-CP,design_co_occurrence,45,"Both products appear in the same ""Desire"" look on page 45.",high,false,
rel_1000,look_015,Desire,K-27477IN-4ND-CP,K-75201IN-CP,design_co_occurrence,45,"Both products appear in the same ""Desire"" look on page 45.",high,false,
rel_1001,look_015,Desire,K-27477IN-4ND-CP,K-99054IN-CP,design_co_occurrence,45,"Both products appear in the same ""Desire"" look on page 45.",high,false,
rel_1002,look_015,Desire,K-2210IN-0,K-28476IN-M-CP,design_co_occurrence,45,"Both products appear in the same ""Desire"" look on page 45.",high,false,
rel_1003,look_015,Desire,K-2210IN-0,K-29171IN-S-0,design_co_occurrence,45,"Both products appear in the same ""Desire"" look on page 45.",high,false,
rel_1004,look_015,Desire,K-2210IN-0,K-12925IN-CP,design_co_occurrence,45,"Both products appear in the same ""Desire"" look on page 45.",high,false,
rel_1005,look_015,Desire,K-2210IN-0,K-24547IN-CP,design_co_occurrence,45,"Both products appear in the same ""Desire"" look on page 45.",high,false,
rel_1006,look_015,Desire,K-2210IN-0,K-27495IN-4FP-CP,design_co_occurrence,45,"Both products appear in the same ""Desire"" look on page 45.",high,false,
rel_1007,look_015,Desire,K-2210IN-0,K-27490IN-CP,design_co_occurrence,45,"Both products appear in the same ""Desire"" look on page 45.",high,false,
rel_1008,look_015,Desire,K-2210IN-0,K-26351IN-M-NA,design_co_occurrence,45,"Both products appear in the same ""Desire"" look on page 45.",high,false,
rel_1009,look_015,Desire,K-2210IN-0,K-16407IN-CP,design_co_occurrence,45,"Both products appear in the same ""Desire"" look on page 45.",high,false,
rel_1010,look_015,Desire,K-2210IN-0,K-45432IN-CP,design_co_occurrence,45,"Both products appear in the same ""Desire"" look on page 45.",high,false,
rel_1011,look_015,Desire,K-2210IN-0,K-75201IN-CP,design_co_occurrence,45,"Both products appear in the same ""Desire"" look on page 45.",high,false,
rel_1012,look_015,Desire,K-2210IN-0,K-99054IN-CP,design_co_occurrence,45,"Both products appear in the same ""Desire"" look on page 45.",high,false,
rel_1013,look_015,Desire,K-28476IN-M-CP,K-29171IN-S-0,design_co_occurrence,45,"Both products appear in the same ""Desire"" look on page 45.",high,false,
rel_1014,look_015,Desire,K-28476IN-M-CP,K-12925IN-CP,design_co_occurrence,45,"Both products appear in the same ""Desire"" look on page 45.",high,false,
rel_1015,look_015,Desire,K-28476IN-M-CP,K-24547IN-CP,design_co_occurrence,45,"Both products appear in the same ""Desire"" look on page 45.",high,false,
rel_1016,look_015,Desire,K-28476IN-M-CP,K-27495IN-4FP-CP,design_co_occurrence,45,"Both products appear in the same ""Desire"" look on page 45.",high,false,
rel_1017,look_015,Desire,K-28476IN-M-CP,K-27490IN-CP,design_co_occurrence,45,"Both products appear in the same ""Desire"" look on page 45.",high,false,
rel_1018,look_015,Desire,K-28476IN-M-CP,K-26351IN-M-NA,design_co_occurrence,45,"Both products appear in the same ""Desire"" look on page 45.",high,false,
rel_1019,look_015,Desire,K-28476IN-M-CP,K-16407IN-CP,design_co_occurrence,45,"Both products appear in the same ""Desire"" look on page 45.",high,false,
rel_1020,look_015,Desire,K-28476IN-M-CP,K-45432IN-CP,design_co_occurrence,45,"Both products appear in the same ""Desire"" look on page 45.",high,false,
rel_1021,look_015,Desire,K-28476IN-M-CP,K-75201IN-CP,design_co_occurrence,45,"Both products appear in the same ""Desire"" look on page 45.",high,false,
rel_1022,look_015,Desire,K-28476IN-M-CP,K-99054IN-CP,design_co_occurrence,45,"Both products appear in the same ""Desire"" look on page 45.",high,false,
rel_1023,look_015,Desire,K-29171IN-S-0,K-12925IN-CP,design_co_occurrence,45,"Both products appear in the same ""Desire"" look on page 45.",high,false,
rel_1024,look_015,Desire,K-29171IN-S-0,K-24547IN-CP,design_co_occurrence,45,"Both products appear in the same ""Desire"" look on page 45.",high,false,
rel_1025,look_015,Desire,K-29171IN-S-0,K-27495IN-4FP-CP,design_co_occurrence,45,"Both products appear in the same ""Desire"" look on page 45.",high,false,
rel_1026,look_015,Desire,K-29171IN-S-0,K-27490IN-CP,design_co_occurrence,45,"Both products appear in the same ""Desire"" look on page 45.",high,false,
rel_1027,look_015,Desire,K-29171IN-S-0,K-26351IN-M-NA,design_co_occurrence,45,"Both products appear in the same ""Desire"" look on page 45.",high,false,
rel_1028,look_015,Desire,K-29171IN-S-0,K-16407IN-CP,design_co_occurrence,45,"Both products appear in the same ""Desire"" look on page 45.",high,false,
rel_1029,look_015,Desire,K-29171IN-S-0,K-45432IN-CP,design_co_occurrence,45,"Both products appear in the same ""Desire"" look on page 45.",high,false,
rel_1030,look_015,Desire,K-29171IN-S-0,K-75201IN-CP,design_co_occurrence,45,"Both products appear in the same ""Desire"" look on page 45.",high,false,
rel_1031,look_015,Desire,K-29171IN-S-0,K-99054IN-CP,design_co_occurrence,45,"Both products appear in the same ""Desire"" look on page 45.",high,false,
rel_1032,look_015,Desire,K-12925IN-CP,K-24547IN-CP,design_co_occurrence,45,"Both products appear in the same ""Desire"" look on page 45.",high,false,
rel_1033,look_015,Desire,K-12925IN-CP,K-27495IN-4FP-CP,design_co_occurrence,45,"Both products appear in the same ""Desire"" look on page 45.",high,false,
rel_1034,look_015,Desire,K-12925IN-CP,K-27490IN-CP,design_co_occurrence,45,"Both products appear in the same ""Desire"" look on page 45.",high,false,
rel_1035,look_015,Desire,K-12925IN-CP,K-26351IN-M-NA,design_co_occurrence,45,"Both products appear in the same ""Desire"" look on page 45.",high,false,
rel_1036,look_015,Desire,K-12925IN-CP,K-16407IN-CP,design_co_occurrence,45,"Both products appear in the same ""Desire"" look on page 45.",high,false,
rel_1037,look_015,Desire,K-12925IN-CP,K-45432IN-CP,design_co_occurrence,45,"Both products appear in the same ""Desire"" look on page 45.",high,false,
rel_1038,look_015,Desire,K-12925IN-CP,K-75201IN-CP,design_co_occurrence,45,"Both products appear in the same ""Desire"" look on page 45.",high,false,
rel_1039,look_015,Desire,K-12925IN-CP,K-99054IN-CP,design_co_occurrence,45,"Both products appear in the same ""Desire"" look on page 45.",high,false,
rel_1040,look_015,Desire,K-24547IN-CP,K-27495IN-4FP-CP,design_co_occurrence,45,"Both products appear in the same ""Desire"" look on page 45.",high,false,
rel_1041,look_015,Desire,K-24547IN-CP,K-27490IN-CP,design_co_occurrence,45,"Both products appear in the same ""Desire"" look on page 45.",high,false,
rel_1042,look_015,Desire,K-24547IN-CP,K-26351IN-M-NA,design_co_occurrence,45,"Both products appear in the same ""Desire"" look on page 45.",high,false,
rel_1043,look_015,Desire,K-24547IN-CP,K-16407IN-CP,design_co_occurrence,45,"Both products appear in the same ""Desire"" look on page 45.",high,false,
rel_1044,look_015,Desire,K-24547IN-CP,K-45432IN-CP,design_co_occurrence,45,"Both products appear in the same ""Desire"" look on page 45.",high,false,
rel_1045,look_015,Desire,K-24547IN-CP,K-75201IN-CP,design_co_occurrence,45,"Both products appear in the same ""Desire"" look on page 45.",high,false,
rel_1046,look_015,Desire,K-24547IN-CP,K-99054IN-CP,design_co_occurrence,45,"Both products appear in the same ""Desire"" look on page 45.",high,false,
rel_1047,look_015,Desire,K-27495IN-4FP-CP,K-27490IN-CP,design_co_occurrence,45,"Both products appear in the same ""Desire"" look on page 45.",high,false,
rel_1048,look_015,Desire,K-27495IN-4FP-CP,K-26351IN-M-NA,design_co_occurrence,45,"Both products appear in the same ""Desire"" look on page 45.",high,false,
rel_1049,look_015,Desire,K-27495IN-4FP-CP,K-16407IN-CP,design_co_occurrence,45,"Both products appear in the same ""Desire"" look on page 45.",high,false,
rel_1050,look_015,Desire,K-27495IN-4FP-CP,K-45432IN-CP,design_co_occurrence,45,"Both products appear in the same ""Desire"" look on page 45.",high,false,
rel_1051,look_015,Desire,K-27495IN-4FP-CP,K-75201IN-CP,design_co_occurrence,45,"Both products appear in the same ""Desire"" look on page 45.",high,false,
rel_1052,look_015,Desire,K-27495IN-4FP-CP,K-99054IN-CP,design_co_occurrence,45,"Both products appear in the same ""Desire"" look on page 45.",high,false,
rel_1053,look_015,Desire,K-27490IN-CP,K-26351IN-M-NA,design_co_occurrence,45,"Both products appear in the same ""Desire"" look on page 45.",high,false,
rel_1054,look_015,Desire,K-27490IN-CP,K-16407IN-CP,design_co_occurrence,45,"Both products appear in the same ""Desire"" look on page 45.",high,false,
rel_1055,look_015,Desire,K-27490IN-CP,K-45432IN-CP,design_co_occurrence,45,"Both products appear in the same ""Desire"" look on page 45.",high,false,
rel_1056,look_015,Desire,K-27490IN-CP,K-75201IN-CP,design_co_occurrence,45,"Both products appear in the same ""Desire"" look on page 45.",high,false,
rel_1057,look_015,Desire,K-27490IN-CP,K-99054IN-CP,design_co_occurrence,45,"Both products appear in the same ""Desire"" look on page 45.",high,false,
rel_1058,look_015,Desire,K-26351IN-M-NA,K-16407IN-CP,design_co_occurrence,45,"Both products appear in the same ""Desire"" look on page 45.",high,false,
rel_1059,look_015,Desire,K-26351IN-M-NA,K-45432IN-CP,design_co_occurrence,45,"Both products appear in the same ""Desire"" look on page 45.",high,false,
rel_1060,look_015,Desire,K-26351IN-M-NA,K-75201IN-CP,design_co_occurrence,45,"Both products appear in the same ""Desire"" look on page 45.",high,false,
rel_1061,look_015,Desire,K-26351IN-M-NA,K-99054IN-CP,design_co_occurrence,45,"Both products appear in the same ""Desire"" look on page 45.",high,false,
rel_1062,look_015,Desire,K-16407IN-CP,K-45432IN-CP,design_co_occurrence,45,"Both products appear in the same ""Desire"" look on page 45.",high,false,
rel_1063,look_015,Desire,K-16407IN-CP,K-75201IN-CP,design_co_occurrence,45,"Both products appear in the same ""Desire"" look on page 45.",high,false,
rel_1064,look_015,Desire,K-16407IN-CP,K-99054IN-CP,design_co_occurrence,45,"Both products appear in the same ""Desire"" look on page 45.",high,false,
rel_1065,look_015,Desire,K-45432IN-CP,K-75201IN-CP,design_co_occurrence,45,"Both products appear in the same ""Desire"" look on page 45.",high,false,
rel_1066,look_015,Desire,K-45432IN-CP,K-99054IN-CP,design_co_occurrence,45,"Both products appear in the same ""Desire"" look on page 45.",high,false,
rel_1067,look_015,Desire,K-75201IN-CP,K-99054IN-CP,design_co_occurrence,45,"Both products appear in the same ""Desire"" look on page 45.",high,false,
rel_1068,look_016,Desire,K-26040IN-4ND-CP,K-8703IN-1WH-0,design_co_occurrence,47,"Both products appear in the same ""Desire"" look on page 47.",high,false,
rel_1069,look_016,Desire,K-26040IN-4ND-CP,K-28476IN-M-CP,design_co_occurrence,47,"Both products appear in the same ""Desire"" look on page 47.",high,false,
rel_1070,look_016,Desire,K-26040IN-4ND-CP,K-18131IN-S-0,design_co_occurrence,47,"Both products appear in the same ""Desire"" look on page 47.",high,false,
rel_1071,look_016,Desire,K-26040IN-4ND-CP,K-12925IN-CP,design_co_occurrence,47,"Both products appear in the same ""Desire"" look on page 47.",high,false,
rel_1072,look_016,Desire,K-26040IN-4ND-CP,K-16356IN-A-CP,design_co_occurrence,47,"Both products appear in the same ""Desire"" look on page 47.",high,false,
rel_1073,look_016,Desire,K-26040IN-4ND-CP,K-26045IN-4FP-CP,design_co_occurrence,47,"Both products appear in the same ""Desire"" look on page 47.",high,false,
rel_1074,look_016,Desire,K-26040IN-4ND-CP,K-26046IN-CP,design_co_occurrence,47,"Both products appear in the same ""Desire"" look on page 47.",high,false,
rel_1075,look_016,Desire,K-26040IN-4ND-CP,K-26351IN-M-NA,design_co_occurrence,47,"Both products appear in the same ""Desire"" look on page 47.",high,false,
rel_1076,look_016,Desire,K-26040IN-4ND-CP,K-16407IN-CP,design_co_occurrence,47,"Both products appear in the same ""Desire"" look on page 47.",high,false,
rel_1077,look_016,Desire,K-26040IN-4ND-CP,K-45432IN-CP,design_co_occurrence,47,"Both products appear in the same ""Desire"" look on page 47.",high,false,
rel_1078,look_016,Desire,K-26040IN-4ND-CP,K-75201IN-CP,design_co_occurrence,47,"Both products appear in the same ""Desire"" look on page 47.",high,false,
rel_1079,look_016,Desire,K-8703IN-1WH-0,K-28476IN-M-CP,design_co_occurrence,47,"Both products appear in the same ""Desire"" look on page 47.",high,false,
rel_1080,look_016,Desire,K-8703IN-1WH-0,K-18131IN-S-0,design_co_occurrence,47,"Both products appear in the same ""Desire"" look on page 47.",high,false,
rel_1081,look_016,Desire,K-8703IN-1WH-0,K-12925IN-CP,design_co_occurrence,47,"Both products appear in the same ""Desire"" look on page 47.",high,false,
rel_1082,look_016,Desire,K-8703IN-1WH-0,K-16356IN-A-CP,design_co_occurrence,47,"Both products appear in the same ""Desire"" look on page 47.",high,false,
rel_1083,look_016,Desire,K-8703IN-1WH-0,K-26045IN-4FP-CP,design_co_occurrence,47,"Both products appear in the same ""Desire"" look on page 47.",high,false,
rel_1084,look_016,Desire,K-8703IN-1WH-0,K-26046IN-CP,design_co_occurrence,47,"Both products appear in the same ""Desire"" look on page 47.",high,false,
rel_1085,look_016,Desire,K-8703IN-1WH-0,K-26351IN-M-NA,design_co_occurrence,47,"Both products appear in the same ""Desire"" look on page 47.",high,false,
rel_1086,look_016,Desire,K-8703IN-1WH-0,K-16407IN-CP,design_co_occurrence,47,"Both products appear in the same ""Desire"" look on page 47.",high,false,
rel_1087,look_016,Desire,K-8703IN-1WH-0,K-45432IN-CP,design_co_occurrence,47,"Both products appear in the same ""Desire"" look on page 47.",high,false,
rel_1088,look_016,Desire,K-8703IN-1WH-0,K-75201IN-CP,design_co_occurrence,47,"Both products appear in the same ""Desire"" look on page 47.",high,false,
rel_1089,look_016,Desire,K-28476IN-M-CP,K-18131IN-S-0,design_co_occurrence,47,"Both products appear in the same ""Desire"" look on page 47.",high,false,
rel_1090,look_016,Desire,K-28476IN-M-CP,K-12925IN-CP,design_co_occurrence,47,"Both products appear in the same ""Desire"" look on page 47.",high,false,
rel_1091,look_016,Desire,K-28476IN-M-CP,K-16356IN-A-CP,design_co_occurrence,47,"Both products appear in the same ""Desire"" look on page 47.",high,false,
rel_1092,look_016,Desire,K-28476IN-M-CP,K-26045IN-4FP-CP,design_co_occurrence,47,"Both products appear in the same ""Desire"" look on page 47.",high,false,
rel_1093,look_016,Desire,K-28476IN-M-CP,K-26046IN-CP,design_co_occurrence,47,"Both products appear in the same ""Desire"" look on page 47.",high,false,
rel_1094,look_016,Desire,K-28476IN-M-CP,K-26351IN-M-NA,design_co_occurrence,47,"Both products appear in the same ""Desire"" look on page 47.",high,false,
rel_1095,look_016,Desire,K-28476IN-M-CP,K-16407IN-CP,design_co_occurrence,47,"Both products appear in the same ""Desire"" look on page 47.",high,false,
rel_1096,look_016,Desire,K-28476IN-M-CP,K-45432IN-CP,design_co_occurrence,47,"Both products appear in the same ""Desire"" look on page 47.",high,false,
rel_1097,look_016,Desire,K-28476IN-M-CP,K-75201IN-CP,design_co_occurrence,47,"Both products appear in the same ""Desire"" look on page 47.",high,false,
rel_1098,look_016,Desire,K-18131IN-S-0,K-12925IN-CP,design_co_occurrence,47,"Both products appear in the same ""Desire"" look on page 47.",high,false,
rel_1099,look_016,Desire,K-18131IN-S-0,K-16356IN-A-CP,design_co_occurrence,47,"Both products appear in the same ""Desire"" look on page 47.",high,false,
rel_1100,look_016,Desire,K-18131IN-S-0,K-26045IN-4FP-CP,design_co_occurrence,47,"Both products appear in the same ""Desire"" look on page 47.",high,false,
rel_1101,look_016,Desire,K-18131IN-S-0,K-26046IN-CP,design_co_occurrence,47,"Both products appear in the same ""Desire"" look on page 47.",high,false,
rel_1102,look_016,Desire,K-18131IN-S-0,K-26351IN-M-NA,design_co_occurrence,47,"Both products appear in the same ""Desire"" look on page 47.",high,false,
rel_1103,look_016,Desire,K-18131IN-S-0,K-16407IN-CP,design_co_occurrence,47,"Both products appear in the same ""Desire"" look on page 47.",high,false,
rel_1104,look_016,Desire,K-18131IN-S-0,K-45432IN-CP,design_co_occurrence,47,"Both products appear in the same ""Desire"" look on page 47.",high,false,
rel_1105,look_016,Desire,K-18131IN-S-0,K-75201IN-CP,design_co_occurrence,47,"Both products appear in the same ""Desire"" look on page 47.",high,false,
rel_1106,look_016,Desire,K-12925IN-CP,K-16356IN-A-CP,design_co_occurrence,47,"Both products appear in the same ""Desire"" look on page 47.",high,false,
rel_1107,look_016,Desire,K-12925IN-CP,K-26045IN-4FP-CP,design_co_occurrence,47,"Both products appear in the same ""Desire"" look on page 47.",high,false,
rel_1108,look_016,Desire,K-12925IN-CP,K-26046IN-CP,design_co_occurrence,47,"Both products appear in the same ""Desire"" look on page 47.",high,false,
rel_1109,look_016,Desire,K-12925IN-CP,K-26351IN-M-NA,design_co_occurrence,47,"Both products appear in the same ""Desire"" look on page 47.",high,false,
rel_1110,look_016,Desire,K-12925IN-CP,K-16407IN-CP,design_co_occurrence,47,"Both products appear in the same ""Desire"" look on page 47.",high,false,
rel_1111,look_016,Desire,K-12925IN-CP,K-45432IN-CP,design_co_occurrence,47,"Both products appear in the same ""Desire"" look on page 47.",high,false,
rel_1112,look_016,Desire,K-12925IN-CP,K-75201IN-CP,design_co_occurrence,47,"Both products appear in the same ""Desire"" look on page 47.",high,false,
rel_1113,look_016,Desire,K-16356IN-A-CP,K-26045IN-4FP-CP,design_co_occurrence,47,"Both products appear in the same ""Desire"" look on page 47.",high,false,
rel_1114,look_016,Desire,K-16356IN-A-CP,K-26046IN-CP,design_co_occurrence,47,"Both products appear in the same ""Desire"" look on page 47.",high,false,
rel_1115,look_016,Desire,K-16356IN-A-CP,K-26351IN-M-NA,design_co_occurrence,47,"Both products appear in the same ""Desire"" look on page 47.",high,false,
rel_1116,look_016,Desire,K-16356IN-A-CP,K-16407IN-CP,design_co_occurrence,47,"Both products appear in the same ""Desire"" look on page 47.",high,false,
rel_1117,look_016,Desire,K-16356IN-A-CP,K-45432IN-CP,design_co_occurrence,47,"Both products appear in the same ""Desire"" look on page 47.",high,false,
rel_1118,look_016,Desire,K-16356IN-A-CP,K-75201IN-CP,design_co_occurrence,47,"Both products appear in the same ""Desire"" look on page 47.",high,false,
rel_1119,look_016,Desire,K-26045IN-4FP-CP,K-26046IN-CP,design_co_occurrence,47,"Both products appear in the same ""Desire"" look on page 47.",high,false,
rel_1120,look_016,Desire,K-26045IN-4FP-CP,K-26351IN-M-NA,design_co_occurrence,47,"Both products appear in the same ""Desire"" look on page 47.",high,false,
rel_1121,look_016,Desire,K-26045IN-4FP-CP,K-16407IN-CP,design_co_occurrence,47,"Both products appear in the same ""Desire"" look on page 47.",high,false,
rel_1122,look_016,Desire,K-26045IN-4FP-CP,K-45432IN-CP,design_co_occurrence,47,"Both products appear in the same ""Desire"" look on page 47.",high,false,
rel_1123,look_016,Desire,K-26045IN-4FP-CP,K-75201IN-CP,design_co_occurrence,47,"Both products appear in the same ""Desire"" look on page 47.",high,false,
rel_1124,look_016,Desire,K-26046IN-CP,K-26351IN-M-NA,design_co_occurrence,47,"Both products appear in the same ""Desire"" look on page 47.",high,false,
rel_1125,look_016,Desire,K-26046IN-CP,K-16407IN-CP,design_co_occurrence,47,"Both products appear in the same ""Desire"" look on page 47.",high,false,
rel_1126,look_016,Desire,K-26046IN-CP,K-45432IN-CP,design_co_occurrence,47,"Both products appear in the same ""Desire"" look on page 47.",high,false,
rel_1127,look_016,Desire,K-26046IN-CP,K-75201IN-CP,design_co_occurrence,47,"Both products appear in the same ""Desire"" look on page 47.",high,false,
rel_1128,look_016,Desire,K-26351IN-M-NA,K-16407IN-CP,design_co_occurrence,47,"Both products appear in the same ""Desire"" look on page 47.",high,false,
rel_1129,look_016,Desire,K-26351IN-M-NA,K-45432IN-CP,design_co_occurrence,47,"Both products appear in the same ""Desire"" look on page 47.",high,false,
rel_1130,look_016,Desire,K-26351IN-M-NA,K-75201IN-CP,design_co_occurrence,47,"Both products appear in the same ""Desire"" look on page 47.",high,false,
rel_1131,look_016,Desire,K-16407IN-CP,K-45432IN-CP,design_co_occurrence,47,"Both products appear in the same ""Desire"" look on page 47.",high,false,
rel_1132,look_016,Desire,K-16407IN-CP,K-75201IN-CP,design_co_occurrence,47,"Both products appear in the same ""Desire"" look on page 47.",high,false,
rel_1133,look_016,Desire,K-45432IN-CP,K-75201IN-CP,design_co_occurrence,47,"Both products appear in the same ""Desire"" look on page 47.",high,false,
rel_1134,look_017,Sublime,K-18656IN-NDR-CP,K-26791IN-4ND-CP,design_co_occurrence,49,"Both products appear in the same ""Sublime"" look on page 49.",high,false,
rel_1135,look_017,Sublime,K-18656IN-NDR-CP,K-2210IN-0,design_co_occurrence,49,"Both products appear in the same ""Sublime"" look on page 49.",high,false,
rel_1136,look_017,Sublime,K-18656IN-NDR-CP,K-28476IN-M-CP,design_co_occurrence,49,"Both products appear in the same ""Sublime"" look on page 49.",high,false,
rel_1137,look_017,Sublime,K-18656IN-NDR-CP,K-22860IN-2-0,design_co_occurrence,49,"Both products appear in the same ""Sublime"" look on page 49.",high,false,
rel_1138,look_017,Sublime,K-18656IN-NDR-CP,K-12927IN-CP,design_co_occurrence,49,"Both products appear in the same ""Sublime"" look on page 49.",high,false,
rel_1139,look_017,Sublime,K-18656IN-NDR-CP,K-30438IN-0,design_co_occurrence,49,"Both products appear in the same ""Sublime"" look on page 49.",high,false,
rel_1140,look_017,Sublime,K-18656IN-NDR-CP,K-10712D-CP,design_co_occurrence,49,"Both products appear in the same ""Sublime"" look on page 49.",high,false,
rel_1141,look_017,Sublime,K-18656IN-NDR-CP,K-5486T-2-0P,design_co_occurrence,49,"Both products appear in the same ""Sublime"" look on page 49.",high,false,
rel_1142,look_017,Sublime,K-18656IN-NDR-CP,K-10701D-CP,design_co_occurrence,49,"Both products appear in the same ""Sublime"" look on page 49.",high,false,
rel_1143,look_017,Sublime,K-18656IN-NDR-CP,K-5632IN-CP,design_co_occurrence,49,"Both products appear in the same ""Sublime"" look on page 49.",high,false,
rel_1144,look_017,Sublime,K-18656IN-NDR-CP,K-24199IN-C01-CP,design_co_occurrence,49,"Both products appear in the same ""Sublime"" look on page 49.",high,false,
rel_1145,look_017,Sublime,K-18656IN-NDR-CP,K-26474IN-ER-0,design_co_occurrence,49,"Both products appear in the same ""Sublime"" look on page 49.",high,false,
rel_1146,look_017,Sublime,K-18656IN-NDR-CP,K-77029IN-M-NA,design_co_occurrence,49,"Both products appear in the same ""Sublime"" look on page 49.",high,false,
rel_1147,look_017,Sublime,K-26791IN-4ND-CP,K-2210IN-0,design_co_occurrence,49,"Both products appear in the same ""Sublime"" look on page 49.",high,false,
rel_1148,look_017,Sublime,K-26791IN-4ND-CP,K-28476IN-M-CP,design_co_occurrence,49,"Both products appear in the same ""Sublime"" look on page 49.",high,false,
rel_1149,look_017,Sublime,K-26791IN-4ND-CP,K-22860IN-2-0,design_co_occurrence,49,"Both products appear in the same ""Sublime"" look on page 49.",high,false,
rel_1150,look_017,Sublime,K-26791IN-4ND-CP,K-12927IN-CP,design_co_occurrence,49,"Both products appear in the same ""Sublime"" look on page 49.",high,false,
rel_1151,look_017,Sublime,K-26791IN-4ND-CP,K-30438IN-0,design_co_occurrence,49,"Both products appear in the same ""Sublime"" look on page 49.",high,false,
rel_1152,look_017,Sublime,K-26791IN-4ND-CP,K-10712D-CP,design_co_occurrence,49,"Both products appear in the same ""Sublime"" look on page 49.",high,false,
rel_1153,look_017,Sublime,K-26791IN-4ND-CP,K-5486T-2-0P,design_co_occurrence,49,"Both products appear in the same ""Sublime"" look on page 49.",high,false,
rel_1154,look_017,Sublime,K-26791IN-4ND-CP,K-10701D-CP,design_co_occurrence,49,"Both products appear in the same ""Sublime"" look on page 49.",high,false,
rel_1155,look_017,Sublime,K-26791IN-4ND-CP,K-5632IN-CP,design_co_occurrence,49,"Both products appear in the same ""Sublime"" look on page 49.",high,false,
rel_1156,look_017,Sublime,K-26791IN-4ND-CP,K-24199IN-C01-CP,design_co_occurrence,49,"Both products appear in the same ""Sublime"" look on page 49.",high,false,
rel_1157,look_017,Sublime,K-26791IN-4ND-CP,K-26474IN-ER-0,design_co_occurrence,49,"Both products appear in the same ""Sublime"" look on page 49.",high,false,
rel_1158,look_017,Sublime,K-26791IN-4ND-CP,K-77029IN-M-NA,design_co_occurrence,49,"Both products appear in the same ""Sublime"" look on page 49.",high,false,
rel_1159,look_017,Sublime,K-2210IN-0,K-28476IN-M-CP,design_co_occurrence,49,"Both products appear in the same ""Sublime"" look on page 49.",high,false,
rel_1160,look_017,Sublime,K-2210IN-0,K-22860IN-2-0,design_co_occurrence,49,"Both products appear in the same ""Sublime"" look on page 49.",high,false,
rel_1161,look_017,Sublime,K-2210IN-0,K-12927IN-CP,design_co_occurrence,49,"Both products appear in the same ""Sublime"" look on page 49.",high,false,
rel_1162,look_017,Sublime,K-2210IN-0,K-30438IN-0,design_co_occurrence,49,"Both products appear in the same ""Sublime"" look on page 49.",high,false,
rel_1163,look_017,Sublime,K-2210IN-0,K-10712D-CP,design_co_occurrence,49,"Both products appear in the same ""Sublime"" look on page 49.",high,false,
rel_1164,look_017,Sublime,K-2210IN-0,K-5486T-2-0P,design_co_occurrence,49,"Both products appear in the same ""Sublime"" look on page 49.",high,false,
rel_1165,look_017,Sublime,K-2210IN-0,K-10701D-CP,design_co_occurrence,49,"Both products appear in the same ""Sublime"" look on page 49.",high,false,
rel_1166,look_017,Sublime,K-2210IN-0,K-5632IN-CP,design_co_occurrence,49,"Both products appear in the same ""Sublime"" look on page 49.",high,false,
rel_1167,look_017,Sublime,K-2210IN-0,K-24199IN-C01-CP,design_co_occurrence,49,"Both products appear in the same ""Sublime"" look on page 49.",high,false,
rel_1168,look_017,Sublime,K-2210IN-0,K-26474IN-ER-0,design_co_occurrence,49,"Both products appear in the same ""Sublime"" look on page 49.",high,false,
rel_1169,look_017,Sublime,K-2210IN-0,K-77029IN-M-NA,design_co_occurrence,49,"Both products appear in the same ""Sublime"" look on page 49.",high,false,
rel_1170,look_017,Sublime,K-28476IN-M-CP,K-22860IN-2-0,design_co_occurrence,49,"Both products appear in the same ""Sublime"" look on page 49.",high,false,
rel_1171,look_017,Sublime,K-28476IN-M-CP,K-12927IN-CP,design_co_occurrence,49,"Both products appear in the same ""Sublime"" look on page 49.",high,false,
rel_1172,look_017,Sublime,K-28476IN-M-CP,K-30438IN-0,design_co_occurrence,49,"Both products appear in the same ""Sublime"" look on page 49.",high,false,
rel_1173,look_017,Sublime,K-28476IN-M-CP,K-10712D-CP,design_co_occurrence,49,"Both products appear in the same ""Sublime"" look on page 49.",high,false,
rel_1174,look_017,Sublime,K-28476IN-M-CP,K-5486T-2-0P,design_co_occurrence,49,"Both products appear in the same ""Sublime"" look on page 49.",high,false,
rel_1175,look_017,Sublime,K-28476IN-M-CP,K-10701D-CP,design_co_occurrence,49,"Both products appear in the same ""Sublime"" look on page 49.",high,false,
rel_1176,look_017,Sublime,K-28476IN-M-CP,K-5632IN-CP,design_co_occurrence,49,"Both products appear in the same ""Sublime"" look on page 49.",high,false,
rel_1177,look_017,Sublime,K-28476IN-M-CP,K-24199IN-C01-CP,design_co_occurrence,49,"Both products appear in the same ""Sublime"" look on page 49.",high,false,
rel_1178,look_017,Sublime,K-28476IN-M-CP,K-26474IN-ER-0,design_co_occurrence,49,"Both products appear in the same ""Sublime"" look on page 49.",high,false,
rel_1179,look_017,Sublime,K-28476IN-M-CP,K-77029IN-M-NA,design_co_occurrence,49,"Both products appear in the same ""Sublime"" look on page 49.",high,false,
rel_1180,look_017,Sublime,K-22860IN-2-0,K-12927IN-CP,design_co_occurrence,49,"Both products appear in the same ""Sublime"" look on page 49.",high,false,
rel_1181,look_017,Sublime,K-22860IN-2-0,K-30438IN-0,design_co_occurrence,49,"Both products appear in the same ""Sublime"" look on page 49.",high,false,
rel_1182,look_017,Sublime,K-22860IN-2-0,K-10712D-CP,design_co_occurrence,49,"Both products appear in the same ""Sublime"" look on page 49.",high,false,
rel_1183,look_017,Sublime,K-22860IN-2-0,K-5486T-2-0P,design_co_occurrence,49,"Both products appear in the same ""Sublime"" look on page 49.",high,false,
rel_1184,look_017,Sublime,K-22860IN-2-0,K-10701D-CP,design_co_occurrence,49,"Both products appear in the same ""Sublime"" look on page 49.",high,false,
rel_1185,look_017,Sublime,K-22860IN-2-0,K-5632IN-CP,design_co_occurrence,49,"Both products appear in the same ""Sublime"" look on page 49.",high,false,
rel_1186,look_017,Sublime,K-22860IN-2-0,K-24199IN-C01-CP,design_co_occurrence,49,"Both products appear in the same ""Sublime"" look on page 49.",high,false,
rel_1187,look_017,Sublime,K-22860IN-2-0,K-26474IN-ER-0,design_co_occurrence,49,"Both products appear in the same ""Sublime"" look on page 49.",high,false,
rel_1188,look_017,Sublime,K-22860IN-2-0,K-77029IN-M-NA,design_co_occurrence,49,"Both products appear in the same ""Sublime"" look on page 49.",high,false,
rel_1189,look_017,Sublime,K-12927IN-CP,K-30438IN-0,design_co_occurrence,49,"Both products appear in the same ""Sublime"" look on page 49.",high,false,
rel_1190,look_017,Sublime,K-12927IN-CP,K-10712D-CP,design_co_occurrence,49,"Both products appear in the same ""Sublime"" look on page 49.",high,false,
rel_1191,look_017,Sublime,K-12927IN-CP,K-5486T-2-0P,design_co_occurrence,49,"Both products appear in the same ""Sublime"" look on page 49.",high,false,
rel_1192,look_017,Sublime,K-12927IN-CP,K-10701D-CP,design_co_occurrence,49,"Both products appear in the same ""Sublime"" look on page 49.",high,false,
rel_1193,look_017,Sublime,K-12927IN-CP,K-5632IN-CP,design_co_occurrence,49,"Both products appear in the same ""Sublime"" look on page 49.",high,false,
rel_1194,look_017,Sublime,K-12927IN-CP,K-24199IN-C01-CP,design_co_occurrence,49,"Both products appear in the same ""Sublime"" look on page 49.",high,false,
rel_1195,look_017,Sublime,K-12927IN-CP,K-26474IN-ER-0,design_co_occurrence,49,"Both products appear in the same ""Sublime"" look on page 49.",high,false,
rel_1196,look_017,Sublime,K-12927IN-CP,K-77029IN-M-NA,design_co_occurrence,49,"Both products appear in the same ""Sublime"" look on page 49.",high,false,
rel_1197,look_017,Sublime,K-30438IN-0,K-10712D-CP,design_co_occurrence,49,"Both products appear in the same ""Sublime"" look on page 49.",high,false,
rel_1198,look_017,Sublime,K-30438IN-0,K-5486T-2-0P,design_co_occurrence,49,"Both products appear in the same ""Sublime"" look on page 49.",high,false,
rel_1199,look_017,Sublime,K-30438IN-0,K-10701D-CP,design_co_occurrence,49,"Both products appear in the same ""Sublime"" look on page 49.",high,false,
rel_1200,look_017,Sublime,K-30438IN-0,K-5632IN-CP,design_co_occurrence,49,"Both products appear in the same ""Sublime"" look on page 49.",high,false,
rel_1201,look_017,Sublime,K-30438IN-0,K-24199IN-C01-CP,design_co_occurrence,49,"Both products appear in the same ""Sublime"" look on page 49.",high,false,
rel_1202,look_017,Sublime,K-30438IN-0,K-26474IN-ER-0,design_co_occurrence,49,"Both products appear in the same ""Sublime"" look on page 49.",high,false,
rel_1203,look_017,Sublime,K-30438IN-0,K-77029IN-M-NA,design_co_occurrence,49,"Both products appear in the same ""Sublime"" look on page 49.",high,false,
rel_1204,look_017,Sublime,K-10712D-CP,K-5486T-2-0P,design_co_occurrence,49,"Both products appear in the same ""Sublime"" look on page 49.",high,false,
rel_1205,look_017,Sublime,K-10712D-CP,K-10701D-CP,design_co_occurrence,49,"Both products appear in the same ""Sublime"" look on page 49.",high,false,
rel_1206,look_017,Sublime,K-10712D-CP,K-5632IN-CP,design_co_occurrence,49,"Both products appear in the same ""Sublime"" look on page 49.",high,false,
rel_1207,look_017,Sublime,K-10712D-CP,K-24199IN-C01-CP,design_co_occurrence,49,"Both products appear in the same ""Sublime"" look on page 49.",high,false,
rel_1208,look_017,Sublime,K-10712D-CP,K-26474IN-ER-0,design_co_occurrence,49,"Both products appear in the same ""Sublime"" look on page 49.",high,false,
rel_1209,look_017,Sublime,K-10712D-CP,K-77029IN-M-NA,design_co_occurrence,49,"Both products appear in the same ""Sublime"" look on page 49.",high,false,
rel_1210,look_017,Sublime,K-5486T-2-0P,K-10701D-CP,design_co_occurrence,49,"Both products appear in the same ""Sublime"" look on page 49.",high,false,
rel_1211,look_017,Sublime,K-5486T-2-0P,K-5632IN-CP,design_co_occurrence,49,"Both products appear in the same ""Sublime"" look on page 49.",high,false,
rel_1212,look_017,Sublime,K-5486T-2-0P,K-24199IN-C01-CP,design_co_occurrence,49,"Both products appear in the same ""Sublime"" look on page 49.",high,false,
rel_1213,look_017,Sublime,K-5486T-2-0P,K-26474IN-ER-0,design_co_occurrence,49,"Both products appear in the same ""Sublime"" look on page 49.",high,false,
rel_1214,look_017,Sublime,K-5486T-2-0P,K-77029IN-M-NA,design_co_occurrence,49,"Both products appear in the same ""Sublime"" look on page 49.",high,false,
rel_1215,look_017,Sublime,K-10701D-CP,K-5632IN-CP,design_co_occurrence,49,"Both products appear in the same ""Sublime"" look on page 49.",high,false,
rel_1216,look_017,Sublime,K-10701D-CP,K-24199IN-C01-CP,design_co_occurrence,49,"Both products appear in the same ""Sublime"" look on page 49.",high,false,
rel_1217,look_017,Sublime,K-10701D-CP,K-26474IN-ER-0,design_co_occurrence,49,"Both products appear in the same ""Sublime"" look on page 49.",high,false,
rel_1218,look_017,Sublime,K-10701D-CP,K-77029IN-M-NA,design_co_occurrence,49,"Both products appear in the same ""Sublime"" look on page 49.",high,false,
rel_1219,look_017,Sublime,K-5632IN-CP,K-24199IN-C01-CP,design_co_occurrence,49,"Both products appear in the same ""Sublime"" look on page 49.",high,false,
rel_1220,look_017,Sublime,K-5632IN-CP,K-26474IN-ER-0,design_co_occurrence,49,"Both products appear in the same ""Sublime"" look on page 49.",high,false,
rel_1221,look_017,Sublime,K-5632IN-CP,K-77029IN-M-NA,design_co_occurrence,49,"Both products appear in the same ""Sublime"" look on page 49.",high,false,
rel_1222,look_017,Sublime,K-24199IN-C01-CP,K-26474IN-ER-0,design_co_occurrence,49,"Both products appear in the same ""Sublime"" look on page 49.",high,false,
rel_1223,look_017,Sublime,K-24199IN-C01-CP,K-77029IN-M-NA,design_co_occurrence,49,"Both products appear in the same ""Sublime"" look on page 49.",high,false,
rel_1224,look_017,Sublime,K-26474IN-ER-0,K-77029IN-M-NA,design_co_occurrence,49,"Both products appear in the same ""Sublime"" look on page 49.",high,false,
rel_1225,look_018,Sublime,K-18656IN-NDR-,K-26040IN-4ND,design_co_occurrence,51,"Both products appear in the same ""Sublime"" look on page 51.",high,false,
rel_1226,look_018,Sublime,K-18656IN-NDR-,K-2215IN-2-0,design_co_occurrence,51,"Both products appear in the same ""Sublime"" look on page 51.",high,false,
rel_1227,look_018,Sublime,K-18656IN-NDR-,K-28475IN-M-CP,design_co_occurrence,51,"Both products appear in the same ""Sublime"" look on page 51.",high,false,
rel_1228,look_018,Sublime,K-18656IN-NDR-,K-22860IN-2-0,design_co_occurrence,51,"Both products appear in the same ""Sublime"" look on page 51.",high,false,
rel_1229,look_018,Sublime,K-18656IN-NDR-,K-12927IN-CP,design_co_occurrence,51,"Both products appear in the same ""Sublime"" look on page 51.",high,false,
rel_1230,look_018,Sublime,K-18656IN-NDR-,K-28922IN-S-0,design_co_occurrence,51,"Both products appear in the same ""Sublime"" look on page 51.",high,false,
rel_1231,look_018,Sublime,K-18656IN-NDR-,K-10712D-CP,design_co_occurrence,51,"Both products appear in the same ""Sublime"" look on page 51.",high,false,
rel_1232,look_018,Sublime,K-18656IN-NDR-,K-5486T-2-0P,design_co_occurrence,51,"Both products appear in the same ""Sublime"" look on page 51.",high,false,
rel_1233,look_018,Sublime,K-18656IN-NDR-,K-10701D-CP,design_co_occurrence,51,"Both products appear in the same ""Sublime"" look on page 51.",high,false,
rel_1234,look_018,Sublime,K-18656IN-NDR-,K-5632IN-CP,design_co_occurrence,51,"Both products appear in the same ""Sublime"" look on page 51.",high,false,
rel_1235,look_018,Sublime,K-18656IN-NDR-,K-24199IN-C01-,design_co_occurrence,51,"Both products appear in the same ""Sublime"" look on page 51.",high,false,
rel_1236,look_018,Sublime,K-18656IN-NDR-,K-26475IN-ER-0,design_co_occurrence,51,"Both products appear in the same ""Sublime"" look on page 51.",high,false,
rel_1237,look_018,Sublime,K-18656IN-NDR-,K-20084IN-P-NA,design_co_occurrence,51,"Both products appear in the same ""Sublime"" look on page 51.",high,false,
rel_1238,look_018,Sublime,K-26040IN-4ND,K-2215IN-2-0,design_co_occurrence,51,"Both products appear in the same ""Sublime"" look on page 51.",high,false,
rel_1239,look_018,Sublime,K-26040IN-4ND,K-28475IN-M-CP,design_co_occurrence,51,"Both products appear in the same ""Sublime"" look on page 51.",high,false,
rel_1240,look_018,Sublime,K-26040IN-4ND,K-22860IN-2-0,design_co_occurrence,51,"Both products appear in the same ""Sublime"" look on page 51.",high,false,
rel_1241,look_018,Sublime,K-26040IN-4ND,K-12927IN-CP,design_co_occurrence,51,"Both products appear in the same ""Sublime"" look on page 51.",high,false,
rel_1242,look_018,Sublime,K-26040IN-4ND,K-28922IN-S-0,design_co_occurrence,51,"Both products appear in the same ""Sublime"" look on page 51.",high,false,
rel_1243,look_018,Sublime,K-26040IN-4ND,K-10712D-CP,design_co_occurrence,51,"Both products appear in the same ""Sublime"" look on page 51.",high,false,
rel_1244,look_018,Sublime,K-26040IN-4ND,K-5486T-2-0P,design_co_occurrence,51,"Both products appear in the same ""Sublime"" look on page 51.",high,false,
rel_1245,look_018,Sublime,K-26040IN-4ND,K-10701D-CP,design_co_occurrence,51,"Both products appear in the same ""Sublime"" look on page 51.",high,false,
rel_1246,look_018,Sublime,K-26040IN-4ND,K-5632IN-CP,design_co_occurrence,51,"Both products appear in the same ""Sublime"" look on page 51.",high,false,
rel_1247,look_018,Sublime,K-26040IN-4ND,K-24199IN-C01-,design_co_occurrence,51,"Both products appear in the same ""Sublime"" look on page 51.",high,false,
rel_1248,look_018,Sublime,K-26040IN-4ND,K-26475IN-ER-0,design_co_occurrence,51,"Both products appear in the same ""Sublime"" look on page 51.",high,false,
rel_1249,look_018,Sublime,K-26040IN-4ND,K-20084IN-P-NA,design_co_occurrence,51,"Both products appear in the same ""Sublime"" look on page 51.",high,false,
rel_1250,look_018,Sublime,K-2215IN-2-0,K-28475IN-M-CP,design_co_occurrence,51,"Both products appear in the same ""Sublime"" look on page 51.",high,false,
rel_1251,look_018,Sublime,K-2215IN-2-0,K-22860IN-2-0,design_co_occurrence,51,"Both products appear in the same ""Sublime"" look on page 51.",high,false,
rel_1252,look_018,Sublime,K-2215IN-2-0,K-12927IN-CP,design_co_occurrence,51,"Both products appear in the same ""Sublime"" look on page 51.",high,false,
rel_1253,look_018,Sublime,K-2215IN-2-0,K-28922IN-S-0,design_co_occurrence,51,"Both products appear in the same ""Sublime"" look on page 51.",high,false,
rel_1254,look_018,Sublime,K-2215IN-2-0,K-10712D-CP,design_co_occurrence,51,"Both products appear in the same ""Sublime"" look on page 51.",high,false,
rel_1255,look_018,Sublime,K-2215IN-2-0,K-5486T-2-0P,design_co_occurrence,51,"Both products appear in the same ""Sublime"" look on page 51.",high,false,
rel_1256,look_018,Sublime,K-2215IN-2-0,K-10701D-CP,design_co_occurrence,51,"Both products appear in the same ""Sublime"" look on page 51.",high,false,
rel_1257,look_018,Sublime,K-2215IN-2-0,K-5632IN-CP,design_co_occurrence,51,"Both products appear in the same ""Sublime"" look on page 51.",high,false,
rel_1258,look_018,Sublime,K-2215IN-2-0,K-24199IN-C01-,design_co_occurrence,51,"Both products appear in the same ""Sublime"" look on page 51.",high,false,
rel_1259,look_018,Sublime,K-2215IN-2-0,K-26475IN-ER-0,design_co_occurrence,51,"Both products appear in the same ""Sublime"" look on page 51.",high,false,
rel_1260,look_018,Sublime,K-2215IN-2-0,K-20084IN-P-NA,design_co_occurrence,51,"Both products appear in the same ""Sublime"" look on page 51.",high,false,
rel_1261,look_018,Sublime,K-28475IN-M-CP,K-22860IN-2-0,design_co_occurrence,51,"Both products appear in the same ""Sublime"" look on page 51.",high,false,
rel_1262,look_018,Sublime,K-28475IN-M-CP,K-12927IN-CP,design_co_occurrence,51,"Both products appear in the same ""Sublime"" look on page 51.",high,false,
rel_1263,look_018,Sublime,K-28475IN-M-CP,K-28922IN-S-0,design_co_occurrence,51,"Both products appear in the same ""Sublime"" look on page 51.",high,false,
rel_1264,look_018,Sublime,K-28475IN-M-CP,K-10712D-CP,design_co_occurrence,51,"Both products appear in the same ""Sublime"" look on page 51.",high,false,
rel_1265,look_018,Sublime,K-28475IN-M-CP,K-5486T-2-0P,design_co_occurrence,51,"Both products appear in the same ""Sublime"" look on page 51.",high,false,
rel_1266,look_018,Sublime,K-28475IN-M-CP,K-10701D-CP,design_co_occurrence,51,"Both products appear in the same ""Sublime"" look on page 51.",high,false,
rel_1267,look_018,Sublime,K-28475IN-M-CP,K-5632IN-CP,design_co_occurrence,51,"Both products appear in the same ""Sublime"" look on page 51.",high,false,
rel_1268,look_018,Sublime,K-28475IN-M-CP,K-24199IN-C01-,design_co_occurrence,51,"Both products appear in the same ""Sublime"" look on page 51.",high,false,
rel_1269,look_018,Sublime,K-28475IN-M-CP,K-26475IN-ER-0,design_co_occurrence,51,"Both products appear in the same ""Sublime"" look on page 51.",high,false,
rel_1270,look_018,Sublime,K-28475IN-M-CP,K-20084IN-P-NA,design_co_occurrence,51,"Both products appear in the same ""Sublime"" look on page 51.",high,false,
rel_1271,look_018,Sublime,K-22860IN-2-0,K-12927IN-CP,design_co_occurrence,51,"Both products appear in the same ""Sublime"" look on page 51.",high,false,
rel_1272,look_018,Sublime,K-22860IN-2-0,K-28922IN-S-0,design_co_occurrence,51,"Both products appear in the same ""Sublime"" look on page 51.",high,false,
rel_1273,look_018,Sublime,K-22860IN-2-0,K-10712D-CP,design_co_occurrence,51,"Both products appear in the same ""Sublime"" look on page 51.",high,false,
rel_1274,look_018,Sublime,K-22860IN-2-0,K-5486T-2-0P,design_co_occurrence,51,"Both products appear in the same ""Sublime"" look on page 51.",high,false,
rel_1275,look_018,Sublime,K-22860IN-2-0,K-10701D-CP,design_co_occurrence,51,"Both products appear in the same ""Sublime"" look on page 51.",high,false,
rel_1276,look_018,Sublime,K-22860IN-2-0,K-5632IN-CP,design_co_occurrence,51,"Both products appear in the same ""Sublime"" look on page 51.",high,false,
rel_1277,look_018,Sublime,K-22860IN-2-0,K-24199IN-C01-,design_co_occurrence,51,"Both products appear in the same ""Sublime"" look on page 51.",high,false,
rel_1278,look_018,Sublime,K-22860IN-2-0,K-26475IN-ER-0,design_co_occurrence,51,"Both products appear in the same ""Sublime"" look on page 51.",high,false,
rel_1279,look_018,Sublime,K-22860IN-2-0,K-20084IN-P-NA,design_co_occurrence,51,"Both products appear in the same ""Sublime"" look on page 51.",high,false,
rel_1280,look_018,Sublime,K-12927IN-CP,K-28922IN-S-0,design_co_occurrence,51,"Both products appear in the same ""Sublime"" look on page 51.",high,false,
rel_1281,look_018,Sublime,K-12927IN-CP,K-10712D-CP,design_co_occurrence,51,"Both products appear in the same ""Sublime"" look on page 51.",high,false,
rel_1282,look_018,Sublime,K-12927IN-CP,K-5486T-2-0P,design_co_occurrence,51,"Both products appear in the same ""Sublime"" look on page 51.",high,false,
rel_1283,look_018,Sublime,K-12927IN-CP,K-10701D-CP,design_co_occurrence,51,"Both products appear in the same ""Sublime"" look on page 51.",high,false,
rel_1284,look_018,Sublime,K-12927IN-CP,K-5632IN-CP,design_co_occurrence,51,"Both products appear in the same ""Sublime"" look on page 51.",high,false,
rel_1285,look_018,Sublime,K-12927IN-CP,K-24199IN-C01-,design_co_occurrence,51,"Both products appear in the same ""Sublime"" look on page 51.",high,false,
rel_1286,look_018,Sublime,K-12927IN-CP,K-26475IN-ER-0,design_co_occurrence,51,"Both products appear in the same ""Sublime"" look on page 51.",high,false,
rel_1287,look_018,Sublime,K-12927IN-CP,K-20084IN-P-NA,design_co_occurrence,51,"Both products appear in the same ""Sublime"" look on page 51.",high,false,
rel_1288,look_018,Sublime,K-28922IN-S-0,K-10712D-CP,design_co_occurrence,51,"Both products appear in the same ""Sublime"" look on page 51.",high,false,
rel_1289,look_018,Sublime,K-28922IN-S-0,K-5486T-2-0P,design_co_occurrence,51,"Both products appear in the same ""Sublime"" look on page 51.",high,false,
rel_1290,look_018,Sublime,K-28922IN-S-0,K-10701D-CP,design_co_occurrence,51,"Both products appear in the same ""Sublime"" look on page 51.",high,false,
rel_1291,look_018,Sublime,K-28922IN-S-0,K-5632IN-CP,design_co_occurrence,51,"Both products appear in the same ""Sublime"" look on page 51.",high,false,
rel_1292,look_018,Sublime,K-28922IN-S-0,K-24199IN-C01-,design_co_occurrence,51,"Both products appear in the same ""Sublime"" look on page 51.",high,false,
rel_1293,look_018,Sublime,K-28922IN-S-0,K-26475IN-ER-0,design_co_occurrence,51,"Both products appear in the same ""Sublime"" look on page 51.",high,false,
rel_1294,look_018,Sublime,K-28922IN-S-0,K-20084IN-P-NA,design_co_occurrence,51,"Both products appear in the same ""Sublime"" look on page 51.",high,false,
rel_1295,look_018,Sublime,K-10712D-CP,K-5486T-2-0P,design_co_occurrence,51,"Both products appear in the same ""Sublime"" look on page 51.",high,false,
rel_1296,look_018,Sublime,K-10712D-CP,K-10701D-CP,design_co_occurrence,51,"Both products appear in the same ""Sublime"" look on page 51.",high,false,
rel_1297,look_018,Sublime,K-10712D-CP,K-5632IN-CP,design_co_occurrence,51,"Both products appear in the same ""Sublime"" look on page 51.",high,false,
rel_1298,look_018,Sublime,K-10712D-CP,K-24199IN-C01-,design_co_occurrence,51,"Both products appear in the same ""Sublime"" look on page 51.",high,false,
rel_1299,look_018,Sublime,K-10712D-CP,K-26475IN-ER-0,design_co_occurrence,51,"Both products appear in the same ""Sublime"" look on page 51.",high,false,
rel_1300,look_018,Sublime,K-10712D-CP,K-20084IN-P-NA,design_co_occurrence,51,"Both products appear in the same ""Sublime"" look on page 51.",high,false,
rel_1301,look_018,Sublime,K-5486T-2-0P,K-10701D-CP,design_co_occurrence,51,"Both products appear in the same ""Sublime"" look on page 51.",high,false,
rel_1302,look_018,Sublime,K-5486T-2-0P,K-5632IN-CP,design_co_occurrence,51,"Both products appear in the same ""Sublime"" look on page 51.",high,false,
rel_1303,look_018,Sublime,K-5486T-2-0P,K-24199IN-C01-,design_co_occurrence,51,"Both products appear in the same ""Sublime"" look on page 51.",high,false,
rel_1304,look_018,Sublime,K-5486T-2-0P,K-26475IN-ER-0,design_co_occurrence,51,"Both products appear in the same ""Sublime"" look on page 51.",high,false,
rel_1305,look_018,Sublime,K-5486T-2-0P,K-20084IN-P-NA,design_co_occurrence,51,"Both products appear in the same ""Sublime"" look on page 51.",high,false,
rel_1306,look_018,Sublime,K-10701D-CP,K-5632IN-CP,design_co_occurrence,51,"Both products appear in the same ""Sublime"" look on page 51.",high,false,
rel_1307,look_018,Sublime,K-10701D-CP,K-24199IN-C01-,design_co_occurrence,51,"Both products appear in the same ""Sublime"" look on page 51.",high,false,
rel_1308,look_018,Sublime,K-10701D-CP,K-26475IN-ER-0,design_co_occurrence,51,"Both products appear in the same ""Sublime"" look on page 51.",high,false,
rel_1309,look_018,Sublime,K-10701D-CP,K-20084IN-P-NA,design_co_occurrence,51,"Both products appear in the same ""Sublime"" look on page 51.",high,false,
rel_1310,look_018,Sublime,K-5632IN-CP,K-24199IN-C01-,design_co_occurrence,51,"Both products appear in the same ""Sublime"" look on page 51.",high,false,
rel_1311,look_018,Sublime,K-5632IN-CP,K-26475IN-ER-0,design_co_occurrence,51,"Both products appear in the same ""Sublime"" look on page 51.",high,false,
rel_1312,look_018,Sublime,K-5632IN-CP,K-20084IN-P-NA,design_co_occurrence,51,"Both products appear in the same ""Sublime"" look on page 51.",high,false,
rel_1313,look_018,Sublime,K-24199IN-C01-,K-26475IN-ER-0,design_co_occurrence,51,"Both products appear in the same ""Sublime"" look on page 51.",high,false,
rel_1314,look_018,Sublime,K-24199IN-C01-,K-20084IN-P-NA,design_co_occurrence,51,"Both products appear in the same ""Sublime"" look on page 51.",high,false,
rel_1315,look_018,Sublime,K-26475IN-ER-0,K-20084IN-P-NA,design_co_occurrence,51,"Both products appear in the same ""Sublime"" look on page 51.",high,false,
rel_1316,look_019,Sublime,K-18656IN-NDR-,K-27481IN-4ND-CP,design_co_occurrence,53,"Both products appear in the same ""Sublime"" look on page 53.",high,false,
rel_1317,look_019,Sublime,K-18656IN-NDR-,K-2215IN-2-0,design_co_occurrence,53,"Both products appear in the same ""Sublime"" look on page 53.",high,false,
rel_1318,look_019,Sublime,K-18656IN-NDR-,K-75890IN-M-CP,design_co_occurrence,53,"Both products appear in the same ""Sublime"" look on page 53.",high,false,
rel_1319,look_019,Sublime,K-18656IN-NDR-,K-22860IN-2-0,design_co_occurrence,53,"Both products appear in the same ""Sublime"" look on page 53.",high,false,
rel_1320,look_019,Sublime,K-18656IN-NDR-,K-12927IN-CP,design_co_occurrence,53,"Both products appear in the same ""Sublime"" look on page 53.",high,false,
rel_1321,look_019,Sublime,K-18656IN-NDR-,K-28922IN-S-0,design_co_occurrence,53,"Both products appear in the same ""Sublime"" look on page 53.",high,false,
rel_1322,look_019,Sublime,K-18656IN-NDR-,K-10712D-CP,design_co_occurrence,53,"Both products appear in the same ""Sublime"" look on page 53.",high,false,
rel_1323,look_019,Sublime,K-18656IN-NDR-,K-5486T-2-0P,design_co_occurrence,53,"Both products appear in the same ""Sublime"" look on page 53.",high,false,
rel_1324,look_019,Sublime,K-18656IN-NDR-,K-10701D-CP,design_co_occurrence,53,"Both products appear in the same ""Sublime"" look on page 53.",high,false,
rel_1325,look_019,Sublime,K-18656IN-NDR-,K-5632IN-CP,design_co_occurrence,53,"Both products appear in the same ""Sublime"" look on page 53.",high,false,
rel_1326,look_019,Sublime,K-18656IN-NDR-,K-24199IN-C01-CP,design_co_occurrence,53,"Both products appear in the same ""Sublime"" look on page 53.",high,false,
rel_1327,look_019,Sublime,K-18656IN-NDR-,K-26475IN-ER-0,design_co_occurrence,53,"Both products appear in the same ""Sublime"" look on page 53.",high,false,
rel_1328,look_019,Sublime,K-18656IN-NDR-,K-31538IN-NA,design_co_occurrence,53,"Both products appear in the same ""Sublime"" look on page 53.",high,false,
rel_1329,look_019,Sublime,K-27481IN-4ND-CP,K-2215IN-2-0,design_co_occurrence,53,"Both products appear in the same ""Sublime"" look on page 53.",high,false,
rel_1330,look_019,Sublime,K-27481IN-4ND-CP,K-75890IN-M-CP,design_co_occurrence,53,"Both products appear in the same ""Sublime"" look on page 53.",high,false,
rel_1331,look_019,Sublime,K-27481IN-4ND-CP,K-22860IN-2-0,design_co_occurrence,53,"Both products appear in the same ""Sublime"" look on page 53.",high,false,
rel_1332,look_019,Sublime,K-27481IN-4ND-CP,K-12927IN-CP,design_co_occurrence,53,"Both products appear in the same ""Sublime"" look on page 53.",high,false,
rel_1333,look_019,Sublime,K-27481IN-4ND-CP,K-28922IN-S-0,design_co_occurrence,53,"Both products appear in the same ""Sublime"" look on page 53.",high,false,
rel_1334,look_019,Sublime,K-27481IN-4ND-CP,K-10712D-CP,design_co_occurrence,53,"Both products appear in the same ""Sublime"" look on page 53.",high,false,
rel_1335,look_019,Sublime,K-27481IN-4ND-CP,K-5486T-2-0P,design_co_occurrence,53,"Both products appear in the same ""Sublime"" look on page 53.",high,false,
rel_1336,look_019,Sublime,K-27481IN-4ND-CP,K-10701D-CP,design_co_occurrence,53,"Both products appear in the same ""Sublime"" look on page 53.",high,false,
rel_1337,look_019,Sublime,K-27481IN-4ND-CP,K-5632IN-CP,design_co_occurrence,53,"Both products appear in the same ""Sublime"" look on page 53.",high,false,
rel_1338,look_019,Sublime,K-27481IN-4ND-CP,K-24199IN-C01-CP,design_co_occurrence,53,"Both products appear in the same ""Sublime"" look on page 53.",high,false,
rel_1339,look_019,Sublime,K-27481IN-4ND-CP,K-26475IN-ER-0,design_co_occurrence,53,"Both products appear in the same ""Sublime"" look on page 53.",high,false,
rel_1340,look_019,Sublime,K-27481IN-4ND-CP,K-31538IN-NA,design_co_occurrence,53,"Both products appear in the same ""Sublime"" look on page 53.",high,false,
rel_1341,look_019,Sublime,K-2215IN-2-0,K-75890IN-M-CP,design_co_occurrence,53,"Both products appear in the same ""Sublime"" look on page 53.",high,false,
rel_1342,look_019,Sublime,K-2215IN-2-0,K-22860IN-2-0,design_co_occurrence,53,"Both products appear in the same ""Sublime"" look on page 53.",high,false,
rel_1343,look_019,Sublime,K-2215IN-2-0,K-12927IN-CP,design_co_occurrence,53,"Both products appear in the same ""Sublime"" look on page 53.",high,false,
rel_1344,look_019,Sublime,K-2215IN-2-0,K-28922IN-S-0,design_co_occurrence,53,"Both products appear in the same ""Sublime"" look on page 53.",high,false,
rel_1345,look_019,Sublime,K-2215IN-2-0,K-10712D-CP,design_co_occurrence,53,"Both products appear in the same ""Sublime"" look on page 53.",high,false,
rel_1346,look_019,Sublime,K-2215IN-2-0,K-5486T-2-0P,design_co_occurrence,53,"Both products appear in the same ""Sublime"" look on page 53.",high,false,
rel_1347,look_019,Sublime,K-2215IN-2-0,K-10701D-CP,design_co_occurrence,53,"Both products appear in the same ""Sublime"" look on page 53.",high,false,
rel_1348,look_019,Sublime,K-2215IN-2-0,K-5632IN-CP,design_co_occurrence,53,"Both products appear in the same ""Sublime"" look on page 53.",high,false,
rel_1349,look_019,Sublime,K-2215IN-2-0,K-24199IN-C01-CP,design_co_occurrence,53,"Both products appear in the same ""Sublime"" look on page 53.",high,false,
rel_1350,look_019,Sublime,K-2215IN-2-0,K-26475IN-ER-0,design_co_occurrence,53,"Both products appear in the same ""Sublime"" look on page 53.",high,false,
rel_1351,look_019,Sublime,K-2215IN-2-0,K-31538IN-NA,design_co_occurrence,53,"Both products appear in the same ""Sublime"" look on page 53.",high,false,
rel_1352,look_019,Sublime,K-75890IN-M-CP,K-22860IN-2-0,design_co_occurrence,53,"Both products appear in the same ""Sublime"" look on page 53.",high,false,
rel_1353,look_019,Sublime,K-75890IN-M-CP,K-12927IN-CP,design_co_occurrence,53,"Both products appear in the same ""Sublime"" look on page 53.",high,false,
rel_1354,look_019,Sublime,K-75890IN-M-CP,K-28922IN-S-0,design_co_occurrence,53,"Both products appear in the same ""Sublime"" look on page 53.",high,false,
rel_1355,look_019,Sublime,K-75890IN-M-CP,K-10712D-CP,design_co_occurrence,53,"Both products appear in the same ""Sublime"" look on page 53.",high,false,
rel_1356,look_019,Sublime,K-75890IN-M-CP,K-5486T-2-0P,design_co_occurrence,53,"Both products appear in the same ""Sublime"" look on page 53.",high,false,
rel_1357,look_019,Sublime,K-75890IN-M-CP,K-10701D-CP,design_co_occurrence,53,"Both products appear in the same ""Sublime"" look on page 53.",high,false,
rel_1358,look_019,Sublime,K-75890IN-M-CP,K-5632IN-CP,design_co_occurrence,53,"Both products appear in the same ""Sublime"" look on page 53.",high,false,
rel_1359,look_019,Sublime,K-75890IN-M-CP,K-24199IN-C01-CP,design_co_occurrence,53,"Both products appear in the same ""Sublime"" look on page 53.",high,false,
rel_1360,look_019,Sublime,K-75890IN-M-CP,K-26475IN-ER-0,design_co_occurrence,53,"Both products appear in the same ""Sublime"" look on page 53.",high,false,
rel_1361,look_019,Sublime,K-75890IN-M-CP,K-31538IN-NA,design_co_occurrence,53,"Both products appear in the same ""Sublime"" look on page 53.",high,false,
rel_1362,look_019,Sublime,K-22860IN-2-0,K-12927IN-CP,design_co_occurrence,53,"Both products appear in the same ""Sublime"" look on page 53.",high,false,
rel_1363,look_019,Sublime,K-22860IN-2-0,K-28922IN-S-0,design_co_occurrence,53,"Both products appear in the same ""Sublime"" look on page 53.",high,false,
rel_1364,look_019,Sublime,K-22860IN-2-0,K-10712D-CP,design_co_occurrence,53,"Both products appear in the same ""Sublime"" look on page 53.",high,false,
rel_1365,look_019,Sublime,K-22860IN-2-0,K-5486T-2-0P,design_co_occurrence,53,"Both products appear in the same ""Sublime"" look on page 53.",high,false,
rel_1366,look_019,Sublime,K-22860IN-2-0,K-10701D-CP,design_co_occurrence,53,"Both products appear in the same ""Sublime"" look on page 53.",high,false,
rel_1367,look_019,Sublime,K-22860IN-2-0,K-5632IN-CP,design_co_occurrence,53,"Both products appear in the same ""Sublime"" look on page 53.",high,false,
rel_1368,look_019,Sublime,K-22860IN-2-0,K-24199IN-C01-CP,design_co_occurrence,53,"Both products appear in the same ""Sublime"" look on page 53.",high,false,
rel_1369,look_019,Sublime,K-22860IN-2-0,K-26475IN-ER-0,design_co_occurrence,53,"Both products appear in the same ""Sublime"" look on page 53.",high,false,
rel_1370,look_019,Sublime,K-22860IN-2-0,K-31538IN-NA,design_co_occurrence,53,"Both products appear in the same ""Sublime"" look on page 53.",high,false,
rel_1371,look_019,Sublime,K-12927IN-CP,K-28922IN-S-0,design_co_occurrence,53,"Both products appear in the same ""Sublime"" look on page 53.",high,false,
rel_1372,look_019,Sublime,K-12927IN-CP,K-10712D-CP,design_co_occurrence,53,"Both products appear in the same ""Sublime"" look on page 53.",high,false,
rel_1373,look_019,Sublime,K-12927IN-CP,K-5486T-2-0P,design_co_occurrence,53,"Both products appear in the same ""Sublime"" look on page 53.",high,false,
rel_1374,look_019,Sublime,K-12927IN-CP,K-10701D-CP,design_co_occurrence,53,"Both products appear in the same ""Sublime"" look on page 53.",high,false,
rel_1375,look_019,Sublime,K-12927IN-CP,K-5632IN-CP,design_co_occurrence,53,"Both products appear in the same ""Sublime"" look on page 53.",high,false,
rel_1376,look_019,Sublime,K-12927IN-CP,K-24199IN-C01-CP,design_co_occurrence,53,"Both products appear in the same ""Sublime"" look on page 53.",high,false,
rel_1377,look_019,Sublime,K-12927IN-CP,K-26475IN-ER-0,design_co_occurrence,53,"Both products appear in the same ""Sublime"" look on page 53.",high,false,
rel_1378,look_019,Sublime,K-12927IN-CP,K-31538IN-NA,design_co_occurrence,53,"Both products appear in the same ""Sublime"" look on page 53.",high,false,
rel_1379,look_019,Sublime,K-28922IN-S-0,K-10712D-CP,design_co_occurrence,53,"Both products appear in the same ""Sublime"" look on page 53.",high,false,
rel_1380,look_019,Sublime,K-28922IN-S-0,K-5486T-2-0P,design_co_occurrence,53,"Both products appear in the same ""Sublime"" look on page 53.",high,false,
rel_1381,look_019,Sublime,K-28922IN-S-0,K-10701D-CP,design_co_occurrence,53,"Both products appear in the same ""Sublime"" look on page 53.",high,false,
rel_1382,look_019,Sublime,K-28922IN-S-0,K-5632IN-CP,design_co_occurrence,53,"Both products appear in the same ""Sublime"" look on page 53.",high,false,
rel_1383,look_019,Sublime,K-28922IN-S-0,K-24199IN-C01-CP,design_co_occurrence,53,"Both products appear in the same ""Sublime"" look on page 53.",high,false,
rel_1384,look_019,Sublime,K-28922IN-S-0,K-26475IN-ER-0,design_co_occurrence,53,"Both products appear in the same ""Sublime"" look on page 53.",high,false,
rel_1385,look_019,Sublime,K-28922IN-S-0,K-31538IN-NA,design_co_occurrence,53,"Both products appear in the same ""Sublime"" look on page 53.",high,false,
rel_1386,look_019,Sublime,K-10712D-CP,K-5486T-2-0P,design_co_occurrence,53,"Both products appear in the same ""Sublime"" look on page 53.",high,false,
rel_1387,look_019,Sublime,K-10712D-CP,K-10701D-CP,design_co_occurrence,53,"Both products appear in the same ""Sublime"" look on page 53.",high,false,
rel_1388,look_019,Sublime,K-10712D-CP,K-5632IN-CP,design_co_occurrence,53,"Both products appear in the same ""Sublime"" look on page 53.",high,false,
rel_1389,look_019,Sublime,K-10712D-CP,K-24199IN-C01-CP,design_co_occurrence,53,"Both products appear in the same ""Sublime"" look on page 53.",high,false,
rel_1390,look_019,Sublime,K-10712D-CP,K-26475IN-ER-0,design_co_occurrence,53,"Both products appear in the same ""Sublime"" look on page 53.",high,false,
rel_1391,look_019,Sublime,K-10712D-CP,K-31538IN-NA,design_co_occurrence,53,"Both products appear in the same ""Sublime"" look on page 53.",high,false,
rel_1392,look_019,Sublime,K-5486T-2-0P,K-10701D-CP,design_co_occurrence,53,"Both products appear in the same ""Sublime"" look on page 53.",high,false,
rel_1393,look_019,Sublime,K-5486T-2-0P,K-5632IN-CP,design_co_occurrence,53,"Both products appear in the same ""Sublime"" look on page 53.",high,false,
rel_1394,look_019,Sublime,K-5486T-2-0P,K-24199IN-C01-CP,design_co_occurrence,53,"Both products appear in the same ""Sublime"" look on page 53.",high,false,
rel_1395,look_019,Sublime,K-5486T-2-0P,K-26475IN-ER-0,design_co_occurrence,53,"Both products appear in the same ""Sublime"" look on page 53.",high,false,
rel_1396,look_019,Sublime,K-5486T-2-0P,K-31538IN-NA,design_co_occurrence,53,"Both products appear in the same ""Sublime"" look on page 53.",high,false,
rel_1397,look_019,Sublime,K-10701D-CP,K-5632IN-CP,design_co_occurrence,53,"Both products appear in the same ""Sublime"" look on page 53.",high,false,
rel_1398,look_019,Sublime,K-10701D-CP,K-24199IN-C01-CP,design_co_occurrence,53,"Both products appear in the same ""Sublime"" look on page 53.",high,false,
rel_1399,look_019,Sublime,K-10701D-CP,K-26475IN-ER-0,design_co_occurrence,53,"Both products appear in the same ""Sublime"" look on page 53.",high,false,
rel_1400,look_019,Sublime,K-10701D-CP,K-31538IN-NA,design_co_occurrence,53,"Both products appear in the same ""Sublime"" look on page 53.",high,false,
rel_1401,look_019,Sublime,K-5632IN-CP,K-24199IN-C01-CP,design_co_occurrence,53,"Both products appear in the same ""Sublime"" look on page 53.",high,false,
rel_1402,look_019,Sublime,K-5632IN-CP,K-26475IN-ER-0,design_co_occurrence,53,"Both products appear in the same ""Sublime"" look on page 53.",high,false,
rel_1403,look_019,Sublime,K-5632IN-CP,K-31538IN-NA,design_co_occurrence,53,"Both products appear in the same ""Sublime"" look on page 53.",high,false,
rel_1404,look_019,Sublime,K-24199IN-C01-CP,K-26475IN-ER-0,design_co_occurrence,53,"Both products appear in the same ""Sublime"" look on page 53.",high,false,
rel_1405,look_019,Sublime,K-24199IN-C01-CP,K-31538IN-NA,design_co_occurrence,53,"Both products appear in the same ""Sublime"" look on page 53.",high,false,
rel_1406,look_019,Sublime,K-26475IN-ER-0,K-31538IN-NA,design_co_occurrence,53,"Both products appear in the same ""Sublime"" look on page 53.",high,false,
rel_1407,look_020,Imperial,K-72866IN-ND-CP,K-23966IN-4ND-CP,design_co_occurrence,55,"Both products appear in the same ""Imperial"" look on page 55.",high,false,
rel_1408,look_020,Imperial,K-72866IN-ND-CP,K-2215IN-2-0,design_co_occurrence,55,"Both products appear in the same ""Imperial"" look on page 55.",high,false,
rel_1409,look_020,Imperial,K-72866IN-ND-CP,K-5413IN-P-CP,design_co_occurrence,55,"Both products appear in the same ""Imperial"" look on page 55.",high,false,
rel_1410,look_020,Imperial,K-72866IN-ND-CP,K-22860IN-2-0,design_co_occurrence,55,"Both products appear in the same ""Imperial"" look on page 55.",high,false,
rel_1411,look_020,Imperial,K-72866IN-ND-CP,K-97258IN-CP,design_co_occurrence,55,"Both products appear in the same ""Imperial"" look on page 55.",high,false,
rel_1412,look_020,Imperial,K-72866IN-ND-CP,K-26994IN-0,design_co_occurrence,55,"Both products appear in the same ""Imperial"" look on page 55.",high,false,
rel_1413,look_020,Imperial,K-72866IN-ND-CP,K-5487T-B-CP,design_co_occurrence,55,"Both products appear in the same ""Imperial"" look on page 55.",high,false,
rel_1414,look_020,Imperial,K-72866IN-ND-CP,K-5486T-2-0P,design_co_occurrence,55,"Both products appear in the same ""Imperial"" look on page 55.",high,false,
rel_1415,look_020,Imperial,K-72866IN-ND-CP,K-10701D-CP,design_co_occurrence,55,"Both products appear in the same ""Imperial"" look on page 55.",high,false,
rel_1416,look_020,Imperial,K-72866IN-ND-CP,K-25070IN-CP,design_co_occurrence,55,"Both products appear in the same ""Imperial"" look on page 55.",high,false,
rel_1417,look_020,Imperial,K-72866IN-ND-CP,K-24199IN-C03-CP,design_co_occurrence,55,"Both products appear in the same ""Imperial"" look on page 55.",high,false,
rel_1418,look_020,Imperial,K-72866IN-ND-CP,K-20713IN-ER-0,design_co_occurrence,55,"Both products appear in the same ""Imperial"" look on page 55.",high,false,
rel_1419,look_020,Imperial,K-72866IN-ND-CP,K-20084IN-M-NP,design_co_occurrence,55,"Both products appear in the same ""Imperial"" look on page 55.",high,false,
rel_1420,look_020,Imperial,K-23966IN-4ND-CP,K-2215IN-2-0,design_co_occurrence,55,"Both products appear in the same ""Imperial"" look on page 55.",high,false,
rel_1421,look_020,Imperial,K-23966IN-4ND-CP,K-5413IN-P-CP,design_co_occurrence,55,"Both products appear in the same ""Imperial"" look on page 55.",high,false,
rel_1422,look_020,Imperial,K-23966IN-4ND-CP,K-22860IN-2-0,design_co_occurrence,55,"Both products appear in the same ""Imperial"" look on page 55.",high,false,
rel_1423,look_020,Imperial,K-23966IN-4ND-CP,K-97258IN-CP,design_co_occurrence,55,"Both products appear in the same ""Imperial"" look on page 55.",high,false,
rel_1424,look_020,Imperial,K-23966IN-4ND-CP,K-26994IN-0,design_co_occurrence,55,"Both products appear in the same ""Imperial"" look on page 55.",high,false,
rel_1425,look_020,Imperial,K-23966IN-4ND-CP,K-5487T-B-CP,design_co_occurrence,55,"Both products appear in the same ""Imperial"" look on page 55.",high,false,
rel_1426,look_020,Imperial,K-23966IN-4ND-CP,K-5486T-2-0P,design_co_occurrence,55,"Both products appear in the same ""Imperial"" look on page 55.",high,false,
rel_1427,look_020,Imperial,K-23966IN-4ND-CP,K-10701D-CP,design_co_occurrence,55,"Both products appear in the same ""Imperial"" look on page 55.",high,false,
rel_1428,look_020,Imperial,K-23966IN-4ND-CP,K-25070IN-CP,design_co_occurrence,55,"Both products appear in the same ""Imperial"" look on page 55.",high,false,
rel_1429,look_020,Imperial,K-23966IN-4ND-CP,K-24199IN-C03-CP,design_co_occurrence,55,"Both products appear in the same ""Imperial"" look on page 55.",high,false,
rel_1430,look_020,Imperial,K-23966IN-4ND-CP,K-20713IN-ER-0,design_co_occurrence,55,"Both products appear in the same ""Imperial"" look on page 55.",high,false,
rel_1431,look_020,Imperial,K-23966IN-4ND-CP,K-20084IN-M-NP,design_co_occurrence,55,"Both products appear in the same ""Imperial"" look on page 55.",high,false,
rel_1432,look_020,Imperial,K-2215IN-2-0,K-5413IN-P-CP,design_co_occurrence,55,"Both products appear in the same ""Imperial"" look on page 55.",high,false,
rel_1433,look_020,Imperial,K-2215IN-2-0,K-22860IN-2-0,design_co_occurrence,55,"Both products appear in the same ""Imperial"" look on page 55.",high,false,
rel_1434,look_020,Imperial,K-2215IN-2-0,K-97258IN-CP,design_co_occurrence,55,"Both products appear in the same ""Imperial"" look on page 55.",high,false,
rel_1435,look_020,Imperial,K-2215IN-2-0,K-26994IN-0,design_co_occurrence,55,"Both products appear in the same ""Imperial"" look on page 55.",high,false,
rel_1436,look_020,Imperial,K-2215IN-2-0,K-5487T-B-CP,design_co_occurrence,55,"Both products appear in the same ""Imperial"" look on page 55.",high,false,
rel_1437,look_020,Imperial,K-2215IN-2-0,K-5486T-2-0P,design_co_occurrence,55,"Both products appear in the same ""Imperial"" look on page 55.",high,false,
rel_1438,look_020,Imperial,K-2215IN-2-0,K-10701D-CP,design_co_occurrence,55,"Both products appear in the same ""Imperial"" look on page 55.",high,false,
rel_1439,look_020,Imperial,K-2215IN-2-0,K-25070IN-CP,design_co_occurrence,55,"Both products appear in the same ""Imperial"" look on page 55.",high,false,
rel_1440,look_020,Imperial,K-2215IN-2-0,K-24199IN-C03-CP,design_co_occurrence,55,"Both products appear in the same ""Imperial"" look on page 55.",high,false,
rel_1441,look_020,Imperial,K-2215IN-2-0,K-20713IN-ER-0,design_co_occurrence,55,"Both products appear in the same ""Imperial"" look on page 55.",high,false,
rel_1442,look_020,Imperial,K-2215IN-2-0,K-20084IN-M-NP,design_co_occurrence,55,"Both products appear in the same ""Imperial"" look on page 55.",high,false,
rel_1443,look_020,Imperial,K-5413IN-P-CP,K-22860IN-2-0,design_co_occurrence,55,"Both products appear in the same ""Imperial"" look on page 55.",high,false,
rel_1444,look_020,Imperial,K-5413IN-P-CP,K-97258IN-CP,design_co_occurrence,55,"Both products appear in the same ""Imperial"" look on page 55.",high,false,
rel_1445,look_020,Imperial,K-5413IN-P-CP,K-26994IN-0,design_co_occurrence,55,"Both products appear in the same ""Imperial"" look on page 55.",high,false,
rel_1446,look_020,Imperial,K-5413IN-P-CP,K-5487T-B-CP,design_co_occurrence,55,"Both products appear in the same ""Imperial"" look on page 55.",high,false,
rel_1447,look_020,Imperial,K-5413IN-P-CP,K-5486T-2-0P,design_co_occurrence,55,"Both products appear in the same ""Imperial"" look on page 55.",high,false,
rel_1448,look_020,Imperial,K-5413IN-P-CP,K-10701D-CP,design_co_occurrence,55,"Both products appear in the same ""Imperial"" look on page 55.",high,false,
rel_1449,look_020,Imperial,K-5413IN-P-CP,K-25070IN-CP,design_co_occurrence,55,"Both products appear in the same ""Imperial"" look on page 55.",high,false,
rel_1450,look_020,Imperial,K-5413IN-P-CP,K-24199IN-C03-CP,design_co_occurrence,55,"Both products appear in the same ""Imperial"" look on page 55.",high,false,
rel_1451,look_020,Imperial,K-5413IN-P-CP,K-20713IN-ER-0,design_co_occurrence,55,"Both products appear in the same ""Imperial"" look on page 55.",high,false,
rel_1452,look_020,Imperial,K-5413IN-P-CP,K-20084IN-M-NP,design_co_occurrence,55,"Both products appear in the same ""Imperial"" look on page 55.",high,false,
rel_1453,look_020,Imperial,K-22860IN-2-0,K-97258IN-CP,design_co_occurrence,55,"Both products appear in the same ""Imperial"" look on page 55.",high,false,
rel_1454,look_020,Imperial,K-22860IN-2-0,K-26994IN-0,design_co_occurrence,55,"Both products appear in the same ""Imperial"" look on page 55.",high,false,
rel_1455,look_020,Imperial,K-22860IN-2-0,K-5487T-B-CP,design_co_occurrence,55,"Both products appear in the same ""Imperial"" look on page 55.",high,false,
rel_1456,look_020,Imperial,K-22860IN-2-0,K-5486T-2-0P,design_co_occurrence,55,"Both products appear in the same ""Imperial"" look on page 55.",high,false,
rel_1457,look_020,Imperial,K-22860IN-2-0,K-10701D-CP,design_co_occurrence,55,"Both products appear in the same ""Imperial"" look on page 55.",high,false,
rel_1458,look_020,Imperial,K-22860IN-2-0,K-25070IN-CP,design_co_occurrence,55,"Both products appear in the same ""Imperial"" look on page 55.",high,false,
rel_1459,look_020,Imperial,K-22860IN-2-0,K-24199IN-C03-CP,design_co_occurrence,55,"Both products appear in the same ""Imperial"" look on page 55.",high,false,
rel_1460,look_020,Imperial,K-22860IN-2-0,K-20713IN-ER-0,design_co_occurrence,55,"Both products appear in the same ""Imperial"" look on page 55.",high,false,
rel_1461,look_020,Imperial,K-22860IN-2-0,K-20084IN-M-NP,design_co_occurrence,55,"Both products appear in the same ""Imperial"" look on page 55.",high,false,
rel_1462,look_020,Imperial,K-97258IN-CP,K-26994IN-0,design_co_occurrence,55,"Both products appear in the same ""Imperial"" look on page 55.",high,false,
rel_1463,look_020,Imperial,K-97258IN-CP,K-5487T-B-CP,design_co_occurrence,55,"Both products appear in the same ""Imperial"" look on page 55.",high,false,
rel_1464,look_020,Imperial,K-97258IN-CP,K-5486T-2-0P,design_co_occurrence,55,"Both products appear in the same ""Imperial"" look on page 55.",high,false,
rel_1465,look_020,Imperial,K-97258IN-CP,K-10701D-CP,design_co_occurrence,55,"Both products appear in the same ""Imperial"" look on page 55.",high,false,
rel_1466,look_020,Imperial,K-97258IN-CP,K-25070IN-CP,design_co_occurrence,55,"Both products appear in the same ""Imperial"" look on page 55.",high,false,
rel_1467,look_020,Imperial,K-97258IN-CP,K-24199IN-C03-CP,design_co_occurrence,55,"Both products appear in the same ""Imperial"" look on page 55.",high,false,
rel_1468,look_020,Imperial,K-97258IN-CP,K-20713IN-ER-0,design_co_occurrence,55,"Both products appear in the same ""Imperial"" look on page 55.",high,false,
rel_1469,look_020,Imperial,K-97258IN-CP,K-20084IN-M-NP,design_co_occurrence,55,"Both products appear in the same ""Imperial"" look on page 55.",high,false,
rel_1470,look_020,Imperial,K-26994IN-0,K-5487T-B-CP,design_co_occurrence,55,"Both products appear in the same ""Imperial"" look on page 55.",high,false,
rel_1471,look_020,Imperial,K-26994IN-0,K-5486T-2-0P,design_co_occurrence,55,"Both products appear in the same ""Imperial"" look on page 55.",high,false,
rel_1472,look_020,Imperial,K-26994IN-0,K-10701D-CP,design_co_occurrence,55,"Both products appear in the same ""Imperial"" look on page 55.",high,false,
rel_1473,look_020,Imperial,K-26994IN-0,K-25070IN-CP,design_co_occurrence,55,"Both products appear in the same ""Imperial"" look on page 55.",high,false,
rel_1474,look_020,Imperial,K-26994IN-0,K-24199IN-C03-CP,design_co_occurrence,55,"Both products appear in the same ""Imperial"" look on page 55.",high,false,
rel_1475,look_020,Imperial,K-26994IN-0,K-20713IN-ER-0,design_co_occurrence,55,"Both products appear in the same ""Imperial"" look on page 55.",high,false,
rel_1476,look_020,Imperial,K-26994IN-0,K-20084IN-M-NP,design_co_occurrence,55,"Both products appear in the same ""Imperial"" look on page 55.",high,false,
rel_1477,look_020,Imperial,K-5487T-B-CP,K-5486T-2-0P,design_co_occurrence,55,"Both products appear in the same ""Imperial"" look on page 55.",high,false,
rel_1478,look_020,Imperial,K-5487T-B-CP,K-10701D-CP,design_co_occurrence,55,"Both products appear in the same ""Imperial"" look on page 55.",high,false,
rel_1479,look_020,Imperial,K-5487T-B-CP,K-25070IN-CP,design_co_occurrence,55,"Both products appear in the same ""Imperial"" look on page 55.",high,false,
rel_1480,look_020,Imperial,K-5487T-B-CP,K-24199IN-C03-CP,design_co_occurrence,55,"Both products appear in the same ""Imperial"" look on page 55.",high,false,
rel_1481,look_020,Imperial,K-5487T-B-CP,K-20713IN-ER-0,design_co_occurrence,55,"Both products appear in the same ""Imperial"" look on page 55.",high,false,
rel_1482,look_020,Imperial,K-5487T-B-CP,K-20084IN-M-NP,design_co_occurrence,55,"Both products appear in the same ""Imperial"" look on page 55.",high,false,
rel_1483,look_020,Imperial,K-5486T-2-0P,K-10701D-CP,design_co_occurrence,55,"Both products appear in the same ""Imperial"" look on page 55.",high,false,
rel_1484,look_020,Imperial,K-5486T-2-0P,K-25070IN-CP,design_co_occurrence,55,"Both products appear in the same ""Imperial"" look on page 55.",high,false,
rel_1485,look_020,Imperial,K-5486T-2-0P,K-24199IN-C03-CP,design_co_occurrence,55,"Both products appear in the same ""Imperial"" look on page 55.",high,false,
rel_1486,look_020,Imperial,K-5486T-2-0P,K-20713IN-ER-0,design_co_occurrence,55,"Both products appear in the same ""Imperial"" look on page 55.",high,false,
rel_1487,look_020,Imperial,K-5486T-2-0P,K-20084IN-M-NP,design_co_occurrence,55,"Both products appear in the same ""Imperial"" look on page 55.",high,false,
rel_1488,look_020,Imperial,K-10701D-CP,K-25070IN-CP,design_co_occurrence,55,"Both products appear in the same ""Imperial"" look on page 55.",high,false,
rel_1489,look_020,Imperial,K-10701D-CP,K-24199IN-C03-CP,design_co_occurrence,55,"Both products appear in the same ""Imperial"" look on page 55.",high,false,
rel_1490,look_020,Imperial,K-10701D-CP,K-20713IN-ER-0,design_co_occurrence,55,"Both products appear in the same ""Imperial"" look on page 55.",high,false,
rel_1491,look_020,Imperial,K-10701D-CP,K-20084IN-M-NP,design_co_occurrence,55,"Both products appear in the same ""Imperial"" look on page 55.",high,false,
rel_1492,look_020,Imperial,K-25070IN-CP,K-24199IN-C03-CP,design_co_occurrence,55,"Both products appear in the same ""Imperial"" look on page 55.",high,false,
rel_1493,look_020,Imperial,K-25070IN-CP,K-20713IN-ER-0,design_co_occurrence,55,"Both products appear in the same ""Imperial"" look on page 55.",high,false,
rel_1494,look_020,Imperial,K-25070IN-CP,K-20084IN-M-NP,design_co_occurrence,55,"Both products appear in the same ""Imperial"" look on page 55.",high,false,
rel_1495,look_020,Imperial,K-24199IN-C03-CP,K-20713IN-ER-0,design_co_occurrence,55,"Both products appear in the same ""Imperial"" look on page 55.",high,false,
rel_1496,look_020,Imperial,K-24199IN-C03-CP,K-20084IN-M-NP,design_co_occurrence,55,"Both products appear in the same ""Imperial"" look on page 55.",high,false,
rel_1497,look_020,Imperial,K-20713IN-ER-0,K-20084IN-M-NP,design_co_occurrence,55,"Both products appear in the same ""Imperial"" look on page 55.",high,false,
rel_1498,look_021,Imperial,K-18655IN-ND-CP,K-22534IN-4ND-CP,design_co_occurrence,57,"Both products appear in the same ""Imperial"" look on page 57.",high,false,
rel_1499,look_021,Imperial,K-18655IN-ND-CP,K-2660IN-1-0,design_co_occurrence,57,"Both products appear in the same ""Imperial"" look on page 57.",high,false,
rel_1500,look_021,Imperial,K-18655IN-ND-CP,K-5413IN-P-CP,design_co_occurrence,57,"Both products appear in the same ""Imperial"" look on page 57.",high,false,
rel_1501,look_021,Imperial,K-18655IN-ND-CP,K-22860IN-2-0,design_co_occurrence,57,"Both products appear in the same ""Imperial"" look on page 57.",high,false,
rel_1502,look_021,Imperial,K-18655IN-ND-CP,K-97258IN-CP,design_co_occurrence,57,"Both products appear in the same ""Imperial"" look on page 57.",high,false,
rel_1503,look_021,Imperial,K-18655IN-ND-CP,K-26994IN-0,design_co_occurrence,57,"Both products appear in the same ""Imperial"" look on page 57.",high,false,
rel_1504,look_021,Imperial,K-18655IN-ND-CP,K-5487T-B-CP,design_co_occurrence,57,"Both products appear in the same ""Imperial"" look on page 57.",high,false,
rel_1505,look_021,Imperial,K-18655IN-ND-CP,K-5486T-2-0P,design_co_occurrence,57,"Both products appear in the same ""Imperial"" look on page 57.",high,false,
rel_1506,look_021,Imperial,K-18655IN-ND-CP,K-10701D-CP,design_co_occurrence,57,"Both products appear in the same ""Imperial"" look on page 57.",high,false,
rel_1507,look_021,Imperial,K-18655IN-ND-CP,K-25070IN-CP,design_co_occurrence,57,"Both products appear in the same ""Imperial"" look on page 57.",high,false,
rel_1508,look_021,Imperial,K-18655IN-ND-CP,K-24199IN-C03-CP,design_co_occurrence,57,"Both products appear in the same ""Imperial"" look on page 57.",high,false,
rel_1509,look_021,Imperial,K-18655IN-ND-CP,K-18645IN-SS-0,design_co_occurrence,57,"Both products appear in the same ""Imperial"" look on page 57.",high,false,
rel_1510,look_021,Imperial,K-18655IN-ND-CP,K-20084IN-M-NP,design_co_occurrence,57,"Both products appear in the same ""Imperial"" look on page 57.",high,false,
rel_1511,look_021,Imperial,K-22534IN-4ND-CP,K-2660IN-1-0,design_co_occurrence,57,"Both products appear in the same ""Imperial"" look on page 57.",high,false,
rel_1512,look_021,Imperial,K-22534IN-4ND-CP,K-5413IN-P-CP,design_co_occurrence,57,"Both products appear in the same ""Imperial"" look on page 57.",high,false,
rel_1513,look_021,Imperial,K-22534IN-4ND-CP,K-22860IN-2-0,design_co_occurrence,57,"Both products appear in the same ""Imperial"" look on page 57.",high,false,
rel_1514,look_021,Imperial,K-22534IN-4ND-CP,K-97258IN-CP,design_co_occurrence,57,"Both products appear in the same ""Imperial"" look on page 57.",high,false,
rel_1515,look_021,Imperial,K-22534IN-4ND-CP,K-26994IN-0,design_co_occurrence,57,"Both products appear in the same ""Imperial"" look on page 57.",high,false,
rel_1516,look_021,Imperial,K-22534IN-4ND-CP,K-5487T-B-CP,design_co_occurrence,57,"Both products appear in the same ""Imperial"" look on page 57.",high,false,
rel_1517,look_021,Imperial,K-22534IN-4ND-CP,K-5486T-2-0P,design_co_occurrence,57,"Both products appear in the same ""Imperial"" look on page 57.",high,false,
rel_1518,look_021,Imperial,K-22534IN-4ND-CP,K-10701D-CP,design_co_occurrence,57,"Both products appear in the same ""Imperial"" look on page 57.",high,false,
rel_1519,look_021,Imperial,K-22534IN-4ND-CP,K-25070IN-CP,design_co_occurrence,57,"Both products appear in the same ""Imperial"" look on page 57.",high,false,
rel_1520,look_021,Imperial,K-22534IN-4ND-CP,K-24199IN-C03-CP,design_co_occurrence,57,"Both products appear in the same ""Imperial"" look on page 57.",high,false,
rel_1521,look_021,Imperial,K-22534IN-4ND-CP,K-18645IN-SS-0,design_co_occurrence,57,"Both products appear in the same ""Imperial"" look on page 57.",high,false,
rel_1522,look_021,Imperial,K-22534IN-4ND-CP,K-20084IN-M-NP,design_co_occurrence,57,"Both products appear in the same ""Imperial"" look on page 57.",high,false,
rel_1523,look_021,Imperial,K-2660IN-1-0,K-5413IN-P-CP,design_co_occurrence,57,"Both products appear in the same ""Imperial"" look on page 57.",high,false,
rel_1524,look_021,Imperial,K-2660IN-1-0,K-22860IN-2-0,design_co_occurrence,57,"Both products appear in the same ""Imperial"" look on page 57.",high,false,
rel_1525,look_021,Imperial,K-2660IN-1-0,K-97258IN-CP,design_co_occurrence,57,"Both products appear in the same ""Imperial"" look on page 57.",high,false,
rel_1526,look_021,Imperial,K-2660IN-1-0,K-26994IN-0,design_co_occurrence,57,"Both products appear in the same ""Imperial"" look on page 57.",high,false,
rel_1527,look_021,Imperial,K-2660IN-1-0,K-5487T-B-CP,design_co_occurrence,57,"Both products appear in the same ""Imperial"" look on page 57.",high,false,
rel_1528,look_021,Imperial,K-2660IN-1-0,K-5486T-2-0P,design_co_occurrence,57,"Both products appear in the same ""Imperial"" look on page 57.",high,false,
rel_1529,look_021,Imperial,K-2660IN-1-0,K-10701D-CP,design_co_occurrence,57,"Both products appear in the same ""Imperial"" look on page 57.",high,false,
rel_1530,look_021,Imperial,K-2660IN-1-0,K-25070IN-CP,design_co_occurrence,57,"Both products appear in the same ""Imperial"" look on page 57.",high,false,
rel_1531,look_021,Imperial,K-2660IN-1-0,K-24199IN-C03-CP,design_co_occurrence,57,"Both products appear in the same ""Imperial"" look on page 57.",high,false,
rel_1532,look_021,Imperial,K-2660IN-1-0,K-18645IN-SS-0,design_co_occurrence,57,"Both products appear in the same ""Imperial"" look on page 57.",high,false,
rel_1533,look_021,Imperial,K-2660IN-1-0,K-20084IN-M-NP,design_co_occurrence,57,"Both products appear in the same ""Imperial"" look on page 57.",high,false,
rel_1534,look_021,Imperial,K-5413IN-P-CP,K-22860IN-2-0,design_co_occurrence,57,"Both products appear in the same ""Imperial"" look on page 57.",high,false,
rel_1535,look_021,Imperial,K-5413IN-P-CP,K-97258IN-CP,design_co_occurrence,57,"Both products appear in the same ""Imperial"" look on page 57.",high,false,
rel_1536,look_021,Imperial,K-5413IN-P-CP,K-26994IN-0,design_co_occurrence,57,"Both products appear in the same ""Imperial"" look on page 57.",high,false,
rel_1537,look_021,Imperial,K-5413IN-P-CP,K-5487T-B-CP,design_co_occurrence,57,"Both products appear in the same ""Imperial"" look on page 57.",high,false,
rel_1538,look_021,Imperial,K-5413IN-P-CP,K-5486T-2-0P,design_co_occurrence,57,"Both products appear in the same ""Imperial"" look on page 57.",high,false,
rel_1539,look_021,Imperial,K-5413IN-P-CP,K-10701D-CP,design_co_occurrence,57,"Both products appear in the same ""Imperial"" look on page 57.",high,false,
rel_1540,look_021,Imperial,K-5413IN-P-CP,K-25070IN-CP,design_co_occurrence,57,"Both products appear in the same ""Imperial"" look on page 57.",high,false,
rel_1541,look_021,Imperial,K-5413IN-P-CP,K-24199IN-C03-CP,design_co_occurrence,57,"Both products appear in the same ""Imperial"" look on page 57.",high,false,
rel_1542,look_021,Imperial,K-5413IN-P-CP,K-18645IN-SS-0,design_co_occurrence,57,"Both products appear in the same ""Imperial"" look on page 57.",high,false,
rel_1543,look_021,Imperial,K-5413IN-P-CP,K-20084IN-M-NP,design_co_occurrence,57,"Both products appear in the same ""Imperial"" look on page 57.",high,false,
rel_1544,look_021,Imperial,K-22860IN-2-0,K-97258IN-CP,design_co_occurrence,57,"Both products appear in the same ""Imperial"" look on page 57.",high,false,
rel_1545,look_021,Imperial,K-22860IN-2-0,K-26994IN-0,design_co_occurrence,57,"Both products appear in the same ""Imperial"" look on page 57.",high,false,
rel_1546,look_021,Imperial,K-22860IN-2-0,K-5487T-B-CP,design_co_occurrence,57,"Both products appear in the same ""Imperial"" look on page 57.",high,false,
rel_1547,look_021,Imperial,K-22860IN-2-0,K-5486T-2-0P,design_co_occurrence,57,"Both products appear in the same ""Imperial"" look on page 57.",high,false,
rel_1548,look_021,Imperial,K-22860IN-2-0,K-10701D-CP,design_co_occurrence,57,"Both products appear in the same ""Imperial"" look on page 57.",high,false,
rel_1549,look_021,Imperial,K-22860IN-2-0,K-25070IN-CP,design_co_occurrence,57,"Both products appear in the same ""Imperial"" look on page 57.",high,false,
rel_1550,look_021,Imperial,K-22860IN-2-0,K-24199IN-C03-CP,design_co_occurrence,57,"Both products appear in the same ""Imperial"" look on page 57.",high,false,
rel_1551,look_021,Imperial,K-22860IN-2-0,K-18645IN-SS-0,design_co_occurrence,57,"Both products appear in the same ""Imperial"" look on page 57.",high,false,
rel_1552,look_021,Imperial,K-22860IN-2-0,K-20084IN-M-NP,design_co_occurrence,57,"Both products appear in the same ""Imperial"" look on page 57.",high,false,
rel_1553,look_021,Imperial,K-97258IN-CP,K-26994IN-0,design_co_occurrence,57,"Both products appear in the same ""Imperial"" look on page 57.",high,false,
rel_1554,look_021,Imperial,K-97258IN-CP,K-5487T-B-CP,design_co_occurrence,57,"Both products appear in the same ""Imperial"" look on page 57.",high,false,
rel_1555,look_021,Imperial,K-97258IN-CP,K-5486T-2-0P,design_co_occurrence,57,"Both products appear in the same ""Imperial"" look on page 57.",high,false,
rel_1556,look_021,Imperial,K-97258IN-CP,K-10701D-CP,design_co_occurrence,57,"Both products appear in the same ""Imperial"" look on page 57.",high,false,
rel_1557,look_021,Imperial,K-97258IN-CP,K-25070IN-CP,design_co_occurrence,57,"Both products appear in the same ""Imperial"" look on page 57.",high,false,
rel_1558,look_021,Imperial,K-97258IN-CP,K-24199IN-C03-CP,design_co_occurrence,57,"Both products appear in the same ""Imperial"" look on page 57.",high,false,
rel_1559,look_021,Imperial,K-97258IN-CP,K-18645IN-SS-0,design_co_occurrence,57,"Both products appear in the same ""Imperial"" look on page 57.",high,false,
rel_1560,look_021,Imperial,K-97258IN-CP,K-20084IN-M-NP,design_co_occurrence,57,"Both products appear in the same ""Imperial"" look on page 57.",high,false,
rel_1561,look_021,Imperial,K-26994IN-0,K-5487T-B-CP,design_co_occurrence,57,"Both products appear in the same ""Imperial"" look on page 57.",high,false,
rel_1562,look_021,Imperial,K-26994IN-0,K-5486T-2-0P,design_co_occurrence,57,"Both products appear in the same ""Imperial"" look on page 57.",high,false,
rel_1563,look_021,Imperial,K-26994IN-0,K-10701D-CP,design_co_occurrence,57,"Both products appear in the same ""Imperial"" look on page 57.",high,false,
rel_1564,look_021,Imperial,K-26994IN-0,K-25070IN-CP,design_co_occurrence,57,"Both products appear in the same ""Imperial"" look on page 57.",high,false,
rel_1565,look_021,Imperial,K-26994IN-0,K-24199IN-C03-CP,design_co_occurrence,57,"Both products appear in the same ""Imperial"" look on page 57.",high,false,
rel_1566,look_021,Imperial,K-26994IN-0,K-18645IN-SS-0,design_co_occurrence,57,"Both products appear in the same ""Imperial"" look on page 57.",high,false,
rel_1567,look_021,Imperial,K-26994IN-0,K-20084IN-M-NP,design_co_occurrence,57,"Both products appear in the same ""Imperial"" look on page 57.",high,false,
rel_1568,look_021,Imperial,K-5487T-B-CP,K-5486T-2-0P,design_co_occurrence,57,"Both products appear in the same ""Imperial"" look on page 57.",high,false,
rel_1569,look_021,Imperial,K-5487T-B-CP,K-10701D-CP,design_co_occurrence,57,"Both products appear in the same ""Imperial"" look on page 57.",high,false,
rel_1570,look_021,Imperial,K-5487T-B-CP,K-25070IN-CP,design_co_occurrence,57,"Both products appear in the same ""Imperial"" look on page 57.",high,false,
rel_1571,look_021,Imperial,K-5487T-B-CP,K-24199IN-C03-CP,design_co_occurrence,57,"Both products appear in the same ""Imperial"" look on page 57.",high,false,
rel_1572,look_021,Imperial,K-5487T-B-CP,K-18645IN-SS-0,design_co_occurrence,57,"Both products appear in the same ""Imperial"" look on page 57.",high,false,
rel_1573,look_021,Imperial,K-5487T-B-CP,K-20084IN-M-NP,design_co_occurrence,57,"Both products appear in the same ""Imperial"" look on page 57.",high,false,
rel_1574,look_021,Imperial,K-5486T-2-0P,K-10701D-CP,design_co_occurrence,57,"Both products appear in the same ""Imperial"" look on page 57.",high,false,
rel_1575,look_021,Imperial,K-5486T-2-0P,K-25070IN-CP,design_co_occurrence,57,"Both products appear in the same ""Imperial"" look on page 57.",high,false,
rel_1576,look_021,Imperial,K-5486T-2-0P,K-24199IN-C03-CP,design_co_occurrence,57,"Both products appear in the same ""Imperial"" look on page 57.",high,false,
rel_1577,look_021,Imperial,K-5486T-2-0P,K-18645IN-SS-0,design_co_occurrence,57,"Both products appear in the same ""Imperial"" look on page 57.",high,false,
rel_1578,look_021,Imperial,K-5486T-2-0P,K-20084IN-M-NP,design_co_occurrence,57,"Both products appear in the same ""Imperial"" look on page 57.",high,false,
rel_1579,look_021,Imperial,K-10701D-CP,K-25070IN-CP,design_co_occurrence,57,"Both products appear in the same ""Imperial"" look on page 57.",high,false,
rel_1580,look_021,Imperial,K-10701D-CP,K-24199IN-C03-CP,design_co_occurrence,57,"Both products appear in the same ""Imperial"" look on page 57.",high,false,
rel_1581,look_021,Imperial,K-10701D-CP,K-18645IN-SS-0,design_co_occurrence,57,"Both products appear in the same ""Imperial"" look on page 57.",high,false,
rel_1582,look_021,Imperial,K-10701D-CP,K-20084IN-M-NP,design_co_occurrence,57,"Both products appear in the same ""Imperial"" look on page 57.",high,false,
rel_1583,look_021,Imperial,K-25070IN-CP,K-24199IN-C03-CP,design_co_occurrence,57,"Both products appear in the same ""Imperial"" look on page 57.",high,false,
rel_1584,look_021,Imperial,K-25070IN-CP,K-18645IN-SS-0,design_co_occurrence,57,"Both products appear in the same ""Imperial"" look on page 57.",high,false,
rel_1585,look_021,Imperial,K-25070IN-CP,K-20084IN-M-NP,design_co_occurrence,57,"Both products appear in the same ""Imperial"" look on page 57.",high,false,
rel_1586,look_021,Imperial,K-24199IN-C03-CP,K-18645IN-SS-0,design_co_occurrence,57,"Both products appear in the same ""Imperial"" look on page 57.",high,false,
rel_1587,look_021,Imperial,K-24199IN-C03-CP,K-20084IN-M-NP,design_co_occurrence,57,"Both products appear in the same ""Imperial"" look on page 57.",high,false,
rel_1588,look_021,Imperial,K-18645IN-SS-0,K-20084IN-M-NP,design_co_occurrence,57,"Both products appear in the same ""Imperial"" look on page 57.",high,false,
rel_1589,look_022,Luxe,K-25998T-CP,K-72312IN-4ND-CP,design_co_occurrence,59,"Both products appear in the same ""Luxe"" look on page 59.",high,false,
rel_1590,look_022,Luxe,K-25998T-CP,K-2215IN-2-0,design_co_occurrence,59,"Both products appear in the same ""Luxe"" look on page 59.",high,false,
rel_1591,look_022,Luxe,K-25998T-CP,K-24149IN-F-BN,design_co_occurrence,59,"Both products appear in the same ""Luxe"" look on page 59.",high,false,
rel_1592,look_022,Luxe,K-25998T-CP,K-31014IN-0,design_co_occurrence,59,"Both products appear in the same ""Luxe"" look on page 59.",high,false,
rel_1593,look_022,Luxe,K-25998T-CP,K-97258IN-CP,design_co_occurrence,59,"Both products appear in the same ""Luxe"" look on page 59.",high,false,
rel_1594,look_022,Luxe,K-25998T-CP,K-5487T-B-CP,design_co_occurrence,59,"Both products appear in the same ""Luxe"" look on page 59.",high,false,
rel_1595,look_022,Luxe,K-25998T-CP,K-5486T-2-0P,design_co_occurrence,59,"Both products appear in the same ""Luxe"" look on page 59.",high,false,
rel_1596,look_022,Luxe,K-25998T-CP,K-10701D-CP,design_co_occurrence,59,"Both products appear in the same ""Luxe"" look on page 59.",high,false,
rel_1597,look_022,Luxe,K-25998T-CP,K-97502T-CP,design_co_occurrence,59,"Both products appear in the same ""Luxe"" look on page 59.",high,false,
rel_1598,look_022,Luxe,K-25998T-CP,K-16321IN-SS-0,design_co_occurrence,59,"Both products appear in the same ""Luxe"" look on page 59.",high,false,
rel_1599,look_022,Luxe,K-25998T-CP,K-20084IN-P-NA,design_co_occurrence,59,"Both products appear in the same ""Luxe"" look on page 59.",high,false,
rel_1600,look_022,Luxe,K-72312IN-4ND-CP,K-2215IN-2-0,design_co_occurrence,59,"Both products appear in the same ""Luxe"" look on page 59.",high,false,
rel_1601,look_022,Luxe,K-72312IN-4ND-CP,K-24149IN-F-BN,design_co_occurrence,59,"Both products appear in the same ""Luxe"" look on page 59.",high,false,
rel_1602,look_022,Luxe,K-72312IN-4ND-CP,K-31014IN-0,design_co_occurrence,59,"Both products appear in the same ""Luxe"" look on page 59.",high,false,
rel_1603,look_022,Luxe,K-72312IN-4ND-CP,K-97258IN-CP,design_co_occurrence,59,"Both products appear in the same ""Luxe"" look on page 59.",high,false,
rel_1604,look_022,Luxe,K-72312IN-4ND-CP,K-5487T-B-CP,design_co_occurrence,59,"Both products appear in the same ""Luxe"" look on page 59.",high,false,
rel_1605,look_022,Luxe,K-72312IN-4ND-CP,K-5486T-2-0P,design_co_occurrence,59,"Both products appear in the same ""Luxe"" look on page 59.",high,false,
rel_1606,look_022,Luxe,K-72312IN-4ND-CP,K-10701D-CP,design_co_occurrence,59,"Both products appear in the same ""Luxe"" look on page 59.",high,false,
rel_1607,look_022,Luxe,K-72312IN-4ND-CP,K-97502T-CP,design_co_occurrence,59,"Both products appear in the same ""Luxe"" look on page 59.",high,false,
rel_1608,look_022,Luxe,K-72312IN-4ND-CP,K-16321IN-SS-0,design_co_occurrence,59,"Both products appear in the same ""Luxe"" look on page 59.",high,false,
rel_1609,look_022,Luxe,K-72312IN-4ND-CP,K-20084IN-P-NA,design_co_occurrence,59,"Both products appear in the same ""Luxe"" look on page 59.",high,false,
rel_1610,look_022,Luxe,K-2215IN-2-0,K-24149IN-F-BN,design_co_occurrence,59,"Both products appear in the same ""Luxe"" look on page 59.",high,false,
rel_1611,look_022,Luxe,K-2215IN-2-0,K-31014IN-0,design_co_occurrence,59,"Both products appear in the same ""Luxe"" look on page 59.",high,false,
rel_1612,look_022,Luxe,K-2215IN-2-0,K-97258IN-CP,design_co_occurrence,59,"Both products appear in the same ""Luxe"" look on page 59.",high,false,
rel_1613,look_022,Luxe,K-2215IN-2-0,K-5487T-B-CP,design_co_occurrence,59,"Both products appear in the same ""Luxe"" look on page 59.",high,false,
rel_1614,look_022,Luxe,K-2215IN-2-0,K-5486T-2-0P,design_co_occurrence,59,"Both products appear in the same ""Luxe"" look on page 59.",high,false,
rel_1615,look_022,Luxe,K-2215IN-2-0,K-10701D-CP,design_co_occurrence,59,"Both products appear in the same ""Luxe"" look on page 59.",high,false,
rel_1616,look_022,Luxe,K-2215IN-2-0,K-97502T-CP,design_co_occurrence,59,"Both products appear in the same ""Luxe"" look on page 59.",high,false,
rel_1617,look_022,Luxe,K-2215IN-2-0,K-16321IN-SS-0,design_co_occurrence,59,"Both products appear in the same ""Luxe"" look on page 59.",high,false,
rel_1618,look_022,Luxe,K-2215IN-2-0,K-20084IN-P-NA,design_co_occurrence,59,"Both products appear in the same ""Luxe"" look on page 59.",high,false,
rel_1619,look_022,Luxe,K-24149IN-F-BN,K-31014IN-0,design_co_occurrence,59,"Both products appear in the same ""Luxe"" look on page 59.",high,false,
rel_1620,look_022,Luxe,K-24149IN-F-BN,K-97258IN-CP,design_co_occurrence,59,"Both products appear in the same ""Luxe"" look on page 59.",high,false,
rel_1621,look_022,Luxe,K-24149IN-F-BN,K-5487T-B-CP,design_co_occurrence,59,"Both products appear in the same ""Luxe"" look on page 59.",high,false,
rel_1622,look_022,Luxe,K-24149IN-F-BN,K-5486T-2-0P,design_co_occurrence,59,"Both products appear in the same ""Luxe"" look on page 59.",high,false,
rel_1623,look_022,Luxe,K-24149IN-F-BN,K-10701D-CP,design_co_occurrence,59,"Both products appear in the same ""Luxe"" look on page 59.",high,false,
rel_1624,look_022,Luxe,K-24149IN-F-BN,K-97502T-CP,design_co_occurrence,59,"Both products appear in the same ""Luxe"" look on page 59.",high,false,
rel_1625,look_022,Luxe,K-24149IN-F-BN,K-16321IN-SS-0,design_co_occurrence,59,"Both products appear in the same ""Luxe"" look on page 59.",high,false,
rel_1626,look_022,Luxe,K-24149IN-F-BN,K-20084IN-P-NA,design_co_occurrence,59,"Both products appear in the same ""Luxe"" look on page 59.",high,false,
rel_1627,look_022,Luxe,K-31014IN-0,K-97258IN-CP,design_co_occurrence,59,"Both products appear in the same ""Luxe"" look on page 59.",high,false,
rel_1628,look_022,Luxe,K-31014IN-0,K-5487T-B-CP,design_co_occurrence,59,"Both products appear in the same ""Luxe"" look on page 59.",high,false,
rel_1629,look_022,Luxe,K-31014IN-0,K-5486T-2-0P,design_co_occurrence,59,"Both products appear in the same ""Luxe"" look on page 59.",high,false,
rel_1630,look_022,Luxe,K-31014IN-0,K-10701D-CP,design_co_occurrence,59,"Both products appear in the same ""Luxe"" look on page 59.",high,false,
rel_1631,look_022,Luxe,K-31014IN-0,K-97502T-CP,design_co_occurrence,59,"Both products appear in the same ""Luxe"" look on page 59.",high,false,
rel_1632,look_022,Luxe,K-31014IN-0,K-16321IN-SS-0,design_co_occurrence,59,"Both products appear in the same ""Luxe"" look on page 59.",high,false,
rel_1633,look_022,Luxe,K-31014IN-0,K-20084IN-P-NA,design_co_occurrence,59,"Both products appear in the same ""Luxe"" look on page 59.",high,false,
rel_1634,look_022,Luxe,K-97258IN-CP,K-5487T-B-CP,design_co_occurrence,59,"Both products appear in the same ""Luxe"" look on page 59.",high,false,
rel_1635,look_022,Luxe,K-97258IN-CP,K-5486T-2-0P,design_co_occurrence,59,"Both products appear in the same ""Luxe"" look on page 59.",high,false,
rel_1636,look_022,Luxe,K-97258IN-CP,K-10701D-CP,design_co_occurrence,59,"Both products appear in the same ""Luxe"" look on page 59.",high,false,
rel_1637,look_022,Luxe,K-97258IN-CP,K-97502T-CP,design_co_occurrence,59,"Both products appear in the same ""Luxe"" look on page 59.",high,false,
rel_1638,look_022,Luxe,K-97258IN-CP,K-16321IN-SS-0,design_co_occurrence,59,"Both products appear in the same ""Luxe"" look on page 59.",high,false,
rel_1639,look_022,Luxe,K-97258IN-CP,K-20084IN-P-NA,design_co_occurrence,59,"Both products appear in the same ""Luxe"" look on page 59.",high,false,
rel_1640,look_022,Luxe,K-5487T-B-CP,K-5486T-2-0P,design_co_occurrence,59,"Both products appear in the same ""Luxe"" look on page 59.",high,false,
rel_1641,look_022,Luxe,K-5487T-B-CP,K-10701D-CP,design_co_occurrence,59,"Both products appear in the same ""Luxe"" look on page 59.",high,false,
rel_1642,look_022,Luxe,K-5487T-B-CP,K-97502T-CP,design_co_occurrence,59,"Both products appear in the same ""Luxe"" look on page 59.",high,false,
rel_1643,look_022,Luxe,K-5487T-B-CP,K-16321IN-SS-0,design_co_occurrence,59,"Both products appear in the same ""Luxe"" look on page 59.",high,false,
rel_1644,look_022,Luxe,K-5487T-B-CP,K-20084IN-P-NA,design_co_occurrence,59,"Both products appear in the same ""Luxe"" look on page 59.",high,false,
rel_1645,look_022,Luxe,K-5486T-2-0P,K-10701D-CP,design_co_occurrence,59,"Both products appear in the same ""Luxe"" look on page 59.",high,false,
rel_1646,look_022,Luxe,K-5486T-2-0P,K-97502T-CP,design_co_occurrence,59,"Both products appear in the same ""Luxe"" look on page 59.",high,false,
rel_1647,look_022,Luxe,K-5486T-2-0P,K-16321IN-SS-0,design_co_occurrence,59,"Both products appear in the same ""Luxe"" look on page 59.",high,false,
rel_1648,look_022,Luxe,K-5486T-2-0P,K-20084IN-P-NA,design_co_occurrence,59,"Both products appear in the same ""Luxe"" look on page 59.",high,false,
rel_1649,look_022,Luxe,K-10701D-CP,K-97502T-CP,design_co_occurrence,59,"Both products appear in the same ""Luxe"" look on page 59.",high,false,
rel_1650,look_022,Luxe,K-10701D-CP,K-16321IN-SS-0,design_co_occurrence,59,"Both products appear in the same ""Luxe"" look on page 59.",high,false,
rel_1651,look_022,Luxe,K-10701D-CP,K-20084IN-P-NA,design_co_occurrence,59,"Both products appear in the same ""Luxe"" look on page 59.",high,false,
rel_1652,look_022,Luxe,K-97502T-CP,K-16321IN-SS-0,design_co_occurrence,59,"Both products appear in the same ""Luxe"" look on page 59.",high,false,
rel_1653,look_022,Luxe,K-97502T-CP,K-20084IN-P-NA,design_co_occurrence,59,"Both products appear in the same ""Luxe"" look on page 59.",high,false,
rel_1654,look_022,Luxe,K-16321IN-SS-0,K-20084IN-P-NA,design_co_occurrence,59,"Both products appear in the same ""Luxe"" look on page 59.",high,false,
rel_1655,look_023,Luxe,K-8399IN-CP,K-25757IN-4ND-CP,design_co_occurrence,61,"Both products appear in the same ""Luxe"" look on page 61.",high,false,
rel_1656,look_023,Luxe,K-8399IN-CP,K-2660IN-1-0,design_co_occurrence,61,"Both products appear in the same ""Luxe"" look on page 61.",high,false,
rel_1657,look_023,Luxe,K-8399IN-CP,K-24146IN-7,design_co_occurrence,61,"Both products appear in the same ""Luxe"" look on page 61.",high,false,
rel_1658,look_023,Luxe,K-8399IN-CP,K-31014IN-0,design_co_occurrence,61,"Both products appear in the same ""Luxe"" look on page 61.",high,false,
rel_1659,look_023,Luxe,K-8399IN-CP,K-97258IN-CP,design_co_occurrence,61,"Both products appear in the same ""Luxe"" look on page 61.",high,false,
rel_1660,look_023,Luxe,K-8399IN-CP,K-5487T-B-CP,design_co_occurrence,61,"Both products appear in the same ""Luxe"" look on page 61.",high,false,
rel_1661,look_023,Luxe,K-8399IN-CP,K-5486T-2-0P,design_co_occurrence,61,"Both products appear in the same ""Luxe"" look on page 61.",high,false,
rel_1662,look_023,Luxe,K-8399IN-CP,K-10701D-CP,design_co_occurrence,61,"Both products appear in the same ""Luxe"" look on page 61.",high,false,
rel_1663,look_023,Luxe,K-8399IN-CP,K-97502T-CP,design_co_occurrence,61,"Both products appear in the same ""Luxe"" look on page 61.",high,false,
rel_1664,look_023,Luxe,K-8399IN-CP,K-16321IN-SS-0,design_co_occurrence,61,"Both products appear in the same ""Luxe"" look on page 61.",high,false,
rel_1665,look_023,Luxe,K-8399IN-CP,K-20084IN-P-NA,design_co_occurrence,61,"Both products appear in the same ""Luxe"" look on page 61.",high,false,
rel_1666,look_023,Luxe,K-25757IN-4ND-CP,K-2660IN-1-0,design_co_occurrence,61,"Both products appear in the same ""Luxe"" look on page 61.",high,false,
rel_1667,look_023,Luxe,K-25757IN-4ND-CP,K-24146IN-7,design_co_occurrence,61,"Both products appear in the same ""Luxe"" look on page 61.",high,false,
rel_1668,look_023,Luxe,K-25757IN-4ND-CP,K-31014IN-0,design_co_occurrence,61,"Both products appear in the same ""Luxe"" look on page 61.",high,false,
rel_1669,look_023,Luxe,K-25757IN-4ND-CP,K-97258IN-CP,design_co_occurrence,61,"Both products appear in the same ""Luxe"" look on page 61.",high,false,
rel_1670,look_023,Luxe,K-25757IN-4ND-CP,K-5487T-B-CP,design_co_occurrence,61,"Both products appear in the same ""Luxe"" look on page 61.",high,false,
rel_1671,look_023,Luxe,K-25757IN-4ND-CP,K-5486T-2-0P,design_co_occurrence,61,"Both products appear in the same ""Luxe"" look on page 61.",high,false,
rel_1672,look_023,Luxe,K-25757IN-4ND-CP,K-10701D-CP,design_co_occurrence,61,"Both products appear in the same ""Luxe"" look on page 61.",high,false,
rel_1673,look_023,Luxe,K-25757IN-4ND-CP,K-97502T-CP,design_co_occurrence,61,"Both products appear in the same ""Luxe"" look on page 61.",high,false,
rel_1674,look_023,Luxe,K-25757IN-4ND-CP,K-16321IN-SS-0,design_co_occurrence,61,"Both products appear in the same ""Luxe"" look on page 61.",high,false,
rel_1675,look_023,Luxe,K-25757IN-4ND-CP,K-20084IN-P-NA,design_co_occurrence,61,"Both products appear in the same ""Luxe"" look on page 61.",high,false,
rel_1676,look_023,Luxe,K-2660IN-1-0,K-24146IN-7,design_co_occurrence,61,"Both products appear in the same ""Luxe"" look on page 61.",high,false,
rel_1677,look_023,Luxe,K-2660IN-1-0,K-31014IN-0,design_co_occurrence,61,"Both products appear in the same ""Luxe"" look on page 61.",high,false,
rel_1678,look_023,Luxe,K-2660IN-1-0,K-97258IN-CP,design_co_occurrence,61,"Both products appear in the same ""Luxe"" look on page 61.",high,false,
rel_1679,look_023,Luxe,K-2660IN-1-0,K-5487T-B-CP,design_co_occurrence,61,"Both products appear in the same ""Luxe"" look on page 61.",high,false,
rel_1680,look_023,Luxe,K-2660IN-1-0,K-5486T-2-0P,design_co_occurrence,61,"Both products appear in the same ""Luxe"" look on page 61.",high,false,
rel_1681,look_023,Luxe,K-2660IN-1-0,K-10701D-CP,design_co_occurrence,61,"Both products appear in the same ""Luxe"" look on page 61.",high,false,
rel_1682,look_023,Luxe,K-2660IN-1-0,K-97502T-CP,design_co_occurrence,61,"Both products appear in the same ""Luxe"" look on page 61.",high,false,
rel_1683,look_023,Luxe,K-2660IN-1-0,K-16321IN-SS-0,design_co_occurrence,61,"Both products appear in the same ""Luxe"" look on page 61.",high,false,
rel_1684,look_023,Luxe,K-2660IN-1-0,K-20084IN-P-NA,design_co_occurrence,61,"Both products appear in the same ""Luxe"" look on page 61.",high,false,
rel_1685,look_023,Luxe,K-24146IN-7,K-31014IN-0,design_co_occurrence,61,"Both products appear in the same ""Luxe"" look on page 61.",high,false,
rel_1686,look_023,Luxe,K-24146IN-7,K-97258IN-CP,design_co_occurrence,61,"Both products appear in the same ""Luxe"" look on page 61.",high,false,
rel_1687,look_023,Luxe,K-24146IN-7,K-5487T-B-CP,design_co_occurrence,61,"Both products appear in the same ""Luxe"" look on page 61.",high,false,
rel_1688,look_023,Luxe,K-24146IN-7,K-5486T-2-0P,design_co_occurrence,61,"Both products appear in the same ""Luxe"" look on page 61.",high,false,
rel_1689,look_023,Luxe,K-24146IN-7,K-10701D-CP,design_co_occurrence,61,"Both products appear in the same ""Luxe"" look on page 61.",high,false,
rel_1690,look_023,Luxe,K-24146IN-7,K-97502T-CP,design_co_occurrence,61,"Both products appear in the same ""Luxe"" look on page 61.",high,false,
rel_1691,look_023,Luxe,K-24146IN-7,K-16321IN-SS-0,design_co_occurrence,61,"Both products appear in the same ""Luxe"" look on page 61.",high,false,
rel_1692,look_023,Luxe,K-24146IN-7,K-20084IN-P-NA,design_co_occurrence,61,"Both products appear in the same ""Luxe"" look on page 61.",high,false,
rel_1693,look_023,Luxe,K-31014IN-0,K-97258IN-CP,design_co_occurrence,61,"Both products appear in the same ""Luxe"" look on page 61.",high,false,
rel_1694,look_023,Luxe,K-31014IN-0,K-5487T-B-CP,design_co_occurrence,61,"Both products appear in the same ""Luxe"" look on page 61.",high,false,
rel_1695,look_023,Luxe,K-31014IN-0,K-5486T-2-0P,design_co_occurrence,61,"Both products appear in the same ""Luxe"" look on page 61.",high,false,
rel_1696,look_023,Luxe,K-31014IN-0,K-10701D-CP,design_co_occurrence,61,"Both products appear in the same ""Luxe"" look on page 61.",high,false,
rel_1697,look_023,Luxe,K-31014IN-0,K-97502T-CP,design_co_occurrence,61,"Both products appear in the same ""Luxe"" look on page 61.",high,false,
rel_1698,look_023,Luxe,K-31014IN-0,K-16321IN-SS-0,design_co_occurrence,61,"Both products appear in the same ""Luxe"" look on page 61.",high,false,
rel_1699,look_023,Luxe,K-31014IN-0,K-20084IN-P-NA,design_co_occurrence,61,"Both products appear in the same ""Luxe"" look on page 61.",high,false,
rel_1700,look_023,Luxe,K-97258IN-CP,K-5487T-B-CP,design_co_occurrence,61,"Both products appear in the same ""Luxe"" look on page 61.",high,false,
rel_1701,look_023,Luxe,K-97258IN-CP,K-5486T-2-0P,design_co_occurrence,61,"Both products appear in the same ""Luxe"" look on page 61.",high,false,
rel_1702,look_023,Luxe,K-97258IN-CP,K-10701D-CP,design_co_occurrence,61,"Both products appear in the same ""Luxe"" look on page 61.",high,false,
rel_1703,look_023,Luxe,K-97258IN-CP,K-97502T-CP,design_co_occurrence,61,"Both products appear in the same ""Luxe"" look on page 61.",high,false,
rel_1704,look_023,Luxe,K-97258IN-CP,K-16321IN-SS-0,design_co_occurrence,61,"Both products appear in the same ""Luxe"" look on page 61.",high,false,
rel_1705,look_023,Luxe,K-97258IN-CP,K-20084IN-P-NA,design_co_occurrence,61,"Both products appear in the same ""Luxe"" look on page 61.",high,false,
rel_1706,look_023,Luxe,K-5487T-B-CP,K-5486T-2-0P,design_co_occurrence,61,"Both products appear in the same ""Luxe"" look on page 61.",high,false,
rel_1707,look_023,Luxe,K-5487T-B-CP,K-10701D-CP,design_co_occurrence,61,"Both products appear in the same ""Luxe"" look on page 61.",high,false,
rel_1708,look_023,Luxe,K-5487T-B-CP,K-97502T-CP,design_co_occurrence,61,"Both products appear in the same ""Luxe"" look on page 61.",high,false,
rel_1709,look_023,Luxe,K-5487T-B-CP,K-16321IN-SS-0,design_co_occurrence,61,"Both products appear in the same ""Luxe"" look on page 61.",high,false,
rel_1710,look_023,Luxe,K-5487T-B-CP,K-20084IN-P-NA,design_co_occurrence,61,"Both products appear in the same ""Luxe"" look on page 61.",high,false,
rel_1711,look_023,Luxe,K-5486T-2-0P,K-10701D-CP,design_co_occurrence,61,"Both products appear in the same ""Luxe"" look on page 61.",high,false,
rel_1712,look_023,Luxe,K-5486T-2-0P,K-97502T-CP,design_co_occurrence,61,"Both products appear in the same ""Luxe"" look on page 61.",high,false,
rel_1713,look_023,Luxe,K-5486T-2-0P,K-16321IN-SS-0,design_co_occurrence,61,"Both products appear in the same ""Luxe"" look on page 61.",high,false,
rel_1714,look_023,Luxe,K-5486T-2-0P,K-20084IN-P-NA,design_co_occurrence,61,"Both products appear in the same ""Luxe"" look on page 61.",high,false,
rel_1715,look_023,Luxe,K-10701D-CP,K-97502T-CP,design_co_occurrence,61,"Both products appear in the same ""Luxe"" look on page 61.",high,false,
rel_1716,look_023,Luxe,K-10701D-CP,K-16321IN-SS-0,design_co_occurrence,61,"Both products appear in the same ""Luxe"" look on page 61.",high,false,
rel_1717,look_023,Luxe,K-10701D-CP,K-20084IN-P-NA,design_co_occurrence,61,"Both products appear in the same ""Luxe"" look on page 61.",high,false,
rel_1718,look_023,Luxe,K-97502T-CP,K-16321IN-SS-0,design_co_occurrence,61,"Both products appear in the same ""Luxe"" look on page 61.",high,false,
rel_1719,look_023,Luxe,K-97502T-CP,K-20084IN-P-NA,design_co_occurrence,61,"Both products appear in the same ""Luxe"" look on page 61.",high,false,
rel_1720,look_023,Luxe,K-16321IN-SS-0,K-20084IN-P-NA,design_co_occurrence,61,"Both products appear in the same ""Luxe"" look on page 61.",high,false,
rel_1721,look_024,Noir,K-23472IN-4ND-AF,K-2215IN-2-7,design_co_occurrence,63,"Both products appear in the same ""Noir"" look on page 63.",high,false,
rel_1722,look_024,Noir,K-23472IN-4ND-AF,K-24149IN-F-BN,design_co_occurrence,63,"Both products appear in the same ""Noir"" look on page 63.",high,false,
rel_1723,look_024,Noir,K-23472IN-4ND-AF,K-28922IN-S-7,design_co_occurrence,63,"Both products appear in the same ""Noir"" look on page 63.",high,false,
rel_1724,look_024,Noir,K-23472IN-4ND-AF,K-97258IN-ZZ-BL,design_co_occurrence,63,"Both products appear in the same ""Noir"" look on page 63.",high,false,
rel_1725,look_024,Noir,K-23472IN-4ND-AF,K-5487T-B-CP,design_co_occurrence,63,"Both products appear in the same ""Noir"" look on page 63.",high,false,
rel_1726,look_024,Noir,K-23472IN-4ND-AF,K-5486T-2-0P,design_co_occurrence,63,"Both products appear in the same ""Noir"" look on page 63.",high,false,
rel_1727,look_024,Noir,K-23472IN-4ND-AF,K-25346IN-AF,design_co_occurrence,63,"Both products appear in the same ""Noir"" look on page 63.",high,false,
rel_1728,look_024,Noir,K-23472IN-4ND-AF,K-24199IN-C03-CP,design_co_occurrence,63,"Both products appear in the same ""Noir"" look on page 63.",high,false,
rel_1729,look_024,Noir,K-23472IN-4ND-AF,K-20713IN-ER-7,design_co_occurrence,63,"Both products appear in the same ""Noir"" look on page 63.",high,false,
rel_1730,look_024,Noir,K-23472IN-4ND-AF,K-20084IN-P-NA,design_co_occurrence,63,"Both products appear in the same ""Noir"" look on page 63.",high,false,
rel_1731,look_024,Noir,K-2215IN-2-7,K-24149IN-F-BN,design_co_occurrence,63,"Both products appear in the same ""Noir"" look on page 63.",high,false,
rel_1732,look_024,Noir,K-2215IN-2-7,K-28922IN-S-7,design_co_occurrence,63,"Both products appear in the same ""Noir"" look on page 63.",high,false,
rel_1733,look_024,Noir,K-2215IN-2-7,K-97258IN-ZZ-BL,design_co_occurrence,63,"Both products appear in the same ""Noir"" look on page 63.",high,false,
rel_1734,look_024,Noir,K-2215IN-2-7,K-5487T-B-CP,design_co_occurrence,63,"Both products appear in the same ""Noir"" look on page 63.",high,false,
rel_1735,look_024,Noir,K-2215IN-2-7,K-5486T-2-0P,design_co_occurrence,63,"Both products appear in the same ""Noir"" look on page 63.",high,false,
rel_1736,look_024,Noir,K-2215IN-2-7,K-25346IN-AF,design_co_occurrence,63,"Both products appear in the same ""Noir"" look on page 63.",high,false,
rel_1737,look_024,Noir,K-2215IN-2-7,K-24199IN-C03-CP,design_co_occurrence,63,"Both products appear in the same ""Noir"" look on page 63.",high,false,
rel_1738,look_024,Noir,K-2215IN-2-7,K-20713IN-ER-7,design_co_occurrence,63,"Both products appear in the same ""Noir"" look on page 63.",high,false,
rel_1739,look_024,Noir,K-2215IN-2-7,K-20084IN-P-NA,design_co_occurrence,63,"Both products appear in the same ""Noir"" look on page 63.",high,false,
rel_1740,look_024,Noir,K-24149IN-F-BN,K-28922IN-S-7,design_co_occurrence,63,"Both products appear in the same ""Noir"" look on page 63.",high,false,
rel_1741,look_024,Noir,K-24149IN-F-BN,K-97258IN-ZZ-BL,design_co_occurrence,63,"Both products appear in the same ""Noir"" look on page 63.",high,false,
rel_1742,look_024,Noir,K-24149IN-F-BN,K-5487T-B-CP,design_co_occurrence,63,"Both products appear in the same ""Noir"" look on page 63.",high,false,
rel_1743,look_024,Noir,K-24149IN-F-BN,K-5486T-2-0P,design_co_occurrence,63,"Both products appear in the same ""Noir"" look on page 63.",high,false,
rel_1744,look_024,Noir,K-24149IN-F-BN,K-25346IN-AF,design_co_occurrence,63,"Both products appear in the same ""Noir"" look on page 63.",high,false,
rel_1745,look_024,Noir,K-24149IN-F-BN,K-24199IN-C03-CP,design_co_occurrence,63,"Both products appear in the same ""Noir"" look on page 63.",high,false,
rel_1746,look_024,Noir,K-24149IN-F-BN,K-20713IN-ER-7,design_co_occurrence,63,"Both products appear in the same ""Noir"" look on page 63.",high,false,
rel_1747,look_024,Noir,K-24149IN-F-BN,K-20084IN-P-NA,design_co_occurrence,63,"Both products appear in the same ""Noir"" look on page 63.",high,false,
rel_1748,look_024,Noir,K-28922IN-S-7,K-97258IN-ZZ-BL,design_co_occurrence,63,"Both products appear in the same ""Noir"" look on page 63.",high,false,
rel_1749,look_024,Noir,K-28922IN-S-7,K-5487T-B-CP,design_co_occurrence,63,"Both products appear in the same ""Noir"" look on page 63.",high,false,
rel_1750,look_024,Noir,K-28922IN-S-7,K-5486T-2-0P,design_co_occurrence,63,"Both products appear in the same ""Noir"" look on page 63.",high,false,
rel_1751,look_024,Noir,K-28922IN-S-7,K-25346IN-AF,design_co_occurrence,63,"Both products appear in the same ""Noir"" look on page 63.",high,false,
rel_1752,look_024,Noir,K-28922IN-S-7,K-24199IN-C03-CP,design_co_occurrence,63,"Both products appear in the same ""Noir"" look on page 63.",high,false,
rel_1753,look_024,Noir,K-28922IN-S-7,K-20713IN-ER-7,design_co_occurrence,63,"Both products appear in the same ""Noir"" look on page 63.",high,false,
rel_1754,look_024,Noir,K-28922IN-S-7,K-20084IN-P-NA,design_co_occurrence,63,"Both products appear in the same ""Noir"" look on page 63.",high,false,
rel_1755,look_024,Noir,K-97258IN-ZZ-BL,K-5487T-B-CP,design_co_occurrence,63,"Both products appear in the same ""Noir"" look on page 63.",high,false,
rel_1756,look_024,Noir,K-97258IN-ZZ-BL,K-5486T-2-0P,design_co_occurrence,63,"Both products appear in the same ""Noir"" look on page 63.",high,false,
rel_1757,look_024,Noir,K-97258IN-ZZ-BL,K-25346IN-AF,design_co_occurrence,63,"Both products appear in the same ""Noir"" look on page 63.",high,false,
rel_1758,look_024,Noir,K-97258IN-ZZ-BL,K-24199IN-C03-CP,design_co_occurrence,63,"Both products appear in the same ""Noir"" look on page 63.",high,false,
rel_1759,look_024,Noir,K-97258IN-ZZ-BL,K-20713IN-ER-7,design_co_occurrence,63,"Both products appear in the same ""Noir"" look on page 63.",high,false,
rel_1760,look_024,Noir,K-97258IN-ZZ-BL,K-20084IN-P-NA,design_co_occurrence,63,"Both products appear in the same ""Noir"" look on page 63.",high,false,
rel_1761,look_024,Noir,K-5487T-B-CP,K-5486T-2-0P,design_co_occurrence,63,"Both products appear in the same ""Noir"" look on page 63.",high,false,
rel_1762,look_024,Noir,K-5487T-B-CP,K-25346IN-AF,design_co_occurrence,63,"Both products appear in the same ""Noir"" look on page 63.",high,false,
rel_1763,look_024,Noir,K-5487T-B-CP,K-24199IN-C03-CP,design_co_occurrence,63,"Both products appear in the same ""Noir"" look on page 63.",high,false,
rel_1764,look_024,Noir,K-5487T-B-CP,K-20713IN-ER-7,design_co_occurrence,63,"Both products appear in the same ""Noir"" look on page 63.",high,false,
rel_1765,look_024,Noir,K-5487T-B-CP,K-20084IN-P-NA,design_co_occurrence,63,"Both products appear in the same ""Noir"" look on page 63.",high,false,
rel_1766,look_024,Noir,K-5486T-2-0P,K-25346IN-AF,design_co_occurrence,63,"Both products appear in the same ""Noir"" look on page 63.",high,false,
rel_1767,look_024,Noir,K-5486T-2-0P,K-24199IN-C03-CP,design_co_occurrence,63,"Both products appear in the same ""Noir"" look on page 63.",high,false,
rel_1768,look_024,Noir,K-5486T-2-0P,K-20713IN-ER-7,design_co_occurrence,63,"Both products appear in the same ""Noir"" look on page 63.",high,false,
rel_1769,look_024,Noir,K-5486T-2-0P,K-20084IN-P-NA,design_co_occurrence,63,"Both products appear in the same ""Noir"" look on page 63.",high,false,
rel_1770,look_024,Noir,K-25346IN-AF,K-24199IN-C03-CP,design_co_occurrence,63,"Both products appear in the same ""Noir"" look on page 63.",high,false,
rel_1771,look_024,Noir,K-25346IN-AF,K-20713IN-ER-7,design_co_occurrence,63,"Both products appear in the same ""Noir"" look on page 63.",high,false,
rel_1772,look_024,Noir,K-25346IN-AF,K-20084IN-P-NA,design_co_occurrence,63,"Both products appear in the same ""Noir"" look on page 63.",high,false,
rel_1773,look_024,Noir,K-24199IN-C03-CP,K-20713IN-ER-7,design_co_occurrence,63,"Both products appear in the same ""Noir"" look on page 63.",high,false,
rel_1774,look_024,Noir,K-24199IN-C03-CP,K-20084IN-P-NA,design_co_occurrence,63,"Both products appear in the same ""Noir"" look on page 63.",high,false,
rel_1775,look_024,Noir,K-20713IN-ER-7,K-20084IN-P-NA,design_co_occurrence,63,"Both products appear in the same ""Noir"" look on page 63.",high,false,
rel_1776,look_025,Noir,K-25757IN-4ND-RGD,K-2215IN-2-7,design_co_occurrence,65,"Both products appear in the same ""Noir"" look on page 65.",high,false,
rel_1777,look_025,Noir,K-25757IN-4ND-RGD,K-75890IN-P-BL,design_co_occurrence,65,"Both products appear in the same ""Noir"" look on page 65.",high,false,
rel_1778,look_025,Noir,K-25757IN-4ND-RGD,K-75708IN-7,design_co_occurrence,65,"Both products appear in the same ""Noir"" look on page 65.",high,false,
rel_1779,look_025,Noir,K-25757IN-4ND-RGD,K-97258IN-ZZ-BL,design_co_occurrence,65,"Both products appear in the same ""Noir"" look on page 65.",high,false,
rel_1780,look_025,Noir,K-25757IN-4ND-RGD,K-5487T-B-CP,design_co_occurrence,65,"Both products appear in the same ""Noir"" look on page 65.",high,false,
rel_1781,look_025,Noir,K-25757IN-4ND-RGD,K-5486T-2-0P,design_co_occurrence,65,"Both products appear in the same ""Noir"" look on page 65.",high,false,
rel_1782,look_025,Noir,K-25757IN-4ND-RGD,K-25346IN-RGD,design_co_occurrence,65,"Both products appear in the same ""Noir"" look on page 65.",high,false,
rel_1783,look_025,Noir,K-25757IN-4ND-RGD,K-24199IN-C03-CP,design_co_occurrence,65,"Both products appear in the same ""Noir"" look on page 65.",high,false,
rel_1784,look_025,Noir,K-25757IN-4ND-RGD,K-16321IN-7,design_co_occurrence,65,"Both products appear in the same ""Noir"" look on page 65.",high,false,
rel_1785,look_025,Noir,K-25757IN-4ND-RGD,K-20084IN-P-NA,design_co_occurrence,65,"Both products appear in the same ""Noir"" look on page 65.",high,false,
rel_1786,look_025,Noir,K-2215IN-2-7,K-75890IN-P-BL,design_co_occurrence,65,"Both products appear in the same ""Noir"" look on page 65.",high,false,
rel_1787,look_025,Noir,K-2215IN-2-7,K-75708IN-7,design_co_occurrence,65,"Both products appear in the same ""Noir"" look on page 65.",high,false,
rel_1788,look_025,Noir,K-2215IN-2-7,K-97258IN-ZZ-BL,design_co_occurrence,65,"Both products appear in the same ""Noir"" look on page 65.",high,false,
rel_1789,look_025,Noir,K-2215IN-2-7,K-5487T-B-CP,design_co_occurrence,65,"Both products appear in the same ""Noir"" look on page 65.",high,false,
rel_1790,look_025,Noir,K-2215IN-2-7,K-5486T-2-0P,design_co_occurrence,65,"Both products appear in the same ""Noir"" look on page 65.",high,false,
rel_1791,look_025,Noir,K-2215IN-2-7,K-25346IN-RGD,design_co_occurrence,65,"Both products appear in the same ""Noir"" look on page 65.",high,false,
rel_1792,look_025,Noir,K-2215IN-2-7,K-24199IN-C03-CP,design_co_occurrence,65,"Both products appear in the same ""Noir"" look on page 65.",high,false,
rel_1793,look_025,Noir,K-2215IN-2-7,K-16321IN-7,design_co_occurrence,65,"Both products appear in the same ""Noir"" look on page 65.",high,false,
rel_1794,look_025,Noir,K-2215IN-2-7,K-20084IN-P-NA,design_co_occurrence,65,"Both products appear in the same ""Noir"" look on page 65.",high,false,
rel_1795,look_025,Noir,K-75890IN-P-BL,K-75708IN-7,design_co_occurrence,65,"Both products appear in the same ""Noir"" look on page 65.",high,false,
rel_1796,look_025,Noir,K-75890IN-P-BL,K-97258IN-ZZ-BL,design_co_occurrence,65,"Both products appear in the same ""Noir"" look on page 65.",high,false,
rel_1797,look_025,Noir,K-75890IN-P-BL,K-5487T-B-CP,design_co_occurrence,65,"Both products appear in the same ""Noir"" look on page 65.",high,false,
rel_1798,look_025,Noir,K-75890IN-P-BL,K-5486T-2-0P,design_co_occurrence,65,"Both products appear in the same ""Noir"" look on page 65.",high,false,
rel_1799,look_025,Noir,K-75890IN-P-BL,K-25346IN-RGD,design_co_occurrence,65,"Both products appear in the same ""Noir"" look on page 65.",high,false,
rel_1800,look_025,Noir,K-75890IN-P-BL,K-24199IN-C03-CP,design_co_occurrence,65,"Both products appear in the same ""Noir"" look on page 65.",high,false,
rel_1801,look_025,Noir,K-75890IN-P-BL,K-16321IN-7,design_co_occurrence,65,"Both products appear in the same ""Noir"" look on page 65.",high,false,
rel_1802,look_025,Noir,K-75890IN-P-BL,K-20084IN-P-NA,design_co_occurrence,65,"Both products appear in the same ""Noir"" look on page 65.",high,false,
rel_1803,look_025,Noir,K-75708IN-7,K-97258IN-ZZ-BL,design_co_occurrence,65,"Both products appear in the same ""Noir"" look on page 65.",high,false,
rel_1804,look_025,Noir,K-75708IN-7,K-5487T-B-CP,design_co_occurrence,65,"Both products appear in the same ""Noir"" look on page 65.",high,false,
rel_1805,look_025,Noir,K-75708IN-7,K-5486T-2-0P,design_co_occurrence,65,"Both products appear in the same ""Noir"" look on page 65.",high,false,
rel_1806,look_025,Noir,K-75708IN-7,K-25346IN-RGD,design_co_occurrence,65,"Both products appear in the same ""Noir"" look on page 65.",high,false,
rel_1807,look_025,Noir,K-75708IN-7,K-24199IN-C03-CP,design_co_occurrence,65,"Both products appear in the same ""Noir"" look on page 65.",high,false,
rel_1808,look_025,Noir,K-75708IN-7,K-16321IN-7,design_co_occurrence,65,"Both products appear in the same ""Noir"" look on page 65.",high,false,
rel_1809,look_025,Noir,K-75708IN-7,K-20084IN-P-NA,design_co_occurrence,65,"Both products appear in the same ""Noir"" look on page 65.",high,false,
rel_1810,look_025,Noir,K-97258IN-ZZ-BL,K-5487T-B-CP,design_co_occurrence,65,"Both products appear in the same ""Noir"" look on page 65.",high,false,
rel_1811,look_025,Noir,K-97258IN-ZZ-BL,K-5486T-2-0P,design_co_occurrence,65,"Both products appear in the same ""Noir"" look on page 65.",high,false,
rel_1812,look_025,Noir,K-97258IN-ZZ-BL,K-25346IN-RGD,design_co_occurrence,65,"Both products appear in the same ""Noir"" look on page 65.",high,false,
rel_1813,look_025,Noir,K-97258IN-ZZ-BL,K-24199IN-C03-CP,design_co_occurrence,65,"Both products appear in the same ""Noir"" look on page 65.",high,false,
rel_1814,look_025,Noir,K-97258IN-ZZ-BL,K-16321IN-7,design_co_occurrence,65,"Both products appear in the same ""Noir"" look on page 65.",high,false,
rel_1815,look_025,Noir,K-97258IN-ZZ-BL,K-20084IN-P-NA,design_co_occurrence,65,"Both products appear in the same ""Noir"" look on page 65.",high,false,
rel_1816,look_025,Noir,K-5487T-B-CP,K-5486T-2-0P,design_co_occurrence,65,"Both products appear in the same ""Noir"" look on page 65.",high,false,
rel_1817,look_025,Noir,K-5487T-B-CP,K-25346IN-RGD,design_co_occurrence,65,"Both products appear in the same ""Noir"" look on page 65.",high,false,
rel_1818,look_025,Noir,K-5487T-B-CP,K-24199IN-C03-CP,design_co_occurrence,65,"Both products appear in the same ""Noir"" look on page 65.",high,false,
rel_1819,look_025,Noir,K-5487T-B-CP,K-16321IN-7,design_co_occurrence,65,"Both products appear in the same ""Noir"" look on page 65.",high,false,
rel_1820,look_025,Noir,K-5487T-B-CP,K-20084IN-P-NA,design_co_occurrence,65,"Both products appear in the same ""Noir"" look on page 65.",high,false,
rel_1821,look_025,Noir,K-5486T-2-0P,K-25346IN-RGD,design_co_occurrence,65,"Both products appear in the same ""Noir"" look on page 65.",high,false,
rel_1822,look_025,Noir,K-5486T-2-0P,K-24199IN-C03-CP,design_co_occurrence,65,"Both products appear in the same ""Noir"" look on page 65.",high,false,
rel_1823,look_025,Noir,K-5486T-2-0P,K-16321IN-7,design_co_occurrence,65,"Both products appear in the same ""Noir"" look on page 65.",high,false,
rel_1824,look_025,Noir,K-5486T-2-0P,K-20084IN-P-NA,design_co_occurrence,65,"Both products appear in the same ""Noir"" look on page 65.",high,false,
rel_1825,look_025,Noir,K-25346IN-RGD,K-24199IN-C03-CP,design_co_occurrence,65,"Both products appear in the same ""Noir"" look on page 65.",high,false,
rel_1826,look_025,Noir,K-25346IN-RGD,K-16321IN-7,design_co_occurrence,65,"Both products appear in the same ""Noir"" look on page 65.",high,false,
rel_1827,look_025,Noir,K-25346IN-RGD,K-20084IN-P-NA,design_co_occurrence,65,"Both products appear in the same ""Noir"" look on page 65.",high,false,
rel_1828,look_025,Noir,K-24199IN-C03-CP,K-16321IN-7,design_co_occurrence,65,"Both products appear in the same ""Noir"" look on page 65.",high,false,
rel_1829,look_025,Noir,K-24199IN-C03-CP,K-20084IN-P-NA,design_co_occurrence,65,"Both products appear in the same ""Noir"" look on page 65.",high,false,
rel_1830,look_025,Noir,K-16321IN-7,K-20084IN-P-NA,design_co_occurrence,65,"Both products appear in the same ""Noir"" look on page 65.",high,false,
rel_1831,look_026,Elegance,K-26040IN-4ND-CP,K-34251IN-0,design_co_occurrence,67,"Both products appear in the same ""Elegance"" look on page 67.",high,false,
rel_1832,look_026,Elegance,K-26040IN-4ND-CP,K-28476IN-M-CP,design_co_occurrence,67,"Both products appear in the same ""Elegance"" look on page 67.",high,false,
rel_1833,look_026,Elegance,K-26040IN-4ND-CP,K-29150IN-0,design_co_occurrence,67,"Both products appear in the same ""Elegance"" look on page 67.",high,false,
rel_1834,look_026,Elegance,K-26040IN-4ND-CP,K-12927IN-CP,design_co_occurrence,67,"Both products appear in the same ""Elegance"" look on page 67.",high,false,
rel_1835,look_026,Elegance,K-26040IN-4ND-CP,K-16356IN-A-CP,design_co_occurrence,67,"Both products appear in the same ""Elegance"" look on page 67.",high,false,
rel_1836,look_026,Elegance,K-26040IN-4ND-CP,K-26045IN-4FP-CP,design_co_occurrence,67,"Both products appear in the same ""Elegance"" look on page 67.",high,false,
rel_1837,look_026,Elegance,K-26040IN-4ND-CP,K-26046IN-CP,design_co_occurrence,67,"Both products appear in the same ""Elegance"" look on page 67.",high,false,
rel_1838,look_026,Elegance,K-26040IN-4ND-CP,K-7314IN-CP,design_co_occurrence,67,"Both products appear in the same ""Elegance"" look on page 67.",high,false,
rel_1839,look_026,Elegance,K-26040IN-4ND-CP,K-26351IN-M-NA,design_co_occurrence,67,"Both products appear in the same ""Elegance"" look on page 67.",high,false,
rel_1840,look_026,Elegance,K-26040IN-4ND-CP,K-80158IN-9AV-CP,design_co_occurrence,67,"Both products appear in the same ""Elegance"" look on page 67.",high,false,
rel_1841,look_026,Elegance,K-26040IN-4ND-CP,K-20746IN-CP,design_co_occurrence,67,"Both products appear in the same ""Elegance"" look on page 67.",high,false,
rel_1842,look_026,Elegance,K-26040IN-4ND-CP,K-11568IN-7B-CP,design_co_occurrence,67,"Both products appear in the same ""Elegance"" look on page 67.",high,false,
rel_1843,look_026,Elegance,K-26040IN-4ND-CP,K-75201IN-CP,design_co_occurrence,67,"Both products appear in the same ""Elegance"" look on page 67.",high,false,
rel_1844,look_026,Elegance,K-34251IN-0,K-28476IN-M-CP,design_co_occurrence,67,"Both products appear in the same ""Elegance"" look on page 67.",high,false,
rel_1845,look_026,Elegance,K-34251IN-0,K-29150IN-0,design_co_occurrence,67,"Both products appear in the same ""Elegance"" look on page 67.",high,false,
rel_1846,look_026,Elegance,K-34251IN-0,K-12927IN-CP,design_co_occurrence,67,"Both products appear in the same ""Elegance"" look on page 67.",high,false,
rel_1847,look_026,Elegance,K-34251IN-0,K-16356IN-A-CP,design_co_occurrence,67,"Both products appear in the same ""Elegance"" look on page 67.",high,false,
rel_1848,look_026,Elegance,K-34251IN-0,K-26045IN-4FP-CP,design_co_occurrence,67,"Both products appear in the same ""Elegance"" look on page 67.",high,false,
rel_1849,look_026,Elegance,K-34251IN-0,K-26046IN-CP,design_co_occurrence,67,"Both products appear in the same ""Elegance"" look on page 67.",high,false,
rel_1850,look_026,Elegance,K-34251IN-0,K-7314IN-CP,design_co_occurrence,67,"Both products appear in the same ""Elegance"" look on page 67.",high,false,
rel_1851,look_026,Elegance,K-34251IN-0,K-26351IN-M-NA,design_co_occurrence,67,"Both products appear in the same ""Elegance"" look on page 67.",high,false,
rel_1852,look_026,Elegance,K-34251IN-0,K-80158IN-9AV-CP,design_co_occurrence,67,"Both products appear in the same ""Elegance"" look on page 67.",high,false,
rel_1853,look_026,Elegance,K-34251IN-0,K-20746IN-CP,design_co_occurrence,67,"Both products appear in the same ""Elegance"" look on page 67.",high,false,
rel_1854,look_026,Elegance,K-34251IN-0,K-11568IN-7B-CP,design_co_occurrence,67,"Both products appear in the same ""Elegance"" look on page 67.",high,false,
rel_1855,look_026,Elegance,K-34251IN-0,K-75201IN-CP,design_co_occurrence,67,"Both products appear in the same ""Elegance"" look on page 67.",high,false,
rel_1856,look_026,Elegance,K-28476IN-M-CP,K-29150IN-0,design_co_occurrence,67,"Both products appear in the same ""Elegance"" look on page 67.",high,false,
rel_1857,look_026,Elegance,K-28476IN-M-CP,K-12927IN-CP,design_co_occurrence,67,"Both products appear in the same ""Elegance"" look on page 67.",high,false,
rel_1858,look_026,Elegance,K-28476IN-M-CP,K-16356IN-A-CP,design_co_occurrence,67,"Both products appear in the same ""Elegance"" look on page 67.",high,false,
rel_1859,look_026,Elegance,K-28476IN-M-CP,K-26045IN-4FP-CP,design_co_occurrence,67,"Both products appear in the same ""Elegance"" look on page 67.",high,false,
rel_1860,look_026,Elegance,K-28476IN-M-CP,K-26046IN-CP,design_co_occurrence,67,"Both products appear in the same ""Elegance"" look on page 67.",high,false,
rel_1861,look_026,Elegance,K-28476IN-M-CP,K-7314IN-CP,design_co_occurrence,67,"Both products appear in the same ""Elegance"" look on page 67.",high,false,
rel_1862,look_026,Elegance,K-28476IN-M-CP,K-26351IN-M-NA,design_co_occurrence,67,"Both products appear in the same ""Elegance"" look on page 67.",high,false,
rel_1863,look_026,Elegance,K-28476IN-M-CP,K-80158IN-9AV-CP,design_co_occurrence,67,"Both products appear in the same ""Elegance"" look on page 67.",high,false,
rel_1864,look_026,Elegance,K-28476IN-M-CP,K-20746IN-CP,design_co_occurrence,67,"Both products appear in the same ""Elegance"" look on page 67.",high,false,
rel_1865,look_026,Elegance,K-28476IN-M-CP,K-11568IN-7B-CP,design_co_occurrence,67,"Both products appear in the same ""Elegance"" look on page 67.",high,false,
rel_1866,look_026,Elegance,K-28476IN-M-CP,K-75201IN-CP,design_co_occurrence,67,"Both products appear in the same ""Elegance"" look on page 67.",high,false,
rel_1867,look_026,Elegance,K-29150IN-0,K-12927IN-CP,design_co_occurrence,67,"Both products appear in the same ""Elegance"" look on page 67.",high,false,
rel_1868,look_026,Elegance,K-29150IN-0,K-16356IN-A-CP,design_co_occurrence,67,"Both products appear in the same ""Elegance"" look on page 67.",high,false,
rel_1869,look_026,Elegance,K-29150IN-0,K-26045IN-4FP-CP,design_co_occurrence,67,"Both products appear in the same ""Elegance"" look on page 67.",high,false,
rel_1870,look_026,Elegance,K-29150IN-0,K-26046IN-CP,design_co_occurrence,67,"Both products appear in the same ""Elegance"" look on page 67.",high,false,
rel_1871,look_026,Elegance,K-29150IN-0,K-7314IN-CP,design_co_occurrence,67,"Both products appear in the same ""Elegance"" look on page 67.",high,false,
rel_1872,look_026,Elegance,K-29150IN-0,K-26351IN-M-NA,design_co_occurrence,67,"Both products appear in the same ""Elegance"" look on page 67.",high,false,
rel_1873,look_026,Elegance,K-29150IN-0,K-80158IN-9AV-CP,design_co_occurrence,67,"Both products appear in the same ""Elegance"" look on page 67.",high,false,
rel_1874,look_026,Elegance,K-29150IN-0,K-20746IN-CP,design_co_occurrence,67,"Both products appear in the same ""Elegance"" look on page 67.",high,false,
rel_1875,look_026,Elegance,K-29150IN-0,K-11568IN-7B-CP,design_co_occurrence,67,"Both products appear in the same ""Elegance"" look on page 67.",high,false,
rel_1876,look_026,Elegance,K-29150IN-0,K-75201IN-CP,design_co_occurrence,67,"Both products appear in the same ""Elegance"" look on page 67.",high,false,
rel_1877,look_026,Elegance,K-12927IN-CP,K-16356IN-A-CP,design_co_occurrence,67,"Both products appear in the same ""Elegance"" look on page 67.",high,false,
rel_1878,look_026,Elegance,K-12927IN-CP,K-26045IN-4FP-CP,design_co_occurrence,67,"Both products appear in the same ""Elegance"" look on page 67.",high,false,
rel_1879,look_026,Elegance,K-12927IN-CP,K-26046IN-CP,design_co_occurrence,67,"Both products appear in the same ""Elegance"" look on page 67.",high,false,
rel_1880,look_026,Elegance,K-12927IN-CP,K-7314IN-CP,design_co_occurrence,67,"Both products appear in the same ""Elegance"" look on page 67.",high,false,
rel_1881,look_026,Elegance,K-12927IN-CP,K-26351IN-M-NA,design_co_occurrence,67,"Both products appear in the same ""Elegance"" look on page 67.",high,false,
rel_1882,look_026,Elegance,K-12927IN-CP,K-80158IN-9AV-CP,design_co_occurrence,67,"Both products appear in the same ""Elegance"" look on page 67.",high,false,
rel_1883,look_026,Elegance,K-12927IN-CP,K-20746IN-CP,design_co_occurrence,67,"Both products appear in the same ""Elegance"" look on page 67.",high,false,
rel_1884,look_026,Elegance,K-12927IN-CP,K-11568IN-7B-CP,design_co_occurrence,67,"Both products appear in the same ""Elegance"" look on page 67.",high,false,
rel_1885,look_026,Elegance,K-12927IN-CP,K-75201IN-CP,design_co_occurrence,67,"Both products appear in the same ""Elegance"" look on page 67.",high,false,
rel_1886,look_026,Elegance,K-16356IN-A-CP,K-26045IN-4FP-CP,design_co_occurrence,67,"Both products appear in the same ""Elegance"" look on page 67.",high,false,
rel_1887,look_026,Elegance,K-16356IN-A-CP,K-26046IN-CP,design_co_occurrence,67,"Both products appear in the same ""Elegance"" look on page 67.",high,false,
rel_1888,look_026,Elegance,K-16356IN-A-CP,K-7314IN-CP,design_co_occurrence,67,"Both products appear in the same ""Elegance"" look on page 67.",high,false,
rel_1889,look_026,Elegance,K-16356IN-A-CP,K-26351IN-M-NA,design_co_occurrence,67,"Both products appear in the same ""Elegance"" look on page 67.",high,false,
rel_1890,look_026,Elegance,K-16356IN-A-CP,K-80158IN-9AV-CP,design_co_occurrence,67,"Both products appear in the same ""Elegance"" look on page 67.",high,false,
rel_1891,look_026,Elegance,K-16356IN-A-CP,K-20746IN-CP,design_co_occurrence,67,"Both products appear in the same ""Elegance"" look on page 67.",high,false,
rel_1892,look_026,Elegance,K-16356IN-A-CP,K-11568IN-7B-CP,design_co_occurrence,67,"Both products appear in the same ""Elegance"" look on page 67.",high,false,
rel_1893,look_026,Elegance,K-16356IN-A-CP,K-75201IN-CP,design_co_occurrence,67,"Both products appear in the same ""Elegance"" look on page 67.",high,false,
rel_1894,look_026,Elegance,K-26045IN-4FP-CP,K-26046IN-CP,design_co_occurrence,67,"Both products appear in the same ""Elegance"" look on page 67.",high,false,
rel_1895,look_026,Elegance,K-26045IN-4FP-CP,K-7314IN-CP,design_co_occurrence,67,"Both products appear in the same ""Elegance"" look on page 67.",high,false,
rel_1896,look_026,Elegance,K-26045IN-4FP-CP,K-26351IN-M-NA,design_co_occurrence,67,"Both products appear in the same ""Elegance"" look on page 67.",high,false,
rel_1897,look_026,Elegance,K-26045IN-4FP-CP,K-80158IN-9AV-CP,design_co_occurrence,67,"Both products appear in the same ""Elegance"" look on page 67.",high,false,
rel_1898,look_026,Elegance,K-26045IN-4FP-CP,K-20746IN-CP,design_co_occurrence,67,"Both products appear in the same ""Elegance"" look on page 67.",high,false,
rel_1899,look_026,Elegance,K-26045IN-4FP-CP,K-11568IN-7B-CP,design_co_occurrence,67,"Both products appear in the same ""Elegance"" look on page 67.",high,false,
rel_1900,look_026,Elegance,K-26045IN-4FP-CP,K-75201IN-CP,design_co_occurrence,67,"Both products appear in the same ""Elegance"" look on page 67.",high,false,
rel_1901,look_026,Elegance,K-26046IN-CP,K-7314IN-CP,design_co_occurrence,67,"Both products appear in the same ""Elegance"" look on page 67.",high,false,
rel_1902,look_026,Elegance,K-26046IN-CP,K-26351IN-M-NA,design_co_occurrence,67,"Both products appear in the same ""Elegance"" look on page 67.",high,false,
rel_1903,look_026,Elegance,K-26046IN-CP,K-80158IN-9AV-CP,design_co_occurrence,67,"Both products appear in the same ""Elegance"" look on page 67.",high,false,
rel_1904,look_026,Elegance,K-26046IN-CP,K-20746IN-CP,design_co_occurrence,67,"Both products appear in the same ""Elegance"" look on page 67.",high,false,
rel_1905,look_026,Elegance,K-26046IN-CP,K-11568IN-7B-CP,design_co_occurrence,67,"Both products appear in the same ""Elegance"" look on page 67.",high,false,
rel_1906,look_026,Elegance,K-26046IN-CP,K-75201IN-CP,design_co_occurrence,67,"Both products appear in the same ""Elegance"" look on page 67.",high,false,
rel_1907,look_026,Elegance,K-7314IN-CP,K-26351IN-M-NA,design_co_occurrence,67,"Both products appear in the same ""Elegance"" look on page 67.",high,false,
rel_1908,look_026,Elegance,K-7314IN-CP,K-80158IN-9AV-CP,design_co_occurrence,67,"Both products appear in the same ""Elegance"" look on page 67.",high,false,
rel_1909,look_026,Elegance,K-7314IN-CP,K-20746IN-CP,design_co_occurrence,67,"Both products appear in the same ""Elegance"" look on page 67.",high,false,
rel_1910,look_026,Elegance,K-7314IN-CP,K-11568IN-7B-CP,design_co_occurrence,67,"Both products appear in the same ""Elegance"" look on page 67.",high,false,
rel_1911,look_026,Elegance,K-7314IN-CP,K-75201IN-CP,design_co_occurrence,67,"Both products appear in the same ""Elegance"" look on page 67.",high,false,
rel_1912,look_026,Elegance,K-26351IN-M-NA,K-80158IN-9AV-CP,design_co_occurrence,67,"Both products appear in the same ""Elegance"" look on page 67.",high,false,
rel_1913,look_026,Elegance,K-26351IN-M-NA,K-20746IN-CP,design_co_occurrence,67,"Both products appear in the same ""Elegance"" look on page 67.",high,false,
rel_1914,look_026,Elegance,K-26351IN-M-NA,K-11568IN-7B-CP,design_co_occurrence,67,"Both products appear in the same ""Elegance"" look on page 67.",high,false,
rel_1915,look_026,Elegance,K-26351IN-M-NA,K-75201IN-CP,design_co_occurrence,67,"Both products appear in the same ""Elegance"" look on page 67.",high,false,
rel_1916,look_026,Elegance,K-80158IN-9AV-CP,K-20746IN-CP,design_co_occurrence,67,"Both products appear in the same ""Elegance"" look on page 67.",high,false,
rel_1917,look_026,Elegance,K-80158IN-9AV-CP,K-11568IN-7B-CP,design_co_occurrence,67,"Both products appear in the same ""Elegance"" look on page 67.",high,false,
rel_1918,look_026,Elegance,K-80158IN-9AV-CP,K-75201IN-CP,design_co_occurrence,67,"Both products appear in the same ""Elegance"" look on page 67.",high,false,
rel_1919,look_026,Elegance,K-20746IN-CP,K-11568IN-7B-CP,design_co_occurrence,67,"Both products appear in the same ""Elegance"" look on page 67.",high,false,
rel_1920,look_026,Elegance,K-20746IN-CP,K-75201IN-CP,design_co_occurrence,67,"Both products appear in the same ""Elegance"" look on page 67.",high,false,
rel_1921,look_026,Elegance,K-11568IN-7B-CP,K-75201IN-CP,design_co_occurrence,67,"Both products appear in the same ""Elegance"" look on page 67.",high,false,
rel_1922,look_027,Elegance,K-27477IN-4ND-CP,K-34251IN-0,design_co_occurrence,69,"Both products appear in the same ""Elegance"" look on page 69.",high,false,
rel_1923,look_027,Elegance,K-27477IN-4ND-CP,K-28475IN-M-CP,design_co_occurrence,69,"Both products appear in the same ""Elegance"" look on page 69.",high,false,
rel_1924,look_027,Elegance,K-27477IN-4ND-CP,K-29150IN-0,design_co_occurrence,69,"Both products appear in the same ""Elegance"" look on page 69.",high,false,
rel_1925,look_027,Elegance,K-27477IN-4ND-CP,K-12927IN-CP,design_co_occurrence,69,"Both products appear in the same ""Elegance"" look on page 69.",high,false,
rel_1926,look_027,Elegance,K-27477IN-4ND-CP,K-16356IN-A-CP,design_co_occurrence,69,"Both products appear in the same ""Elegance"" look on page 69.",high,false,
rel_1927,look_027,Elegance,K-27477IN-4ND-CP,K-27495IN-4FP-CP,design_co_occurrence,69,"Both products appear in the same ""Elegance"" look on page 69.",high,false,
rel_1928,look_027,Elegance,K-27477IN-4ND-CP,K-27492IN-CP,design_co_occurrence,69,"Both products appear in the same ""Elegance"" look on page 69.",high,false,
rel_1929,look_027,Elegance,K-27477IN-4ND-CP,K-7314IN-CP,design_co_occurrence,69,"Both products appear in the same ""Elegance"" look on page 69.",high,false,
rel_1930,look_027,Elegance,K-27477IN-4ND-CP,K-26351IN-M-NA,design_co_occurrence,69,"Both products appear in the same ""Elegance"" look on page 69.",high,false,
rel_1931,look_027,Elegance,K-27477IN-4ND-CP,K-80158IN-9AV-CP,design_co_occurrence,69,"Both products appear in the same ""Elegance"" look on page 69.",high,false,
rel_1932,look_027,Elegance,K-27477IN-4ND-CP,K-20746IN-CP,design_co_occurrence,69,"Both products appear in the same ""Elegance"" look on page 69.",high,false,
rel_1933,look_027,Elegance,K-27477IN-4ND-CP,K-11568IN-7B-CP,design_co_occurrence,69,"Both products appear in the same ""Elegance"" look on page 69.",high,false,
rel_1934,look_027,Elegance,K-27477IN-4ND-CP,K-75201IN-CP,design_co_occurrence,69,"Both products appear in the same ""Elegance"" look on page 69.",high,false,
rel_1935,look_027,Elegance,K-34251IN-0,K-28475IN-M-CP,design_co_occurrence,69,"Both products appear in the same ""Elegance"" look on page 69.",high,false,
rel_1936,look_027,Elegance,K-34251IN-0,K-29150IN-0,design_co_occurrence,69,"Both products appear in the same ""Elegance"" look on page 69.",high,false,
rel_1937,look_027,Elegance,K-34251IN-0,K-12927IN-CP,design_co_occurrence,69,"Both products appear in the same ""Elegance"" look on page 69.",high,false,
rel_1938,look_027,Elegance,K-34251IN-0,K-16356IN-A-CP,design_co_occurrence,69,"Both products appear in the same ""Elegance"" look on page 69.",high,false,
rel_1939,look_027,Elegance,K-34251IN-0,K-27495IN-4FP-CP,design_co_occurrence,69,"Both products appear in the same ""Elegance"" look on page 69.",high,false,
rel_1940,look_027,Elegance,K-34251IN-0,K-27492IN-CP,design_co_occurrence,69,"Both products appear in the same ""Elegance"" look on page 69.",high,false,
rel_1941,look_027,Elegance,K-34251IN-0,K-7314IN-CP,design_co_occurrence,69,"Both products appear in the same ""Elegance"" look on page 69.",high,false,
rel_1942,look_027,Elegance,K-34251IN-0,K-26351IN-M-NA,design_co_occurrence,69,"Both products appear in the same ""Elegance"" look on page 69.",high,false,
rel_1943,look_027,Elegance,K-34251IN-0,K-80158IN-9AV-CP,design_co_occurrence,69,"Both products appear in the same ""Elegance"" look on page 69.",high,false,
rel_1944,look_027,Elegance,K-34251IN-0,K-20746IN-CP,design_co_occurrence,69,"Both products appear in the same ""Elegance"" look on page 69.",high,false,
rel_1945,look_027,Elegance,K-34251IN-0,K-11568IN-7B-CP,design_co_occurrence,69,"Both products appear in the same ""Elegance"" look on page 69.",high,false,
rel_1946,look_027,Elegance,K-34251IN-0,K-75201IN-CP,design_co_occurrence,69,"Both products appear in the same ""Elegance"" look on page 69.",high,false,
rel_1947,look_027,Elegance,K-28475IN-M-CP,K-29150IN-0,design_co_occurrence,69,"Both products appear in the same ""Elegance"" look on page 69.",high,false,
rel_1948,look_027,Elegance,K-28475IN-M-CP,K-12927IN-CP,design_co_occurrence,69,"Both products appear in the same ""Elegance"" look on page 69.",high,false,
rel_1949,look_027,Elegance,K-28475IN-M-CP,K-16356IN-A-CP,design_co_occurrence,69,"Both products appear in the same ""Elegance"" look on page 69.",high,false,
rel_1950,look_027,Elegance,K-28475IN-M-CP,K-27495IN-4FP-CP,design_co_occurrence,69,"Both products appear in the same ""Elegance"" look on page 69.",high,false,
rel_1951,look_027,Elegance,K-28475IN-M-CP,K-27492IN-CP,design_co_occurrence,69,"Both products appear in the same ""Elegance"" look on page 69.",high,false,
rel_1952,look_027,Elegance,K-28475IN-M-CP,K-7314IN-CP,design_co_occurrence,69,"Both products appear in the same ""Elegance"" look on page 69.",high,false,
rel_1953,look_027,Elegance,K-28475IN-M-CP,K-26351IN-M-NA,design_co_occurrence,69,"Both products appear in the same ""Elegance"" look on page 69.",high,false,
rel_1954,look_027,Elegance,K-28475IN-M-CP,K-80158IN-9AV-CP,design_co_occurrence,69,"Both products appear in the same ""Elegance"" look on page 69.",high,false,
rel_1955,look_027,Elegance,K-28475IN-M-CP,K-20746IN-CP,design_co_occurrence,69,"Both products appear in the same ""Elegance"" look on page 69.",high,false,
rel_1956,look_027,Elegance,K-28475IN-M-CP,K-11568IN-7B-CP,design_co_occurrence,69,"Both products appear in the same ""Elegance"" look on page 69.",high,false,
rel_1957,look_027,Elegance,K-28475IN-M-CP,K-75201IN-CP,design_co_occurrence,69,"Both products appear in the same ""Elegance"" look on page 69.",high,false,
rel_1958,look_027,Elegance,K-29150IN-0,K-12927IN-CP,design_co_occurrence,69,"Both products appear in the same ""Elegance"" look on page 69.",high,false,
rel_1959,look_027,Elegance,K-29150IN-0,K-16356IN-A-CP,design_co_occurrence,69,"Both products appear in the same ""Elegance"" look on page 69.",high,false,
rel_1960,look_027,Elegance,K-29150IN-0,K-27495IN-4FP-CP,design_co_occurrence,69,"Both products appear in the same ""Elegance"" look on page 69.",high,false,
rel_1961,look_027,Elegance,K-29150IN-0,K-27492IN-CP,design_co_occurrence,69,"Both products appear in the same ""Elegance"" look on page 69.",high,false,
rel_1962,look_027,Elegance,K-29150IN-0,K-7314IN-CP,design_co_occurrence,69,"Both products appear in the same ""Elegance"" look on page 69.",high,false,
rel_1963,look_027,Elegance,K-29150IN-0,K-26351IN-M-NA,design_co_occurrence,69,"Both products appear in the same ""Elegance"" look on page 69.",high,false,
rel_1964,look_027,Elegance,K-29150IN-0,K-80158IN-9AV-CP,design_co_occurrence,69,"Both products appear in the same ""Elegance"" look on page 69.",high,false,
rel_1965,look_027,Elegance,K-29150IN-0,K-20746IN-CP,design_co_occurrence,69,"Both products appear in the same ""Elegance"" look on page 69.",high,false,
rel_1966,look_027,Elegance,K-29150IN-0,K-11568IN-7B-CP,design_co_occurrence,69,"Both products appear in the same ""Elegance"" look on page 69.",high,false,
rel_1967,look_027,Elegance,K-29150IN-0,K-75201IN-CP,design_co_occurrence,69,"Both products appear in the same ""Elegance"" look on page 69.",high,false,
rel_1968,look_027,Elegance,K-12927IN-CP,K-16356IN-A-CP,design_co_occurrence,69,"Both products appear in the same ""Elegance"" look on page 69.",high,false,
rel_1969,look_027,Elegance,K-12927IN-CP,K-27495IN-4FP-CP,design_co_occurrence,69,"Both products appear in the same ""Elegance"" look on page 69.",high,false,
rel_1970,look_027,Elegance,K-12927IN-CP,K-27492IN-CP,design_co_occurrence,69,"Both products appear in the same ""Elegance"" look on page 69.",high,false,
rel_1971,look_027,Elegance,K-12927IN-CP,K-7314IN-CP,design_co_occurrence,69,"Both products appear in the same ""Elegance"" look on page 69.",high,false,
rel_1972,look_027,Elegance,K-12927IN-CP,K-26351IN-M-NA,design_co_occurrence,69,"Both products appear in the same ""Elegance"" look on page 69.",high,false,
rel_1973,look_027,Elegance,K-12927IN-CP,K-80158IN-9AV-CP,design_co_occurrence,69,"Both products appear in the same ""Elegance"" look on page 69.",high,false,
rel_1974,look_027,Elegance,K-12927IN-CP,K-20746IN-CP,design_co_occurrence,69,"Both products appear in the same ""Elegance"" look on page 69.",high,false,
rel_1975,look_027,Elegance,K-12927IN-CP,K-11568IN-7B-CP,design_co_occurrence,69,"Both products appear in the same ""Elegance"" look on page 69.",high,false,
rel_1976,look_027,Elegance,K-12927IN-CP,K-75201IN-CP,design_co_occurrence,69,"Both products appear in the same ""Elegance"" look on page 69.",high,false,
rel_1977,look_027,Elegance,K-16356IN-A-CP,K-27495IN-4FP-CP,design_co_occurrence,69,"Both products appear in the same ""Elegance"" look on page 69.",high,false,
rel_1978,look_027,Elegance,K-16356IN-A-CP,K-27492IN-CP,design_co_occurrence,69,"Both products appear in the same ""Elegance"" look on page 69.",high,false,
rel_1979,look_027,Elegance,K-16356IN-A-CP,K-7314IN-CP,design_co_occurrence,69,"Both products appear in the same ""Elegance"" look on page 69.",high,false,
rel_1980,look_027,Elegance,K-16356IN-A-CP,K-26351IN-M-NA,design_co_occurrence,69,"Both products appear in the same ""Elegance"" look on page 69.",high,false,
rel_1981,look_027,Elegance,K-16356IN-A-CP,K-80158IN-9AV-CP,design_co_occurrence,69,"Both products appear in the same ""Elegance"" look on page 69.",high,false,
rel_1982,look_027,Elegance,K-16356IN-A-CP,K-20746IN-CP,design_co_occurrence,69,"Both products appear in the same ""Elegance"" look on page 69.",high,false,
rel_1983,look_027,Elegance,K-16356IN-A-CP,K-11568IN-7B-CP,design_co_occurrence,69,"Both products appear in the same ""Elegance"" look on page 69.",high,false,
rel_1984,look_027,Elegance,K-16356IN-A-CP,K-75201IN-CP,design_co_occurrence,69,"Both products appear in the same ""Elegance"" look on page 69.",high,false,
rel_1985,look_027,Elegance,K-27495IN-4FP-CP,K-27492IN-CP,design_co_occurrence,69,"Both products appear in the same ""Elegance"" look on page 69.",high,false,
rel_1986,look_027,Elegance,K-27495IN-4FP-CP,K-7314IN-CP,design_co_occurrence,69,"Both products appear in the same ""Elegance"" look on page 69.",high,false,
rel_1987,look_027,Elegance,K-27495IN-4FP-CP,K-26351IN-M-NA,design_co_occurrence,69,"Both products appear in the same ""Elegance"" look on page 69.",high,false,
rel_1988,look_027,Elegance,K-27495IN-4FP-CP,K-80158IN-9AV-CP,design_co_occurrence,69,"Both products appear in the same ""Elegance"" look on page 69.",high,false,
rel_1989,look_027,Elegance,K-27495IN-4FP-CP,K-20746IN-CP,design_co_occurrence,69,"Both products appear in the same ""Elegance"" look on page 69.",high,false,
rel_1990,look_027,Elegance,K-27495IN-4FP-CP,K-11568IN-7B-CP,design_co_occurrence,69,"Both products appear in the same ""Elegance"" look on page 69.",high,false,
rel_1991,look_027,Elegance,K-27495IN-4FP-CP,K-75201IN-CP,design_co_occurrence,69,"Both products appear in the same ""Elegance"" look on page 69.",high,false,
rel_1992,look_027,Elegance,K-27492IN-CP,K-7314IN-CP,design_co_occurrence,69,"Both products appear in the same ""Elegance"" look on page 69.",high,false,
rel_1993,look_027,Elegance,K-27492IN-CP,K-26351IN-M-NA,design_co_occurrence,69,"Both products appear in the same ""Elegance"" look on page 69.",high,false,
rel_1994,look_027,Elegance,K-27492IN-CP,K-80158IN-9AV-CP,design_co_occurrence,69,"Both products appear in the same ""Elegance"" look on page 69.",high,false,
rel_1995,look_027,Elegance,K-27492IN-CP,K-20746IN-CP,design_co_occurrence,69,"Both products appear in the same ""Elegance"" look on page 69.",high,false,
rel_1996,look_027,Elegance,K-27492IN-CP,K-11568IN-7B-CP,design_co_occurrence,69,"Both products appear in the same ""Elegance"" look on page 69.",high,false,
rel_1997,look_027,Elegance,K-27492IN-CP,K-75201IN-CP,design_co_occurrence,69,"Both products appear in the same ""Elegance"" look on page 69.",high,false,
rel_1998,look_027,Elegance,K-7314IN-CP,K-26351IN-M-NA,design_co_occurrence,69,"Both products appear in the same ""Elegance"" look on page 69.",high,false,
rel_1999,look_027,Elegance,K-7314IN-CP,K-80158IN-9AV-CP,design_co_occurrence,69,"Both products appear in the same ""Elegance"" look on page 69.",high,false,
rel_2000,look_027,Elegance,K-7314IN-CP,K-20746IN-CP,design_co_occurrence,69,"Both products appear in the same ""Elegance"" look on page 69.",high,false,
rel_2001,look_027,Elegance,K-7314IN-CP,K-11568IN-7B-CP,design_co_occurrence,69,"Both products appear in the same ""Elegance"" look on page 69.",high,false,
rel_2002,look_027,Elegance,K-7314IN-CP,K-75201IN-CP,design_co_occurrence,69,"Both products appear in the same ""Elegance"" look on page 69.",high,false,
rel_2003,look_027,Elegance,K-26351IN-M-NA,K-80158IN-9AV-CP,design_co_occurrence,69,"Both products appear in the same ""Elegance"" look on page 69.",high,false,
rel_2004,look_027,Elegance,K-26351IN-M-NA,K-20746IN-CP,design_co_occurrence,69,"Both products appear in the same ""Elegance"" look on page 69.",high,false,
rel_2005,look_027,Elegance,K-26351IN-M-NA,K-11568IN-7B-CP,design_co_occurrence,69,"Both products appear in the same ""Elegance"" look on page 69.",high,false,
rel_2006,look_027,Elegance,K-26351IN-M-NA,K-75201IN-CP,design_co_occurrence,69,"Both products appear in the same ""Elegance"" look on page 69.",high,false,
rel_2007,look_027,Elegance,K-80158IN-9AV-CP,K-20746IN-CP,design_co_occurrence,69,"Both products appear in the same ""Elegance"" look on page 69.",high,false,
rel_2008,look_027,Elegance,K-80158IN-9AV-CP,K-11568IN-7B-CP,design_co_occurrence,69,"Both products appear in the same ""Elegance"" look on page 69.",high,false,
rel_2009,look_027,Elegance,K-80158IN-9AV-CP,K-75201IN-CP,design_co_occurrence,69,"Both products appear in the same ""Elegance"" look on page 69.",high,false,
rel_2010,look_027,Elegance,K-20746IN-CP,K-11568IN-7B-CP,design_co_occurrence,69,"Both products appear in the same ""Elegance"" look on page 69.",high,false,
rel_2011,look_027,Elegance,K-20746IN-CP,K-75201IN-CP,design_co_occurrence,69,"Both products appear in the same ""Elegance"" look on page 69.",high,false,
rel_2012,look_027,Elegance,K-11568IN-7B-CP,K-75201IN-CP,design_co_occurrence,69,"Both products appear in the same ""Elegance"" look on page 69.",high,false,
rel_2013,look_028,Elegance,K-27477IN-4ND-CP,K-34251IN-0,design_co_occurrence,71,"Both products appear in the same ""Elegance"" look on page 71.",high,false,
rel_2014,look_028,Elegance,K-27477IN-4ND-CP,K-28476IN-M-CP,design_co_occurrence,71,"Both products appear in the same ""Elegance"" look on page 71.",high,false,
rel_2015,look_028,Elegance,K-27477IN-4ND-CP,K-29150IN-0,design_co_occurrence,71,"Both products appear in the same ""Elegance"" look on page 71.",high,false,
rel_2016,look_028,Elegance,K-27477IN-4ND-CP,K-12927IN-CP,design_co_occurrence,71,"Both products appear in the same ""Elegance"" look on page 71.",high,false,
rel_2017,look_028,Elegance,K-27477IN-4ND-CP,K-26290IN-CP,design_co_occurrence,71,"Both products appear in the same ""Elegance"" look on page 71.",high,false,
rel_2018,look_028,Elegance,K-27477IN-4ND-CP,K-27495IN-4FP-CP,design_co_occurrence,71,"Both products appear in the same ""Elegance"" look on page 71.",high,false,
rel_2019,look_028,Elegance,K-27477IN-4ND-CP,K-27492IN-CP,design_co_occurrence,71,"Both products appear in the same ""Elegance"" look on page 71.",high,false,
rel_2020,look_028,Elegance,K-27477IN-4ND-CP,K-7314IN-CP,design_co_occurrence,71,"Both products appear in the same ""Elegance"" look on page 71.",high,false,
rel_2021,look_028,Elegance,K-27477IN-4ND-CP,K-26351IN-M-NA,design_co_occurrence,71,"Both products appear in the same ""Elegance"" look on page 71.",high,false,
rel_2022,look_028,Elegance,K-27477IN-4ND-CP,K-80158IN-9AV-CP,design_co_occurrence,71,"Both products appear in the same ""Elegance"" look on page 71.",high,false,
rel_2023,look_028,Elegance,K-27477IN-4ND-CP,K-20746IN-CP,design_co_occurrence,71,"Both products appear in the same ""Elegance"" look on page 71.",high,false,
rel_2024,look_028,Elegance,K-27477IN-4ND-CP,K-11568IN-7B-CP,design_co_occurrence,71,"Both products appear in the same ""Elegance"" look on page 71.",high,false,
rel_2025,look_028,Elegance,K-27477IN-4ND-CP,K-99054IN-CP,design_co_occurrence,71,"Both products appear in the same ""Elegance"" look on page 71.",high,false,
rel_2026,look_028,Elegance,K-27477IN-4ND-CP,K-75201IN-CP,design_co_occurrence,71,"Both products appear in the same ""Elegance"" look on page 71.",high,false,
rel_2027,look_028,Elegance,K-34251IN-0,K-28476IN-M-CP,design_co_occurrence,71,"Both products appear in the same ""Elegance"" look on page 71.",high,false,
rel_2028,look_028,Elegance,K-34251IN-0,K-29150IN-0,design_co_occurrence,71,"Both products appear in the same ""Elegance"" look on page 71.",high,false,
rel_2029,look_028,Elegance,K-34251IN-0,K-12927IN-CP,design_co_occurrence,71,"Both products appear in the same ""Elegance"" look on page 71.",high,false,
rel_2030,look_028,Elegance,K-34251IN-0,K-26290IN-CP,design_co_occurrence,71,"Both products appear in the same ""Elegance"" look on page 71.",high,false,
rel_2031,look_028,Elegance,K-34251IN-0,K-27495IN-4FP-CP,design_co_occurrence,71,"Both products appear in the same ""Elegance"" look on page 71.",high,false,
rel_2032,look_028,Elegance,K-34251IN-0,K-27492IN-CP,design_co_occurrence,71,"Both products appear in the same ""Elegance"" look on page 71.",high,false,
rel_2033,look_028,Elegance,K-34251IN-0,K-7314IN-CP,design_co_occurrence,71,"Both products appear in the same ""Elegance"" look on page 71.",high,false,
rel_2034,look_028,Elegance,K-34251IN-0,K-26351IN-M-NA,design_co_occurrence,71,"Both products appear in the same ""Elegance"" look on page 71.",high,false,
rel_2035,look_028,Elegance,K-34251IN-0,K-80158IN-9AV-CP,design_co_occurrence,71,"Both products appear in the same ""Elegance"" look on page 71.",high,false,
rel_2036,look_028,Elegance,K-34251IN-0,K-20746IN-CP,design_co_occurrence,71,"Both products appear in the same ""Elegance"" look on page 71.",high,false,
rel_2037,look_028,Elegance,K-34251IN-0,K-11568IN-7B-CP,design_co_occurrence,71,"Both products appear in the same ""Elegance"" look on page 71.",high,false,
rel_2038,look_028,Elegance,K-34251IN-0,K-99054IN-CP,design_co_occurrence,71,"Both products appear in the same ""Elegance"" look on page 71.",high,false,
rel_2039,look_028,Elegance,K-34251IN-0,K-75201IN-CP,design_co_occurrence,71,"Both products appear in the same ""Elegance"" look on page 71.",high,false,
rel_2040,look_028,Elegance,K-28476IN-M-CP,K-29150IN-0,design_co_occurrence,71,"Both products appear in the same ""Elegance"" look on page 71.",high,false,
rel_2041,look_028,Elegance,K-28476IN-M-CP,K-12927IN-CP,design_co_occurrence,71,"Both products appear in the same ""Elegance"" look on page 71.",high,false,
rel_2042,look_028,Elegance,K-28476IN-M-CP,K-26290IN-CP,design_co_occurrence,71,"Both products appear in the same ""Elegance"" look on page 71.",high,false,
rel_2043,look_028,Elegance,K-28476IN-M-CP,K-27495IN-4FP-CP,design_co_occurrence,71,"Both products appear in the same ""Elegance"" look on page 71.",high,false,
rel_2044,look_028,Elegance,K-28476IN-M-CP,K-27492IN-CP,design_co_occurrence,71,"Both products appear in the same ""Elegance"" look on page 71.",high,false,
rel_2045,look_028,Elegance,K-28476IN-M-CP,K-7314IN-CP,design_co_occurrence,71,"Both products appear in the same ""Elegance"" look on page 71.",high,false,
rel_2046,look_028,Elegance,K-28476IN-M-CP,K-26351IN-M-NA,design_co_occurrence,71,"Both products appear in the same ""Elegance"" look on page 71.",high,false,
rel_2047,look_028,Elegance,K-28476IN-M-CP,K-80158IN-9AV-CP,design_co_occurrence,71,"Both products appear in the same ""Elegance"" look on page 71.",high,false,
rel_2048,look_028,Elegance,K-28476IN-M-CP,K-20746IN-CP,design_co_occurrence,71,"Both products appear in the same ""Elegance"" look on page 71.",high,false,
rel_2049,look_028,Elegance,K-28476IN-M-CP,K-11568IN-7B-CP,design_co_occurrence,71,"Both products appear in the same ""Elegance"" look on page 71.",high,false,
rel_2050,look_028,Elegance,K-28476IN-M-CP,K-99054IN-CP,design_co_occurrence,71,"Both products appear in the same ""Elegance"" look on page 71.",high,false,
rel_2051,look_028,Elegance,K-28476IN-M-CP,K-75201IN-CP,design_co_occurrence,71,"Both products appear in the same ""Elegance"" look on page 71.",high,false,
rel_2052,look_028,Elegance,K-29150IN-0,K-12927IN-CP,design_co_occurrence,71,"Both products appear in the same ""Elegance"" look on page 71.",high,false,
rel_2053,look_028,Elegance,K-29150IN-0,K-26290IN-CP,design_co_occurrence,71,"Both products appear in the same ""Elegance"" look on page 71.",high,false,
rel_2054,look_028,Elegance,K-29150IN-0,K-27495IN-4FP-CP,design_co_occurrence,71,"Both products appear in the same ""Elegance"" look on page 71.",high,false,
rel_2055,look_028,Elegance,K-29150IN-0,K-27492IN-CP,design_co_occurrence,71,"Both products appear in the same ""Elegance"" look on page 71.",high,false,
rel_2056,look_028,Elegance,K-29150IN-0,K-7314IN-CP,design_co_occurrence,71,"Both products appear in the same ""Elegance"" look on page 71.",high,false,
rel_2057,look_028,Elegance,K-29150IN-0,K-26351IN-M-NA,design_co_occurrence,71,"Both products appear in the same ""Elegance"" look on page 71.",high,false,
rel_2058,look_028,Elegance,K-29150IN-0,K-80158IN-9AV-CP,design_co_occurrence,71,"Both products appear in the same ""Elegance"" look on page 71.",high,false,
rel_2059,look_028,Elegance,K-29150IN-0,K-20746IN-CP,design_co_occurrence,71,"Both products appear in the same ""Elegance"" look on page 71.",high,false,
rel_2060,look_028,Elegance,K-29150IN-0,K-11568IN-7B-CP,design_co_occurrence,71,"Both products appear in the same ""Elegance"" look on page 71.",high,false,
rel_2061,look_028,Elegance,K-29150IN-0,K-99054IN-CP,design_co_occurrence,71,"Both products appear in the same ""Elegance"" look on page 71.",high,false,
rel_2062,look_028,Elegance,K-29150IN-0,K-75201IN-CP,design_co_occurrence,71,"Both products appear in the same ""Elegance"" look on page 71.",high,false,
rel_2063,look_028,Elegance,K-12927IN-CP,K-26290IN-CP,design_co_occurrence,71,"Both products appear in the same ""Elegance"" look on page 71.",high,false,
rel_2064,look_028,Elegance,K-12927IN-CP,K-27495IN-4FP-CP,design_co_occurrence,71,"Both products appear in the same ""Elegance"" look on page 71.",high,false,
rel_2065,look_028,Elegance,K-12927IN-CP,K-27492IN-CP,design_co_occurrence,71,"Both products appear in the same ""Elegance"" look on page 71.",high,false,
rel_2066,look_028,Elegance,K-12927IN-CP,K-7314IN-CP,design_co_occurrence,71,"Both products appear in the same ""Elegance"" look on page 71.",high,false,
rel_2067,look_028,Elegance,K-12927IN-CP,K-26351IN-M-NA,design_co_occurrence,71,"Both products appear in the same ""Elegance"" look on page 71.",high,false,
rel_2068,look_028,Elegance,K-12927IN-CP,K-80158IN-9AV-CP,design_co_occurrence,71,"Both products appear in the same ""Elegance"" look on page 71.",high,false,
rel_2069,look_028,Elegance,K-12927IN-CP,K-20746IN-CP,design_co_occurrence,71,"Both products appear in the same ""Elegance"" look on page 71.",high,false,
rel_2070,look_028,Elegance,K-12927IN-CP,K-11568IN-7B-CP,design_co_occurrence,71,"Both products appear in the same ""Elegance"" look on page 71.",high,false,
rel_2071,look_028,Elegance,K-12927IN-CP,K-99054IN-CP,design_co_occurrence,71,"Both products appear in the same ""Elegance"" look on page 71.",high,false,
rel_2072,look_028,Elegance,K-12927IN-CP,K-75201IN-CP,design_co_occurrence,71,"Both products appear in the same ""Elegance"" look on page 71.",high,false,
rel_2073,look_028,Elegance,K-26290IN-CP,K-27495IN-4FP-CP,design_co_occurrence,71,"Both products appear in the same ""Elegance"" look on page 71.",high,false,
rel_2074,look_028,Elegance,K-26290IN-CP,K-27492IN-CP,design_co_occurrence,71,"Both products appear in the same ""Elegance"" look on page 71.",high,false,
rel_2075,look_028,Elegance,K-26290IN-CP,K-7314IN-CP,design_co_occurrence,71,"Both products appear in the same ""Elegance"" look on page 71.",high,false,
rel_2076,look_028,Elegance,K-26290IN-CP,K-26351IN-M-NA,design_co_occurrence,71,"Both products appear in the same ""Elegance"" look on page 71.",high,false,
rel_2077,look_028,Elegance,K-26290IN-CP,K-80158IN-9AV-CP,design_co_occurrence,71,"Both products appear in the same ""Elegance"" look on page 71.",high,false,
rel_2078,look_028,Elegance,K-26290IN-CP,K-20746IN-CP,design_co_occurrence,71,"Both products appear in the same ""Elegance"" look on page 71.",high,false,
rel_2079,look_028,Elegance,K-26290IN-CP,K-11568IN-7B-CP,design_co_occurrence,71,"Both products appear in the same ""Elegance"" look on page 71.",high,false,
rel_2080,look_028,Elegance,K-26290IN-CP,K-99054IN-CP,design_co_occurrence,71,"Both products appear in the same ""Elegance"" look on page 71.",high,false,
rel_2081,look_028,Elegance,K-26290IN-CP,K-75201IN-CP,design_co_occurrence,71,"Both products appear in the same ""Elegance"" look on page 71.",high,false,
rel_2082,look_028,Elegance,K-27495IN-4FP-CP,K-27492IN-CP,design_co_occurrence,71,"Both products appear in the same ""Elegance"" look on page 71.",high,false,
rel_2083,look_028,Elegance,K-27495IN-4FP-CP,K-7314IN-CP,design_co_occurrence,71,"Both products appear in the same ""Elegance"" look on page 71.",high,false,
rel_2084,look_028,Elegance,K-27495IN-4FP-CP,K-26351IN-M-NA,design_co_occurrence,71,"Both products appear in the same ""Elegance"" look on page 71.",high,false,
rel_2085,look_028,Elegance,K-27495IN-4FP-CP,K-80158IN-9AV-CP,design_co_occurrence,71,"Both products appear in the same ""Elegance"" look on page 71.",high,false,
rel_2086,look_028,Elegance,K-27495IN-4FP-CP,K-20746IN-CP,design_co_occurrence,71,"Both products appear in the same ""Elegance"" look on page 71.",high,false,
rel_2087,look_028,Elegance,K-27495IN-4FP-CP,K-11568IN-7B-CP,design_co_occurrence,71,"Both products appear in the same ""Elegance"" look on page 71.",high,false,
rel_2088,look_028,Elegance,K-27495IN-4FP-CP,K-99054IN-CP,design_co_occurrence,71,"Both products appear in the same ""Elegance"" look on page 71.",high,false,
rel_2089,look_028,Elegance,K-27495IN-4FP-CP,K-75201IN-CP,design_co_occurrence,71,"Both products appear in the same ""Elegance"" look on page 71.",high,false,
rel_2090,look_028,Elegance,K-27492IN-CP,K-7314IN-CP,design_co_occurrence,71,"Both products appear in the same ""Elegance"" look on page 71.",high,false,
rel_2091,look_028,Elegance,K-27492IN-CP,K-26351IN-M-NA,design_co_occurrence,71,"Both products appear in the same ""Elegance"" look on page 71.",high,false,
rel_2092,look_028,Elegance,K-27492IN-CP,K-80158IN-9AV-CP,design_co_occurrence,71,"Both products appear in the same ""Elegance"" look on page 71.",high,false,
rel_2093,look_028,Elegance,K-27492IN-CP,K-20746IN-CP,design_co_occurrence,71,"Both products appear in the same ""Elegance"" look on page 71.",high,false,
rel_2094,look_028,Elegance,K-27492IN-CP,K-11568IN-7B-CP,design_co_occurrence,71,"Both products appear in the same ""Elegance"" look on page 71.",high,false,
rel_2095,look_028,Elegance,K-27492IN-CP,K-99054IN-CP,design_co_occurrence,71,"Both products appear in the same ""Elegance"" look on page 71.",high,false,
rel_2096,look_028,Elegance,K-27492IN-CP,K-75201IN-CP,design_co_occurrence,71,"Both products appear in the same ""Elegance"" look on page 71.",high,false,
rel_2097,look_028,Elegance,K-7314IN-CP,K-26351IN-M-NA,design_co_occurrence,71,"Both products appear in the same ""Elegance"" look on page 71.",high,false,
rel_2098,look_028,Elegance,K-7314IN-CP,K-80158IN-9AV-CP,design_co_occurrence,71,"Both products appear in the same ""Elegance"" look on page 71.",high,false,
rel_2099,look_028,Elegance,K-7314IN-CP,K-20746IN-CP,design_co_occurrence,71,"Both products appear in the same ""Elegance"" look on page 71.",high,false,
rel_2100,look_028,Elegance,K-7314IN-CP,K-11568IN-7B-CP,design_co_occurrence,71,"Both products appear in the same ""Elegance"" look on page 71.",high,false,
rel_2101,look_028,Elegance,K-7314IN-CP,K-99054IN-CP,design_co_occurrence,71,"Both products appear in the same ""Elegance"" look on page 71.",high,false,
rel_2102,look_028,Elegance,K-7314IN-CP,K-75201IN-CP,design_co_occurrence,71,"Both products appear in the same ""Elegance"" look on page 71.",high,false,
rel_2103,look_028,Elegance,K-26351IN-M-NA,K-80158IN-9AV-CP,design_co_occurrence,71,"Both products appear in the same ""Elegance"" look on page 71.",high,false,
rel_2104,look_028,Elegance,K-26351IN-M-NA,K-20746IN-CP,design_co_occurrence,71,"Both products appear in the same ""Elegance"" look on page 71.",high,false,
rel_2105,look_028,Elegance,K-26351IN-M-NA,K-11568IN-7B-CP,design_co_occurrence,71,"Both products appear in the same ""Elegance"" look on page 71.",high,false,
rel_2106,look_028,Elegance,K-26351IN-M-NA,K-99054IN-CP,design_co_occurrence,71,"Both products appear in the same ""Elegance"" look on page 71.",high,false,
rel_2107,look_028,Elegance,K-26351IN-M-NA,K-75201IN-CP,design_co_occurrence,71,"Both products appear in the same ""Elegance"" look on page 71.",high,false,
rel_2108,look_028,Elegance,K-80158IN-9AV-CP,K-20746IN-CP,design_co_occurrence,71,"Both products appear in the same ""Elegance"" look on page 71.",high,false,
rel_2109,look_028,Elegance,K-80158IN-9AV-CP,K-11568IN-7B-CP,design_co_occurrence,71,"Both products appear in the same ""Elegance"" look on page 71.",high,false,
rel_2110,look_028,Elegance,K-80158IN-9AV-CP,K-99054IN-CP,design_co_occurrence,71,"Both products appear in the same ""Elegance"" look on page 71.",high,false,
rel_2111,look_028,Elegance,K-80158IN-9AV-CP,K-75201IN-CP,design_co_occurrence,71,"Both products appear in the same ""Elegance"" look on page 71.",high,false,
rel_2112,look_028,Elegance,K-20746IN-CP,K-11568IN-7B-CP,design_co_occurrence,71,"Both products appear in the same ""Elegance"" look on page 71.",high,false,
rel_2113,look_028,Elegance,K-20746IN-CP,K-99054IN-CP,design_co_occurrence,71,"Both products appear in the same ""Elegance"" look on page 71.",high,false,
rel_2114,look_028,Elegance,K-20746IN-CP,K-75201IN-CP,design_co_occurrence,71,"Both products appear in the same ""Elegance"" look on page 71.",high,false,
rel_2115,look_028,Elegance,K-11568IN-7B-CP,K-99054IN-CP,design_co_occurrence,71,"Both products appear in the same ""Elegance"" look on page 71.",high,false,
rel_2116,look_028,Elegance,K-11568IN-7B-CP,K-75201IN-CP,design_co_occurrence,71,"Both products appear in the same ""Elegance"" look on page 71.",high,false,
rel_2117,look_028,Elegance,K-99054IN-CP,K-75201IN-CP,design_co_occurrence,71,"Both products appear in the same ""Elegance"" look on page 71.",high,false,
rel_2118,look_029,Elegance,K-27477IN-4ND-CP,K-34251IN-0,design_co_occurrence,73,"Both products appear in the same ""Elegance"" look on page 73.",high,false,
rel_2119,look_029,Elegance,K-27477IN-4ND-CP,K-28476IN-M-CP,design_co_occurrence,73,"Both products appear in the same ""Elegance"" look on page 73.",high,false,
rel_2120,look_029,Elegance,K-27477IN-4ND-CP,K-32410IN-0,design_co_occurrence,73,"Both products appear in the same ""Elegance"" look on page 73.",high,false,
rel_2121,look_029,Elegance,K-27477IN-4ND-CP,K-12927IN-CP,design_co_occurrence,73,"Both products appear in the same ""Elegance"" look on page 73.",high,false,
rel_2122,look_029,Elegance,K-27477IN-4ND-CP,K-24547IN-CP,design_co_occurrence,73,"Both products appear in the same ""Elegance"" look on page 73.",high,false,
rel_2123,look_029,Elegance,K-27477IN-4ND-CP,K-27495IN-4FP-CP,design_co_occurrence,73,"Both products appear in the same ""Elegance"" look on page 73.",high,false,
rel_2124,look_029,Elegance,K-27477IN-4ND-CP,K-27492IN-CP,design_co_occurrence,73,"Both products appear in the same ""Elegance"" look on page 73.",high,false,
rel_2125,look_029,Elegance,K-27477IN-4ND-CP,K-7314IN-CP,design_co_occurrence,73,"Both products appear in the same ""Elegance"" look on page 73.",high,false,
rel_2126,look_029,Elegance,K-27477IN-4ND-CP,K-26351IN-M-NA,design_co_occurrence,73,"Both products appear in the same ""Elegance"" look on page 73.",high,false,
rel_2127,look_029,Elegance,K-27477IN-4ND-CP,K-80158IN-9AV-CP,design_co_occurrence,73,"Both products appear in the same ""Elegance"" look on page 73.",high,false,
rel_2128,look_029,Elegance,K-27477IN-4ND-CP,K-20746IN-CP,design_co_occurrence,73,"Both products appear in the same ""Elegance"" look on page 73.",high,false,
rel_2129,look_029,Elegance,K-27477IN-4ND-CP,K-11568IN-7B-CP,design_co_occurrence,73,"Both products appear in the same ""Elegance"" look on page 73.",high,false,
rel_2130,look_029,Elegance,K-27477IN-4ND-CP,K-99054IN-CP,design_co_occurrence,73,"Both products appear in the same ""Elegance"" look on page 73.",high,false,
rel_2131,look_029,Elegance,K-27477IN-4ND-CP,K-75201IN-CP,design_co_occurrence,73,"Both products appear in the same ""Elegance"" look on page 73.",high,false,
rel_2132,look_029,Elegance,K-34251IN-0,K-28476IN-M-CP,design_co_occurrence,73,"Both products appear in the same ""Elegance"" look on page 73.",high,false,
rel_2133,look_029,Elegance,K-34251IN-0,K-32410IN-0,design_co_occurrence,73,"Both products appear in the same ""Elegance"" look on page 73.",high,false,
rel_2134,look_029,Elegance,K-34251IN-0,K-12927IN-CP,design_co_occurrence,73,"Both products appear in the same ""Elegance"" look on page 73.",high,false,
rel_2135,look_029,Elegance,K-34251IN-0,K-24547IN-CP,design_co_occurrence,73,"Both products appear in the same ""Elegance"" look on page 73.",high,false,
rel_2136,look_029,Elegance,K-34251IN-0,K-27495IN-4FP-CP,design_co_occurrence,73,"Both products appear in the same ""Elegance"" look on page 73.",high,false,
rel_2137,look_029,Elegance,K-34251IN-0,K-27492IN-CP,design_co_occurrence,73,"Both products appear in the same ""Elegance"" look on page 73.",high,false,
rel_2138,look_029,Elegance,K-34251IN-0,K-7314IN-CP,design_co_occurrence,73,"Both products appear in the same ""Elegance"" look on page 73.",high,false,
rel_2139,look_029,Elegance,K-34251IN-0,K-26351IN-M-NA,design_co_occurrence,73,"Both products appear in the same ""Elegance"" look on page 73.",high,false,
rel_2140,look_029,Elegance,K-34251IN-0,K-80158IN-9AV-CP,design_co_occurrence,73,"Both products appear in the same ""Elegance"" look on page 73.",high,false,
rel_2141,look_029,Elegance,K-34251IN-0,K-20746IN-CP,design_co_occurrence,73,"Both products appear in the same ""Elegance"" look on page 73.",high,false,
rel_2142,look_029,Elegance,K-34251IN-0,K-11568IN-7B-CP,design_co_occurrence,73,"Both products appear in the same ""Elegance"" look on page 73.",high,false,
rel_2143,look_029,Elegance,K-34251IN-0,K-99054IN-CP,design_co_occurrence,73,"Both products appear in the same ""Elegance"" look on page 73.",high,false,
rel_2144,look_029,Elegance,K-34251IN-0,K-75201IN-CP,design_co_occurrence,73,"Both products appear in the same ""Elegance"" look on page 73.",high,false,
rel_2145,look_029,Elegance,K-28476IN-M-CP,K-32410IN-0,design_co_occurrence,73,"Both products appear in the same ""Elegance"" look on page 73.",high,false,
rel_2146,look_029,Elegance,K-28476IN-M-CP,K-12927IN-CP,design_co_occurrence,73,"Both products appear in the same ""Elegance"" look on page 73.",high,false,
rel_2147,look_029,Elegance,K-28476IN-M-CP,K-24547IN-CP,design_co_occurrence,73,"Both products appear in the same ""Elegance"" look on page 73.",high,false,
rel_2148,look_029,Elegance,K-28476IN-M-CP,K-27495IN-4FP-CP,design_co_occurrence,73,"Both products appear in the same ""Elegance"" look on page 73.",high,false,
rel_2149,look_029,Elegance,K-28476IN-M-CP,K-27492IN-CP,design_co_occurrence,73,"Both products appear in the same ""Elegance"" look on page 73.",high,false,
rel_2150,look_029,Elegance,K-28476IN-M-CP,K-7314IN-CP,design_co_occurrence,73,"Both products appear in the same ""Elegance"" look on page 73.",high,false,
rel_2151,look_029,Elegance,K-28476IN-M-CP,K-26351IN-M-NA,design_co_occurrence,73,"Both products appear in the same ""Elegance"" look on page 73.",high,false,
rel_2152,look_029,Elegance,K-28476IN-M-CP,K-80158IN-9AV-CP,design_co_occurrence,73,"Both products appear in the same ""Elegance"" look on page 73.",high,false,
rel_2153,look_029,Elegance,K-28476IN-M-CP,K-20746IN-CP,design_co_occurrence,73,"Both products appear in the same ""Elegance"" look on page 73.",high,false,
rel_2154,look_029,Elegance,K-28476IN-M-CP,K-11568IN-7B-CP,design_co_occurrence,73,"Both products appear in the same ""Elegance"" look on page 73.",high,false,
rel_2155,look_029,Elegance,K-28476IN-M-CP,K-99054IN-CP,design_co_occurrence,73,"Both products appear in the same ""Elegance"" look on page 73.",high,false,
rel_2156,look_029,Elegance,K-28476IN-M-CP,K-75201IN-CP,design_co_occurrence,73,"Both products appear in the same ""Elegance"" look on page 73.",high,false,
rel_2157,look_029,Elegance,K-32410IN-0,K-12927IN-CP,design_co_occurrence,73,"Both products appear in the same ""Elegance"" look on page 73.",high,false,
rel_2158,look_029,Elegance,K-32410IN-0,K-24547IN-CP,design_co_occurrence,73,"Both products appear in the same ""Elegance"" look on page 73.",high,false,
rel_2159,look_029,Elegance,K-32410IN-0,K-27495IN-4FP-CP,design_co_occurrence,73,"Both products appear in the same ""Elegance"" look on page 73.",high,false,
rel_2160,look_029,Elegance,K-32410IN-0,K-27492IN-CP,design_co_occurrence,73,"Both products appear in the same ""Elegance"" look on page 73.",high,false,
rel_2161,look_029,Elegance,K-32410IN-0,K-7314IN-CP,design_co_occurrence,73,"Both products appear in the same ""Elegance"" look on page 73.",high,false,
rel_2162,look_029,Elegance,K-32410IN-0,K-26351IN-M-NA,design_co_occurrence,73,"Both products appear in the same ""Elegance"" look on page 73.",high,false,
rel_2163,look_029,Elegance,K-32410IN-0,K-80158IN-9AV-CP,design_co_occurrence,73,"Both products appear in the same ""Elegance"" look on page 73.",high,false,
rel_2164,look_029,Elegance,K-32410IN-0,K-20746IN-CP,design_co_occurrence,73,"Both products appear in the same ""Elegance"" look on page 73.",high,false,
rel_2165,look_029,Elegance,K-32410IN-0,K-11568IN-7B-CP,design_co_occurrence,73,"Both products appear in the same ""Elegance"" look on page 73.",high,false,
rel_2166,look_029,Elegance,K-32410IN-0,K-99054IN-CP,design_co_occurrence,73,"Both products appear in the same ""Elegance"" look on page 73.",high,false,
rel_2167,look_029,Elegance,K-32410IN-0,K-75201IN-CP,design_co_occurrence,73,"Both products appear in the same ""Elegance"" look on page 73.",high,false,
rel_2168,look_029,Elegance,K-12927IN-CP,K-24547IN-CP,design_co_occurrence,73,"Both products appear in the same ""Elegance"" look on page 73.",high,false,
rel_2169,look_029,Elegance,K-12927IN-CP,K-27495IN-4FP-CP,design_co_occurrence,73,"Both products appear in the same ""Elegance"" look on page 73.",high,false,
rel_2170,look_029,Elegance,K-12927IN-CP,K-27492IN-CP,design_co_occurrence,73,"Both products appear in the same ""Elegance"" look on page 73.",high,false,
rel_2171,look_029,Elegance,K-12927IN-CP,K-7314IN-CP,design_co_occurrence,73,"Both products appear in the same ""Elegance"" look on page 73.",high,false,
rel_2172,look_029,Elegance,K-12927IN-CP,K-26351IN-M-NA,design_co_occurrence,73,"Both products appear in the same ""Elegance"" look on page 73.",high,false,
rel_2173,look_029,Elegance,K-12927IN-CP,K-80158IN-9AV-CP,design_co_occurrence,73,"Both products appear in the same ""Elegance"" look on page 73.",high,false,
rel_2174,look_029,Elegance,K-12927IN-CP,K-20746IN-CP,design_co_occurrence,73,"Both products appear in the same ""Elegance"" look on page 73.",high,false,
rel_2175,look_029,Elegance,K-12927IN-CP,K-11568IN-7B-CP,design_co_occurrence,73,"Both products appear in the same ""Elegance"" look on page 73.",high,false,
rel_2176,look_029,Elegance,K-12927IN-CP,K-99054IN-CP,design_co_occurrence,73,"Both products appear in the same ""Elegance"" look on page 73.",high,false,
rel_2177,look_029,Elegance,K-12927IN-CP,K-75201IN-CP,design_co_occurrence,73,"Both products appear in the same ""Elegance"" look on page 73.",high,false,
rel_2178,look_029,Elegance,K-24547IN-CP,K-27495IN-4FP-CP,design_co_occurrence,73,"Both products appear in the same ""Elegance"" look on page 73.",high,false,
rel_2179,look_029,Elegance,K-24547IN-CP,K-27492IN-CP,design_co_occurrence,73,"Both products appear in the same ""Elegance"" look on page 73.",high,false,
rel_2180,look_029,Elegance,K-24547IN-CP,K-7314IN-CP,design_co_occurrence,73,"Both products appear in the same ""Elegance"" look on page 73.",high,false,
rel_2181,look_029,Elegance,K-24547IN-CP,K-26351IN-M-NA,design_co_occurrence,73,"Both products appear in the same ""Elegance"" look on page 73.",high,false,
rel_2182,look_029,Elegance,K-24547IN-CP,K-80158IN-9AV-CP,design_co_occurrence,73,"Both products appear in the same ""Elegance"" look on page 73.",high,false,
rel_2183,look_029,Elegance,K-24547IN-CP,K-20746IN-CP,design_co_occurrence,73,"Both products appear in the same ""Elegance"" look on page 73.",high,false,
rel_2184,look_029,Elegance,K-24547IN-CP,K-11568IN-7B-CP,design_co_occurrence,73,"Both products appear in the same ""Elegance"" look on page 73.",high,false,
rel_2185,look_029,Elegance,K-24547IN-CP,K-99054IN-CP,design_co_occurrence,73,"Both products appear in the same ""Elegance"" look on page 73.",high,false,
rel_2186,look_029,Elegance,K-24547IN-CP,K-75201IN-CP,design_co_occurrence,73,"Both products appear in the same ""Elegance"" look on page 73.",high,false,
rel_2187,look_029,Elegance,K-27495IN-4FP-CP,K-27492IN-CP,design_co_occurrence,73,"Both products appear in the same ""Elegance"" look on page 73.",high,false,
rel_2188,look_029,Elegance,K-27495IN-4FP-CP,K-7314IN-CP,design_co_occurrence,73,"Both products appear in the same ""Elegance"" look on page 73.",high,false,
rel_2189,look_029,Elegance,K-27495IN-4FP-CP,K-26351IN-M-NA,design_co_occurrence,73,"Both products appear in the same ""Elegance"" look on page 73.",high,false,
rel_2190,look_029,Elegance,K-27495IN-4FP-CP,K-80158IN-9AV-CP,design_co_occurrence,73,"Both products appear in the same ""Elegance"" look on page 73.",high,false,
rel_2191,look_029,Elegance,K-27495IN-4FP-CP,K-20746IN-CP,design_co_occurrence,73,"Both products appear in the same ""Elegance"" look on page 73.",high,false,
rel_2192,look_029,Elegance,K-27495IN-4FP-CP,K-11568IN-7B-CP,design_co_occurrence,73,"Both products appear in the same ""Elegance"" look on page 73.",high,false,
rel_2193,look_029,Elegance,K-27495IN-4FP-CP,K-99054IN-CP,design_co_occurrence,73,"Both products appear in the same ""Elegance"" look on page 73.",high,false,
rel_2194,look_029,Elegance,K-27495IN-4FP-CP,K-75201IN-CP,design_co_occurrence,73,"Both products appear in the same ""Elegance"" look on page 73.",high,false,
rel_2195,look_029,Elegance,K-27492IN-CP,K-7314IN-CP,design_co_occurrence,73,"Both products appear in the same ""Elegance"" look on page 73.",high,false,
rel_2196,look_029,Elegance,K-27492IN-CP,K-26351IN-M-NA,design_co_occurrence,73,"Both products appear in the same ""Elegance"" look on page 73.",high,false,
rel_2197,look_029,Elegance,K-27492IN-CP,K-80158IN-9AV-CP,design_co_occurrence,73,"Both products appear in the same ""Elegance"" look on page 73.",high,false,
rel_2198,look_029,Elegance,K-27492IN-CP,K-20746IN-CP,design_co_occurrence,73,"Both products appear in the same ""Elegance"" look on page 73.",high,false,
rel_2199,look_029,Elegance,K-27492IN-CP,K-11568IN-7B-CP,design_co_occurrence,73,"Both products appear in the same ""Elegance"" look on page 73.",high,false,
rel_2200,look_029,Elegance,K-27492IN-CP,K-99054IN-CP,design_co_occurrence,73,"Both products appear in the same ""Elegance"" look on page 73.",high,false,
rel_2201,look_029,Elegance,K-27492IN-CP,K-75201IN-CP,design_co_occurrence,73,"Both products appear in the same ""Elegance"" look on page 73.",high,false,
rel_2202,look_029,Elegance,K-7314IN-CP,K-26351IN-M-NA,design_co_occurrence,73,"Both products appear in the same ""Elegance"" look on page 73.",high,false,
rel_2203,look_029,Elegance,K-7314IN-CP,K-80158IN-9AV-CP,design_co_occurrence,73,"Both products appear in the same ""Elegance"" look on page 73.",high,false,
rel_2204,look_029,Elegance,K-7314IN-CP,K-20746IN-CP,design_co_occurrence,73,"Both products appear in the same ""Elegance"" look on page 73.",high,false,
rel_2205,look_029,Elegance,K-7314IN-CP,K-11568IN-7B-CP,design_co_occurrence,73,"Both products appear in the same ""Elegance"" look on page 73.",high,false,
rel_2206,look_029,Elegance,K-7314IN-CP,K-99054IN-CP,design_co_occurrence,73,"Both products appear in the same ""Elegance"" look on page 73.",high,false,
rel_2207,look_029,Elegance,K-7314IN-CP,K-75201IN-CP,design_co_occurrence,73,"Both products appear in the same ""Elegance"" look on page 73.",high,false,
rel_2208,look_029,Elegance,K-26351IN-M-NA,K-80158IN-9AV-CP,design_co_occurrence,73,"Both products appear in the same ""Elegance"" look on page 73.",high,false,
rel_2209,look_029,Elegance,K-26351IN-M-NA,K-20746IN-CP,design_co_occurrence,73,"Both products appear in the same ""Elegance"" look on page 73.",high,false,
rel_2210,look_029,Elegance,K-26351IN-M-NA,K-11568IN-7B-CP,design_co_occurrence,73,"Both products appear in the same ""Elegance"" look on page 73.",high,false,
rel_2211,look_029,Elegance,K-26351IN-M-NA,K-99054IN-CP,design_co_occurrence,73,"Both products appear in the same ""Elegance"" look on page 73.",high,false,
rel_2212,look_029,Elegance,K-26351IN-M-NA,K-75201IN-CP,design_co_occurrence,73,"Both products appear in the same ""Elegance"" look on page 73.",high,false,
rel_2213,look_029,Elegance,K-80158IN-9AV-CP,K-20746IN-CP,design_co_occurrence,73,"Both products appear in the same ""Elegance"" look on page 73.",high,false,
rel_2214,look_029,Elegance,K-80158IN-9AV-CP,K-11568IN-7B-CP,design_co_occurrence,73,"Both products appear in the same ""Elegance"" look on page 73.",high,false,
rel_2215,look_029,Elegance,K-80158IN-9AV-CP,K-99054IN-CP,design_co_occurrence,73,"Both products appear in the same ""Elegance"" look on page 73.",high,false,
rel_2216,look_029,Elegance,K-80158IN-9AV-CP,K-75201IN-CP,design_co_occurrence,73,"Both products appear in the same ""Elegance"" look on page 73.",high,false,
rel_2217,look_029,Elegance,K-20746IN-CP,K-11568IN-7B-CP,design_co_occurrence,73,"Both products appear in the same ""Elegance"" look on page 73.",high,false,
rel_2218,look_029,Elegance,K-20746IN-CP,K-99054IN-CP,design_co_occurrence,73,"Both products appear in the same ""Elegance"" look on page 73.",high,false,
rel_2219,look_029,Elegance,K-20746IN-CP,K-75201IN-CP,design_co_occurrence,73,"Both products appear in the same ""Elegance"" look on page 73.",high,false,
rel_2220,look_029,Elegance,K-11568IN-7B-CP,K-99054IN-CP,design_co_occurrence,73,"Both products appear in the same ""Elegance"" look on page 73.",high,false,
rel_2221,look_029,Elegance,K-11568IN-7B-CP,K-75201IN-CP,design_co_occurrence,73,"Both products appear in the same ""Elegance"" look on page 73.",high,false,
rel_2222,look_029,Elegance,K-99054IN-CP,K-75201IN-CP,design_co_occurrence,73,"Both products appear in the same ""Elegance"" look on page 73.",high,false,
rel_2223,look_030,Elegance,K-27478IN-4ND-CP,K-34251IN-0,design_co_occurrence,75,"Both products appear in the same ""Elegance"" look on page 75.",high,false,
rel_2224,look_030,Elegance,K-27478IN-4ND-CP,K-28476IN-M-CP,design_co_occurrence,75,"Both products appear in the same ""Elegance"" look on page 75.",high,false,
rel_2225,look_030,Elegance,K-27478IN-4ND-CP,K-32410IN-0,design_co_occurrence,75,"Both products appear in the same ""Elegance"" look on page 75.",high,false,
rel_2226,look_030,Elegance,K-27478IN-4ND-CP,K-12927IN-CP,design_co_occurrence,75,"Both products appear in the same ""Elegance"" look on page 75.",high,false,
rel_2227,look_030,Elegance,K-27478IN-4ND-CP,K-24547IN-CP,design_co_occurrence,75,"Both products appear in the same ""Elegance"" look on page 75.",high,false,
rel_2228,look_030,Elegance,K-27478IN-4ND-CP,K-27496IN-4FP-CP,design_co_occurrence,75,"Both products appear in the same ""Elegance"" look on page 75.",high,false,
rel_2229,look_030,Elegance,K-27478IN-4ND-CP,K-27492IN-CP,design_co_occurrence,75,"Both products appear in the same ""Elegance"" look on page 75.",high,false,
rel_2230,look_030,Elegance,K-27478IN-4ND-CP,K-7314IN-CP,design_co_occurrence,75,"Both products appear in the same ""Elegance"" look on page 75.",high,false,
rel_2231,look_030,Elegance,K-27478IN-4ND-CP,K-26351IN-M-NA,design_co_occurrence,75,"Both products appear in the same ""Elegance"" look on page 75.",high,false,
rel_2232,look_030,Elegance,K-27478IN-4ND-CP,K-80158IN-9AV-CP,design_co_occurrence,75,"Both products appear in the same ""Elegance"" look on page 75.",high,false,
rel_2233,look_030,Elegance,K-27478IN-4ND-CP,K-20746IN-CP,design_co_occurrence,75,"Both products appear in the same ""Elegance"" look on page 75.",high,false,
rel_2234,look_030,Elegance,K-27478IN-4ND-CP,K-11568IN-7B-CP,design_co_occurrence,75,"Both products appear in the same ""Elegance"" look on page 75.",high,false,
rel_2235,look_030,Elegance,K-27478IN-4ND-CP,K-99054IN-CP,design_co_occurrence,75,"Both products appear in the same ""Elegance"" look on page 75.",high,false,
rel_2236,look_030,Elegance,K-27478IN-4ND-CP,K-75201IN-CP,design_co_occurrence,75,"Both products appear in the same ""Elegance"" look on page 75.",high,false,
rel_2237,look_030,Elegance,K-34251IN-0,K-28476IN-M-CP,design_co_occurrence,75,"Both products appear in the same ""Elegance"" look on page 75.",high,false,
rel_2238,look_030,Elegance,K-34251IN-0,K-32410IN-0,design_co_occurrence,75,"Both products appear in the same ""Elegance"" look on page 75.",high,false,
rel_2239,look_030,Elegance,K-34251IN-0,K-12927IN-CP,design_co_occurrence,75,"Both products appear in the same ""Elegance"" look on page 75.",high,false,
rel_2240,look_030,Elegance,K-34251IN-0,K-24547IN-CP,design_co_occurrence,75,"Both products appear in the same ""Elegance"" look on page 75.",high,false,
rel_2241,look_030,Elegance,K-34251IN-0,K-27496IN-4FP-CP,design_co_occurrence,75,"Both products appear in the same ""Elegance"" look on page 75.",high,false,
rel_2242,look_030,Elegance,K-34251IN-0,K-27492IN-CP,design_co_occurrence,75,"Both products appear in the same ""Elegance"" look on page 75.",high,false,
rel_2243,look_030,Elegance,K-34251IN-0,K-7314IN-CP,design_co_occurrence,75,"Both products appear in the same ""Elegance"" look on page 75.",high,false,
rel_2244,look_030,Elegance,K-34251IN-0,K-26351IN-M-NA,design_co_occurrence,75,"Both products appear in the same ""Elegance"" look on page 75.",high,false,
rel_2245,look_030,Elegance,K-34251IN-0,K-80158IN-9AV-CP,design_co_occurrence,75,"Both products appear in the same ""Elegance"" look on page 75.",high,false,
rel_2246,look_030,Elegance,K-34251IN-0,K-20746IN-CP,design_co_occurrence,75,"Both products appear in the same ""Elegance"" look on page 75.",high,false,
rel_2247,look_030,Elegance,K-34251IN-0,K-11568IN-7B-CP,design_co_occurrence,75,"Both products appear in the same ""Elegance"" look on page 75.",high,false,
rel_2248,look_030,Elegance,K-34251IN-0,K-99054IN-CP,design_co_occurrence,75,"Both products appear in the same ""Elegance"" look on page 75.",high,false,
rel_2249,look_030,Elegance,K-34251IN-0,K-75201IN-CP,design_co_occurrence,75,"Both products appear in the same ""Elegance"" look on page 75.",high,false,
rel_2250,look_030,Elegance,K-28476IN-M-CP,K-32410IN-0,design_co_occurrence,75,"Both products appear in the same ""Elegance"" look on page 75.",high,false,
rel_2251,look_030,Elegance,K-28476IN-M-CP,K-12927IN-CP,design_co_occurrence,75,"Both products appear in the same ""Elegance"" look on page 75.",high,false,
rel_2252,look_030,Elegance,K-28476IN-M-CP,K-24547IN-CP,design_co_occurrence,75,"Both products appear in the same ""Elegance"" look on page 75.",high,false,
rel_2253,look_030,Elegance,K-28476IN-M-CP,K-27496IN-4FP-CP,design_co_occurrence,75,"Both products appear in the same ""Elegance"" look on page 75.",high,false,
rel_2254,look_030,Elegance,K-28476IN-M-CP,K-27492IN-CP,design_co_occurrence,75,"Both products appear in the same ""Elegance"" look on page 75.",high,false,
rel_2255,look_030,Elegance,K-28476IN-M-CP,K-7314IN-CP,design_co_occurrence,75,"Both products appear in the same ""Elegance"" look on page 75.",high,false,
rel_2256,look_030,Elegance,K-28476IN-M-CP,K-26351IN-M-NA,design_co_occurrence,75,"Both products appear in the same ""Elegance"" look on page 75.",high,false,
rel_2257,look_030,Elegance,K-28476IN-M-CP,K-80158IN-9AV-CP,design_co_occurrence,75,"Both products appear in the same ""Elegance"" look on page 75.",high,false,
rel_2258,look_030,Elegance,K-28476IN-M-CP,K-20746IN-CP,design_co_occurrence,75,"Both products appear in the same ""Elegance"" look on page 75.",high,false,
rel_2259,look_030,Elegance,K-28476IN-M-CP,K-11568IN-7B-CP,design_co_occurrence,75,"Both products appear in the same ""Elegance"" look on page 75.",high,false,
rel_2260,look_030,Elegance,K-28476IN-M-CP,K-99054IN-CP,design_co_occurrence,75,"Both products appear in the same ""Elegance"" look on page 75.",high,false,
rel_2261,look_030,Elegance,K-28476IN-M-CP,K-75201IN-CP,design_co_occurrence,75,"Both products appear in the same ""Elegance"" look on page 75.",high,false,
rel_2262,look_030,Elegance,K-32410IN-0,K-12927IN-CP,design_co_occurrence,75,"Both products appear in the same ""Elegance"" look on page 75.",high,false,
rel_2263,look_030,Elegance,K-32410IN-0,K-24547IN-CP,design_co_occurrence,75,"Both products appear in the same ""Elegance"" look on page 75.",high,false,
rel_2264,look_030,Elegance,K-32410IN-0,K-27496IN-4FP-CP,design_co_occurrence,75,"Both products appear in the same ""Elegance"" look on page 75.",high,false,
rel_2265,look_030,Elegance,K-32410IN-0,K-27492IN-CP,design_co_occurrence,75,"Both products appear in the same ""Elegance"" look on page 75.",high,false,
rel_2266,look_030,Elegance,K-32410IN-0,K-7314IN-CP,design_co_occurrence,75,"Both products appear in the same ""Elegance"" look on page 75.",high,false,
rel_2267,look_030,Elegance,K-32410IN-0,K-26351IN-M-NA,design_co_occurrence,75,"Both products appear in the same ""Elegance"" look on page 75.",high,false,
rel_2268,look_030,Elegance,K-32410IN-0,K-80158IN-9AV-CP,design_co_occurrence,75,"Both products appear in the same ""Elegance"" look on page 75.",high,false,
rel_2269,look_030,Elegance,K-32410IN-0,K-20746IN-CP,design_co_occurrence,75,"Both products appear in the same ""Elegance"" look on page 75.",high,false,
rel_2270,look_030,Elegance,K-32410IN-0,K-11568IN-7B-CP,design_co_occurrence,75,"Both products appear in the same ""Elegance"" look on page 75.",high,false,
rel_2271,look_030,Elegance,K-32410IN-0,K-99054IN-CP,design_co_occurrence,75,"Both products appear in the same ""Elegance"" look on page 75.",high,false,
rel_2272,look_030,Elegance,K-32410IN-0,K-75201IN-CP,design_co_occurrence,75,"Both products appear in the same ""Elegance"" look on page 75.",high,false,
rel_2273,look_030,Elegance,K-12927IN-CP,K-24547IN-CP,design_co_occurrence,75,"Both products appear in the same ""Elegance"" look on page 75.",high,false,
rel_2274,look_030,Elegance,K-12927IN-CP,K-27496IN-4FP-CP,design_co_occurrence,75,"Both products appear in the same ""Elegance"" look on page 75.",high,false,
rel_2275,look_030,Elegance,K-12927IN-CP,K-27492IN-CP,design_co_occurrence,75,"Both products appear in the same ""Elegance"" look on page 75.",high,false,
rel_2276,look_030,Elegance,K-12927IN-CP,K-7314IN-CP,design_co_occurrence,75,"Both products appear in the same ""Elegance"" look on page 75.",high,false,
rel_2277,look_030,Elegance,K-12927IN-CP,K-26351IN-M-NA,design_co_occurrence,75,"Both products appear in the same ""Elegance"" look on page 75.",high,false,
rel_2278,look_030,Elegance,K-12927IN-CP,K-80158IN-9AV-CP,design_co_occurrence,75,"Both products appear in the same ""Elegance"" look on page 75.",high,false,
rel_2279,look_030,Elegance,K-12927IN-CP,K-20746IN-CP,design_co_occurrence,75,"Both products appear in the same ""Elegance"" look on page 75.",high,false,
rel_2280,look_030,Elegance,K-12927IN-CP,K-11568IN-7B-CP,design_co_occurrence,75,"Both products appear in the same ""Elegance"" look on page 75.",high,false,
rel_2281,look_030,Elegance,K-12927IN-CP,K-99054IN-CP,design_co_occurrence,75,"Both products appear in the same ""Elegance"" look on page 75.",high,false,
rel_2282,look_030,Elegance,K-12927IN-CP,K-75201IN-CP,design_co_occurrence,75,"Both products appear in the same ""Elegance"" look on page 75.",high,false,
rel_2283,look_030,Elegance,K-24547IN-CP,K-27496IN-4FP-CP,design_co_occurrence,75,"Both products appear in the same ""Elegance"" look on page 75.",high,false,
rel_2284,look_030,Elegance,K-24547IN-CP,K-27492IN-CP,design_co_occurrence,75,"Both products appear in the same ""Elegance"" look on page 75.",high,false,
rel_2285,look_030,Elegance,K-24547IN-CP,K-7314IN-CP,design_co_occurrence,75,"Both products appear in the same ""Elegance"" look on page 75.",high,false,
rel_2286,look_030,Elegance,K-24547IN-CP,K-26351IN-M-NA,design_co_occurrence,75,"Both products appear in the same ""Elegance"" look on page 75.",high,false,
rel_2287,look_030,Elegance,K-24547IN-CP,K-80158IN-9AV-CP,design_co_occurrence,75,"Both products appear in the same ""Elegance"" look on page 75.",high,false,
rel_2288,look_030,Elegance,K-24547IN-CP,K-20746IN-CP,design_co_occurrence,75,"Both products appear in the same ""Elegance"" look on page 75.",high,false,
rel_2289,look_030,Elegance,K-24547IN-CP,K-11568IN-7B-CP,design_co_occurrence,75,"Both products appear in the same ""Elegance"" look on page 75.",high,false,
rel_2290,look_030,Elegance,K-24547IN-CP,K-99054IN-CP,design_co_occurrence,75,"Both products appear in the same ""Elegance"" look on page 75.",high,false,
rel_2291,look_030,Elegance,K-24547IN-CP,K-75201IN-CP,design_co_occurrence,75,"Both products appear in the same ""Elegance"" look on page 75.",high,false,
rel_2292,look_030,Elegance,K-27496IN-4FP-CP,K-27492IN-CP,design_co_occurrence,75,"Both products appear in the same ""Elegance"" look on page 75.",high,false,
rel_2293,look_030,Elegance,K-27496IN-4FP-CP,K-7314IN-CP,design_co_occurrence,75,"Both products appear in the same ""Elegance"" look on page 75.",high,false,
rel_2294,look_030,Elegance,K-27496IN-4FP-CP,K-26351IN-M-NA,design_co_occurrence,75,"Both products appear in the same ""Elegance"" look on page 75.",high,false,
rel_2295,look_030,Elegance,K-27496IN-4FP-CP,K-80158IN-9AV-CP,design_co_occurrence,75,"Both products appear in the same ""Elegance"" look on page 75.",high,false,
rel_2296,look_030,Elegance,K-27496IN-4FP-CP,K-20746IN-CP,design_co_occurrence,75,"Both products appear in the same ""Elegance"" look on page 75.",high,false,
rel_2297,look_030,Elegance,K-27496IN-4FP-CP,K-11568IN-7B-CP,design_co_occurrence,75,"Both products appear in the same ""Elegance"" look on page 75.",high,false,
rel_2298,look_030,Elegance,K-27496IN-4FP-CP,K-99054IN-CP,design_co_occurrence,75,"Both products appear in the same ""Elegance"" look on page 75.",high,false,
rel_2299,look_030,Elegance,K-27496IN-4FP-CP,K-75201IN-CP,design_co_occurrence,75,"Both products appear in the same ""Elegance"" look on page 75.",high,false,
rel_2300,look_030,Elegance,K-27492IN-CP,K-7314IN-CP,design_co_occurrence,75,"Both products appear in the same ""Elegance"" look on page 75.",high,false,
rel_2301,look_030,Elegance,K-27492IN-CP,K-26351IN-M-NA,design_co_occurrence,75,"Both products appear in the same ""Elegance"" look on page 75.",high,false,
rel_2302,look_030,Elegance,K-27492IN-CP,K-80158IN-9AV-CP,design_co_occurrence,75,"Both products appear in the same ""Elegance"" look on page 75.",high,false,
rel_2303,look_030,Elegance,K-27492IN-CP,K-20746IN-CP,design_co_occurrence,75,"Both products appear in the same ""Elegance"" look on page 75.",high,false,
rel_2304,look_030,Elegance,K-27492IN-CP,K-11568IN-7B-CP,design_co_occurrence,75,"Both products appear in the same ""Elegance"" look on page 75.",high,false,
rel_2305,look_030,Elegance,K-27492IN-CP,K-99054IN-CP,design_co_occurrence,75,"Both products appear in the same ""Elegance"" look on page 75.",high,false,
rel_2306,look_030,Elegance,K-27492IN-CP,K-75201IN-CP,design_co_occurrence,75,"Both products appear in the same ""Elegance"" look on page 75.",high,false,
rel_2307,look_030,Elegance,K-7314IN-CP,K-26351IN-M-NA,design_co_occurrence,75,"Both products appear in the same ""Elegance"" look on page 75.",high,false,
rel_2308,look_030,Elegance,K-7314IN-CP,K-80158IN-9AV-CP,design_co_occurrence,75,"Both products appear in the same ""Elegance"" look on page 75.",high,false,
rel_2309,look_030,Elegance,K-7314IN-CP,K-20746IN-CP,design_co_occurrence,75,"Both products appear in the same ""Elegance"" look on page 75.",high,false,
rel_2310,look_030,Elegance,K-7314IN-CP,K-11568IN-7B-CP,design_co_occurrence,75,"Both products appear in the same ""Elegance"" look on page 75.",high,false,
rel_2311,look_030,Elegance,K-7314IN-CP,K-99054IN-CP,design_co_occurrence,75,"Both products appear in the same ""Elegance"" look on page 75.",high,false,
rel_2312,look_030,Elegance,K-7314IN-CP,K-75201IN-CP,design_co_occurrence,75,"Both products appear in the same ""Elegance"" look on page 75.",high,false,
rel_2313,look_030,Elegance,K-26351IN-M-NA,K-80158IN-9AV-CP,design_co_occurrence,75,"Both products appear in the same ""Elegance"" look on page 75.",high,false,
rel_2314,look_030,Elegance,K-26351IN-M-NA,K-20746IN-CP,design_co_occurrence,75,"Both products appear in the same ""Elegance"" look on page 75.",high,false,
rel_2315,look_030,Elegance,K-26351IN-M-NA,K-11568IN-7B-CP,design_co_occurrence,75,"Both products appear in the same ""Elegance"" look on page 75.",high,false,
rel_2316,look_030,Elegance,K-26351IN-M-NA,K-99054IN-CP,design_co_occurrence,75,"Both products appear in the same ""Elegance"" look on page 75.",high,false,
rel_2317,look_030,Elegance,K-26351IN-M-NA,K-75201IN-CP,design_co_occurrence,75,"Both products appear in the same ""Elegance"" look on page 75.",high,false,
rel_2318,look_030,Elegance,K-80158IN-9AV-CP,K-20746IN-CP,design_co_occurrence,75,"Both products appear in the same ""Elegance"" look on page 75.",high,false,
rel_2319,look_030,Elegance,K-80158IN-9AV-CP,K-11568IN-7B-CP,design_co_occurrence,75,"Both products appear in the same ""Elegance"" look on page 75.",high,false,
rel_2320,look_030,Elegance,K-80158IN-9AV-CP,K-99054IN-CP,design_co_occurrence,75,"Both products appear in the same ""Elegance"" look on page 75.",high,false,
rel_2321,look_030,Elegance,K-80158IN-9AV-CP,K-75201IN-CP,design_co_occurrence,75,"Both products appear in the same ""Elegance"" look on page 75.",high,false,
rel_2322,look_030,Elegance,K-20746IN-CP,K-11568IN-7B-CP,design_co_occurrence,75,"Both products appear in the same ""Elegance"" look on page 75.",high,false,
rel_2323,look_030,Elegance,K-20746IN-CP,K-99054IN-CP,design_co_occurrence,75,"Both products appear in the same ""Elegance"" look on page 75.",high,false,
rel_2324,look_030,Elegance,K-20746IN-CP,K-75201IN-CP,design_co_occurrence,75,"Both products appear in the same ""Elegance"" look on page 75.",high,false,
rel_2325,look_030,Elegance,K-11568IN-7B-CP,K-99054IN-CP,design_co_occurrence,75,"Both products appear in the same ""Elegance"" look on page 75.",high,false,
rel_2326,look_030,Elegance,K-11568IN-7B-CP,K-75201IN-CP,design_co_occurrence,75,"Both products appear in the same ""Elegance"" look on page 75.",high,false,
rel_2327,look_030,Elegance,K-99054IN-CP,K-75201IN-CP,design_co_occurrence,75,"Both products appear in the same ""Elegance"" look on page 75.",high,false,
rel_2328,look_031,Elegance,K-27478IN-4ND-CP,K-34251IN-0,design_co_occurrence,77,"Both products appear in the same ""Elegance"" look on page 77.",high,false,
rel_2329,look_031,Elegance,K-27478IN-4ND-CP,K-28476IN-M-CP,design_co_occurrence,77,"Both products appear in the same ""Elegance"" look on page 77.",high,false,
rel_2330,look_031,Elegance,K-27478IN-4ND-CP,K-32410IN-0,design_co_occurrence,77,"Both products appear in the same ""Elegance"" look on page 77.",high,false,
rel_2331,look_031,Elegance,K-27478IN-4ND-CP,K-12927IN-CP,design_co_occurrence,77,"Both products appear in the same ""Elegance"" look on page 77.",high,false,
rel_2332,look_031,Elegance,K-27478IN-4ND-CP,K-26290IN-CP,design_co_occurrence,77,"Both products appear in the same ""Elegance"" look on page 77.",high,false,
rel_2333,look_031,Elegance,K-27478IN-4ND-CP,K-27496IN-4FP-CP,design_co_occurrence,77,"Both products appear in the same ""Elegance"" look on page 77.",high,false,
rel_2334,look_031,Elegance,K-27478IN-4ND-CP,K-27494IN-CP,design_co_occurrence,77,"Both products appear in the same ""Elegance"" look on page 77.",high,false,
rel_2335,look_031,Elegance,K-27478IN-4ND-CP,K-7314IN-CP,design_co_occurrence,77,"Both products appear in the same ""Elegance"" look on page 77.",high,false,
rel_2336,look_031,Elegance,K-27478IN-4ND-CP,K-26351IN-M-NA,design_co_occurrence,77,"Both products appear in the same ""Elegance"" look on page 77.",high,false,
rel_2337,look_031,Elegance,K-27478IN-4ND-CP,K-80158IN-9AV-CP,design_co_occurrence,77,"Both products appear in the same ""Elegance"" look on page 77.",high,false,
rel_2338,look_031,Elegance,K-27478IN-4ND-CP,K-20746IN-CP,design_co_occurrence,77,"Both products appear in the same ""Elegance"" look on page 77.",high,false,
rel_2339,look_031,Elegance,K-27478IN-4ND-CP,K-11568IN-7B-CP,design_co_occurrence,77,"Both products appear in the same ""Elegance"" look on page 77.",high,false,
rel_2340,look_031,Elegance,K-27478IN-4ND-CP,K-99054IN-CP,design_co_occurrence,77,"Both products appear in the same ""Elegance"" look on page 77.",high,false,
rel_2341,look_031,Elegance,K-27478IN-4ND-CP,K-75201IN-CP,design_co_occurrence,77,"Both products appear in the same ""Elegance"" look on page 77.",high,false,
rel_2342,look_031,Elegance,K-34251IN-0,K-28476IN-M-CP,design_co_occurrence,77,"Both products appear in the same ""Elegance"" look on page 77.",high,false,
rel_2343,look_031,Elegance,K-34251IN-0,K-32410IN-0,design_co_occurrence,77,"Both products appear in the same ""Elegance"" look on page 77.",high,false,
rel_2344,look_031,Elegance,K-34251IN-0,K-12927IN-CP,design_co_occurrence,77,"Both products appear in the same ""Elegance"" look on page 77.",high,false,
rel_2345,look_031,Elegance,K-34251IN-0,K-26290IN-CP,design_co_occurrence,77,"Both products appear in the same ""Elegance"" look on page 77.",high,false,
rel_2346,look_031,Elegance,K-34251IN-0,K-27496IN-4FP-CP,design_co_occurrence,77,"Both products appear in the same ""Elegance"" look on page 77.",high,false,
rel_2347,look_031,Elegance,K-34251IN-0,K-27494IN-CP,design_co_occurrence,77,"Both products appear in the same ""Elegance"" look on page 77.",high,false,
rel_2348,look_031,Elegance,K-34251IN-0,K-7314IN-CP,design_co_occurrence,77,"Both products appear in the same ""Elegance"" look on page 77.",high,false,
rel_2349,look_031,Elegance,K-34251IN-0,K-26351IN-M-NA,design_co_occurrence,77,"Both products appear in the same ""Elegance"" look on page 77.",high,false,
rel_2350,look_031,Elegance,K-34251IN-0,K-80158IN-9AV-CP,design_co_occurrence,77,"Both products appear in the same ""Elegance"" look on page 77.",high,false,
rel_2351,look_031,Elegance,K-34251IN-0,K-20746IN-CP,design_co_occurrence,77,"Both products appear in the same ""Elegance"" look on page 77.",high,false,
rel_2352,look_031,Elegance,K-34251IN-0,K-11568IN-7B-CP,design_co_occurrence,77,"Both products appear in the same ""Elegance"" look on page 77.",high,false,
rel_2353,look_031,Elegance,K-34251IN-0,K-99054IN-CP,design_co_occurrence,77,"Both products appear in the same ""Elegance"" look on page 77.",high,false,
rel_2354,look_031,Elegance,K-34251IN-0,K-75201IN-CP,design_co_occurrence,77,"Both products appear in the same ""Elegance"" look on page 77.",high,false,
rel_2355,look_031,Elegance,K-28476IN-M-CP,K-32410IN-0,design_co_occurrence,77,"Both products appear in the same ""Elegance"" look on page 77.",high,false,
rel_2356,look_031,Elegance,K-28476IN-M-CP,K-12927IN-CP,design_co_occurrence,77,"Both products appear in the same ""Elegance"" look on page 77.",high,false,
rel_2357,look_031,Elegance,K-28476IN-M-CP,K-26290IN-CP,design_co_occurrence,77,"Both products appear in the same ""Elegance"" look on page 77.",high,false,
rel_2358,look_031,Elegance,K-28476IN-M-CP,K-27496IN-4FP-CP,design_co_occurrence,77,"Both products appear in the same ""Elegance"" look on page 77.",high,false,
rel_2359,look_031,Elegance,K-28476IN-M-CP,K-27494IN-CP,design_co_occurrence,77,"Both products appear in the same ""Elegance"" look on page 77.",high,false,
rel_2360,look_031,Elegance,K-28476IN-M-CP,K-7314IN-CP,design_co_occurrence,77,"Both products appear in the same ""Elegance"" look on page 77.",high,false,
rel_2361,look_031,Elegance,K-28476IN-M-CP,K-26351IN-M-NA,design_co_occurrence,77,"Both products appear in the same ""Elegance"" look on page 77.",high,false,
rel_2362,look_031,Elegance,K-28476IN-M-CP,K-80158IN-9AV-CP,design_co_occurrence,77,"Both products appear in the same ""Elegance"" look on page 77.",high,false,
rel_2363,look_031,Elegance,K-28476IN-M-CP,K-20746IN-CP,design_co_occurrence,77,"Both products appear in the same ""Elegance"" look on page 77.",high,false,
rel_2364,look_031,Elegance,K-28476IN-M-CP,K-11568IN-7B-CP,design_co_occurrence,77,"Both products appear in the same ""Elegance"" look on page 77.",high,false,
rel_2365,look_031,Elegance,K-28476IN-M-CP,K-99054IN-CP,design_co_occurrence,77,"Both products appear in the same ""Elegance"" look on page 77.",high,false,
rel_2366,look_031,Elegance,K-28476IN-M-CP,K-75201IN-CP,design_co_occurrence,77,"Both products appear in the same ""Elegance"" look on page 77.",high,false,
rel_2367,look_031,Elegance,K-32410IN-0,K-12927IN-CP,design_co_occurrence,77,"Both products appear in the same ""Elegance"" look on page 77.",high,false,
rel_2368,look_031,Elegance,K-32410IN-0,K-26290IN-CP,design_co_occurrence,77,"Both products appear in the same ""Elegance"" look on page 77.",high,false,
rel_2369,look_031,Elegance,K-32410IN-0,K-27496IN-4FP-CP,design_co_occurrence,77,"Both products appear in the same ""Elegance"" look on page 77.",high,false,
rel_2370,look_031,Elegance,K-32410IN-0,K-27494IN-CP,design_co_occurrence,77,"Both products appear in the same ""Elegance"" look on page 77.",high,false,
rel_2371,look_031,Elegance,K-32410IN-0,K-7314IN-CP,design_co_occurrence,77,"Both products appear in the same ""Elegance"" look on page 77.",high,false,
rel_2372,look_031,Elegance,K-32410IN-0,K-26351IN-M-NA,design_co_occurrence,77,"Both products appear in the same ""Elegance"" look on page 77.",high,false,
rel_2373,look_031,Elegance,K-32410IN-0,K-80158IN-9AV-CP,design_co_occurrence,77,"Both products appear in the same ""Elegance"" look on page 77.",high,false,
rel_2374,look_031,Elegance,K-32410IN-0,K-20746IN-CP,design_co_occurrence,77,"Both products appear in the same ""Elegance"" look on page 77.",high,false,
rel_2375,look_031,Elegance,K-32410IN-0,K-11568IN-7B-CP,design_co_occurrence,77,"Both products appear in the same ""Elegance"" look on page 77.",high,false,
rel_2376,look_031,Elegance,K-32410IN-0,K-99054IN-CP,design_co_occurrence,77,"Both products appear in the same ""Elegance"" look on page 77.",high,false,
rel_2377,look_031,Elegance,K-32410IN-0,K-75201IN-CP,design_co_occurrence,77,"Both products appear in the same ""Elegance"" look on page 77.",high,false,
rel_2378,look_031,Elegance,K-12927IN-CP,K-26290IN-CP,design_co_occurrence,77,"Both products appear in the same ""Elegance"" look on page 77.",high,false,
rel_2379,look_031,Elegance,K-12927IN-CP,K-27496IN-4FP-CP,design_co_occurrence,77,"Both products appear in the same ""Elegance"" look on page 77.",high,false,
rel_2380,look_031,Elegance,K-12927IN-CP,K-27494IN-CP,design_co_occurrence,77,"Both products appear in the same ""Elegance"" look on page 77.",high,false,
rel_2381,look_031,Elegance,K-12927IN-CP,K-7314IN-CP,design_co_occurrence,77,"Both products appear in the same ""Elegance"" look on page 77.",high,false,
rel_2382,look_031,Elegance,K-12927IN-CP,K-26351IN-M-NA,design_co_occurrence,77,"Both products appear in the same ""Elegance"" look on page 77.",high,false,
rel_2383,look_031,Elegance,K-12927IN-CP,K-80158IN-9AV-CP,design_co_occurrence,77,"Both products appear in the same ""Elegance"" look on page 77.",high,false,
rel_2384,look_031,Elegance,K-12927IN-CP,K-20746IN-CP,design_co_occurrence,77,"Both products appear in the same ""Elegance"" look on page 77.",high,false,
rel_2385,look_031,Elegance,K-12927IN-CP,K-11568IN-7B-CP,design_co_occurrence,77,"Both products appear in the same ""Elegance"" look on page 77.",high,false,
rel_2386,look_031,Elegance,K-12927IN-CP,K-99054IN-CP,design_co_occurrence,77,"Both products appear in the same ""Elegance"" look on page 77.",high,false,
rel_2387,look_031,Elegance,K-12927IN-CP,K-75201IN-CP,design_co_occurrence,77,"Both products appear in the same ""Elegance"" look on page 77.",high,false,
rel_2388,look_031,Elegance,K-26290IN-CP,K-27496IN-4FP-CP,design_co_occurrence,77,"Both products appear in the same ""Elegance"" look on page 77.",high,false,
rel_2389,look_031,Elegance,K-26290IN-CP,K-27494IN-CP,design_co_occurrence,77,"Both products appear in the same ""Elegance"" look on page 77.",high,false,
rel_2390,look_031,Elegance,K-26290IN-CP,K-7314IN-CP,design_co_occurrence,77,"Both products appear in the same ""Elegance"" look on page 77.",high,false,
rel_2391,look_031,Elegance,K-26290IN-CP,K-26351IN-M-NA,design_co_occurrence,77,"Both products appear in the same ""Elegance"" look on page 77.",high,false,
rel_2392,look_031,Elegance,K-26290IN-CP,K-80158IN-9AV-CP,design_co_occurrence,77,"Both products appear in the same ""Elegance"" look on page 77.",high,false,
rel_2393,look_031,Elegance,K-26290IN-CP,K-20746IN-CP,design_co_occurrence,77,"Both products appear in the same ""Elegance"" look on page 77.",high,false,
rel_2394,look_031,Elegance,K-26290IN-CP,K-11568IN-7B-CP,design_co_occurrence,77,"Both products appear in the same ""Elegance"" look on page 77.",high,false,
rel_2395,look_031,Elegance,K-26290IN-CP,K-99054IN-CP,design_co_occurrence,77,"Both products appear in the same ""Elegance"" look on page 77.",high,false,
rel_2396,look_031,Elegance,K-26290IN-CP,K-75201IN-CP,design_co_occurrence,77,"Both products appear in the same ""Elegance"" look on page 77.",high,false,
rel_2397,look_031,Elegance,K-27496IN-4FP-CP,K-27494IN-CP,design_co_occurrence,77,"Both products appear in the same ""Elegance"" look on page 77.",high,false,
rel_2398,look_031,Elegance,K-27496IN-4FP-CP,K-7314IN-CP,design_co_occurrence,77,"Both products appear in the same ""Elegance"" look on page 77.",high,false,
rel_2399,look_031,Elegance,K-27496IN-4FP-CP,K-26351IN-M-NA,design_co_occurrence,77,"Both products appear in the same ""Elegance"" look on page 77.",high,false,
rel_2400,look_031,Elegance,K-27496IN-4FP-CP,K-80158IN-9AV-CP,design_co_occurrence,77,"Both products appear in the same ""Elegance"" look on page 77.",high,false,
rel_2401,look_031,Elegance,K-27496IN-4FP-CP,K-20746IN-CP,design_co_occurrence,77,"Both products appear in the same ""Elegance"" look on page 77.",high,false,
rel_2402,look_031,Elegance,K-27496IN-4FP-CP,K-11568IN-7B-CP,design_co_occurrence,77,"Both products appear in the same ""Elegance"" look on page 77.",high,false,
rel_2403,look_031,Elegance,K-27496IN-4FP-CP,K-99054IN-CP,design_co_occurrence,77,"Both products appear in the same ""Elegance"" look on page 77.",high,false,
rel_2404,look_031,Elegance,K-27496IN-4FP-CP,K-75201IN-CP,design_co_occurrence,77,"Both products appear in the same ""Elegance"" look on page 77.",high,false,
rel_2405,look_031,Elegance,K-27494IN-CP,K-7314IN-CP,design_co_occurrence,77,"Both products appear in the same ""Elegance"" look on page 77.",high,false,
rel_2406,look_031,Elegance,K-27494IN-CP,K-26351IN-M-NA,design_co_occurrence,77,"Both products appear in the same ""Elegance"" look on page 77.",high,false,
rel_2407,look_031,Elegance,K-27494IN-CP,K-80158IN-9AV-CP,design_co_occurrence,77,"Both products appear in the same ""Elegance"" look on page 77.",high,false,
rel_2408,look_031,Elegance,K-27494IN-CP,K-20746IN-CP,design_co_occurrence,77,"Both products appear in the same ""Elegance"" look on page 77.",high,false,
rel_2409,look_031,Elegance,K-27494IN-CP,K-11568IN-7B-CP,design_co_occurrence,77,"Both products appear in the same ""Elegance"" look on page 77.",high,false,
rel_2410,look_031,Elegance,K-27494IN-CP,K-99054IN-CP,design_co_occurrence,77,"Both products appear in the same ""Elegance"" look on page 77.",high,false,
rel_2411,look_031,Elegance,K-27494IN-CP,K-75201IN-CP,design_co_occurrence,77,"Both products appear in the same ""Elegance"" look on page 77.",high,false,
rel_2412,look_031,Elegance,K-7314IN-CP,K-26351IN-M-NA,design_co_occurrence,77,"Both products appear in the same ""Elegance"" look on page 77.",high,false,
rel_2413,look_031,Elegance,K-7314IN-CP,K-80158IN-9AV-CP,design_co_occurrence,77,"Both products appear in the same ""Elegance"" look on page 77.",high,false,
rel_2414,look_031,Elegance,K-7314IN-CP,K-20746IN-CP,design_co_occurrence,77,"Both products appear in the same ""Elegance"" look on page 77.",high,false,
rel_2415,look_031,Elegance,K-7314IN-CP,K-11568IN-7B-CP,design_co_occurrence,77,"Both products appear in the same ""Elegance"" look on page 77.",high,false,
rel_2416,look_031,Elegance,K-7314IN-CP,K-99054IN-CP,design_co_occurrence,77,"Both products appear in the same ""Elegance"" look on page 77.",high,false,
rel_2417,look_031,Elegance,K-7314IN-CP,K-75201IN-CP,design_co_occurrence,77,"Both products appear in the same ""Elegance"" look on page 77.",high,false,
rel_2418,look_031,Elegance,K-26351IN-M-NA,K-80158IN-9AV-CP,design_co_occurrence,77,"Both products appear in the same ""Elegance"" look on page 77.",high,false,
rel_2419,look_031,Elegance,K-26351IN-M-NA,K-20746IN-CP,design_co_occurrence,77,"Both products appear in the same ""Elegance"" look on page 77.",high,false,
rel_2420,look_031,Elegance,K-26351IN-M-NA,K-11568IN-7B-CP,design_co_occurrence,77,"Both products appear in the same ""Elegance"" look on page 77.",high,false,
rel_2421,look_031,Elegance,K-26351IN-M-NA,K-99054IN-CP,design_co_occurrence,77,"Both products appear in the same ""Elegance"" look on page 77.",high,false,
rel_2422,look_031,Elegance,K-26351IN-M-NA,K-75201IN-CP,design_co_occurrence,77,"Both products appear in the same ""Elegance"" look on page 77.",high,false,
rel_2423,look_031,Elegance,K-80158IN-9AV-CP,K-20746IN-CP,design_co_occurrence,77,"Both products appear in the same ""Elegance"" look on page 77.",high,false,
rel_2424,look_031,Elegance,K-80158IN-9AV-CP,K-11568IN-7B-CP,design_co_occurrence,77,"Both products appear in the same ""Elegance"" look on page 77.",high,false,
rel_2425,look_031,Elegance,K-80158IN-9AV-CP,K-99054IN-CP,design_co_occurrence,77,"Both products appear in the same ""Elegance"" look on page 77.",high,false,
rel_2426,look_031,Elegance,K-80158IN-9AV-CP,K-75201IN-CP,design_co_occurrence,77,"Both products appear in the same ""Elegance"" look on page 77.",high,false,
rel_2427,look_031,Elegance,K-20746IN-CP,K-11568IN-7B-CP,design_co_occurrence,77,"Both products appear in the same ""Elegance"" look on page 77.",high,false,
rel_2428,look_031,Elegance,K-20746IN-CP,K-99054IN-CP,design_co_occurrence,77,"Both products appear in the same ""Elegance"" look on page 77.",high,false,
rel_2429,look_031,Elegance,K-20746IN-CP,K-75201IN-CP,design_co_occurrence,77,"Both products appear in the same ""Elegance"" look on page 77.",high,false,
rel_2430,look_031,Elegance,K-11568IN-7B-CP,K-99054IN-CP,design_co_occurrence,77,"Both products appear in the same ""Elegance"" look on page 77.",high,false,
rel_2431,look_031,Elegance,K-11568IN-7B-CP,K-75201IN-CP,design_co_occurrence,77,"Both products appear in the same ""Elegance"" look on page 77.",high,false,
rel_2432,look_031,Elegance,K-99054IN-CP,K-75201IN-CP,design_co_occurrence,77,"Both products appear in the same ""Elegance"" look on page 77.",high,false,
rel_2433,look_032,Elegance,K-27479IN-4ND-CP,K-34251IN-0,design_co_occurrence,79,"Both products appear in the same ""Elegance"" look on page 79.",high,false,
rel_2434,look_032,Elegance,K-27479IN-4ND-CP,K-28476IN-M-CP,design_co_occurrence,79,"Both products appear in the same ""Elegance"" look on page 79.",high,false,
rel_2435,look_032,Elegance,K-27479IN-4ND-CP,K-32410IN-0,design_co_occurrence,79,"Both products appear in the same ""Elegance"" look on page 79.",high,false,
rel_2436,look_032,Elegance,K-27479IN-4ND-CP,K-12927IN-CP,design_co_occurrence,79,"Both products appear in the same ""Elegance"" look on page 79.",high,false,
rel_2437,look_032,Elegance,K-27479IN-4ND-CP,K-73199IN-CP,design_co_occurrence,79,"Both products appear in the same ""Elegance"" look on page 79.",high,false,
rel_2438,look_032,Elegance,K-27479IN-4ND-CP,K-27497IN-4FP-CP,design_co_occurrence,79,"Both products appear in the same ""Elegance"" look on page 79.",high,false,
rel_2439,look_032,Elegance,K-27479IN-4ND-CP,K-27494IN-CP,design_co_occurrence,79,"Both products appear in the same ""Elegance"" look on page 79.",high,false,
rel_2440,look_032,Elegance,K-27479IN-4ND-CP,K-7314IN-CP,design_co_occurrence,79,"Both products appear in the same ""Elegance"" look on page 79.",high,false,
rel_2441,look_032,Elegance,K-27479IN-4ND-CP,K-26351IN-M-NA,design_co_occurrence,79,"Both products appear in the same ""Elegance"" look on page 79.",high,false,
rel_2442,look_032,Elegance,K-27479IN-4ND-CP,K-80158IN-9AV-CP,design_co_occurrence,79,"Both products appear in the same ""Elegance"" look on page 79.",high,false,
rel_2443,look_032,Elegance,K-27479IN-4ND-CP,K-20746IN-CP,design_co_occurrence,79,"Both products appear in the same ""Elegance"" look on page 79.",high,false,
rel_2444,look_032,Elegance,K-27479IN-4ND-CP,K-11568IN-7B-CP,design_co_occurrence,79,"Both products appear in the same ""Elegance"" look on page 79.",high,false,
rel_2445,look_032,Elegance,K-27479IN-4ND-CP,K-16346IN-CP,design_co_occurrence,79,"Both products appear in the same ""Elegance"" look on page 79.",high,false,
rel_2446,look_032,Elegance,K-27479IN-4ND-CP,K-75201IN-CP,design_co_occurrence,79,"Both products appear in the same ""Elegance"" look on page 79.",high,false,
rel_2447,look_032,Elegance,K-34251IN-0,K-28476IN-M-CP,design_co_occurrence,79,"Both products appear in the same ""Elegance"" look on page 79.",high,false,
rel_2448,look_032,Elegance,K-34251IN-0,K-32410IN-0,design_co_occurrence,79,"Both products appear in the same ""Elegance"" look on page 79.",high,false,
rel_2449,look_032,Elegance,K-34251IN-0,K-12927IN-CP,design_co_occurrence,79,"Both products appear in the same ""Elegance"" look on page 79.",high,false,
rel_2450,look_032,Elegance,K-34251IN-0,K-73199IN-CP,design_co_occurrence,79,"Both products appear in the same ""Elegance"" look on page 79.",high,false,
rel_2451,look_032,Elegance,K-34251IN-0,K-27497IN-4FP-CP,design_co_occurrence,79,"Both products appear in the same ""Elegance"" look on page 79.",high,false,
rel_2452,look_032,Elegance,K-34251IN-0,K-27494IN-CP,design_co_occurrence,79,"Both products appear in the same ""Elegance"" look on page 79.",high,false,
rel_2453,look_032,Elegance,K-34251IN-0,K-7314IN-CP,design_co_occurrence,79,"Both products appear in the same ""Elegance"" look on page 79.",high,false,
rel_2454,look_032,Elegance,K-34251IN-0,K-26351IN-M-NA,design_co_occurrence,79,"Both products appear in the same ""Elegance"" look on page 79.",high,false,
rel_2455,look_032,Elegance,K-34251IN-0,K-80158IN-9AV-CP,design_co_occurrence,79,"Both products appear in the same ""Elegance"" look on page 79.",high,false,
rel_2456,look_032,Elegance,K-34251IN-0,K-20746IN-CP,design_co_occurrence,79,"Both products appear in the same ""Elegance"" look on page 79.",high,false,
rel_2457,look_032,Elegance,K-34251IN-0,K-11568IN-7B-CP,design_co_occurrence,79,"Both products appear in the same ""Elegance"" look on page 79.",high,false,
rel_2458,look_032,Elegance,K-34251IN-0,K-16346IN-CP,design_co_occurrence,79,"Both products appear in the same ""Elegance"" look on page 79.",high,false,
rel_2459,look_032,Elegance,K-34251IN-0,K-75201IN-CP,design_co_occurrence,79,"Both products appear in the same ""Elegance"" look on page 79.",high,false,
rel_2460,look_032,Elegance,K-28476IN-M-CP,K-32410IN-0,design_co_occurrence,79,"Both products appear in the same ""Elegance"" look on page 79.",high,false,
rel_2461,look_032,Elegance,K-28476IN-M-CP,K-12927IN-CP,design_co_occurrence,79,"Both products appear in the same ""Elegance"" look on page 79.",high,false,
rel_2462,look_032,Elegance,K-28476IN-M-CP,K-73199IN-CP,design_co_occurrence,79,"Both products appear in the same ""Elegance"" look on page 79.",high,false,
rel_2463,look_032,Elegance,K-28476IN-M-CP,K-27497IN-4FP-CP,design_co_occurrence,79,"Both products appear in the same ""Elegance"" look on page 79.",high,false,
rel_2464,look_032,Elegance,K-28476IN-M-CP,K-27494IN-CP,design_co_occurrence,79,"Both products appear in the same ""Elegance"" look on page 79.",high,false,
rel_2465,look_032,Elegance,K-28476IN-M-CP,K-7314IN-CP,design_co_occurrence,79,"Both products appear in the same ""Elegance"" look on page 79.",high,false,
rel_2466,look_032,Elegance,K-28476IN-M-CP,K-26351IN-M-NA,design_co_occurrence,79,"Both products appear in the same ""Elegance"" look on page 79.",high,false,
rel_2467,look_032,Elegance,K-28476IN-M-CP,K-80158IN-9AV-CP,design_co_occurrence,79,"Both products appear in the same ""Elegance"" look on page 79.",high,false,
rel_2468,look_032,Elegance,K-28476IN-M-CP,K-20746IN-CP,design_co_occurrence,79,"Both products appear in the same ""Elegance"" look on page 79.",high,false,
rel_2469,look_032,Elegance,K-28476IN-M-CP,K-11568IN-7B-CP,design_co_occurrence,79,"Both products appear in the same ""Elegance"" look on page 79.",high,false,
rel_2470,look_032,Elegance,K-28476IN-M-CP,K-16346IN-CP,design_co_occurrence,79,"Both products appear in the same ""Elegance"" look on page 79.",high,false,
rel_2471,look_032,Elegance,K-28476IN-M-CP,K-75201IN-CP,design_co_occurrence,79,"Both products appear in the same ""Elegance"" look on page 79.",high,false,
rel_2472,look_032,Elegance,K-32410IN-0,K-12927IN-CP,design_co_occurrence,79,"Both products appear in the same ""Elegance"" look on page 79.",high,false,
rel_2473,look_032,Elegance,K-32410IN-0,K-73199IN-CP,design_co_occurrence,79,"Both products appear in the same ""Elegance"" look on page 79.",high,false,
rel_2474,look_032,Elegance,K-32410IN-0,K-27497IN-4FP-CP,design_co_occurrence,79,"Both products appear in the same ""Elegance"" look on page 79.",high,false,
rel_2475,look_032,Elegance,K-32410IN-0,K-27494IN-CP,design_co_occurrence,79,"Both products appear in the same ""Elegance"" look on page 79.",high,false,
rel_2476,look_032,Elegance,K-32410IN-0,K-7314IN-CP,design_co_occurrence,79,"Both products appear in the same ""Elegance"" look on page 79.",high,false,
rel_2477,look_032,Elegance,K-32410IN-0,K-26351IN-M-NA,design_co_occurrence,79,"Both products appear in the same ""Elegance"" look on page 79.",high,false,
rel_2478,look_032,Elegance,K-32410IN-0,K-80158IN-9AV-CP,design_co_occurrence,79,"Both products appear in the same ""Elegance"" look on page 79.",high,false,
rel_2479,look_032,Elegance,K-32410IN-0,K-20746IN-CP,design_co_occurrence,79,"Both products appear in the same ""Elegance"" look on page 79.",high,false,
rel_2480,look_032,Elegance,K-32410IN-0,K-11568IN-7B-CP,design_co_occurrence,79,"Both products appear in the same ""Elegance"" look on page 79.",high,false,
rel_2481,look_032,Elegance,K-32410IN-0,K-16346IN-CP,design_co_occurrence,79,"Both products appear in the same ""Elegance"" look on page 79.",high,false,
rel_2482,look_032,Elegance,K-32410IN-0,K-75201IN-CP,design_co_occurrence,79,"Both products appear in the same ""Elegance"" look on page 79.",high,false,
rel_2483,look_032,Elegance,K-12927IN-CP,K-73199IN-CP,design_co_occurrence,79,"Both products appear in the same ""Elegance"" look on page 79.",high,false,
rel_2484,look_032,Elegance,K-12927IN-CP,K-27497IN-4FP-CP,design_co_occurrence,79,"Both products appear in the same ""Elegance"" look on page 79.",high,false,
rel_2485,look_032,Elegance,K-12927IN-CP,K-27494IN-CP,design_co_occurrence,79,"Both products appear in the same ""Elegance"" look on page 79.",high,false,
rel_2486,look_032,Elegance,K-12927IN-CP,K-7314IN-CP,design_co_occurrence,79,"Both products appear in the same ""Elegance"" look on page 79.",high,false,
rel_2487,look_032,Elegance,K-12927IN-CP,K-26351IN-M-NA,design_co_occurrence,79,"Both products appear in the same ""Elegance"" look on page 79.",high,false,
rel_2488,look_032,Elegance,K-12927IN-CP,K-80158IN-9AV-CP,design_co_occurrence,79,"Both products appear in the same ""Elegance"" look on page 79.",high,false,
rel_2489,look_032,Elegance,K-12927IN-CP,K-20746IN-CP,design_co_occurrence,79,"Both products appear in the same ""Elegance"" look on page 79.",high,false,
rel_2490,look_032,Elegance,K-12927IN-CP,K-11568IN-7B-CP,design_co_occurrence,79,"Both products appear in the same ""Elegance"" look on page 79.",high,false,
rel_2491,look_032,Elegance,K-12927IN-CP,K-16346IN-CP,design_co_occurrence,79,"Both products appear in the same ""Elegance"" look on page 79.",high,false,
rel_2492,look_032,Elegance,K-12927IN-CP,K-75201IN-CP,design_co_occurrence,79,"Both products appear in the same ""Elegance"" look on page 79.",high,false,
rel_2493,look_032,Elegance,K-73199IN-CP,K-27497IN-4FP-CP,design_co_occurrence,79,"Both products appear in the same ""Elegance"" look on page 79.",high,false,
rel_2494,look_032,Elegance,K-73199IN-CP,K-27494IN-CP,design_co_occurrence,79,"Both products appear in the same ""Elegance"" look on page 79.",high,false,
rel_2495,look_032,Elegance,K-73199IN-CP,K-7314IN-CP,design_co_occurrence,79,"Both products appear in the same ""Elegance"" look on page 79.",high,false,
rel_2496,look_032,Elegance,K-73199IN-CP,K-26351IN-M-NA,design_co_occurrence,79,"Both products appear in the same ""Elegance"" look on page 79.",high,false,
rel_2497,look_032,Elegance,K-73199IN-CP,K-80158IN-9AV-CP,design_co_occurrence,79,"Both products appear in the same ""Elegance"" look on page 79.",high,false,
rel_2498,look_032,Elegance,K-73199IN-CP,K-20746IN-CP,design_co_occurrence,79,"Both products appear in the same ""Elegance"" look on page 79.",high,false,
rel_2499,look_032,Elegance,K-73199IN-CP,K-11568IN-7B-CP,design_co_occurrence,79,"Both products appear in the same ""Elegance"" look on page 79.",high,false,
rel_2500,look_032,Elegance,K-73199IN-CP,K-16346IN-CP,design_co_occurrence,79,"Both products appear in the same ""Elegance"" look on page 79.",high,false,
rel_2501,look_032,Elegance,K-73199IN-CP,K-75201IN-CP,design_co_occurrence,79,"Both products appear in the same ""Elegance"" look on page 79.",high,false,
rel_2502,look_032,Elegance,K-27497IN-4FP-CP,K-27494IN-CP,design_co_occurrence,79,"Both products appear in the same ""Elegance"" look on page 79.",high,false,
rel_2503,look_032,Elegance,K-27497IN-4FP-CP,K-7314IN-CP,design_co_occurrence,79,"Both products appear in the same ""Elegance"" look on page 79.",high,false,
rel_2504,look_032,Elegance,K-27497IN-4FP-CP,K-26351IN-M-NA,design_co_occurrence,79,"Both products appear in the same ""Elegance"" look on page 79.",high,false,
rel_2505,look_032,Elegance,K-27497IN-4FP-CP,K-80158IN-9AV-CP,design_co_occurrence,79,"Both products appear in the same ""Elegance"" look on page 79.",high,false,
rel_2506,look_032,Elegance,K-27497IN-4FP-CP,K-20746IN-CP,design_co_occurrence,79,"Both products appear in the same ""Elegance"" look on page 79.",high,false,
rel_2507,look_032,Elegance,K-27497IN-4FP-CP,K-11568IN-7B-CP,design_co_occurrence,79,"Both products appear in the same ""Elegance"" look on page 79.",high,false,
rel_2508,look_032,Elegance,K-27497IN-4FP-CP,K-16346IN-CP,design_co_occurrence,79,"Both products appear in the same ""Elegance"" look on page 79.",high,false,
rel_2509,look_032,Elegance,K-27497IN-4FP-CP,K-75201IN-CP,design_co_occurrence,79,"Both products appear in the same ""Elegance"" look on page 79.",high,false,
rel_2510,look_032,Elegance,K-27494IN-CP,K-7314IN-CP,design_co_occurrence,79,"Both products appear in the same ""Elegance"" look on page 79.",high,false,
rel_2511,look_032,Elegance,K-27494IN-CP,K-26351IN-M-NA,design_co_occurrence,79,"Both products appear in the same ""Elegance"" look on page 79.",high,false,
rel_2512,look_032,Elegance,K-27494IN-CP,K-80158IN-9AV-CP,design_co_occurrence,79,"Both products appear in the same ""Elegance"" look on page 79.",high,false,
rel_2513,look_032,Elegance,K-27494IN-CP,K-20746IN-CP,design_co_occurrence,79,"Both products appear in the same ""Elegance"" look on page 79.",high,false,
rel_2514,look_032,Elegance,K-27494IN-CP,K-11568IN-7B-CP,design_co_occurrence,79,"Both products appear in the same ""Elegance"" look on page 79.",high,false,
rel_2515,look_032,Elegance,K-27494IN-CP,K-16346IN-CP,design_co_occurrence,79,"Both products appear in the same ""Elegance"" look on page 79.",high,false,
rel_2516,look_032,Elegance,K-27494IN-CP,K-75201IN-CP,design_co_occurrence,79,"Both products appear in the same ""Elegance"" look on page 79.",high,false,
rel_2517,look_032,Elegance,K-7314IN-CP,K-26351IN-M-NA,design_co_occurrence,79,"Both products appear in the same ""Elegance"" look on page 79.",high,false,
rel_2518,look_032,Elegance,K-7314IN-CP,K-80158IN-9AV-CP,design_co_occurrence,79,"Both products appear in the same ""Elegance"" look on page 79.",high,false,
rel_2519,look_032,Elegance,K-7314IN-CP,K-20746IN-CP,design_co_occurrence,79,"Both products appear in the same ""Elegance"" look on page 79.",high,false,
rel_2520,look_032,Elegance,K-7314IN-CP,K-11568IN-7B-CP,design_co_occurrence,79,"Both products appear in the same ""Elegance"" look on page 79.",high,false,
rel_2521,look_032,Elegance,K-7314IN-CP,K-16346IN-CP,design_co_occurrence,79,"Both products appear in the same ""Elegance"" look on page 79.",high,false,
rel_2522,look_032,Elegance,K-7314IN-CP,K-75201IN-CP,design_co_occurrence,79,"Both products appear in the same ""Elegance"" look on page 79.",high,false,
rel_2523,look_032,Elegance,K-26351IN-M-NA,K-80158IN-9AV-CP,design_co_occurrence,79,"Both products appear in the same ""Elegance"" look on page 79.",high,false,
rel_2524,look_032,Elegance,K-26351IN-M-NA,K-20746IN-CP,design_co_occurrence,79,"Both products appear in the same ""Elegance"" look on page 79.",high,false,
rel_2525,look_032,Elegance,K-26351IN-M-NA,K-11568IN-7B-CP,design_co_occurrence,79,"Both products appear in the same ""Elegance"" look on page 79.",high,false,
rel_2526,look_032,Elegance,K-26351IN-M-NA,K-16346IN-CP,design_co_occurrence,79,"Both products appear in the same ""Elegance"" look on page 79.",high,false,
rel_2527,look_032,Elegance,K-26351IN-M-NA,K-75201IN-CP,design_co_occurrence,79,"Both products appear in the same ""Elegance"" look on page 79.",high,false,
rel_2528,look_032,Elegance,K-80158IN-9AV-CP,K-20746IN-CP,design_co_occurrence,79,"Both products appear in the same ""Elegance"" look on page 79.",high,false,
rel_2529,look_032,Elegance,K-80158IN-9AV-CP,K-11568IN-7B-CP,design_co_occurrence,79,"Both products appear in the same ""Elegance"" look on page 79.",high,false,
rel_2530,look_032,Elegance,K-80158IN-9AV-CP,K-16346IN-CP,design_co_occurrence,79,"Both products appear in the same ""Elegance"" look on page 79.",high,false,
rel_2531,look_032,Elegance,K-80158IN-9AV-CP,K-75201IN-CP,design_co_occurrence,79,"Both products appear in the same ""Elegance"" look on page 79.",high,false,
rel_2532,look_032,Elegance,K-20746IN-CP,K-11568IN-7B-CP,design_co_occurrence,79,"Both products appear in the same ""Elegance"" look on page 79.",high,false,
rel_2533,look_032,Elegance,K-20746IN-CP,K-16346IN-CP,design_co_occurrence,79,"Both products appear in the same ""Elegance"" look on page 79.",high,false,
rel_2534,look_032,Elegance,K-20746IN-CP,K-75201IN-CP,design_co_occurrence,79,"Both products appear in the same ""Elegance"" look on page 79.",high,false,
rel_2535,look_032,Elegance,K-11568IN-7B-CP,K-16346IN-CP,design_co_occurrence,79,"Both products appear in the same ""Elegance"" look on page 79.",high,false,
rel_2536,look_032,Elegance,K-11568IN-7B-CP,K-75201IN-CP,design_co_occurrence,79,"Both products appear in the same ""Elegance"" look on page 79.",high,false,
rel_2537,look_032,Elegance,K-16346IN-CP,K-75201IN-CP,design_co_occurrence,79,"Both products appear in the same ""Elegance"" look on page 79.",high,false,
rel_2538,look_033,Harmony,K-34067IN-4-CP,K-5583IN-1WH-0,design_co_occurrence,81,"Both products appear in the same ""Harmony"" look on page 81.",high,false,
rel_2539,look_033,Harmony,K-34067IN-4-CP,K-28476IN-M-CP,design_co_occurrence,81,"Both products appear in the same ""Harmony"" look on page 81.",high,false,
rel_2540,look_033,Harmony,K-34067IN-4-CP,K-18131IN-S-0,design_co_occurrence,81,"Both products appear in the same ""Harmony"" look on page 81.",high,false,
rel_2541,look_033,Harmony,K-34067IN-4-CP,K-12927IN-CP,design_co_occurrence,81,"Both products appear in the same ""Harmony"" look on page 81.",high,false,
rel_2542,look_033,Harmony,K-34067IN-4-CP,K-16356IN-A-CP,design_co_occurrence,81,"Both products appear in the same ""Harmony"" look on page 81.",high,false,
rel_2543,look_033,Harmony,K-34067IN-4-CP,K-33992IN-4FP-CP,design_co_occurrence,81,"Both products appear in the same ""Harmony"" look on page 81.",high,false,
rel_2544,look_033,Harmony,K-34067IN-4-CP,K-33995IN-CP,design_co_occurrence,81,"Both products appear in the same ""Harmony"" look on page 81.",high,false,
rel_2545,look_033,Harmony,K-34067IN-4-CP,K-75201IN-CP,design_co_occurrence,81,"Both products appear in the same ""Harmony"" look on page 81.",high,false,
rel_2546,look_033,Harmony,K-34067IN-4-CP,K-7314IN-CP,design_co_occurrence,81,"Both products appear in the same ""Harmony"" look on page 81.",high,false,
rel_2547,look_033,Harmony,K-34067IN-4-CP,K-80158IN-9AV-CP,design_co_occurrence,81,"Both products appear in the same ""Harmony"" look on page 81.",high,false,
rel_2548,look_033,Harmony,K-34067IN-4-CP,K-20746IN-CP,design_co_occurrence,81,"Both products appear in the same ""Harmony"" look on page 81.",high,false,
rel_2549,look_033,Harmony,K-34067IN-4-CP,K-11568IN-7B-CP,design_co_occurrence,81,"Both products appear in the same ""Harmony"" look on page 81.",high,false,
rel_2550,look_033,Harmony,K-34067IN-4-CP,K-26351IN-M-NA,design_co_occurrence,81,"Both products appear in the same ""Harmony"" look on page 81.",high,false,
rel_2551,look_033,Harmony,K-5583IN-1WH-0,K-28476IN-M-CP,design_co_occurrence,81,"Both products appear in the same ""Harmony"" look on page 81.",high,false,
rel_2552,look_033,Harmony,K-5583IN-1WH-0,K-18131IN-S-0,design_co_occurrence,81,"Both products appear in the same ""Harmony"" look on page 81.",high,false,
rel_2553,look_033,Harmony,K-5583IN-1WH-0,K-12927IN-CP,design_co_occurrence,81,"Both products appear in the same ""Harmony"" look on page 81.",high,false,
rel_2554,look_033,Harmony,K-5583IN-1WH-0,K-16356IN-A-CP,design_co_occurrence,81,"Both products appear in the same ""Harmony"" look on page 81.",high,false,
rel_2555,look_033,Harmony,K-5583IN-1WH-0,K-33992IN-4FP-CP,design_co_occurrence,81,"Both products appear in the same ""Harmony"" look on page 81.",high,false,
rel_2556,look_033,Harmony,K-5583IN-1WH-0,K-33995IN-CP,design_co_occurrence,81,"Both products appear in the same ""Harmony"" look on page 81.",high,false,
rel_2557,look_033,Harmony,K-5583IN-1WH-0,K-75201IN-CP,design_co_occurrence,81,"Both products appear in the same ""Harmony"" look on page 81.",high,false,
rel_2558,look_033,Harmony,K-5583IN-1WH-0,K-7314IN-CP,design_co_occurrence,81,"Both products appear in the same ""Harmony"" look on page 81.",high,false,
rel_2559,look_033,Harmony,K-5583IN-1WH-0,K-80158IN-9AV-CP,design_co_occurrence,81,"Both products appear in the same ""Harmony"" look on page 81.",high,false,
rel_2560,look_033,Harmony,K-5583IN-1WH-0,K-20746IN-CP,design_co_occurrence,81,"Both products appear in the same ""Harmony"" look on page 81.",high,false,
rel_2561,look_033,Harmony,K-5583IN-1WH-0,K-11568IN-7B-CP,design_co_occurrence,81,"Both products appear in the same ""Harmony"" look on page 81.",high,false,
rel_2562,look_033,Harmony,K-5583IN-1WH-0,K-26351IN-M-NA,design_co_occurrence,81,"Both products appear in the same ""Harmony"" look on page 81.",high,false,
rel_2563,look_033,Harmony,K-28476IN-M-CP,K-18131IN-S-0,design_co_occurrence,81,"Both products appear in the same ""Harmony"" look on page 81.",high,false,
rel_2564,look_033,Harmony,K-28476IN-M-CP,K-12927IN-CP,design_co_occurrence,81,"Both products appear in the same ""Harmony"" look on page 81.",high,false,
rel_2565,look_033,Harmony,K-28476IN-M-CP,K-16356IN-A-CP,design_co_occurrence,81,"Both products appear in the same ""Harmony"" look on page 81.",high,false,
rel_2566,look_033,Harmony,K-28476IN-M-CP,K-33992IN-4FP-CP,design_co_occurrence,81,"Both products appear in the same ""Harmony"" look on page 81.",high,false,
rel_2567,look_033,Harmony,K-28476IN-M-CP,K-33995IN-CP,design_co_occurrence,81,"Both products appear in the same ""Harmony"" look on page 81.",high,false,
rel_2568,look_033,Harmony,K-28476IN-M-CP,K-75201IN-CP,design_co_occurrence,81,"Both products appear in the same ""Harmony"" look on page 81.",high,false,
rel_2569,look_033,Harmony,K-28476IN-M-CP,K-7314IN-CP,design_co_occurrence,81,"Both products appear in the same ""Harmony"" look on page 81.",high,false,
rel_2570,look_033,Harmony,K-28476IN-M-CP,K-80158IN-9AV-CP,design_co_occurrence,81,"Both products appear in the same ""Harmony"" look on page 81.",high,false,
rel_2571,look_033,Harmony,K-28476IN-M-CP,K-20746IN-CP,design_co_occurrence,81,"Both products appear in the same ""Harmony"" look on page 81.",high,false,
rel_2572,look_033,Harmony,K-28476IN-M-CP,K-11568IN-7B-CP,design_co_occurrence,81,"Both products appear in the same ""Harmony"" look on page 81.",high,false,
rel_2573,look_033,Harmony,K-28476IN-M-CP,K-26351IN-M-NA,design_co_occurrence,81,"Both products appear in the same ""Harmony"" look on page 81.",high,false,
rel_2574,look_033,Harmony,K-18131IN-S-0,K-12927IN-CP,design_co_occurrence,81,"Both products appear in the same ""Harmony"" look on page 81.",high,false,
rel_2575,look_033,Harmony,K-18131IN-S-0,K-16356IN-A-CP,design_co_occurrence,81,"Both products appear in the same ""Harmony"" look on page 81.",high,false,
rel_2576,look_033,Harmony,K-18131IN-S-0,K-33992IN-4FP-CP,design_co_occurrence,81,"Both products appear in the same ""Harmony"" look on page 81.",high,false,
rel_2577,look_033,Harmony,K-18131IN-S-0,K-33995IN-CP,design_co_occurrence,81,"Both products appear in the same ""Harmony"" look on page 81.",high,false,
rel_2578,look_033,Harmony,K-18131IN-S-0,K-75201IN-CP,design_co_occurrence,81,"Both products appear in the same ""Harmony"" look on page 81.",high,false,
rel_2579,look_033,Harmony,K-18131IN-S-0,K-7314IN-CP,design_co_occurrence,81,"Both products appear in the same ""Harmony"" look on page 81.",high,false,
rel_2580,look_033,Harmony,K-18131IN-S-0,K-80158IN-9AV-CP,design_co_occurrence,81,"Both products appear in the same ""Harmony"" look on page 81.",high,false,
rel_2581,look_033,Harmony,K-18131IN-S-0,K-20746IN-CP,design_co_occurrence,81,"Both products appear in the same ""Harmony"" look on page 81.",high,false,
rel_2582,look_033,Harmony,K-18131IN-S-0,K-11568IN-7B-CP,design_co_occurrence,81,"Both products appear in the same ""Harmony"" look on page 81.",high,false,
rel_2583,look_033,Harmony,K-18131IN-S-0,K-26351IN-M-NA,design_co_occurrence,81,"Both products appear in the same ""Harmony"" look on page 81.",high,false,
rel_2584,look_033,Harmony,K-12927IN-CP,K-16356IN-A-CP,design_co_occurrence,81,"Both products appear in the same ""Harmony"" look on page 81.",high,false,
rel_2585,look_033,Harmony,K-12927IN-CP,K-33992IN-4FP-CP,design_co_occurrence,81,"Both products appear in the same ""Harmony"" look on page 81.",high,false,
rel_2586,look_033,Harmony,K-12927IN-CP,K-33995IN-CP,design_co_occurrence,81,"Both products appear in the same ""Harmony"" look on page 81.",high,false,
rel_2587,look_033,Harmony,K-12927IN-CP,K-75201IN-CP,design_co_occurrence,81,"Both products appear in the same ""Harmony"" look on page 81.",high,false,
rel_2588,look_033,Harmony,K-12927IN-CP,K-7314IN-CP,design_co_occurrence,81,"Both products appear in the same ""Harmony"" look on page 81.",high,false,
rel_2589,look_033,Harmony,K-12927IN-CP,K-80158IN-9AV-CP,design_co_occurrence,81,"Both products appear in the same ""Harmony"" look on page 81.",high,false,
rel_2590,look_033,Harmony,K-12927IN-CP,K-20746IN-CP,design_co_occurrence,81,"Both products appear in the same ""Harmony"" look on page 81.",high,false,
rel_2591,look_033,Harmony,K-12927IN-CP,K-11568IN-7B-CP,design_co_occurrence,81,"Both products appear in the same ""Harmony"" look on page 81.",high,false,
rel_2592,look_033,Harmony,K-12927IN-CP,K-26351IN-M-NA,design_co_occurrence,81,"Both products appear in the same ""Harmony"" look on page 81.",high,false,
rel_2593,look_033,Harmony,K-16356IN-A-CP,K-33992IN-4FP-CP,design_co_occurrence,81,"Both products appear in the same ""Harmony"" look on page 81.",high,false,
rel_2594,look_033,Harmony,K-16356IN-A-CP,K-33995IN-CP,design_co_occurrence,81,"Both products appear in the same ""Harmony"" look on page 81.",high,false,
rel_2595,look_033,Harmony,K-16356IN-A-CP,K-75201IN-CP,design_co_occurrence,81,"Both products appear in the same ""Harmony"" look on page 81.",high,false,
rel_2596,look_033,Harmony,K-16356IN-A-CP,K-7314IN-CP,design_co_occurrence,81,"Both products appear in the same ""Harmony"" look on page 81.",high,false,
rel_2597,look_033,Harmony,K-16356IN-A-CP,K-80158IN-9AV-CP,design_co_occurrence,81,"Both products appear in the same ""Harmony"" look on page 81.",high,false,
rel_2598,look_033,Harmony,K-16356IN-A-CP,K-20746IN-CP,design_co_occurrence,81,"Both products appear in the same ""Harmony"" look on page 81.",high,false,
rel_2599,look_033,Harmony,K-16356IN-A-CP,K-11568IN-7B-CP,design_co_occurrence,81,"Both products appear in the same ""Harmony"" look on page 81.",high,false,
rel_2600,look_033,Harmony,K-16356IN-A-CP,K-26351IN-M-NA,design_co_occurrence,81,"Both products appear in the same ""Harmony"" look on page 81.",high,false,
rel_2601,look_033,Harmony,K-33992IN-4FP-CP,K-33995IN-CP,design_co_occurrence,81,"Both products appear in the same ""Harmony"" look on page 81.",high,false,
rel_2602,look_033,Harmony,K-33992IN-4FP-CP,K-75201IN-CP,design_co_occurrence,81,"Both products appear in the same ""Harmony"" look on page 81.",high,false,
rel_2603,look_033,Harmony,K-33992IN-4FP-CP,K-7314IN-CP,design_co_occurrence,81,"Both products appear in the same ""Harmony"" look on page 81.",high,false,
rel_2604,look_033,Harmony,K-33992IN-4FP-CP,K-80158IN-9AV-CP,design_co_occurrence,81,"Both products appear in the same ""Harmony"" look on page 81.",high,false,
rel_2605,look_033,Harmony,K-33992IN-4FP-CP,K-20746IN-CP,design_co_occurrence,81,"Both products appear in the same ""Harmony"" look on page 81.",high,false,
rel_2606,look_033,Harmony,K-33992IN-4FP-CP,K-11568IN-7B-CP,design_co_occurrence,81,"Both products appear in the same ""Harmony"" look on page 81.",high,false,
rel_2607,look_033,Harmony,K-33992IN-4FP-CP,K-26351IN-M-NA,design_co_occurrence,81,"Both products appear in the same ""Harmony"" look on page 81.",high,false,
rel_2608,look_033,Harmony,K-33995IN-CP,K-75201IN-CP,design_co_occurrence,81,"Both products appear in the same ""Harmony"" look on page 81.",high,false,
rel_2609,look_033,Harmony,K-33995IN-CP,K-7314IN-CP,design_co_occurrence,81,"Both products appear in the same ""Harmony"" look on page 81.",high,false,
rel_2610,look_033,Harmony,K-33995IN-CP,K-80158IN-9AV-CP,design_co_occurrence,81,"Both products appear in the same ""Harmony"" look on page 81.",high,false,
rel_2611,look_033,Harmony,K-33995IN-CP,K-20746IN-CP,design_co_occurrence,81,"Both products appear in the same ""Harmony"" look on page 81.",high,false,
rel_2612,look_033,Harmony,K-33995IN-CP,K-11568IN-7B-CP,design_co_occurrence,81,"Both products appear in the same ""Harmony"" look on page 81.",high,false,
rel_2613,look_033,Harmony,K-33995IN-CP,K-26351IN-M-NA,design_co_occurrence,81,"Both products appear in the same ""Harmony"" look on page 81.",high,false,
rel_2614,look_033,Harmony,K-75201IN-CP,K-7314IN-CP,design_co_occurrence,81,"Both products appear in the same ""Harmony"" look on page 81.",high,false,
rel_2615,look_033,Harmony,K-75201IN-CP,K-80158IN-9AV-CP,design_co_occurrence,81,"Both products appear in the same ""Harmony"" look on page 81.",high,false,
rel_2616,look_033,Harmony,K-75201IN-CP,K-20746IN-CP,design_co_occurrence,81,"Both products appear in the same ""Harmony"" look on page 81.",high,false,
rel_2617,look_033,Harmony,K-75201IN-CP,K-11568IN-7B-CP,design_co_occurrence,81,"Both products appear in the same ""Harmony"" look on page 81.",high,false,
rel_2618,look_033,Harmony,K-75201IN-CP,K-26351IN-M-NA,design_co_occurrence,81,"Both products appear in the same ""Harmony"" look on page 81.",high,false,
rel_2619,look_033,Harmony,K-7314IN-CP,K-80158IN-9AV-CP,design_co_occurrence,81,"Both products appear in the same ""Harmony"" look on page 81.",high,false,
rel_2620,look_033,Harmony,K-7314IN-CP,K-20746IN-CP,design_co_occurrence,81,"Both products appear in the same ""Harmony"" look on page 81.",high,false,
rel_2621,look_033,Harmony,K-7314IN-CP,K-11568IN-7B-CP,design_co_occurrence,81,"Both products appear in the same ""Harmony"" look on page 81.",high,false,
rel_2622,look_033,Harmony,K-7314IN-CP,K-26351IN-M-NA,design_co_occurrence,81,"Both products appear in the same ""Harmony"" look on page 81.",high,false,
rel_2623,look_033,Harmony,K-80158IN-9AV-CP,K-20746IN-CP,design_co_occurrence,81,"Both products appear in the same ""Harmony"" look on page 81.",high,false,
rel_2624,look_033,Harmony,K-80158IN-9AV-CP,K-11568IN-7B-CP,design_co_occurrence,81,"Both products appear in the same ""Harmony"" look on page 81.",high,false,
rel_2625,look_033,Harmony,K-80158IN-9AV-CP,K-26351IN-M-NA,design_co_occurrence,81,"Both products appear in the same ""Harmony"" look on page 81.",high,false,
rel_2626,look_033,Harmony,K-20746IN-CP,K-11568IN-7B-CP,design_co_occurrence,81,"Both products appear in the same ""Harmony"" look on page 81.",high,false,
rel_2627,look_033,Harmony,K-20746IN-CP,K-26351IN-M-NA,design_co_occurrence,81,"Both products appear in the same ""Harmony"" look on page 81.",high,false,
rel_2628,look_033,Harmony,K-11568IN-7B-CP,K-26351IN-M-NA,design_co_occurrence,81,"Both products appear in the same ""Harmony"" look on page 81.",high,false,
rel_2629,look_034,Harmony,K-34076IN-4ND-CP,K-2200IN-0,design_co_occurrence,83,"Both products appear in the same ""Harmony"" look on page 83.",high,false,
rel_2630,look_034,Harmony,K-34076IN-4ND-CP,K-28475IN-M-CP,design_co_occurrence,83,"Both products appear in the same ""Harmony"" look on page 83.",high,false,
rel_2631,look_034,Harmony,K-34076IN-4ND-CP,K-29171IN-S-0,design_co_occurrence,83,"Both products appear in the same ""Harmony"" look on page 83.",high,false,
rel_2632,look_034,Harmony,K-34076IN-4ND-CP,K-12927IN-CP,design_co_occurrence,83,"Both products appear in the same ""Harmony"" look on page 83.",high,false,
rel_2633,look_034,Harmony,K-34076IN-4ND-CP,K-24547IN-CP,design_co_occurrence,83,"Both products appear in the same ""Harmony"" look on page 83.",high,false,
rel_2634,look_034,Harmony,K-34076IN-4ND-CP,K-33645IN-4FP-CP,design_co_occurrence,83,"Both products appear in the same ""Harmony"" look on page 83.",high,false,
rel_2635,look_034,Harmony,K-34076IN-4ND-CP,K-33995IN-CP,design_co_occurrence,83,"Both products appear in the same ""Harmony"" look on page 83.",high,false,
rel_2636,look_034,Harmony,K-34076IN-4ND-CP,K-75201IN-CP,design_co_occurrence,83,"Both products appear in the same ""Harmony"" look on page 83.",high,false,
rel_2637,look_034,Harmony,K-34076IN-4ND-CP,K-80158IN-9AV-CP,design_co_occurrence,83,"Both products appear in the same ""Harmony"" look on page 83.",high,false,
rel_2638,look_034,Harmony,K-34076IN-4ND-CP,K-20746IN-CP,design_co_occurrence,83,"Both products appear in the same ""Harmony"" look on page 83.",high,false,
rel_2639,look_034,Harmony,K-34076IN-4ND-CP,K-7314IN-CP,design_co_occurrence,83,"Both products appear in the same ""Harmony"" look on page 83.",high,false,
rel_2640,look_034,Harmony,K-34076IN-4ND-CP,K-11568IN-7B-CP,design_co_occurrence,83,"Both products appear in the same ""Harmony"" look on page 83.",high,false,
rel_2641,look_034,Harmony,K-34076IN-4ND-CP,K-99054IN-CP,design_co_occurrence,83,"Both products appear in the same ""Harmony"" look on page 83.",high,false,
rel_2642,look_034,Harmony,K-34076IN-4ND-CP,K-26351IN-M-NA,design_co_occurrence,83,"Both products appear in the same ""Harmony"" look on page 83.",high,false,
rel_2643,look_034,Harmony,K-2200IN-0,K-28475IN-M-CP,design_co_occurrence,83,"Both products appear in the same ""Harmony"" look on page 83.",high,false,
rel_2644,look_034,Harmony,K-2200IN-0,K-29171IN-S-0,design_co_occurrence,83,"Both products appear in the same ""Harmony"" look on page 83.",high,false,
rel_2645,look_034,Harmony,K-2200IN-0,K-12927IN-CP,design_co_occurrence,83,"Both products appear in the same ""Harmony"" look on page 83.",high,false,
rel_2646,look_034,Harmony,K-2200IN-0,K-24547IN-CP,design_co_occurrence,83,"Both products appear in the same ""Harmony"" look on page 83.",high,false,
rel_2647,look_034,Harmony,K-2200IN-0,K-33645IN-4FP-CP,design_co_occurrence,83,"Both products appear in the same ""Harmony"" look on page 83.",high,false,
rel_2648,look_034,Harmony,K-2200IN-0,K-33995IN-CP,design_co_occurrence,83,"Both products appear in the same ""Harmony"" look on page 83.",high,false,
rel_2649,look_034,Harmony,K-2200IN-0,K-75201IN-CP,design_co_occurrence,83,"Both products appear in the same ""Harmony"" look on page 83.",high,false,
rel_2650,look_034,Harmony,K-2200IN-0,K-80158IN-9AV-CP,design_co_occurrence,83,"Both products appear in the same ""Harmony"" look on page 83.",high,false,
rel_2651,look_034,Harmony,K-2200IN-0,K-20746IN-CP,design_co_occurrence,83,"Both products appear in the same ""Harmony"" look on page 83.",high,false,
rel_2652,look_034,Harmony,K-2200IN-0,K-7314IN-CP,design_co_occurrence,83,"Both products appear in the same ""Harmony"" look on page 83.",high,false,
rel_2653,look_034,Harmony,K-2200IN-0,K-11568IN-7B-CP,design_co_occurrence,83,"Both products appear in the same ""Harmony"" look on page 83.",high,false,
rel_2654,look_034,Harmony,K-2200IN-0,K-99054IN-CP,design_co_occurrence,83,"Both products appear in the same ""Harmony"" look on page 83.",high,false,
rel_2655,look_034,Harmony,K-2200IN-0,K-26351IN-M-NA,design_co_occurrence,83,"Both products appear in the same ""Harmony"" look on page 83.",high,false,
rel_2656,look_034,Harmony,K-28475IN-M-CP,K-29171IN-S-0,design_co_occurrence,83,"Both products appear in the same ""Harmony"" look on page 83.",high,false,
rel_2657,look_034,Harmony,K-28475IN-M-CP,K-12927IN-CP,design_co_occurrence,83,"Both products appear in the same ""Harmony"" look on page 83.",high,false,
rel_2658,look_034,Harmony,K-28475IN-M-CP,K-24547IN-CP,design_co_occurrence,83,"Both products appear in the same ""Harmony"" look on page 83.",high,false,
rel_2659,look_034,Harmony,K-28475IN-M-CP,K-33645IN-4FP-CP,design_co_occurrence,83,"Both products appear in the same ""Harmony"" look on page 83.",high,false,
rel_2660,look_034,Harmony,K-28475IN-M-CP,K-33995IN-CP,design_co_occurrence,83,"Both products appear in the same ""Harmony"" look on page 83.",high,false,
rel_2661,look_034,Harmony,K-28475IN-M-CP,K-75201IN-CP,design_co_occurrence,83,"Both products appear in the same ""Harmony"" look on page 83.",high,false,
rel_2662,look_034,Harmony,K-28475IN-M-CP,K-80158IN-9AV-CP,design_co_occurrence,83,"Both products appear in the same ""Harmony"" look on page 83.",high,false,
rel_2663,look_034,Harmony,K-28475IN-M-CP,K-20746IN-CP,design_co_occurrence,83,"Both products appear in the same ""Harmony"" look on page 83.",high,false,
rel_2664,look_034,Harmony,K-28475IN-M-CP,K-7314IN-CP,design_co_occurrence,83,"Both products appear in the same ""Harmony"" look on page 83.",high,false,
rel_2665,look_034,Harmony,K-28475IN-M-CP,K-11568IN-7B-CP,design_co_occurrence,83,"Both products appear in the same ""Harmony"" look on page 83.",high,false,
rel_2666,look_034,Harmony,K-28475IN-M-CP,K-99054IN-CP,design_co_occurrence,83,"Both products appear in the same ""Harmony"" look on page 83.",high,false,
rel_2667,look_034,Harmony,K-28475IN-M-CP,K-26351IN-M-NA,design_co_occurrence,83,"Both products appear in the same ""Harmony"" look on page 83.",high,false,
rel_2668,look_034,Harmony,K-29171IN-S-0,K-12927IN-CP,design_co_occurrence,83,"Both products appear in the same ""Harmony"" look on page 83.",high,false,
rel_2669,look_034,Harmony,K-29171IN-S-0,K-24547IN-CP,design_co_occurrence,83,"Both products appear in the same ""Harmony"" look on page 83.",high,false,
rel_2670,look_034,Harmony,K-29171IN-S-0,K-33645IN-4FP-CP,design_co_occurrence,83,"Both products appear in the same ""Harmony"" look on page 83.",high,false,
rel_2671,look_034,Harmony,K-29171IN-S-0,K-33995IN-CP,design_co_occurrence,83,"Both products appear in the same ""Harmony"" look on page 83.",high,false,
rel_2672,look_034,Harmony,K-29171IN-S-0,K-75201IN-CP,design_co_occurrence,83,"Both products appear in the same ""Harmony"" look on page 83.",high,false,
rel_2673,look_034,Harmony,K-29171IN-S-0,K-80158IN-9AV-CP,design_co_occurrence,83,"Both products appear in the same ""Harmony"" look on page 83.",high,false,
rel_2674,look_034,Harmony,K-29171IN-S-0,K-20746IN-CP,design_co_occurrence,83,"Both products appear in the same ""Harmony"" look on page 83.",high,false,
rel_2675,look_034,Harmony,K-29171IN-S-0,K-7314IN-CP,design_co_occurrence,83,"Both products appear in the same ""Harmony"" look on page 83.",high,false,
rel_2676,look_034,Harmony,K-29171IN-S-0,K-11568IN-7B-CP,design_co_occurrence,83,"Both products appear in the same ""Harmony"" look on page 83.",high,false,
rel_2677,look_034,Harmony,K-29171IN-S-0,K-99054IN-CP,design_co_occurrence,83,"Both products appear in the same ""Harmony"" look on page 83.",high,false,
rel_2678,look_034,Harmony,K-29171IN-S-0,K-26351IN-M-NA,design_co_occurrence,83,"Both products appear in the same ""Harmony"" look on page 83.",high,false,
rel_2679,look_034,Harmony,K-12927IN-CP,K-24547IN-CP,design_co_occurrence,83,"Both products appear in the same ""Harmony"" look on page 83.",high,false,
rel_2680,look_034,Harmony,K-12927IN-CP,K-33645IN-4FP-CP,design_co_occurrence,83,"Both products appear in the same ""Harmony"" look on page 83.",high,false,
rel_2681,look_034,Harmony,K-12927IN-CP,K-33995IN-CP,design_co_occurrence,83,"Both products appear in the same ""Harmony"" look on page 83.",high,false,
rel_2682,look_034,Harmony,K-12927IN-CP,K-75201IN-CP,design_co_occurrence,83,"Both products appear in the same ""Harmony"" look on page 83.",high,false,
rel_2683,look_034,Harmony,K-12927IN-CP,K-80158IN-9AV-CP,design_co_occurrence,83,"Both products appear in the same ""Harmony"" look on page 83.",high,false,
rel_2684,look_034,Harmony,K-12927IN-CP,K-20746IN-CP,design_co_occurrence,83,"Both products appear in the same ""Harmony"" look on page 83.",high,false,
rel_2685,look_034,Harmony,K-12927IN-CP,K-7314IN-CP,design_co_occurrence,83,"Both products appear in the same ""Harmony"" look on page 83.",high,false,
rel_2686,look_034,Harmony,K-12927IN-CP,K-11568IN-7B-CP,design_co_occurrence,83,"Both products appear in the same ""Harmony"" look on page 83.",high,false,
rel_2687,look_034,Harmony,K-12927IN-CP,K-99054IN-CP,design_co_occurrence,83,"Both products appear in the same ""Harmony"" look on page 83.",high,false,
rel_2688,look_034,Harmony,K-12927IN-CP,K-26351IN-M-NA,design_co_occurrence,83,"Both products appear in the same ""Harmony"" look on page 83.",high,false,
rel_2689,look_034,Harmony,K-24547IN-CP,K-33645IN-4FP-CP,design_co_occurrence,83,"Both products appear in the same ""Harmony"" look on page 83.",high,false,
rel_2690,look_034,Harmony,K-24547IN-CP,K-33995IN-CP,design_co_occurrence,83,"Both products appear in the same ""Harmony"" look on page 83.",high,false,
rel_2691,look_034,Harmony,K-24547IN-CP,K-75201IN-CP,design_co_occurrence,83,"Both products appear in the same ""Harmony"" look on page 83.",high,false,
rel_2692,look_034,Harmony,K-24547IN-CP,K-80158IN-9AV-CP,design_co_occurrence,83,"Both products appear in the same ""Harmony"" look on page 83.",high,false,
rel_2693,look_034,Harmony,K-24547IN-CP,K-20746IN-CP,design_co_occurrence,83,"Both products appear in the same ""Harmony"" look on page 83.",high,false,
rel_2694,look_034,Harmony,K-24547IN-CP,K-7314IN-CP,design_co_occurrence,83,"Both products appear in the same ""Harmony"" look on page 83.",high,false,
rel_2695,look_034,Harmony,K-24547IN-CP,K-11568IN-7B-CP,design_co_occurrence,83,"Both products appear in the same ""Harmony"" look on page 83.",high,false,
rel_2696,look_034,Harmony,K-24547IN-CP,K-99054IN-CP,design_co_occurrence,83,"Both products appear in the same ""Harmony"" look on page 83.",high,false,
rel_2697,look_034,Harmony,K-24547IN-CP,K-26351IN-M-NA,design_co_occurrence,83,"Both products appear in the same ""Harmony"" look on page 83.",high,false,
rel_2698,look_034,Harmony,K-33645IN-4FP-CP,K-33995IN-CP,design_co_occurrence,83,"Both products appear in the same ""Harmony"" look on page 83.",high,false,
rel_2699,look_034,Harmony,K-33645IN-4FP-CP,K-75201IN-CP,design_co_occurrence,83,"Both products appear in the same ""Harmony"" look on page 83.",high,false,
rel_2700,look_034,Harmony,K-33645IN-4FP-CP,K-80158IN-9AV-CP,design_co_occurrence,83,"Both products appear in the same ""Harmony"" look on page 83.",high,false,
rel_2701,look_034,Harmony,K-33645IN-4FP-CP,K-20746IN-CP,design_co_occurrence,83,"Both products appear in the same ""Harmony"" look on page 83.",high,false,
rel_2702,look_034,Harmony,K-33645IN-4FP-CP,K-7314IN-CP,design_co_occurrence,83,"Both products appear in the same ""Harmony"" look on page 83.",high,false,
rel_2703,look_034,Harmony,K-33645IN-4FP-CP,K-11568IN-7B-CP,design_co_occurrence,83,"Both products appear in the same ""Harmony"" look on page 83.",high,false,
rel_2704,look_034,Harmony,K-33645IN-4FP-CP,K-99054IN-CP,design_co_occurrence,83,"Both products appear in the same ""Harmony"" look on page 83.",high,false,
rel_2705,look_034,Harmony,K-33645IN-4FP-CP,K-26351IN-M-NA,design_co_occurrence,83,"Both products appear in the same ""Harmony"" look on page 83.",high,false,
rel_2706,look_034,Harmony,K-33995IN-CP,K-75201IN-CP,design_co_occurrence,83,"Both products appear in the same ""Harmony"" look on page 83.",high,false,
rel_2707,look_034,Harmony,K-33995IN-CP,K-80158IN-9AV-CP,design_co_occurrence,83,"Both products appear in the same ""Harmony"" look on page 83.",high,false,
rel_2708,look_034,Harmony,K-33995IN-CP,K-20746IN-CP,design_co_occurrence,83,"Both products appear in the same ""Harmony"" look on page 83.",high,false,
rel_2709,look_034,Harmony,K-33995IN-CP,K-7314IN-CP,design_co_occurrence,83,"Both products appear in the same ""Harmony"" look on page 83.",high,false,
rel_2710,look_034,Harmony,K-33995IN-CP,K-11568IN-7B-CP,design_co_occurrence,83,"Both products appear in the same ""Harmony"" look on page 83.",high,false,
rel_2711,look_034,Harmony,K-33995IN-CP,K-99054IN-CP,design_co_occurrence,83,"Both products appear in the same ""Harmony"" look on page 83.",high,false,
rel_2712,look_034,Harmony,K-33995IN-CP,K-26351IN-M-NA,design_co_occurrence,83,"Both products appear in the same ""Harmony"" look on page 83.",high,false,
rel_2713,look_034,Harmony,K-75201IN-CP,K-80158IN-9AV-CP,design_co_occurrence,83,"Both products appear in the same ""Harmony"" look on page 83.",high,false,
rel_2714,look_034,Harmony,K-75201IN-CP,K-20746IN-CP,design_co_occurrence,83,"Both products appear in the same ""Harmony"" look on page 83.",high,false,
rel_2715,look_034,Harmony,K-75201IN-CP,K-7314IN-CP,design_co_occurrence,83,"Both products appear in the same ""Harmony"" look on page 83.",high,false,
rel_2716,look_034,Harmony,K-75201IN-CP,K-11568IN-7B-CP,design_co_occurrence,83,"Both products appear in the same ""Harmony"" look on page 83.",high,false,
rel_2717,look_034,Harmony,K-75201IN-CP,K-99054IN-CP,design_co_occurrence,83,"Both products appear in the same ""Harmony"" look on page 83.",high,false,
rel_2718,look_034,Harmony,K-75201IN-CP,K-26351IN-M-NA,design_co_occurrence,83,"Both products appear in the same ""Harmony"" look on page 83.",high,false,
rel_2719,look_034,Harmony,K-80158IN-9AV-CP,K-20746IN-CP,design_co_occurrence,83,"Both products appear in the same ""Harmony"" look on page 83.",high,false,
rel_2720,look_034,Harmony,K-80158IN-9AV-CP,K-7314IN-CP,design_co_occurrence,83,"Both products appear in the same ""Harmony"" look on page 83.",high,false,
rel_2721,look_034,Harmony,K-80158IN-9AV-CP,K-11568IN-7B-CP,design_co_occurrence,83,"Both products appear in the same ""Harmony"" look on page 83.",high,false,
rel_2722,look_034,Harmony,K-80158IN-9AV-CP,K-99054IN-CP,design_co_occurrence,83,"Both products appear in the same ""Harmony"" look on page 83.",high,false,
rel_2723,look_034,Harmony,K-80158IN-9AV-CP,K-26351IN-M-NA,design_co_occurrence,83,"Both products appear in the same ""Harmony"" look on page 83.",high,false,
rel_2724,look_034,Harmony,K-20746IN-CP,K-7314IN-CP,design_co_occurrence,83,"Both products appear in the same ""Harmony"" look on page 83.",high,false,
rel_2725,look_034,Harmony,K-20746IN-CP,K-11568IN-7B-CP,design_co_occurrence,83,"Both products appear in the same ""Harmony"" look on page 83.",high,false,
rel_2726,look_034,Harmony,K-20746IN-CP,K-99054IN-CP,design_co_occurrence,83,"Both products appear in the same ""Harmony"" look on page 83.",high,false,
rel_2727,look_034,Harmony,K-20746IN-CP,K-26351IN-M-NA,design_co_occurrence,83,"Both products appear in the same ""Harmony"" look on page 83.",high,false,
rel_2728,look_034,Harmony,K-7314IN-CP,K-11568IN-7B-CP,design_co_occurrence,83,"Both products appear in the same ""Harmony"" look on page 83.",high,false,
rel_2729,look_034,Harmony,K-7314IN-CP,K-99054IN-CP,design_co_occurrence,83,"Both products appear in the same ""Harmony"" look on page 83.",high,false,
rel_2730,look_034,Harmony,K-7314IN-CP,K-26351IN-M-NA,design_co_occurrence,83,"Both products appear in the same ""Harmony"" look on page 83.",high,false,
rel_2731,look_034,Harmony,K-11568IN-7B-CP,K-99054IN-CP,design_co_occurrence,83,"Both products appear in the same ""Harmony"" look on page 83.",high,false,
rel_2732,look_034,Harmony,K-11568IN-7B-CP,K-26351IN-M-NA,design_co_occurrence,83,"Both products appear in the same ""Harmony"" look on page 83.",high,false,
rel_2733,look_034,Harmony,K-99054IN-CP,K-26351IN-M-NA,design_co_occurrence,83,"Both products appear in the same ""Harmony"" look on page 83.",high,false,
rel_2734,look_035,Harmony,K-34067IN-4-CP,K-34229IN-0,design_co_occurrence,85,"Both products appear in the same ""Harmony"" look on page 85.",high,false,
rel_2735,look_035,Harmony,K-34067IN-4-CP,K-28476IN-M-CP,design_co_occurrence,85,"Both products appear in the same ""Harmony"" look on page 85.",high,false,
rel_2736,look_035,Harmony,K-34067IN-4-CP,K-29174IN-S-0,design_co_occurrence,85,"Both products appear in the same ""Harmony"" look on page 85.",high,false,
rel_2737,look_035,Harmony,K-34067IN-4-CP,K-12927IN-CP,design_co_occurrence,85,"Both products appear in the same ""Harmony"" look on page 85.",high,false,
rel_2738,look_035,Harmony,K-34067IN-4-CP,K-34050IN-CP,design_co_occurrence,85,"Both products appear in the same ""Harmony"" look on page 85.",high,false,
rel_2739,look_035,Harmony,K-34067IN-4-CP,K-27495IN-4FP-CP,design_co_occurrence,85,"Both products appear in the same ""Harmony"" look on page 85.",high,false,
rel_2740,look_035,Harmony,K-34067IN-4-CP,K-33995IN-CP,design_co_occurrence,85,"Both products appear in the same ""Harmony"" look on page 85.",high,false,
rel_2741,look_035,Harmony,K-34067IN-4-CP,K-26351IN-M-NA,design_co_occurrence,85,"Both products appear in the same ""Harmony"" look on page 85.",high,false,
rel_2742,look_035,Harmony,K-34067IN-4-CP,K-7314IN-CP,design_co_occurrence,85,"Both products appear in the same ""Harmony"" look on page 85.",high,false,
rel_2743,look_035,Harmony,K-34067IN-4-CP,K-80158IN-9AV-CP,design_co_occurrence,85,"Both products appear in the same ""Harmony"" look on page 85.",high,false,
rel_2744,look_035,Harmony,K-34067IN-4-CP,K-75201IN-CP,design_co_occurrence,85,"Both products appear in the same ""Harmony"" look on page 85.",high,false,
rel_2745,look_035,Harmony,K-34067IN-4-CP,K-20746IN-CP,design_co_occurrence,85,"Both products appear in the same ""Harmony"" look on page 85.",high,false,
rel_2746,look_035,Harmony,K-34067IN-4-CP,K-11568IN-7B-CP,design_co_occurrence,85,"Both products appear in the same ""Harmony"" look on page 85.",high,false,
rel_2747,look_035,Harmony,K-34067IN-4-CP,K-99054IN-CP,design_co_occurrence,85,"Both products appear in the same ""Harmony"" look on page 85.",high,false,
rel_2748,look_035,Harmony,K-34229IN-0,K-28476IN-M-CP,design_co_occurrence,85,"Both products appear in the same ""Harmony"" look on page 85.",high,false,
rel_2749,look_035,Harmony,K-34229IN-0,K-29174IN-S-0,design_co_occurrence,85,"Both products appear in the same ""Harmony"" look on page 85.",high,false,
rel_2750,look_035,Harmony,K-34229IN-0,K-12927IN-CP,design_co_occurrence,85,"Both products appear in the same ""Harmony"" look on page 85.",high,false,
rel_2751,look_035,Harmony,K-34229IN-0,K-34050IN-CP,design_co_occurrence,85,"Both products appear in the same ""Harmony"" look on page 85.",high,false,
rel_2752,look_035,Harmony,K-34229IN-0,K-27495IN-4FP-CP,design_co_occurrence,85,"Both products appear in the same ""Harmony"" look on page 85.",high,false,
rel_2753,look_035,Harmony,K-34229IN-0,K-33995IN-CP,design_co_occurrence,85,"Both products appear in the same ""Harmony"" look on page 85.",high,false,
rel_2754,look_035,Harmony,K-34229IN-0,K-26351IN-M-NA,design_co_occurrence,85,"Both products appear in the same ""Harmony"" look on page 85.",high,false,
rel_2755,look_035,Harmony,K-34229IN-0,K-7314IN-CP,design_co_occurrence,85,"Both products appear in the same ""Harmony"" look on page 85.",high,false,
rel_2756,look_035,Harmony,K-34229IN-0,K-80158IN-9AV-CP,design_co_occurrence,85,"Both products appear in the same ""Harmony"" look on page 85.",high,false,
rel_2757,look_035,Harmony,K-34229IN-0,K-75201IN-CP,design_co_occurrence,85,"Both products appear in the same ""Harmony"" look on page 85.",high,false,
rel_2758,look_035,Harmony,K-34229IN-0,K-20746IN-CP,design_co_occurrence,85,"Both products appear in the same ""Harmony"" look on page 85.",high,false,
rel_2759,look_035,Harmony,K-34229IN-0,K-11568IN-7B-CP,design_co_occurrence,85,"Both products appear in the same ""Harmony"" look on page 85.",high,false,
rel_2760,look_035,Harmony,K-34229IN-0,K-99054IN-CP,design_co_occurrence,85,"Both products appear in the same ""Harmony"" look on page 85.",high,false,
rel_2761,look_035,Harmony,K-28476IN-M-CP,K-29174IN-S-0,design_co_occurrence,85,"Both products appear in the same ""Harmony"" look on page 85.",high,false,
rel_2762,look_035,Harmony,K-28476IN-M-CP,K-12927IN-CP,design_co_occurrence,85,"Both products appear in the same ""Harmony"" look on page 85.",high,false,
rel_2763,look_035,Harmony,K-28476IN-M-CP,K-34050IN-CP,design_co_occurrence,85,"Both products appear in the same ""Harmony"" look on page 85.",high,false,
rel_2764,look_035,Harmony,K-28476IN-M-CP,K-27495IN-4FP-CP,design_co_occurrence,85,"Both products appear in the same ""Harmony"" look on page 85.",high,false,
rel_2765,look_035,Harmony,K-28476IN-M-CP,K-33995IN-CP,design_co_occurrence,85,"Both products appear in the same ""Harmony"" look on page 85.",high,false,
rel_2766,look_035,Harmony,K-28476IN-M-CP,K-26351IN-M-NA,design_co_occurrence,85,"Both products appear in the same ""Harmony"" look on page 85.",high,false,
rel_2767,look_035,Harmony,K-28476IN-M-CP,K-7314IN-CP,design_co_occurrence,85,"Both products appear in the same ""Harmony"" look on page 85.",high,false,
rel_2768,look_035,Harmony,K-28476IN-M-CP,K-80158IN-9AV-CP,design_co_occurrence,85,"Both products appear in the same ""Harmony"" look on page 85.",high,false,
rel_2769,look_035,Harmony,K-28476IN-M-CP,K-75201IN-CP,design_co_occurrence,85,"Both products appear in the same ""Harmony"" look on page 85.",high,false,
rel_2770,look_035,Harmony,K-28476IN-M-CP,K-20746IN-CP,design_co_occurrence,85,"Both products appear in the same ""Harmony"" look on page 85.",high,false,
rel_2771,look_035,Harmony,K-28476IN-M-CP,K-11568IN-7B-CP,design_co_occurrence,85,"Both products appear in the same ""Harmony"" look on page 85.",high,false,
rel_2772,look_035,Harmony,K-28476IN-M-CP,K-99054IN-CP,design_co_occurrence,85,"Both products appear in the same ""Harmony"" look on page 85.",high,false,
rel_2773,look_035,Harmony,K-29174IN-S-0,K-12927IN-CP,design_co_occurrence,85,"Both products appear in the same ""Harmony"" look on page 85.",high,false,
rel_2774,look_035,Harmony,K-29174IN-S-0,K-34050IN-CP,design_co_occurrence,85,"Both products appear in the same ""Harmony"" look on page 85.",high,false,
rel_2775,look_035,Harmony,K-29174IN-S-0,K-27495IN-4FP-CP,design_co_occurrence,85,"Both products appear in the same ""Harmony"" look on page 85.",high,false,
rel_2776,look_035,Harmony,K-29174IN-S-0,K-33995IN-CP,design_co_occurrence,85,"Both products appear in the same ""Harmony"" look on page 85.",high,false,
rel_2777,look_035,Harmony,K-29174IN-S-0,K-26351IN-M-NA,design_co_occurrence,85,"Both products appear in the same ""Harmony"" look on page 85.",high,false,
rel_2778,look_035,Harmony,K-29174IN-S-0,K-7314IN-CP,design_co_occurrence,85,"Both products appear in the same ""Harmony"" look on page 85.",high,false,
rel_2779,look_035,Harmony,K-29174IN-S-0,K-80158IN-9AV-CP,design_co_occurrence,85,"Both products appear in the same ""Harmony"" look on page 85.",high,false,
rel_2780,look_035,Harmony,K-29174IN-S-0,K-75201IN-CP,design_co_occurrence,85,"Both products appear in the same ""Harmony"" look on page 85.",high,false,
rel_2781,look_035,Harmony,K-29174IN-S-0,K-20746IN-CP,design_co_occurrence,85,"Both products appear in the same ""Harmony"" look on page 85.",high,false,
rel_2782,look_035,Harmony,K-29174IN-S-0,K-11568IN-7B-CP,design_co_occurrence,85,"Both products appear in the same ""Harmony"" look on page 85.",high,false,
rel_2783,look_035,Harmony,K-29174IN-S-0,K-99054IN-CP,design_co_occurrence,85,"Both products appear in the same ""Harmony"" look on page 85.",high,false,
rel_2784,look_035,Harmony,K-12927IN-CP,K-34050IN-CP,design_co_occurrence,85,"Both products appear in the same ""Harmony"" look on page 85.",high,false,
rel_2785,look_035,Harmony,K-12927IN-CP,K-27495IN-4FP-CP,design_co_occurrence,85,"Both products appear in the same ""Harmony"" look on page 85.",high,false,
rel_2786,look_035,Harmony,K-12927IN-CP,K-33995IN-CP,design_co_occurrence,85,"Both products appear in the same ""Harmony"" look on page 85.",high,false,
rel_2787,look_035,Harmony,K-12927IN-CP,K-26351IN-M-NA,design_co_occurrence,85,"Both products appear in the same ""Harmony"" look on page 85.",high,false,
rel_2788,look_035,Harmony,K-12927IN-CP,K-7314IN-CP,design_co_occurrence,85,"Both products appear in the same ""Harmony"" look on page 85.",high,false,
rel_2789,look_035,Harmony,K-12927IN-CP,K-80158IN-9AV-CP,design_co_occurrence,85,"Both products appear in the same ""Harmony"" look on page 85.",high,false,
rel_2790,look_035,Harmony,K-12927IN-CP,K-75201IN-CP,design_co_occurrence,85,"Both products appear in the same ""Harmony"" look on page 85.",high,false,
rel_2791,look_035,Harmony,K-12927IN-CP,K-20746IN-CP,design_co_occurrence,85,"Both products appear in the same ""Harmony"" look on page 85.",high,false,
rel_2792,look_035,Harmony,K-12927IN-CP,K-11568IN-7B-CP,design_co_occurrence,85,"Both products appear in the same ""Harmony"" look on page 85.",high,false,
rel_2793,look_035,Harmony,K-12927IN-CP,K-99054IN-CP,design_co_occurrence,85,"Both products appear in the same ""Harmony"" look on page 85.",high,false,
rel_2794,look_035,Harmony,K-34050IN-CP,K-27495IN-4FP-CP,design_co_occurrence,85,"Both products appear in the same ""Harmony"" look on page 85.",high,false,
rel_2795,look_035,Harmony,K-34050IN-CP,K-33995IN-CP,design_co_occurrence,85,"Both products appear in the same ""Harmony"" look on page 85.",high,false,
rel_2796,look_035,Harmony,K-34050IN-CP,K-26351IN-M-NA,design_co_occurrence,85,"Both products appear in the same ""Harmony"" look on page 85.",high,false,
rel_2797,look_035,Harmony,K-34050IN-CP,K-7314IN-CP,design_co_occurrence,85,"Both products appear in the same ""Harmony"" look on page 85.",high,false,
rel_2798,look_035,Harmony,K-34050IN-CP,K-80158IN-9AV-CP,design_co_occurrence,85,"Both products appear in the same ""Harmony"" look on page 85.",high,false,
rel_2799,look_035,Harmony,K-34050IN-CP,K-75201IN-CP,design_co_occurrence,85,"Both products appear in the same ""Harmony"" look on page 85.",high,false,
rel_2800,look_035,Harmony,K-34050IN-CP,K-20746IN-CP,design_co_occurrence,85,"Both products appear in the same ""Harmony"" look on page 85.",high,false,
rel_2801,look_035,Harmony,K-34050IN-CP,K-11568IN-7B-CP,design_co_occurrence,85,"Both products appear in the same ""Harmony"" look on page 85.",high,false,
rel_2802,look_035,Harmony,K-34050IN-CP,K-99054IN-CP,design_co_occurrence,85,"Both products appear in the same ""Harmony"" look on page 85.",high,false,
rel_2803,look_035,Harmony,K-27495IN-4FP-CP,K-33995IN-CP,design_co_occurrence,85,"Both products appear in the same ""Harmony"" look on page 85.",high,false,
rel_2804,look_035,Harmony,K-27495IN-4FP-CP,K-26351IN-M-NA,design_co_occurrence,85,"Both products appear in the same ""Harmony"" look on page 85.",high,false,
rel_2805,look_035,Harmony,K-27495IN-4FP-CP,K-7314IN-CP,design_co_occurrence,85,"Both products appear in the same ""Harmony"" look on page 85.",high,false,
rel_2806,look_035,Harmony,K-27495IN-4FP-CP,K-80158IN-9AV-CP,design_co_occurrence,85,"Both products appear in the same ""Harmony"" look on page 85.",high,false,
rel_2807,look_035,Harmony,K-27495IN-4FP-CP,K-75201IN-CP,design_co_occurrence,85,"Both products appear in the same ""Harmony"" look on page 85.",high,false,
rel_2808,look_035,Harmony,K-27495IN-4FP-CP,K-20746IN-CP,design_co_occurrence,85,"Both products appear in the same ""Harmony"" look on page 85.",high,false,
rel_2809,look_035,Harmony,K-27495IN-4FP-CP,K-11568IN-7B-CP,design_co_occurrence,85,"Both products appear in the same ""Harmony"" look on page 85.",high,false,
rel_2810,look_035,Harmony,K-27495IN-4FP-CP,K-99054IN-CP,design_co_occurrence,85,"Both products appear in the same ""Harmony"" look on page 85.",high,false,
rel_2811,look_035,Harmony,K-33995IN-CP,K-26351IN-M-NA,design_co_occurrence,85,"Both products appear in the same ""Harmony"" look on page 85.",high,false,
rel_2812,look_035,Harmony,K-33995IN-CP,K-7314IN-CP,design_co_occurrence,85,"Both products appear in the same ""Harmony"" look on page 85.",high,false,
rel_2813,look_035,Harmony,K-33995IN-CP,K-80158IN-9AV-CP,design_co_occurrence,85,"Both products appear in the same ""Harmony"" look on page 85.",high,false,
rel_2814,look_035,Harmony,K-33995IN-CP,K-75201IN-CP,design_co_occurrence,85,"Both products appear in the same ""Harmony"" look on page 85.",high,false,
rel_2815,look_035,Harmony,K-33995IN-CP,K-20746IN-CP,design_co_occurrence,85,"Both products appear in the same ""Harmony"" look on page 85.",high,false,
rel_2816,look_035,Harmony,K-33995IN-CP,K-11568IN-7B-CP,design_co_occurrence,85,"Both products appear in the same ""Harmony"" look on page 85.",high,false,
rel_2817,look_035,Harmony,K-33995IN-CP,K-99054IN-CP,design_co_occurrence,85,"Both products appear in the same ""Harmony"" look on page 85.",high,false,
rel_2818,look_035,Harmony,K-26351IN-M-NA,K-7314IN-CP,design_co_occurrence,85,"Both products appear in the same ""Harmony"" look on page 85.",high,false,
rel_2819,look_035,Harmony,K-26351IN-M-NA,K-80158IN-9AV-CP,design_co_occurrence,85,"Both products appear in the same ""Harmony"" look on page 85.",high,false,
rel_2820,look_035,Harmony,K-26351IN-M-NA,K-75201IN-CP,design_co_occurrence,85,"Both products appear in the same ""Harmony"" look on page 85.",high,false,
rel_2821,look_035,Harmony,K-26351IN-M-NA,K-20746IN-CP,design_co_occurrence,85,"Both products appear in the same ""Harmony"" look on page 85.",high,false,
rel_2822,look_035,Harmony,K-26351IN-M-NA,K-11568IN-7B-CP,design_co_occurrence,85,"Both products appear in the same ""Harmony"" look on page 85.",high,false,
rel_2823,look_035,Harmony,K-26351IN-M-NA,K-99054IN-CP,design_co_occurrence,85,"Both products appear in the same ""Harmony"" look on page 85.",high,false,
rel_2824,look_035,Harmony,K-7314IN-CP,K-80158IN-9AV-CP,design_co_occurrence,85,"Both products appear in the same ""Harmony"" look on page 85.",high,false,
rel_2825,look_035,Harmony,K-7314IN-CP,K-75201IN-CP,design_co_occurrence,85,"Both products appear in the same ""Harmony"" look on page 85.",high,false,
rel_2826,look_035,Harmony,K-7314IN-CP,K-20746IN-CP,design_co_occurrence,85,"Both products appear in the same ""Harmony"" look on page 85.",high,false,
rel_2827,look_035,Harmony,K-7314IN-CP,K-11568IN-7B-CP,design_co_occurrence,85,"Both products appear in the same ""Harmony"" look on page 85.",high,false,
rel_2828,look_035,Harmony,K-7314IN-CP,K-99054IN-CP,design_co_occurrence,85,"Both products appear in the same ""Harmony"" look on page 85.",high,false,
rel_2829,look_035,Harmony,K-80158IN-9AV-CP,K-75201IN-CP,design_co_occurrence,85,"Both products appear in the same ""Harmony"" look on page 85.",high,false,
rel_2830,look_035,Harmony,K-80158IN-9AV-CP,K-20746IN-CP,design_co_occurrence,85,"Both products appear in the same ""Harmony"" look on page 85.",high,false,
rel_2831,look_035,Harmony,K-80158IN-9AV-CP,K-11568IN-7B-CP,design_co_occurrence,85,"Both products appear in the same ""Harmony"" look on page 85.",high,false,
rel_2832,look_035,Harmony,K-80158IN-9AV-CP,K-99054IN-CP,design_co_occurrence,85,"Both products appear in the same ""Harmony"" look on page 85.",high,false,
rel_2833,look_035,Harmony,K-75201IN-CP,K-20746IN-CP,design_co_occurrence,85,"Both products appear in the same ""Harmony"" look on page 85.",high,false,
rel_2834,look_035,Harmony,K-75201IN-CP,K-11568IN-7B-CP,design_co_occurrence,85,"Both products appear in the same ""Harmony"" look on page 85.",high,false,
rel_2835,look_035,Harmony,K-75201IN-CP,K-99054IN-CP,design_co_occurrence,85,"Both products appear in the same ""Harmony"" look on page 85.",high,false,
rel_2836,look_035,Harmony,K-20746IN-CP,K-11568IN-7B-CP,design_co_occurrence,85,"Both products appear in the same ""Harmony"" look on page 85.",high,false,
rel_2837,look_035,Harmony,K-20746IN-CP,K-99054IN-CP,design_co_occurrence,85,"Both products appear in the same ""Harmony"" look on page 85.",high,false,
rel_2838,look_035,Harmony,K-11568IN-7B-CP,K-99054IN-CP,design_co_occurrence,85,"Both products appear in the same ""Harmony"" look on page 85.",high,false,
rel_2839,look_036,Harmony,K-33999IN-4ND-CP,K-34251IN-0,design_co_occurrence,87,"Both products appear in the same ""Harmony"" look on page 87.",high,false,
rel_2840,look_036,Harmony,K-33999IN-4ND-CP,K-28475IN-M-CP,design_co_occurrence,87,"Both products appear in the same ""Harmony"" look on page 87.",high,false,
rel_2841,look_036,Harmony,K-33999IN-4ND-CP,K-29150IN-0,design_co_occurrence,87,"Both products appear in the same ""Harmony"" look on page 87.",high,false,
rel_2842,look_036,Harmony,K-33999IN-4ND-CP,K-12927IN-CP,design_co_occurrence,87,"Both products appear in the same ""Harmony"" look on page 87.",high,false,
rel_2843,look_036,Harmony,K-33999IN-4ND-CP,K-34042IN-CP,design_co_occurrence,87,"Both products appear in the same ""Harmony"" look on page 87.",high,false,
rel_2844,look_036,Harmony,K-33999IN-4ND-CP,K-33645IN-4FP-CP,design_co_occurrence,87,"Both products appear in the same ""Harmony"" look on page 87.",high,false,
rel_2845,look_036,Harmony,K-33999IN-4ND-CP,K-33995IN-CP,design_co_occurrence,87,"Both products appear in the same ""Harmony"" look on page 87.",high,false,
rel_2846,look_036,Harmony,K-33999IN-4ND-CP,K-26351IN-M-NA,design_co_occurrence,87,"Both products appear in the same ""Harmony"" look on page 87.",high,false,
rel_2847,look_036,Harmony,K-33999IN-4ND-CP,K-7314IN-CP,design_co_occurrence,87,"Both products appear in the same ""Harmony"" look on page 87.",high,false,
rel_2848,look_036,Harmony,K-33999IN-4ND-CP,K-80158IN-9AV-CP,design_co_occurrence,87,"Both products appear in the same ""Harmony"" look on page 87.",high,false,
rel_2849,look_036,Harmony,K-33999IN-4ND-CP,K-20746IN-CP,design_co_occurrence,87,"Both products appear in the same ""Harmony"" look on page 87.",high,false,
rel_2850,look_036,Harmony,K-33999IN-4ND-CP,K-11568IN-7B-CP,design_co_occurrence,87,"Both products appear in the same ""Harmony"" look on page 87.",high,false,
rel_2851,look_036,Harmony,K-33999IN-4ND-CP,K-99054IN-CP,design_co_occurrence,87,"Both products appear in the same ""Harmony"" look on page 87.",high,false,
rel_2852,look_036,Harmony,K-33999IN-4ND-CP,K-75201IN-CP,design_co_occurrence,87,"Both products appear in the same ""Harmony"" look on page 87.",high,false,
rel_2853,look_036,Harmony,K-34251IN-0,K-28475IN-M-CP,design_co_occurrence,87,"Both products appear in the same ""Harmony"" look on page 87.",high,false,
rel_2854,look_036,Harmony,K-34251IN-0,K-29150IN-0,design_co_occurrence,87,"Both products appear in the same ""Harmony"" look on page 87.",high,false,
rel_2855,look_036,Harmony,K-34251IN-0,K-12927IN-CP,design_co_occurrence,87,"Both products appear in the same ""Harmony"" look on page 87.",high,false,
rel_2856,look_036,Harmony,K-34251IN-0,K-34042IN-CP,design_co_occurrence,87,"Both products appear in the same ""Harmony"" look on page 87.",high,false,
rel_2857,look_036,Harmony,K-34251IN-0,K-33645IN-4FP-CP,design_co_occurrence,87,"Both products appear in the same ""Harmony"" look on page 87.",high,false,
rel_2858,look_036,Harmony,K-34251IN-0,K-33995IN-CP,design_co_occurrence,87,"Both products appear in the same ""Harmony"" look on page 87.",high,false,
rel_2859,look_036,Harmony,K-34251IN-0,K-26351IN-M-NA,design_co_occurrence,87,"Both products appear in the same ""Harmony"" look on page 87.",high,false,
rel_2860,look_036,Harmony,K-34251IN-0,K-7314IN-CP,design_co_occurrence,87,"Both products appear in the same ""Harmony"" look on page 87.",high,false,
rel_2861,look_036,Harmony,K-34251IN-0,K-80158IN-9AV-CP,design_co_occurrence,87,"Both products appear in the same ""Harmony"" look on page 87.",high,false,
rel_2862,look_036,Harmony,K-34251IN-0,K-20746IN-CP,design_co_occurrence,87,"Both products appear in the same ""Harmony"" look on page 87.",high,false,
rel_2863,look_036,Harmony,K-34251IN-0,K-11568IN-7B-CP,design_co_occurrence,87,"Both products appear in the same ""Harmony"" look on page 87.",high,false,
rel_2864,look_036,Harmony,K-34251IN-0,K-99054IN-CP,design_co_occurrence,87,"Both products appear in the same ""Harmony"" look on page 87.",high,false,
rel_2865,look_036,Harmony,K-34251IN-0,K-75201IN-CP,design_co_occurrence,87,"Both products appear in the same ""Harmony"" look on page 87.",high,false,
rel_2866,look_036,Harmony,K-28475IN-M-CP,K-29150IN-0,design_co_occurrence,87,"Both products appear in the same ""Harmony"" look on page 87.",high,false,
rel_2867,look_036,Harmony,K-28475IN-M-CP,K-12927IN-CP,design_co_occurrence,87,"Both products appear in the same ""Harmony"" look on page 87.",high,false,
rel_2868,look_036,Harmony,K-28475IN-M-CP,K-34042IN-CP,design_co_occurrence,87,"Both products appear in the same ""Harmony"" look on page 87.",high,false,
rel_2869,look_036,Harmony,K-28475IN-M-CP,K-33645IN-4FP-CP,design_co_occurrence,87,"Both products appear in the same ""Harmony"" look on page 87.",high,false,
rel_2870,look_036,Harmony,K-28475IN-M-CP,K-33995IN-CP,design_co_occurrence,87,"Both products appear in the same ""Harmony"" look on page 87.",high,false,
rel_2871,look_036,Harmony,K-28475IN-M-CP,K-26351IN-M-NA,design_co_occurrence,87,"Both products appear in the same ""Harmony"" look on page 87.",high,false,
rel_2872,look_036,Harmony,K-28475IN-M-CP,K-7314IN-CP,design_co_occurrence,87,"Both products appear in the same ""Harmony"" look on page 87.",high,false,
rel_2873,look_036,Harmony,K-28475IN-M-CP,K-80158IN-9AV-CP,design_co_occurrence,87,"Both products appear in the same ""Harmony"" look on page 87.",high,false,
rel_2874,look_036,Harmony,K-28475IN-M-CP,K-20746IN-CP,design_co_occurrence,87,"Both products appear in the same ""Harmony"" look on page 87.",high,false,
rel_2875,look_036,Harmony,K-28475IN-M-CP,K-11568IN-7B-CP,design_co_occurrence,87,"Both products appear in the same ""Harmony"" look on page 87.",high,false,
rel_2876,look_036,Harmony,K-28475IN-M-CP,K-99054IN-CP,design_co_occurrence,87,"Both products appear in the same ""Harmony"" look on page 87.",high,false,
rel_2877,look_036,Harmony,K-28475IN-M-CP,K-75201IN-CP,design_co_occurrence,87,"Both products appear in the same ""Harmony"" look on page 87.",high,false,
rel_2878,look_036,Harmony,K-29150IN-0,K-12927IN-CP,design_co_occurrence,87,"Both products appear in the same ""Harmony"" look on page 87.",high,false,
rel_2879,look_036,Harmony,K-29150IN-0,K-34042IN-CP,design_co_occurrence,87,"Both products appear in the same ""Harmony"" look on page 87.",high,false,
rel_2880,look_036,Harmony,K-29150IN-0,K-33645IN-4FP-CP,design_co_occurrence,87,"Both products appear in the same ""Harmony"" look on page 87.",high,false,
rel_2881,look_036,Harmony,K-29150IN-0,K-33995IN-CP,design_co_occurrence,87,"Both products appear in the same ""Harmony"" look on page 87.",high,false,
rel_2882,look_036,Harmony,K-29150IN-0,K-26351IN-M-NA,design_co_occurrence,87,"Both products appear in the same ""Harmony"" look on page 87.",high,false,
rel_2883,look_036,Harmony,K-29150IN-0,K-7314IN-CP,design_co_occurrence,87,"Both products appear in the same ""Harmony"" look on page 87.",high,false,
rel_2884,look_036,Harmony,K-29150IN-0,K-80158IN-9AV-CP,design_co_occurrence,87,"Both products appear in the same ""Harmony"" look on page 87.",high,false,
rel_2885,look_036,Harmony,K-29150IN-0,K-20746IN-CP,design_co_occurrence,87,"Both products appear in the same ""Harmony"" look on page 87.",high,false,
rel_2886,look_036,Harmony,K-29150IN-0,K-11568IN-7B-CP,design_co_occurrence,87,"Both products appear in the same ""Harmony"" look on page 87.",high,false,
rel_2887,look_036,Harmony,K-29150IN-0,K-99054IN-CP,design_co_occurrence,87,"Both products appear in the same ""Harmony"" look on page 87.",high,false,
rel_2888,look_036,Harmony,K-29150IN-0,K-75201IN-CP,design_co_occurrence,87,"Both products appear in the same ""Harmony"" look on page 87.",high,false,
rel_2889,look_036,Harmony,K-12927IN-CP,K-34042IN-CP,design_co_occurrence,87,"Both products appear in the same ""Harmony"" look on page 87.",high,false,
rel_2890,look_036,Harmony,K-12927IN-CP,K-33645IN-4FP-CP,design_co_occurrence,87,"Both products appear in the same ""Harmony"" look on page 87.",high,false,
rel_2891,look_036,Harmony,K-12927IN-CP,K-33995IN-CP,design_co_occurrence,87,"Both products appear in the same ""Harmony"" look on page 87.",high,false,
rel_2892,look_036,Harmony,K-12927IN-CP,K-26351IN-M-NA,design_co_occurrence,87,"Both products appear in the same ""Harmony"" look on page 87.",high,false,
rel_2893,look_036,Harmony,K-12927IN-CP,K-7314IN-CP,design_co_occurrence,87,"Both products appear in the same ""Harmony"" look on page 87.",high,false,
rel_2894,look_036,Harmony,K-12927IN-CP,K-80158IN-9AV-CP,design_co_occurrence,87,"Both products appear in the same ""Harmony"" look on page 87.",high,false,
rel_2895,look_036,Harmony,K-12927IN-CP,K-20746IN-CP,design_co_occurrence,87,"Both products appear in the same ""Harmony"" look on page 87.",high,false,
rel_2896,look_036,Harmony,K-12927IN-CP,K-11568IN-7B-CP,design_co_occurrence,87,"Both products appear in the same ""Harmony"" look on page 87.",high,false,
rel_2897,look_036,Harmony,K-12927IN-CP,K-99054IN-CP,design_co_occurrence,87,"Both products appear in the same ""Harmony"" look on page 87.",high,false,
rel_2898,look_036,Harmony,K-12927IN-CP,K-75201IN-CP,design_co_occurrence,87,"Both products appear in the same ""Harmony"" look on page 87.",high,false,
rel_2899,look_036,Harmony,K-34042IN-CP,K-33645IN-4FP-CP,design_co_occurrence,87,"Both products appear in the same ""Harmony"" look on page 87.",high,false,
rel_2900,look_036,Harmony,K-34042IN-CP,K-33995IN-CP,design_co_occurrence,87,"Both products appear in the same ""Harmony"" look on page 87.",high,false,
rel_2901,look_036,Harmony,K-34042IN-CP,K-26351IN-M-NA,design_co_occurrence,87,"Both products appear in the same ""Harmony"" look on page 87.",high,false,
rel_2902,look_036,Harmony,K-34042IN-CP,K-7314IN-CP,design_co_occurrence,87,"Both products appear in the same ""Harmony"" look on page 87.",high,false,
rel_2903,look_036,Harmony,K-34042IN-CP,K-80158IN-9AV-CP,design_co_occurrence,87,"Both products appear in the same ""Harmony"" look on page 87.",high,false,
rel_2904,look_036,Harmony,K-34042IN-CP,K-20746IN-CP,design_co_occurrence,87,"Both products appear in the same ""Harmony"" look on page 87.",high,false,
rel_2905,look_036,Harmony,K-34042IN-CP,K-11568IN-7B-CP,design_co_occurrence,87,"Both products appear in the same ""Harmony"" look on page 87.",high,false,
rel_2906,look_036,Harmony,K-34042IN-CP,K-99054IN-CP,design_co_occurrence,87,"Both products appear in the same ""Harmony"" look on page 87.",high,false,
rel_2907,look_036,Harmony,K-34042IN-CP,K-75201IN-CP,design_co_occurrence,87,"Both products appear in the same ""Harmony"" look on page 87.",high,false,
rel_2908,look_036,Harmony,K-33645IN-4FP-CP,K-33995IN-CP,design_co_occurrence,87,"Both products appear in the same ""Harmony"" look on page 87.",high,false,
rel_2909,look_036,Harmony,K-33645IN-4FP-CP,K-26351IN-M-NA,design_co_occurrence,87,"Both products appear in the same ""Harmony"" look on page 87.",high,false,
rel_2910,look_036,Harmony,K-33645IN-4FP-CP,K-7314IN-CP,design_co_occurrence,87,"Both products appear in the same ""Harmony"" look on page 87.",high,false,
rel_2911,look_036,Harmony,K-33645IN-4FP-CP,K-80158IN-9AV-CP,design_co_occurrence,87,"Both products appear in the same ""Harmony"" look on page 87.",high,false,
rel_2912,look_036,Harmony,K-33645IN-4FP-CP,K-20746IN-CP,design_co_occurrence,87,"Both products appear in the same ""Harmony"" look on page 87.",high,false,
rel_2913,look_036,Harmony,K-33645IN-4FP-CP,K-11568IN-7B-CP,design_co_occurrence,87,"Both products appear in the same ""Harmony"" look on page 87.",high,false,
rel_2914,look_036,Harmony,K-33645IN-4FP-CP,K-99054IN-CP,design_co_occurrence,87,"Both products appear in the same ""Harmony"" look on page 87.",high,false,
rel_2915,look_036,Harmony,K-33645IN-4FP-CP,K-75201IN-CP,design_co_occurrence,87,"Both products appear in the same ""Harmony"" look on page 87.",high,false,
rel_2916,look_036,Harmony,K-33995IN-CP,K-26351IN-M-NA,design_co_occurrence,87,"Both products appear in the same ""Harmony"" look on page 87.",high,false,
rel_2917,look_036,Harmony,K-33995IN-CP,K-7314IN-CP,design_co_occurrence,87,"Both products appear in the same ""Harmony"" look on page 87.",high,false,
rel_2918,look_036,Harmony,K-33995IN-CP,K-80158IN-9AV-CP,design_co_occurrence,87,"Both products appear in the same ""Harmony"" look on page 87.",high,false,
rel_2919,look_036,Harmony,K-33995IN-CP,K-20746IN-CP,design_co_occurrence,87,"Both products appear in the same ""Harmony"" look on page 87.",high,false,
rel_2920,look_036,Harmony,K-33995IN-CP,K-11568IN-7B-CP,design_co_occurrence,87,"Both products appear in the same ""Harmony"" look on page 87.",high,false,
rel_2921,look_036,Harmony,K-33995IN-CP,K-99054IN-CP,design_co_occurrence,87,"Both products appear in the same ""Harmony"" look on page 87.",high,false,
rel_2922,look_036,Harmony,K-33995IN-CP,K-75201IN-CP,design_co_occurrence,87,"Both products appear in the same ""Harmony"" look on page 87.",high,false,
rel_2923,look_036,Harmony,K-26351IN-M-NA,K-7314IN-CP,design_co_occurrence,87,"Both products appear in the same ""Harmony"" look on page 87.",high,false,
rel_2924,look_036,Harmony,K-26351IN-M-NA,K-80158IN-9AV-CP,design_co_occurrence,87,"Both products appear in the same ""Harmony"" look on page 87.",high,false,
rel_2925,look_036,Harmony,K-26351IN-M-NA,K-20746IN-CP,design_co_occurrence,87,"Both products appear in the same ""Harmony"" look on page 87.",high,false,
rel_2926,look_036,Harmony,K-26351IN-M-NA,K-11568IN-7B-CP,design_co_occurrence,87,"Both products appear in the same ""Harmony"" look on page 87.",high,false,
rel_2927,look_036,Harmony,K-26351IN-M-NA,K-99054IN-CP,design_co_occurrence,87,"Both products appear in the same ""Harmony"" look on page 87.",high,false,
rel_2928,look_036,Harmony,K-26351IN-M-NA,K-75201IN-CP,design_co_occurrence,87,"Both products appear in the same ""Harmony"" look on page 87.",high,false,
rel_2929,look_036,Harmony,K-7314IN-CP,K-80158IN-9AV-CP,design_co_occurrence,87,"Both products appear in the same ""Harmony"" look on page 87.",high,false,
rel_2930,look_036,Harmony,K-7314IN-CP,K-20746IN-CP,design_co_occurrence,87,"Both products appear in the same ""Harmony"" look on page 87.",high,false,
rel_2931,look_036,Harmony,K-7314IN-CP,K-11568IN-7B-CP,design_co_occurrence,87,"Both products appear in the same ""Harmony"" look on page 87.",high,false,
rel_2932,look_036,Harmony,K-7314IN-CP,K-99054IN-CP,design_co_occurrence,87,"Both products appear in the same ""Harmony"" look on page 87.",high,false,
rel_2933,look_036,Harmony,K-7314IN-CP,K-75201IN-CP,design_co_occurrence,87,"Both products appear in the same ""Harmony"" look on page 87.",high,false,
rel_2934,look_036,Harmony,K-80158IN-9AV-CP,K-20746IN-CP,design_co_occurrence,87,"Both products appear in the same ""Harmony"" look on page 87.",high,false,
rel_2935,look_036,Harmony,K-80158IN-9AV-CP,K-11568IN-7B-CP,design_co_occurrence,87,"Both products appear in the same ""Harmony"" look on page 87.",high,false,
rel_2936,look_036,Harmony,K-80158IN-9AV-CP,K-99054IN-CP,design_co_occurrence,87,"Both products appear in the same ""Harmony"" look on page 87.",high,false,
rel_2937,look_036,Harmony,K-80158IN-9AV-CP,K-75201IN-CP,design_co_occurrence,87,"Both products appear in the same ""Harmony"" look on page 87.",high,false,
rel_2938,look_036,Harmony,K-20746IN-CP,K-11568IN-7B-CP,design_co_occurrence,87,"Both products appear in the same ""Harmony"" look on page 87.",high,false,
rel_2939,look_036,Harmony,K-20746IN-CP,K-99054IN-CP,design_co_occurrence,87,"Both products appear in the same ""Harmony"" look on page 87.",high,false,
rel_2940,look_036,Harmony,K-20746IN-CP,K-75201IN-CP,design_co_occurrence,87,"Both products appear in the same ""Harmony"" look on page 87.",high,false,
rel_2941,look_036,Harmony,K-11568IN-7B-CP,K-99054IN-CP,design_co_occurrence,87,"Both products appear in the same ""Harmony"" look on page 87.",high,false,
rel_2942,look_036,Harmony,K-11568IN-7B-CP,K-75201IN-CP,design_co_occurrence,87,"Both products appear in the same ""Harmony"" look on page 87.",high,false,
rel_2943,look_036,Harmony,K-99054IN-CP,K-75201IN-CP,design_co_occurrence,87,"Both products appear in the same ""Harmony"" look on page 87.",high,false,
rel_2944,look_037,Harmony,K-33913IN-4ND-CP,K-34251IN-0,design_co_occurrence,89,"Both products appear in the same ""Harmony"" look on page 89.",high,false,
rel_2945,look_037,Harmony,K-33913IN-4ND-CP,K-28476IN-M-CP,design_co_occurrence,89,"Both products appear in the same ""Harmony"" look on page 89.",high,false,
rel_2946,look_037,Harmony,K-33913IN-4ND-CP,K-32410IN-0,design_co_occurrence,89,"Both products appear in the same ""Harmony"" look on page 89.",high,false,
rel_2947,look_037,Harmony,K-33913IN-4ND-CP,K-12927IN-CP,design_co_occurrence,89,"Both products appear in the same ""Harmony"" look on page 89.",high,false,
rel_2948,look_037,Harmony,K-33913IN-4ND-CP,K-36211IN-CP,design_co_occurrence,89,"Both products appear in the same ""Harmony"" look on page 89.",high,false,
rel_2949,look_037,Harmony,K-33913IN-4ND-CP,K-33992IN-4FP-CP,design_co_occurrence,89,"Both products appear in the same ""Harmony"" look on page 89.",high,false,
rel_2950,look_037,Harmony,K-33913IN-4ND-CP,K-33995IN-CP,design_co_occurrence,89,"Both products appear in the same ""Harmony"" look on page 89.",high,false,
rel_2951,look_037,Harmony,K-33913IN-4ND-CP,K-26351IN-M-NA,design_co_occurrence,89,"Both products appear in the same ""Harmony"" look on page 89.",high,false,
rel_2952,look_037,Harmony,K-33913IN-4ND-CP,K-7314IN-CP,design_co_occurrence,89,"Both products appear in the same ""Harmony"" look on page 89.",high,false,
rel_2953,look_037,Harmony,K-33913IN-4ND-CP,K-80158IN-9AV-CP,design_co_occurrence,89,"Both products appear in the same ""Harmony"" look on page 89.",high,false,
rel_2954,look_037,Harmony,K-33913IN-4ND-CP,K-20746IN-CP,design_co_occurrence,89,"Both products appear in the same ""Harmony"" look on page 89.",high,false,
rel_2955,look_037,Harmony,K-33913IN-4ND-CP,K-75201IN-CP,design_co_occurrence,89,"Both products appear in the same ""Harmony"" look on page 89.",high,false,
rel_2956,look_037,Harmony,K-33913IN-4ND-CP,K-11568IN-7B-CP,design_co_occurrence,89,"Both products appear in the same ""Harmony"" look on page 89.",high,false,
rel_2957,look_037,Harmony,K-33913IN-4ND-CP,K-99054IN-CP,design_co_occurrence,89,"Both products appear in the same ""Harmony"" look on page 89.",high,false,
rel_2958,look_037,Harmony,K-34251IN-0,K-28476IN-M-CP,design_co_occurrence,89,"Both products appear in the same ""Harmony"" look on page 89.",high,false,
rel_2959,look_037,Harmony,K-34251IN-0,K-32410IN-0,design_co_occurrence,89,"Both products appear in the same ""Harmony"" look on page 89.",high,false,
rel_2960,look_037,Harmony,K-34251IN-0,K-12927IN-CP,design_co_occurrence,89,"Both products appear in the same ""Harmony"" look on page 89.",high,false,
rel_2961,look_037,Harmony,K-34251IN-0,K-36211IN-CP,design_co_occurrence,89,"Both products appear in the same ""Harmony"" look on page 89.",high,false,
rel_2962,look_037,Harmony,K-34251IN-0,K-33992IN-4FP-CP,design_co_occurrence,89,"Both products appear in the same ""Harmony"" look on page 89.",high,false,
rel_2963,look_037,Harmony,K-34251IN-0,K-33995IN-CP,design_co_occurrence,89,"Both products appear in the same ""Harmony"" look on page 89.",high,false,
rel_2964,look_037,Harmony,K-34251IN-0,K-26351IN-M-NA,design_co_occurrence,89,"Both products appear in the same ""Harmony"" look on page 89.",high,false,
rel_2965,look_037,Harmony,K-34251IN-0,K-7314IN-CP,design_co_occurrence,89,"Both products appear in the same ""Harmony"" look on page 89.",high,false,
rel_2966,look_037,Harmony,K-34251IN-0,K-80158IN-9AV-CP,design_co_occurrence,89,"Both products appear in the same ""Harmony"" look on page 89.",high,false,
rel_2967,look_037,Harmony,K-34251IN-0,K-20746IN-CP,design_co_occurrence,89,"Both products appear in the same ""Harmony"" look on page 89.",high,false,
rel_2968,look_037,Harmony,K-34251IN-0,K-75201IN-CP,design_co_occurrence,89,"Both products appear in the same ""Harmony"" look on page 89.",high,false,
rel_2969,look_037,Harmony,K-34251IN-0,K-11568IN-7B-CP,design_co_occurrence,89,"Both products appear in the same ""Harmony"" look on page 89.",high,false,
rel_2970,look_037,Harmony,K-34251IN-0,K-99054IN-CP,design_co_occurrence,89,"Both products appear in the same ""Harmony"" look on page 89.",high,false,
rel_2971,look_037,Harmony,K-28476IN-M-CP,K-32410IN-0,design_co_occurrence,89,"Both products appear in the same ""Harmony"" look on page 89.",high,false,
rel_2972,look_037,Harmony,K-28476IN-M-CP,K-12927IN-CP,design_co_occurrence,89,"Both products appear in the same ""Harmony"" look on page 89.",high,false,
rel_2973,look_037,Harmony,K-28476IN-M-CP,K-36211IN-CP,design_co_occurrence,89,"Both products appear in the same ""Harmony"" look on page 89.",high,false,
rel_2974,look_037,Harmony,K-28476IN-M-CP,K-33992IN-4FP-CP,design_co_occurrence,89,"Both products appear in the same ""Harmony"" look on page 89.",high,false,
rel_2975,look_037,Harmony,K-28476IN-M-CP,K-33995IN-CP,design_co_occurrence,89,"Both products appear in the same ""Harmony"" look on page 89.",high,false,
rel_2976,look_037,Harmony,K-28476IN-M-CP,K-26351IN-M-NA,design_co_occurrence,89,"Both products appear in the same ""Harmony"" look on page 89.",high,false,
rel_2977,look_037,Harmony,K-28476IN-M-CP,K-7314IN-CP,design_co_occurrence,89,"Both products appear in the same ""Harmony"" look on page 89.",high,false,
rel_2978,look_037,Harmony,K-28476IN-M-CP,K-80158IN-9AV-CP,design_co_occurrence,89,"Both products appear in the same ""Harmony"" look on page 89.",high,false,
rel_2979,look_037,Harmony,K-28476IN-M-CP,K-20746IN-CP,design_co_occurrence,89,"Both products appear in the same ""Harmony"" look on page 89.",high,false,
rel_2980,look_037,Harmony,K-28476IN-M-CP,K-75201IN-CP,design_co_occurrence,89,"Both products appear in the same ""Harmony"" look on page 89.",high,false,
rel_2981,look_037,Harmony,K-28476IN-M-CP,K-11568IN-7B-CP,design_co_occurrence,89,"Both products appear in the same ""Harmony"" look on page 89.",high,false,
rel_2982,look_037,Harmony,K-28476IN-M-CP,K-99054IN-CP,design_co_occurrence,89,"Both products appear in the same ""Harmony"" look on page 89.",high,false,
rel_2983,look_037,Harmony,K-32410IN-0,K-12927IN-CP,design_co_occurrence,89,"Both products appear in the same ""Harmony"" look on page 89.",high,false,
rel_2984,look_037,Harmony,K-32410IN-0,K-36211IN-CP,design_co_occurrence,89,"Both products appear in the same ""Harmony"" look on page 89.",high,false,
rel_2985,look_037,Harmony,K-32410IN-0,K-33992IN-4FP-CP,design_co_occurrence,89,"Both products appear in the same ""Harmony"" look on page 89.",high,false,
rel_2986,look_037,Harmony,K-32410IN-0,K-33995IN-CP,design_co_occurrence,89,"Both products appear in the same ""Harmony"" look on page 89.",high,false,
rel_2987,look_037,Harmony,K-32410IN-0,K-26351IN-M-NA,design_co_occurrence,89,"Both products appear in the same ""Harmony"" look on page 89.",high,false,
rel_2988,look_037,Harmony,K-32410IN-0,K-7314IN-CP,design_co_occurrence,89,"Both products appear in the same ""Harmony"" look on page 89.",high,false,
rel_2989,look_037,Harmony,K-32410IN-0,K-80158IN-9AV-CP,design_co_occurrence,89,"Both products appear in the same ""Harmony"" look on page 89.",high,false,
rel_2990,look_037,Harmony,K-32410IN-0,K-20746IN-CP,design_co_occurrence,89,"Both products appear in the same ""Harmony"" look on page 89.",high,false,
rel_2991,look_037,Harmony,K-32410IN-0,K-75201IN-CP,design_co_occurrence,89,"Both products appear in the same ""Harmony"" look on page 89.",high,false,
rel_2992,look_037,Harmony,K-32410IN-0,K-11568IN-7B-CP,design_co_occurrence,89,"Both products appear in the same ""Harmony"" look on page 89.",high,false,
rel_2993,look_037,Harmony,K-32410IN-0,K-99054IN-CP,design_co_occurrence,89,"Both products appear in the same ""Harmony"" look on page 89.",high,false,
rel_2994,look_037,Harmony,K-12927IN-CP,K-36211IN-CP,design_co_occurrence,89,"Both products appear in the same ""Harmony"" look on page 89.",high,false,
rel_2995,look_037,Harmony,K-12927IN-CP,K-33992IN-4FP-CP,design_co_occurrence,89,"Both products appear in the same ""Harmony"" look on page 89.",high,false,
rel_2996,look_037,Harmony,K-12927IN-CP,K-33995IN-CP,design_co_occurrence,89,"Both products appear in the same ""Harmony"" look on page 89.",high,false,
rel_2997,look_037,Harmony,K-12927IN-CP,K-26351IN-M-NA,design_co_occurrence,89,"Both products appear in the same ""Harmony"" look on page 89.",high,false,
rel_2998,look_037,Harmony,K-12927IN-CP,K-7314IN-CP,design_co_occurrence,89,"Both products appear in the same ""Harmony"" look on page 89.",high,false,
rel_2999,look_037,Harmony,K-12927IN-CP,K-80158IN-9AV-CP,design_co_occurrence,89,"Both products appear in the same ""Harmony"" look on page 89.",high,false,
rel_3000,look_037,Harmony,K-12927IN-CP,K-20746IN-CP,design_co_occurrence,89,"Both products appear in the same ""Harmony"" look on page 89.",high,false,
rel_3001,look_037,Harmony,K-12927IN-CP,K-75201IN-CP,design_co_occurrence,89,"Both products appear in the same ""Harmony"" look on page 89.",high,false,
rel_3002,look_037,Harmony,K-12927IN-CP,K-11568IN-7B-CP,design_co_occurrence,89,"Both products appear in the same ""Harmony"" look on page 89.",high,false,
rel_3003,look_037,Harmony,K-12927IN-CP,K-99054IN-CP,design_co_occurrence,89,"Both products appear in the same ""Harmony"" look on page 89.",high,false,
rel_3004,look_037,Harmony,K-36211IN-CP,K-33992IN-4FP-CP,design_co_occurrence,89,"Both products appear in the same ""Harmony"" look on page 89.",high,false,
rel_3005,look_037,Harmony,K-36211IN-CP,K-33995IN-CP,design_co_occurrence,89,"Both products appear in the same ""Harmony"" look on page 89.",high,false,
rel_3006,look_037,Harmony,K-36211IN-CP,K-26351IN-M-NA,design_co_occurrence,89,"Both products appear in the same ""Harmony"" look on page 89.",high,false,
rel_3007,look_037,Harmony,K-36211IN-CP,K-7314IN-CP,design_co_occurrence,89,"Both products appear in the same ""Harmony"" look on page 89.",high,false,
rel_3008,look_037,Harmony,K-36211IN-CP,K-80158IN-9AV-CP,design_co_occurrence,89,"Both products appear in the same ""Harmony"" look on page 89.",high,false,
rel_3009,look_037,Harmony,K-36211IN-CP,K-20746IN-CP,design_co_occurrence,89,"Both products appear in the same ""Harmony"" look on page 89.",high,false,
rel_3010,look_037,Harmony,K-36211IN-CP,K-75201IN-CP,design_co_occurrence,89,"Both products appear in the same ""Harmony"" look on page 89.",high,false,
rel_3011,look_037,Harmony,K-36211IN-CP,K-11568IN-7B-CP,design_co_occurrence,89,"Both products appear in the same ""Harmony"" look on page 89.",high,false,
rel_3012,look_037,Harmony,K-36211IN-CP,K-99054IN-CP,design_co_occurrence,89,"Both products appear in the same ""Harmony"" look on page 89.",high,false,
rel_3013,look_037,Harmony,K-33992IN-4FP-CP,K-33995IN-CP,design_co_occurrence,89,"Both products appear in the same ""Harmony"" look on page 89.",high,false,
rel_3014,look_037,Harmony,K-33992IN-4FP-CP,K-26351IN-M-NA,design_co_occurrence,89,"Both products appear in the same ""Harmony"" look on page 89.",high,false,
rel_3015,look_037,Harmony,K-33992IN-4FP-CP,K-7314IN-CP,design_co_occurrence,89,"Both products appear in the same ""Harmony"" look on page 89.",high,false,
rel_3016,look_037,Harmony,K-33992IN-4FP-CP,K-80158IN-9AV-CP,design_co_occurrence,89,"Both products appear in the same ""Harmony"" look on page 89.",high,false,
rel_3017,look_037,Harmony,K-33992IN-4FP-CP,K-20746IN-CP,design_co_occurrence,89,"Both products appear in the same ""Harmony"" look on page 89.",high,false,
rel_3018,look_037,Harmony,K-33992IN-4FP-CP,K-75201IN-CP,design_co_occurrence,89,"Both products appear in the same ""Harmony"" look on page 89.",high,false,
rel_3019,look_037,Harmony,K-33992IN-4FP-CP,K-11568IN-7B-CP,design_co_occurrence,89,"Both products appear in the same ""Harmony"" look on page 89.",high,false,
rel_3020,look_037,Harmony,K-33992IN-4FP-CP,K-99054IN-CP,design_co_occurrence,89,"Both products appear in the same ""Harmony"" look on page 89.",high,false,
rel_3021,look_037,Harmony,K-33995IN-CP,K-26351IN-M-NA,design_co_occurrence,89,"Both products appear in the same ""Harmony"" look on page 89.",high,false,
rel_3022,look_037,Harmony,K-33995IN-CP,K-7314IN-CP,design_co_occurrence,89,"Both products appear in the same ""Harmony"" look on page 89.",high,false,
rel_3023,look_037,Harmony,K-33995IN-CP,K-80158IN-9AV-CP,design_co_occurrence,89,"Both products appear in the same ""Harmony"" look on page 89.",high,false,
rel_3024,look_037,Harmony,K-33995IN-CP,K-20746IN-CP,design_co_occurrence,89,"Both products appear in the same ""Harmony"" look on page 89.",high,false,
rel_3025,look_037,Harmony,K-33995IN-CP,K-75201IN-CP,design_co_occurrence,89,"Both products appear in the same ""Harmony"" look on page 89.",high,false,
rel_3026,look_037,Harmony,K-33995IN-CP,K-11568IN-7B-CP,design_co_occurrence,89,"Both products appear in the same ""Harmony"" look on page 89.",high,false,
rel_3027,look_037,Harmony,K-33995IN-CP,K-99054IN-CP,design_co_occurrence,89,"Both products appear in the same ""Harmony"" look on page 89.",high,false,
rel_3028,look_037,Harmony,K-26351IN-M-NA,K-7314IN-CP,design_co_occurrence,89,"Both products appear in the same ""Harmony"" look on page 89.",high,false,
rel_3029,look_037,Harmony,K-26351IN-M-NA,K-80158IN-9AV-CP,design_co_occurrence,89,"Both products appear in the same ""Harmony"" look on page 89.",high,false,
rel_3030,look_037,Harmony,K-26351IN-M-NA,K-20746IN-CP,design_co_occurrence,89,"Both products appear in the same ""Harmony"" look on page 89.",high,false,
rel_3031,look_037,Harmony,K-26351IN-M-NA,K-75201IN-CP,design_co_occurrence,89,"Both products appear in the same ""Harmony"" look on page 89.",high,false,
rel_3032,look_037,Harmony,K-26351IN-M-NA,K-11568IN-7B-CP,design_co_occurrence,89,"Both products appear in the same ""Harmony"" look on page 89.",high,false,
rel_3033,look_037,Harmony,K-26351IN-M-NA,K-99054IN-CP,design_co_occurrence,89,"Both products appear in the same ""Harmony"" look on page 89.",high,false,
rel_3034,look_037,Harmony,K-7314IN-CP,K-80158IN-9AV-CP,design_co_occurrence,89,"Both products appear in the same ""Harmony"" look on page 89.",high,false,
rel_3035,look_037,Harmony,K-7314IN-CP,K-20746IN-CP,design_co_occurrence,89,"Both products appear in the same ""Harmony"" look on page 89.",high,false,
rel_3036,look_037,Harmony,K-7314IN-CP,K-75201IN-CP,design_co_occurrence,89,"Both products appear in the same ""Harmony"" look on page 89.",high,false,
rel_3037,look_037,Harmony,K-7314IN-CP,K-11568IN-7B-CP,design_co_occurrence,89,"Both products appear in the same ""Harmony"" look on page 89.",high,false,
rel_3038,look_037,Harmony,K-7314IN-CP,K-99054IN-CP,design_co_occurrence,89,"Both products appear in the same ""Harmony"" look on page 89.",high,false,
rel_3039,look_037,Harmony,K-80158IN-9AV-CP,K-20746IN-CP,design_co_occurrence,89,"Both products appear in the same ""Harmony"" look on page 89.",high,false,
rel_3040,look_037,Harmony,K-80158IN-9AV-CP,K-75201IN-CP,design_co_occurrence,89,"Both products appear in the same ""Harmony"" look on page 89.",high,false,
rel_3041,look_037,Harmony,K-80158IN-9AV-CP,K-11568IN-7B-CP,design_co_occurrence,89,"Both products appear in the same ""Harmony"" look on page 89.",high,false,
rel_3042,look_037,Harmony,K-80158IN-9AV-CP,K-99054IN-CP,design_co_occurrence,89,"Both products appear in the same ""Harmony"" look on page 89.",high,false,
rel_3043,look_037,Harmony,K-20746IN-CP,K-75201IN-CP,design_co_occurrence,89,"Both products appear in the same ""Harmony"" look on page 89.",high,false,
rel_3044,look_037,Harmony,K-20746IN-CP,K-11568IN-7B-CP,design_co_occurrence,89,"Both products appear in the same ""Harmony"" look on page 89.",high,false,
rel_3045,look_037,Harmony,K-20746IN-CP,K-99054IN-CP,design_co_occurrence,89,"Both products appear in the same ""Harmony"" look on page 89.",high,false,
rel_3046,look_037,Harmony,K-75201IN-CP,K-11568IN-7B-CP,design_co_occurrence,89,"Both products appear in the same ""Harmony"" look on page 89.",high,false,
rel_3047,look_037,Harmony,K-75201IN-CP,K-99054IN-CP,design_co_occurrence,89,"Both products appear in the same ""Harmony"" look on page 89.",high,false,
rel_3048,look_037,Harmony,K-11568IN-7B-CP,K-99054IN-CP,design_co_occurrence,89,"Both products appear in the same ""Harmony"" look on page 89.",high,false,
