sku,product_name,collection,family_id,product_type,domain,category,subcategory,raw_description,raw_catalogue_text,mrp,currency,tax_included,price_note,finish_code,finish_name,colour_name,colour_family,appearance_notes,dimension_raw,width_mm,depth_mm,height_mm,diameter_mm,length_mm,min_width_mm,max_width_mm,min_depth_mm,max_depth_mm,min_height_mm,max_height_mm,dimension_type,trap_type,rough_in_mm,toilet_configuration,flush_type,seat_included,bidet_function,smart_features,basin_type,faucet_hole_count,mounting_type,overflow,material,control_type,faucet_type,drain_included,hand_shower,diverter,spout_type,touchless,sensor_type,shower_type,function_count,outlet_count,power_kw,steam_type,bowl_count,bowl_configuration,tap_hole_count,included_accessories,bath_type,installation_type,shape,hydrotherapy_features,included_components,required_components,order_with_components,compatible_skus,compatibility_notes,is_configurable,configuration_type,configuration_options,orientation,site_dependent,configuration_notes,catalogue_id,catalogue_name,catalogue_year,catalogue_edition,source_page,source_type,extraction_confidence,review_required,review_reason,duplicate_status,duplicate_group,reconciliation_status
K-5402IN-ZZ-0,Veil® Smart,Veil® Smart,veil-smart-wall_hung_toilet,wall_hung_toilet,bathroom,toilets,wall_hung_toilet,Veil® Smart wall hung toilet with remote and Quiet-Close™ seat cover in white,,870000.0,INR,True,,,,white,,,,,,,,,,,,,,,not_specified,,,,,,,,,,,,,,,,,,,,,,,,,,,,,,,,,,Veil® wall hung intelligent toilet; Hydro-tower 500 in-wall tank with frame,K-1549469,,,,False,,,,False,,kohler-india-pricebook-2026-june,KOHLER India Price Book 2026 June Edition,2026,June Edition,6,catalogue,high,False,,unique,,clean
K-5401IN-0,Veil® Smart,Veil® Smart,veil-smart-one_piece_toilet,one_piece_toilet,bathroom,toilets,one_piece_toilet,Veil® smart one-piece toilet with remote and Quiet-Close™ seat cover in white,,850000.0,INR,True,,,,white,,,,,,,,,,,,,,,not_specified,,,,,,,,,,,,,,,,,,,,,,,,,,,,,,,,,,,K-1549469,,,,False,,,,False,,kohler-india-pricebook-2026-june,KOHLER India Price Book 2026 June Edition,2026,June Edition,6,catalogue,high,False,,unique,,clean
K-28529IN-0,Leap™,Leap™,,,bathroom,toilets,,Leap™ smart one-piece elongated toilet with remote and Quiet-Close™ seat cover in white,,470000.0,INR,True,,,,white,,,,,,,,,,,,,,,not_specified,,,,,,,,,,,,,,,,,,,,,,,,,,,,,,,,,,,,,,,False,,,,False,,kohler-india-pricebook-2026-june,KOHLER India Price Book 2026 June Edition,2026,June Edition,6,catalogue,high,False,,unique,,clean
K-38519IN-0/K-28362IN-2-0,with Veil®,with Veil®,with-veil-wall_hung_toilet,wall_hung_toilet,bathroom,toilets,wall_hung_toilet,Veil® wall hung toilet with PureWash™ E910 electronic bidet seat cover (,,196000.0,INR,True,,,,,,,,,,,,,,,,,,,not_specified,,,,,,,,,,,,,,,,,,,,,,,,,,,,,,,,,,,K-1063956; K-1549469,,,,False,,,,False,,kohler-india-pricebook-2026-june,KOHLER India Price Book 2026 June Edition,2026,June Edition,6,catalogue,high,True,,valid_composite_printed_code,,review_required
K-26995IN-2-0/K-28820IN-0,with Brazn™,with Brazn™,with-brazn-wall_hung_toilet,wall_hung_toilet,bathroom,toilets,wall_hung_toilet,Brazn™ wall hung toilet with PureWash™ E910 electronic bidet seat cover (,,191000.0,INR,True,,,,,,,,,,,,,,,,,,,not_specified,,,,,,,,,,,,,,,,,,,,,,,,,,,,,,,,,,,K-1063956; K-1549469,,,,False,,,,False,,kohler-india-pricebook-2026-june,KOHLER India Price Book 2026 June Edition,2026,June Edition,6,catalogue,high,True,,valid_composite_printed_code,,review_required
K-28786IN-0/K-4108IN-0,C3-230 with Veil®,C3-230 with Veil®,c3-230-with-veil-wall_hung_toilet,wall_hung_toilet,bathroom,toilets,wall_hung_toilet,Veil® wall hung toilet with C3-230 electronic bidet seat cover (,,161000.0,INR,True,,,,,,,,,,,,,,,,,,,not_specified,,,,,,,,,,,,,,,,,,,,,,,,,,,,,,,,,,,K-1063956; K-1549469,,,,False,,,,False,,kohler-india-pricebook-2026-june,KOHLER India Price Book 2026 June Edition,2026,June Edition,6,catalogue,high,True,,valid_composite_printed_code,,review_required
K-27792IN-0/K-32387IN-0,PureWash™ E880,PureWash™ E880,purewash-e880-wall_hung_toilet,wall_hung_toilet,bathroom,toilets,wall_hung_toilet,with ModernLife ModernLife Edge™ wall hung toilet with PureWash™ E-880 electronic Edge™ bidet seat cover (,,121000.0,INR,True,,,,,,,,,,,,,,,,,,,not_specified,,,,,,,,,,,,,,,,,,,,,,,,,,,,,,,,,,,K-1549469,,,,False,,,,False,,kohler-india-pricebook-2026-june,KOHLER India Price Book 2026 June Edition,2026,June Edition,6,catalogue,high,True,,valid_composite_printed_code,,review_required
K-31014IN-0/K-8297IN-0,C3-150 with Veil®,C3-150 with Veil®,c3-150-with-veil-wall_hung_toilet,wall_hung_toilet,bathroom,toilets,wall_hung_toilet,Veil® wall hung toilet with C3-150 electronic bidet seat cover (,,106000.0,INR,True,,,,,,,,,,,,,,,,,,,not_specified,,,,,,,,,,,,,,,,,,,,,,,,,,,,,,,,,,,K-1063956; K-1549469,,,,False,,,,False,,kohler-india-pricebook-2026-june,KOHLER India Price Book 2026 June Edition,2026,June Edition,6,catalogue,high,True,,valid_composite_printed_code,,review_required
K-28362IN-2-0,PureWash™ E910 EB,PureWash™ E910 EB,purewash-e910-eb-bidet_seat,bidet_seat,bathroom,toilets,bidet_seat,"PureWash™ E910 (Elongated) electronic bidet seat cover with remote, in white (for Veil wall hung)",,165000.0,INR,True,,,,,,,,,,,,,,,,,,,not_specified,,,,,,,,,,,,,,,,,,,,,,,,,,,,,,,,,,,K-1063956; K-1549469,,,,False,,,,False,,kohler-india-pricebook-2026-june,KOHLER India Price Book 2026 June Edition,2026,June Edition,7,catalogue,high,False,,unique,,clean
K-28820IN-0,PureWash™ E910,PureWash™ E910,purewash-e910-bidet_seat,bidet_seat,bathroom,toilets,bidet_seat,"Round PureWash™ E910 (Round) electronic bidet seat cover with remote, in white (for Brazn wall hung )",,165000.0,INR,True,,,,,,,,,,,,,,,,,,,not_specified,,,,,,,,,,,,,,,,,,,,,,,,,,,,,,,,,,,K-1063956; K-1549469,,,,False,,,,False,,kohler-india-pricebook-2026-june,KOHLER India Price Book 2026 June Edition,2026,June Edition,7,catalogue,high,False,,unique,,clean
K-4108IN-0,C3-230,C3-230,c3-230-bidet_seat,bidet_seat,bathroom,toilets,bidet_seat,"C3-230 electronic bidet seat cover with remote, in white (for Veil wall hung)",,130000.0,INR,True,,,,,,,,,,,,,,,,,,,not_specified,,,,,,,,,,,,,,,,,,,,,,,,,,,,,,,,,,,K-1063956; K-1549469,,,,False,,,,False,,kohler-india-pricebook-2026-june,KOHLER India Price Book 2026 June Edition,2026,June Edition,7,catalogue,high,False,,unique,,clean
K-32387IN-0,PureWash™ E880,PureWash™ E880,purewash-e880-bidet_seat,bidet_seat,bathroom,toilets,bidet_seat,"PureWash™ E880 electronic bidet seat cover with remote, in white (ModernLife Edge™ wall hung )",,87000.0,INR,True,,,,,,,,,,,,,,,,,,,not_specified,,,,,,,,,,,,,,,,,,,,,,,,,,,,,,,,,,,K-1063956; K-1549469,,,,False,,,,False,,kohler-india-pricebook-2026-june,KOHLER India Price Book 2026 June Edition,2026,June Edition,7,catalogue,high,False,,unique,,clean
K-8297IN-0,C3-150,C3-150,c3-150-bidet_seat,bidet_seat,bathroom,toilets,bidet_seat,C3-150 electronic bidet seat cover in white (for Veil® wall hung),,75000.0,INR,True,,,,,,,,,,,,,,,,,,,not_specified,,,,,,,,,,,,,,,,,,,,,,,,,,,,,,,,,,,K-1063956; K-1549469,,,,False,,,,False,,kohler-india-pricebook-2026-june,KOHLER India Price Book 2026 June Edition,2026,June Edition,7,catalogue,high,False,,unique,,clean
K-8196IN-0,PureClean™ Square,PureClean™ Square,pureclean-square-bidet_seat,bidet_seat,bathroom,toilets,bidet_seat,PureClean™ square manual cleansing bidet seat in white: Compatible toilets:,,11000.0,INR,True,,,,,,,,,,,,,,,,,,,not_specified,,,,,,,,,,,,,,,,,,,,,,,,,,,,,,,,,,,,,,,False,,,,False,,kohler-india-pricebook-2026-june,KOHLER India Price Book 2026 June Edition,2026,June Edition,7,catalogue,high,False,,unique,,clean
K-72757IN-0,PureClean™ Oval,PureClean™ Oval,pureclean-oval-bidet_seat,bidet_seat,bathroom,toilets,bidet_seat,PureClean™ oval manual cleansing bidet seat in white: Compatible toilets:,,11000.0,INR,True,,,,,,,,,,,,,,,,,,,not_specified,,,,,,,,,,,,,,,,,,,,,,,,,,,,,,,,,,,,,,,False,,,,False,,kohler-india-pricebook-2026-june,KOHLER India Price Book 2026 June Edition,2026,June Edition,7,catalogue,high,False,,unique,,clean
K-32275IN-HC-0,PureWash™,PureWash™,purewash-bidet_seat,bidet_seat,bathroom,toilets,bidet_seat,M350 Round PureWash™ M350 round manual cleansing bidet seat in white Compatible toilets:,,11000.0,INR,True,,,,,,,,,,,,,,,,,,,not_specified,,,,,,,,,,,,,,,,,,,,,,,,,,,,,,,,,,,,,,,False,,,,False,,kohler-india-pricebook-2026-june,KOHLER India Price Book 2026 June Edition,2026,June Edition,7,catalogue,high,False,,unique,,clean
K-29958IN-0,PureWash™ M120,PureWash™ M120,purewash-m120-bidet_attachment,bidet_attachment,bathroom,toilets,bidet_attachment,PureWash™ M120 manual cleansing bidet attachment in white Compatible toilets:,,4500.0,INR,True,,,,,,,,,,,,,,,,,,,not_specified,,,,,,,,,,,,,,,,,,,,,,,,,,,,,,,,,,Patio™ wall hung; BrivePlus™ wall hung bowl (15545IN-0 | 13946IN-2-0; Replay™ wall hung bowl (6088IN-0 | 6091IN-0; Escale™ wall hung bowl (19045IN-SS-0 | 4417IN-0; Trace™ wall hung bowl (20218IN-0 | 20219IN-UF-0; Span™ Round wall hung bowl (29169IN-0 | 29170IN-0; ModernLife Edge™ thin wall hung bowl (27903IN-SS-0 | 27904IN-SS-0; Vive™ wall hung bowl (28780IN-0 | 28781IN-0; Veil® rimless wall hung bowl (31539IN-SS-0 | 77070IN-SS-0; Veil® wall hung rimless bowl black (31539IN-7 | 77471IN-7; APT™ square wall hung bowl (32427IN-0 | 32407IN-0; APT™ round wall hung bowl (29278IN-0 | 29277IN-0,,,,,False,,,,False,,kohler-india-pricebook-2026-june,KOHLER India Price Book 2026 June Edition,2026,June Edition,8,catalogue,high,False,,unique,,clean
K-8688T-S-0,Grande,Grande,grande-one_piece_toilet,one_piece_toilet,bathroom,toilets,one_piece_toilet,One-piece toilet with seat cover in white,,63000.0,INR,True,,,,white,,,,,,,,,,,,,,,not_specified,,,,,,,,,,,,,,,,,,,,,,,,,,,,,,,,,,,,,,,False,,,,False,,kohler-india-pricebook-2026-june,KOHLER India Price Book 2026 June Edition,2026,June Edition,8,catalogue,high,False,,unique,,clean
K-28220T-SL-0,ModernLife™,ModernLife™,modernlife-one_piece_toilet,one_piece_toilet,bathroom,toilets,one_piece_toilet,One-piece toilet with Quiet-Close™ slim seat cover in white,,56000.0,INR,True,,,,white,,,,,,,,,,,,,,,not_specified,,,,,,,,,,,,,,,,,,,,,,,,,,,,,,,,,,,,,,,False,,,,False,,kohler-india-pricebook-2026-june,KOHLER India Price Book 2026 June Edition,2026,June Edition,8,catalogue,high,False,,unique,,clean
K-1381T-S-0,Veil®,Veil®,veil-one_piece_toilet,one_piece_toilet,bathroom,toilets,one_piece_toilet,One-piece toilet with Quiet-Close™ seat cover in white,,42000.0,INR,True,,,,white,,,,,,,,,,,,,,,not_specified,,,,,,,,,,,,,,,,,,,,,,,,,,,,,,,,,,,,,,,False,,,,False,,kohler-india-pricebook-2026-june,KOHLER India Price Book 2026 June Edition,2026,June Edition,8,catalogue,high,False,,unique,,clean
K-17629IN-SM-0,Ove™,Ove™,ove-one_piece_toilet,one_piece_toilet,bathroom,toilets,one_piece_toilet,One-piece toilet with Quiet-Close™ seat cover in white,,26000.0,INR,True,,,,white,,,,,,,,,,,,,,,not_specified,,,,,,,,,,,,,,,,,,,,,,,,,,,,,,,,,,,,,,,False,,,,False,,kohler-india-pricebook-2026-june,KOHLER India Price Book 2026 June Edition,2026,June Edition,8,catalogue,high,False,,unique,,clean
K-3983IN-S-0,Reach™,Reach™,reach-one_piece_toilet,one_piece_toilet,bathroom,toilets,one_piece_toilet,One-piece toilet with Quiet-Close™ seat cover in white,,25500.0,INR,True,,,,white,,,,,,,,,,,,,,,not_specified,,,,,,,,,,,,,,,,,,,,,,,,,,,,,,,,,,,,,,,False,,,,False,,kohler-india-pricebook-2026-june,KOHLER India Price Book 2026 June Edition,2026,June Edition,8,catalogue,high,False,,unique,,clean
K-27791IN-WAF-0,,,,wall_hung_toilet,bathroom,toilets,wall_hung_toilet,New Bold Colours Honed Black MODEL DESCRIPTION CODE MRP Wall Hung Toilets ModernLife Edge™ True rimless decorative wall hung toilet with Quiet-Close™ UF seat cover in french gold,,90000.0,INR,True,,,,french gold,,,,,,,,,,,,,,,not_specified,,,,,,,,,,,,,,,,,,,,,,,,,,,,,,,,,,ModernLife Edge® decorative wall hung bowl only; ModernLife Edge® Quiet-Close™ UF seat,K-1527926,,,,False,,,,False,,kohler-india-pricebook-2026-june,KOHLER India Price Book 2026 June Edition,2026,June Edition,9,catalogue,high,False,,unique,,clean
K-27791IN-WRGD-0,,,,wall_hung_toilet,bathroom,toilets,wall_hung_toilet,ModernLife Edge™ True rimless decorative wall hung toilet with Quiet-Close™ UF seat cover in rose gold,,84000.0,INR,True,,,,rose gold,,,,,,,,,,,,,,,not_specified,,,,,,,,,,,,,,,,,,,,,,,,,,,,,,,,,,ModernLife Edge® decorative wall hung bowl only; ModernLife Edge® Quiet-Close™ UF seat,K-1527926,,,,False,,,,False,,kohler-india-pricebook-2026-june,KOHLER India Price Book 2026 June Edition,2026,June Edition,9,catalogue,high,False,,unique,,clean
K-27791IN-HL1,,,,wall_hung_toilet,bathroom,toilets,wall_hung_toilet,ModernLife Edge™ True rimless wall hung toilet with Quiet-Close™ UF seat cover in honed lush,,67000.0,INR,True,,,,honed lush,,,,,,,,,,,,,,,not_specified,,,,,,,,,,,,,,,,,,,,,,,,,,,,,,,,,,ModernLife Edge® wall hung bowl w/o seat; ModernLife Edge® Quiet-Close™ UF seat,K-1527926,,,,False,,,,False,,kohler-india-pricebook-2026-june,KOHLER India Price Book 2026 June Edition,2026,June Edition,9,catalogue,high,False,,unique,,clean
K-27791IN-HB1,ModernLife Edge™,ModernLife Edge™,modernlife-edge-wall_hung_toilet,wall_hung_toilet,bathroom,toilets,wall_hung_toilet,True rimless wall hung toilet with Quiet-Close™ UF seat cover in honed black,,67000.0,INR,True,,,,honed black,,,,,,,,,,,,,,,not_specified,,,,,,,,,,,,,,,,,,,,,,,,,,,,,,,,,,ModernLife Edge® wall hung bowl w/o seat; ModernLife Edge® Quiet-Close™ UF seat,K-1527926,,,,False,,,,False,,kohler-india-pricebook-2026-june,KOHLER India Price Book 2026 June Edition,2026,June Edition,10,catalogue,high,False,,unique,,clean
K-27791IN-HP1,ModernLife Edge™,ModernLife Edge™,modernlife-edge-wall_hung_toilet,wall_hung_toilet,bathroom,toilets,wall_hung_toilet,True rimless wall hung toilet with Quiet-Close™ UF seat cover in peacock,,67000.0,INR,True,,,,peacock,,,,,,,,,,,,,,,not_specified,,,,,,,,,,,,,,,,,,,,,,,,,,,,,,,,,,ModernLife Edge® wall hung bowl w/o seat; ModernLife Edge® Quiet-Close™ UF seat,K-1527926,,,,False,,,,False,,kohler-india-pricebook-2026-june,KOHLER India Price Book 2026 June Edition,2026,June Edition,10,catalogue,high,False,,unique,,clean
K-27791IN-0,ModernLife Edge™,ModernLife Edge™,modernlife-edge-wall_hung_toilet,wall_hung_toilet,bathroom,toilets,wall_hung_toilet,True rimless wall hung toilet with Quiet-Close™ UF seat cover in white,,47000.0,INR,True,,,,white,,,,,,,,,,,,,,,not_specified,,,,,,,,,,,,,,,,,,,,,,,,,,,,,,,,,,ModernLife Edge® wall hung bowl w/o seat; ModernLife Edge® Quiet-Close™ UF seat,K-1527926,,,,False,,,,False,,kohler-india-pricebook-2026-june,KOHLER India Price Book 2026 June Edition,2026,June Edition,10,catalogue,high,False,,unique,,clean
K-75708IN-7,Veil®,Veil®,veil-wall_hung_toilet,wall_hung_toilet,bathroom,toilets,wall_hung_toilet,Rimless wall hung toilet with Quiet-Close™ UF seat in black,,50000.0,INR,True,,,,black,,,,,,,,,,,,,,,not_specified,,,,,,,,,,,,,,,,,,,,,,,,,,,,,,,,,,Veil® wall hung rimless bowl in black; Veil® wall hung Quiet-Close™ UF seat in black,K-1527926,,,,False,,,,False,,kohler-india-pricebook-2026-june,KOHLER India Price Book 2026 June Edition,2026,June Edition,10,catalogue,high,False,,unique,,clean
K-75708IN-SS-0,Veil®,Veil®,veil-wall_hung_toilet,wall_hung_toilet,bathroom,toilets,wall_hung_toilet,Rimless wall hung toilet with Quiet-Close™ UF seat in white,,41000.0,INR,True,,,,white,,,,,,,,,,,,,,,not_specified,,,,,,,,,,,,,,,,,,,,,,,,,,,,,,,,,,Veil® wall hung bowl only in white; Veil® wall hung Quiet-Close™ UF seat in white,K-1527926,,,,False,,,,False,,kohler-india-pricebook-2026-june,KOHLER India Price Book 2026 June Edition,2026,June Edition,10,catalogue,high,False,,unique,,clean
K-26994IN-HB1/K-26994IN-2-HB1,Brazn™,Brazn™,brazn-wall_hung_toilet,wall_hung_toilet,bathroom,toilets,wall_hung_toilet,Rimless wall hung toilet with Quiet-Close™ UF seat cover in honed black,,50000.0,INR,True,,,,honed black,,,,,,,,,,,,,,,not_specified,,,,,,,,,,,,,,,,,,,,,,,,,,,,,,,,,,Brazn® wall hung bowl w/o seat in honed black; Brazn® Quiet-Close™ round UF seat in honed black,K-1527926,,,,False,,,,False,,kohler-india-pricebook-2026-june,KOHLER India Price Book 2026 June Edition,2026,June Edition,10,catalogue,high,True,,valid_composite_printed_code,,review_required
K-26994IN-0/K-26994IN-2-0,Brazn™,Brazn™,brazn-wall_hung_toilet,wall_hung_toilet,bathroom,toilets,wall_hung_toilet,Rimless wall hung toilet with Quiet-Close™ seat cover in white,,35000.0,INR,True,,,,white,,,,,,,,,,,,,,,not_specified,,,,,,,,,,,,,,,,,,,,,,,,,,,,,,,,,,Brazn® Quiet-Close™ round UF seat in white; Brazn® wall hung toilet-round in white,K-1527926,,,,False,,,,False,,kohler-india-pricebook-2026-june,KOHLER India Price Book 2026 June Edition,2026,June Edition,10,catalogue,high,True,,valid_composite_printed_code,,review_required
K-26998IN-TKB,Vive,Vive,vive-wall_hung_toilet,wall_hung_toilet,bathroom,toilets,wall_hung_toilet,True rimless wall hung toilet with Quiet-Close™ UF slim seat cover in teakberry,,36500.0,INR,True,,,,teakberry,,,,,,,,,,,,,,,not_specified,,,,,,,,,,,,,,,,,,,,,,,,,,,,,,,,,,Vive® wall hung bowl w/o seat in teakberry; Vive® Quiet-Close™ UF slim seat in teakberry,K-1527926,,,,False,,,,False,,kohler-india-pricebook-2026-june,KOHLER India Price Book 2026 June Edition,2026,June Edition,10,catalogue,high,False,,unique,,clean
K-38991IN-K4,Vive,Vive,vive-wall_hung_toilet,wall_hung_toilet,bathroom,toilets,wall_hung_toilet,True rimless wall hung toilet with PP seat cover in cashmere,,36500.0,INR,,,,,cashmere,,,,,,,,,,,,,,,not_specified,,,,,,,,,,,,,,,,,,,,,,,,,,,,,,,,,,Vive® wall hung bowl w/o seat in cashmere ()                                   (incl of all taxes; Vive® Quiet-Close™ round PP seat in cashmere,K-1527926,,,,False,,,,False,,kohler-india-pricebook-2026-june,KOHLER India Price Book 2026 June Edition,2026,June Edition,10,catalogue,high,False,,unique,,clean
K-26998IN-7/K-28780IN-7,,,,wall_hung_toilet,bathroom,toilets,wall_hung_toilet,New Bold Colours Honed Lush MODEL DESCRIPTION CODE MRP Vive True rimless wall hung toilet with Quiet-Close™ UF slim seat cover in black Vive® wall hung bowl w/o seat in black (,,36500.0,INR,True,,,,,,,,,,,,,,,,,,,not_specified,,,,,,,,,,,,,,,,,,,,,,,,,,,,,,,,,,,K-1527926,,,,False,,,,False,,kohler-india-pricebook-2026-june,KOHLER India Price Book 2026 June Edition,2026,June Edition,11,catalogue,high,False,,valid_composite_printed_code,,clean
K-26998IN-0,,,,wall_hung_toilet,bathroom,toilets,wall_hung_toilet,Vive® Quiet-Close™ UF slim seat in black (K-28781IN-7) Vive True rimless wall hung toilet with Quiet-Close™ UF slim seat cover in white,,29000.0,INR,,,,,white,,,,,,,,,,,,,,,not_specified,,,,,,,,,,,,,,,,,,,,,,,,,,,,,,,,,,Vive® wall hung bowl w/o seat in white ()                                      (incl of all taxes; Vive® Quiet-Close™ UF slim seat in white,K-1527926,,,,False,,,,False,,kohler-india-pricebook-2026-june,KOHLER India Price Book 2026 June Edition,2026,June Edition,11,catalogue,high,False,,unique,,clean
K-33677IN-0,,,,wall_hung_toilet,bathroom,toilets,wall_hung_toilet,Ridge™ Rimless square REV360™ wall hung toilet with Quiet-Close™ UF slim seat cover in white,,24500.0,INR,True,,,,white,,,,,,,,,,,,,,,not_specified,,,,,,,,,,,,,,,,,,,,,,,,,,,,,,,,,,Ridge™ with REV360™ square wall hung bowl w/o seat; Ridge™ with REV360™ Quiet-Close™ square UF seat,K-1527926,,,,False,,,,False,,kohler-india-pricebook-2026-june,KOHLER India Price Book 2026 June Edition,2026,June Edition,11,catalogue,high,False,,unique,,clean
K-28922IN-S-7,Spacity,Spacity,spacity-wall_hung_toilet,wall_hung_toilet,bathroom,toilets,wall_hung_toilet,Rimless wall hung toilet with Quiet-Close™ slim seat cover in black,,26500.0,INR,True,,,,black,,,,,,,,,,,,,,,not_specified,,,,,,,,,,,,,,,,,,,,,,,,,,,,,,,,,,Spacity wall hung toilet w/o seat; Spacity Quiet-Close™ slim seat,K-1527926,,,,False,,,,False,,kohler-india-pricebook-2026-june,KOHLER India Price Book 2026 June Edition,2026,June Edition,12,catalogue,high,False,,unique,,clean
K-28922IN-S-0,Spacity,Spacity,spacity-wall_hung_toilet,wall_hung_toilet,bathroom,toilets,wall_hung_toilet,Rimless wall hung toilet with Quiet-Close™ slim seat cover in white,,21000.0,INR,True,,,,white,,,,,,,,,,,,,,,not_specified,,,,,,,,,,,,,,,,,,,,,,,,,,,,,,,,,,Spacity wall hung toilet w/o seat; Spacity Quiet-Close™ slim seat,K-1527926,,,,False,,,,False,,kohler-india-pricebook-2026-june,KOHLER India Price Book 2026 June Edition,2026,June Edition,12,catalogue,high,False,,unique,,clean
K-38989IN-K4,Trace™,Trace™,trace-wall_hung_toilet,wall_hung_toilet,bathroom,toilets,wall_hung_toilet,True rimless wall hung toilet with PP seat cover in cashmere,,25000.0,INR,True,,,,cashmere,,,,,,,,,,,,,,,not_specified,,,,,,,,,,,,,,,,,,,,,,,,,,,,,,,,,,Trace® wall hung bowl w/o seat in cashmere; Trace™ Quiet-Close™ round PP seat in cashmere,K-1527926,,,,False,,,,False,,kohler-india-pricebook-2026-june,KOHLER India Price Book 2026 June Edition,2026,June Edition,12,catalogue,high,False,,unique,,clean
K-20217IN-S-7,Trace™,Trace™,trace-wall_hung_toilet,wall_hung_toilet,bathroom,toilets,wall_hung_toilet,True rimless wall hung toilet with Quiet-Close™ UF slim seat cover in black,,25000.0,INR,True,,,,black,,,,,,,,,,,,,,,not_specified,,,,,,,,,,,,,,,,,,,,,,,,,,,,,,,,,,Trace® wall hung bowl w/o seat in black; Trace™ Quiet-Close™ round UF seat in black,K-1527926,,,,False,,,,False,,kohler-india-pricebook-2026-june,KOHLER India Price Book 2026 June Edition,2026,June Edition,12,catalogue,high,False,,unique,,clean
K-20217IN-S-0,Trace™,Trace™,trace-wall_hung_toilet,wall_hung_toilet,bathroom,toilets,wall_hung_toilet,True rimless wall hung toilet with Quiet-Close™ UF slim seat cover in white,,20000.0,INR,True,,,,white,,,,,,,,,,,,,,,not_specified,,,,,,,,,,,,,,,,,,,,,,,,,,,,,,,,,,Trace® wall hung bowl w/o seat; Trace™ Quiet-Close™ round UF seat,K-1527926,,,,False,,,,False,,kohler-india-pricebook-2026-june,KOHLER India Price Book 2026 June Edition,2026,June Edition,12,catalogue,high,False,,unique,,clean
K-32410IN-K4,APT™ Square,APT™ Square,apt-square-wall_hung_toilet,wall_hung_toilet,bathroom,toilets,wall_hung_toilet,True rimless wall hung toilet with Quiet-Close™ seat cover in cashmere,,20650.0,INR,True,,,,cashmere,,,,,,,,,,,,,,,not_specified,,,,,,,,,,,,,,,,,,,,,,,,,,,,,,,,,,APT™ square wall hung bowl w/o seat; APT™ square PP seat,K-1527926,,,,False,,,,False,,kohler-india-pricebook-2026-june,KOHLER India Price Book 2026 June Edition,2026,June Edition,12,catalogue,high,False,,unique,,clean
K-32409IN-7,APT™ Square,APT™ Square,apt-square-wall_hung_toilet,wall_hung_toilet,bathroom,toilets,wall_hung_toilet,True rimless wall hung toilet with Quiet-Close™ UF seat cover in black,,20650.0,INR,True,,,,black,,,,,,,,,,,,,,,not_specified,,,,,,,,,,,,,,,,,,,,,,,,,,,,,,,,,,APT™ square wall hung bowl w/o seat; Brink/APT™ square UF seat,K-1527926,,,,False,,,,False,,kohler-india-pricebook-2026-june,KOHLER India Price Book 2026 June Edition,2026,June Edition,12,catalogue,high,False,,unique,,clean
K-32409IN-0,APT™ Square,APT™ Square,apt-square-wall_hung_toilet,wall_hung_toilet,bathroom,toilets,wall_hung_toilet,True rimless wall hung toilet with Quiet-Close™ UF seat cover in white,,16500.0,INR,True,,,,white,,,,,,,,,,,,,,,not_specified,,,,,,,,,,,,,,,,,,,,,,,,,,,,,,,,,,Brink/APT™ square UF seat; APT™ square wall hung bowl w/o seat,K-1527926,,,,False,,,,False,,kohler-india-pricebook-2026-june,KOHLER India Price Book 2026 June Edition,2026,June Edition,12,catalogue,high,False,,unique,,clean
K-29150IN-K4,APT™ Round,APT™ Round,apt-round-wall_hung_toilet,wall_hung_toilet,bathroom,toilets,wall_hung_toilet,True rimless wall hung toilet with Quiet-Close™ seat cover in cashmere,,19500.0,INR,True,,,,cashmere,,,,,,,,,,,,,,,not_specified,,,,,,,,,,,,,,,,,,,,,,,,,,,,,,,,,,APT™ round wall hung bowl w/o seat; APT™ round PP seat,K-1527926,,,,False,,,,False,,kohler-india-pricebook-2026-june,KOHLER India Price Book 2026 June Edition,2026,June Edition,12,catalogue,high,False,,unique,,clean
K-30306IN-7,APT™ Round,APT™ Round,apt-round-wall_hung_toilet,wall_hung_toilet,bathroom,toilets,wall_hung_toilet,True rimless wall hung toilet with Quiet-Close™ UF seat cover in black,,19500.0,INR,True,,,,black,,,,,,,,,,,,,,,not_specified,,,,,,,,,,,,,,,,,,,,,,,,,,,,,,,,,,APT™ round wall hung bowl w/o seat; APT™ round UF seat,K-1527926,,,,False,,,,False,,kohler-india-pricebook-2026-june,KOHLER India Price Book 2026 June Edition,2026,June Edition,13,catalogue,high,False,,unique,,clean
K-30306IN-0,APT™ Round,APT™ Round,apt-round-wall_hung_toilet,wall_hung_toilet,bathroom,toilets,wall_hung_toilet,True rimless wall hung toilet with Quiet-Close™ UF seat cover in white,,15500.0,INR,True,,,,white,,,,,,,,,,,,,,,not_specified,,,,,,,,,,,,,,,,,,,,,,,,,,,,,,,,,,APT™ round UF seat; APT™ round wall hung bowl w/o seat,K-1527926,,,,False,,,,False,,kohler-india-pricebook-2026-june,KOHLER India Price Book 2026 June Edition,2026,June Edition,13,catalogue,high,False,,unique,,clean
K-28778IN-0,Span Square,Span Square,span-square-wall_hung_toilet,wall_hung_toilet,bathroom,toilets,wall_hung_toilet,Square wall hung toilet with PureClean™ bidet cleansing seat in white,,20200.0,INR,,,,,white,,,,,,,,,,,,,,,not_specified,,,,,,,,,,,,,,,,,,,,,,,,,,,,,,,,,,Span-square wall hung bowl ()                                               (incl of all taxes; Pureclean™ Quiet-Close™ square-front bidet toilet seat,K-1527926,,,,False,,,,False,,kohler-india-pricebook-2026-june,KOHLER India Price Book 2026 June Edition,2026,June Edition,13,catalogue,high,False,,unique,,clean
K-29174IN-S-0,Span Square,Span Square,span-square-wall_hung_toilet,wall_hung_toilet,bathroom,toilets,wall_hung_toilet,Square wall hung toilet with Quiet-Close™ seat in white,,14000.0,INR,,,,,white,,,,,,,,,,,,,,,not_specified,,,,,,,,,,,,,,,,,,,,,,,,,,,,,,,,,,Span-square wall hung bowl ()                                               (incl of all taxes; Span-square Quiet-Close™ seat,K-1527926,,,,False,,,,False,,kohler-india-pricebook-2026-june,KOHLER India Price Book 2026 June Edition,2026,June Edition,13,catalogue,high,False,,unique,,clean
K-18131IN-S-0,Patio™,Patio™,patio-wall_hung_toilet,wall_hung_toilet,bathroom,toilets,wall_hung_toilet,Wall hung toilet with Quiet-Close™ seat in white,,11500.0,INR,,,,,white,,,,,,,,,,,,,,,not_specified,,,,,,,,,,,,,,,,,,,,,,,,,,,,,,,,,,Patio™ wallhung bowl w/flush diverter; Patio™ Quiet-Close™ toilet seat,K-1527926,,,,False,,,,False,,kohler-india-pricebook-2026-june,KOHLER India Price Book 2026 June Edition,2026,June Edition,13,catalogue,high,False,,unique,,clean
K-17661K-S-0,Patio™,Patio™,patio-wall_hung_toilet,wall_hung_toilet,bathroom,toilets,wall_hung_toilet,(incl of all taxes) Exposed Wall Hung Odeon wall hung toilet exposed tank and Quiet-Close™ seat cover,,27600.0,INR,True,,,,,,,,,,,,,,,,,,,not_specified,,,,,,,,,,,,,,,,,,,,,,,,,,,,,,,,,,,,,,,False,,,,False,,kohler-india-pricebook-2026-june,KOHLER India Price Book 2026 June Edition,2026,June Edition,13,catalogue,high,False,,unique,,clean
K-33931IN-P-0,EvoFit+,EvoFit+,,,bathroom,toilets,,Pneumatic in-wall tank with full frame,,14500.0,INR,True,,,,,,,,,,,,,,,,,,,not_specified,,,,,,,,,,,,,,,,,,,,,,,,,,,,,,,,,,,,,,,False,,,,False,,kohler-india-pricebook-2026-june,KOHLER India Price Book 2026 June Edition,2026,June Edition,13,catalogue,high,False,,unique,,clean
K-33931IN-M-0,EvoFit+,EvoFit+,,,bathroom,toilets,,Mechanical in-wall tank with full frame,,14500.0,INR,True,,,,,,,,,,,,,,,,,,,not_specified,,,,,,,,,,,,,,,,,,,,,,,,,,,,,,,,,,,,,,,False,,,,False,,kohler-india-pricebook-2026-june,KOHLER India Price Book 2026 June Edition,2026,June Edition,13,catalogue,high,False,,unique,,clean
K-33929IN-P-0,EvoFit,EvoFit,,,bathroom,toilets,,Pneumatic in-wall tank with half frame,,11200.0,INR,True,,,,,,,,,,,,,,,,,,,not_specified,,,,,,,,,,,,,,,,,,,,,,,,,,,,,,,,,,,,,,,False,,,,False,,kohler-india-pricebook-2026-june,KOHLER India Price Book 2026 June Edition,2026,June Edition,13,catalogue,high,False,,unique,,clean
K-33929IN-M-0,EvoFit,EvoFit,,,bathroom,toilets,,Mechanical in-wall tank with half frame,,11200.0,INR,True,,,,,,,,,,,,,,,,,,,not_specified,,,,,,,,,,,,,,,,,,,,,,,,,,,,,,,,,,,,,,,False,,,,False,,kohler-india-pricebook-2026-june,KOHLER India Price Book 2026 June Edition,2026,June Edition,13,catalogue,high,False,,unique,,clean
K-33926IN-P-0,EvoFlush,EvoFlush,,,bathroom,toilets,,Pneumatic frameless In-wall tank,,7200.0,INR,True,,,,,,,,,,,,,,,,,,,not_specified,,,,,,,,,,,,,,,,,,,,,,,,,,,,,,,,,,,,,,,False,,,,False,,kohler-india-pricebook-2026-june,KOHLER India Price Book 2026 June Edition,2026,June Edition,14,catalogue,high,False,,unique,,clean
K-33926IN-M-0,EvoFlush,EvoFlush,,,bathroom,toilets,,Mechanical frameless In-wall tank,,7200.0,INR,True,,,,,,,,,,,,,,,,,,,not_specified,,,,,,,,,,,,,,,,,,,,,,,,,,,,,,,,,,,,,,,False,,,,False,,kohler-india-pricebook-2026-june,KOHLER India Price Book 2026 June Edition,2026,June Edition,14,catalogue,high,False,,unique,,clean
K-24555IN-P-AF,Soft Press™,Soft Press™,soft-press-faceplate,faceplate,bathroom,toilets,faceplate,Pneumatic faceplate in french gold,,8000.0,INR,True,,AF,,french gold,,,,,,,,,,,,,,,not_specified,,,,,,,,,,,,,,,,,,,,,,,,,,,,,,,,,,,,,,,False,,,,False,,kohler-india-pricebook-2026-june,KOHLER India Price Book 2026 June Edition,2026,June Edition,14,catalogue,high,False,,unique,,clean
K-31538IN-NA,Soft Press™,Soft Press™,,,bathroom,toilets,,Pneumatic flush valve,,7000.0,INR,True,,,,,,,,,,,,,,,,,,,not_specified,,,,,,,,,,,,,,,,,,,,,,,,,,,,,,,,,,,,,,,False,,,,False,,kohler-india-pricebook-2026-june,KOHLER India Price Book 2026 June Edition,2026,June Edition,14,catalogue,high,False,,unique,,clean
K-24555IN-P-CP,Soft Press™,Soft Press™,soft-press-faceplate,faceplate,bathroom,toilets,faceplate,Pneumatic faceplate in polished chrome,,3200.0,INR,True,,CP,,polished chrome,,,,,,,,,,,,,,,not_specified,,,,,,,,,,,,,,,,,,,,,,,,,,,,,,,,,,,,,,,False,,,,False,,kohler-india-pricebook-2026-june,KOHLER India Price Book 2026 June Edition,2026,June Edition,14,catalogue,high,False,,unique,,clean
K-17661,Soft Press™,Soft Press™,,,bathroom,toilets,,Genuine Accessories Odeon dual flush tank only for use with,,9185.0,INR,True,,,,,,,K-17663IN-0,,,,,,,,,,,,range,,,,,,,,,,,,,,,,,,,,,,,,,,,,,,,,,,,,,,,False,,,,False,,kohler-india-pricebook-2026-june,KOHLER India Price Book 2026 June Edition,2026,June Edition,14,catalogue,high,False,,unique,,clean
K-82958,Soft Press™,Soft Press™,,,bathroom,toilets,,"Flange kit, PCV, Intl WC",,3854.0,INR,True,,,,,,,,,,,,,,,,,,,not_specified,,,,,,,,,,,,,,,,,,,,,,,,,,,,,,,,,,,,,,,False,,,,False,,kohler-india-pricebook-2026-june,KOHLER India Price Book 2026 June Edition,2026,June Edition,14,catalogue,high,False,,unique,,clean
K-1066987,Soft Press™,Soft Press™,,,bathroom,toilets,,Curved pipe (S-trap),,2673.0,INR,True,,,,,,,,,,,,,,,,,,,not_specified,,,,,,,,,,,,,,,,,,,,,,,,,,,,,,,,,,,,,,,False,,,,False,,kohler-india-pricebook-2026-june,KOHLER India Price Book 2026 June Edition,2026,June Edition,14,catalogue,high,False,,unique,,clean
K-1042534,Soft Press™,Soft Press™,,,bathroom,toilets,,Floor flange accessory pack,,2453.0,INR,True,,,,,,,,,,,,,,,,,,,not_specified,,,,,,,,,,,,,,,,,,,,,,,,,,,,,,,,,,,,,,,False,,,,False,,kohler-india-pricebook-2026-june,KOHLER India Price Book 2026 June Edition,2026,June Edition,14,catalogue,high,False,,unique,,clean
K-1225108-0,Soft Press™,Soft Press™,,,bathroom,toilets,,Dual support chair bracket for wall hung installation,,2200.0,INR,True,,,,,,,,,,,,,,,,,,,not_specified,,,,,,,,,,,,,,,,,,,,,,,,,,,,,,,,,,,,,,,False,,,,False,,kohler-india-pricebook-2026-june,KOHLER India Price Book 2026 June Edition,2026,June Edition,14,catalogue,high,False,,unique,,clean
K-1331800,Soft Press™,Soft Press™,,,bathroom,toilets,,One piece trap way,,1946.0,INR,True,,,,,,,,,,,,,,,,,,,not_specified,,,,,,,,,,,,,,,,,,,,,,,,,,,,,,,,,,,,,,,False,,,,False,,kohler-india-pricebook-2026-june,KOHLER India Price Book 2026 June Edition,2026,June Edition,14,catalogue,high,False,,unique,,clean
K-1036902,,,,,bathroom,toilets,,Vario pan connector,,1657.0,INR,True,,,,,,,,,,,,,,,,,,,not_specified,,,,,,,,,,,,,,,,,,,,,,,,,,,,,,,,,,,,,,,False,,,,False,,kohler-india-pricebook-2026-june,KOHLER India Price Book 2026 June Edition,2026,June Edition,16,catalogue,high,False,,unique,,clean
K-1036901,,,,,bathroom,toilets,,Cario P-trap pipe,,1479.0,INR,True,,,,,,,,,,,,,,,,,,,not_specified,,,,,,,,,,,,,,,,,,,,,,,,,,,,,,,,,,,,,,,False,,,,False,,kohler-india-pricebook-2026-june,KOHLER India Price Book 2026 June Edition,2026,June Edition,16,catalogue,high,False,,unique,,clean
K-1224238-IN-0,,,,,bathroom,toilets,,M12 wall bracket for wh installation,,1202.0,INR,True,,,,,,,,,,,,,,,,,,,not_specified,,,,,,,,,,,,,,,,,,,,,,,,,,,,,,,,,,,,,,,False,,,,False,,kohler-india-pricebook-2026-june,KOHLER India Price Book 2026 June Edition,2026,June Edition,16,catalogue,high,False,,unique,,clean
K-1572223,,,,,bathroom,toilets,,Drain connector assembly,,950.0,INR,True,,,,,,,,,,,,,,,,,,,not_specified,,,,,,,,,,,,,,,,,,,,,,,,,,,,,,,,,,,,,,,False,,,,False,,kohler-india-pricebook-2026-june,KOHLER India Price Book 2026 June Edition,2026,June Edition,16,catalogue,high,False,,unique,,clean
K-1060831,,,,,bathroom,toilets,,"Connector, rubber",,777.0,INR,True,,,,,,,,,,,,,,,,,,,not_specified,,,,,,,,,,,,,,,,,,,,,,,,,,,,,,,,,,,,,,,False,,,,False,,kohler-india-pricebook-2026-june,KOHLER India Price Book 2026 June Edition,2026,June Edition,16,catalogue,high,False,,unique,,clean
K-1213309-0,,,,,bathroom,toilets,,M12 rack bolts for wall hung installation,,656.0,INR,True,,,,,,,,,,,,,,,,,,,not_specified,,,,,,,,,,,,,,,,,,,,,,,,,,,,,,,,,,,,,,,False,,,,False,,kohler-india-pricebook-2026-june,KOHLER India Price Book 2026 June Edition,2026,June Edition,16,catalogue,high,False,,unique,,clean
K-1527926,,,,,bathroom,toilets,,Connector accessory pack,,371.0,INR,True,,,,,,,,,,,,,,,,,,,not_specified,,,,,,,,,,,,,,,,,,,,,,,,,,,,,,,,,,,,,,,False,,,,False,,kohler-india-pricebook-2026-june,KOHLER India Price Book 2026 June Edition,2026,June Edition,16,catalogue,high,False,,unique,,clean
K-1063956,,,,,bathroom,toilets,,Hardware pack,,292.0,INR,True,,,,,,,,,,,,,,,,,,,not_specified,,,,,,,,,,,,,,,,,,,,,,,,,,,,,,,,,,,,,,,False,,,,False,,kohler-india-pricebook-2026-june,KOHLER India Price Book 2026 June Edition,2026,June Edition,16,catalogue,high,False,,unique,,clean
K-5401,,,,,bathroom,toilets,,M10 installation kit for Veil™,,133.0,INR,True,,,,,,,K-1286731,,,,,,,,,,,,range,,,,,,,,,,,,,,,,,,,,,,,,,,,,,,,,,,,,,,,False,,,,False,,kohler-india-pricebook-2026-june,KOHLER India Price Book 2026 June Edition,2026,June Edition,16,catalogue,high,False,,unique,,clean
K-24146IN-7,Summon,Summon,,,bathroom,toilets,,Touchless sensor face plate in black,,35000.0,INR,True,,,,black,,,,,,,,,,,,,,,not_specified,,,,,,,,,,,,,,,,,,,,,,,,,,,,,,,,,,,,,,,False,,,,False,,kohler-india-pricebook-2026-june,KOHLER India Price Book 2026 June Edition,2026,June Edition,16,catalogue,high,False,,unique,,clean
K-24149IN-F-BN,Skim,Skim,skim-faceplate,faceplate,bathroom,toilets,faceplate,Pneumatic faceplate in black with actuation button in brushed nickel,,13000.0,INR,True,,,,black with actuation button in brushed nickel,,,,,,,,,,,,,,,not_specified,,,,,,,,,,,,,,,,,,,,,,,,,,,,,,,,,,,,,,,False,,,,False,,kohler-india-pricebook-2026-june,KOHLER India Price Book 2026 June Edition,2026,June Edition,16,catalogue,high,False,,unique,,clean
K-24149IN-F-BV,Skim,Skim,skim-faceplate,faceplate,bathroom,toilets,faceplate,Pneumatic faceplate in black with actuation button in brushed bronze,,13000.0,INR,True,,BV,,black with actuation button in brushed bronze,,,,,,,,,,,,,,,not_specified,,,,,,,,,,,,,,,,,,,,,,,,,,,,,,,,,,,,,,,False,,,,False,,kohler-india-pricebook-2026-june,KOHLER India Price Book 2026 June Edition,2026,June Edition,16,catalogue,high,False,,unique,,clean
K-24151IN-F-BN,Skim,Skim,skim-faceplate,faceplate,bathroom,toilets,faceplate,Pneumatic faceplate in white with actuation button in brushed nickel,,13000.0,INR,True,,,,white with actuation button in brushed nickel,,,,,,,,,,,,,,,not_specified,,,,,,,,,,,,,,,,,,,,,,,,,,,,,,,,,,,,,,,False,,,,False,,kohler-india-pricebook-2026-june,KOHLER India Price Book 2026 June Edition,2026,June Edition,17,catalogue,high,False,,unique,,clean
K-24151IN-F-BV,Skim,Skim,skim-faceplate,faceplate,bathroom,toilets,faceplate,Pneumatic faceplate in white with actuation button in brushed bronze,,13000.0,INR,True,,BV,,white with actuation button in brushed bronze,,,,,,,,,,,,,,,not_specified,,,,,,,,,,,,,,,,,,,,,,,,,,,,,,,,,,,,,,,False,,,,False,,kohler-india-pricebook-2026-june,KOHLER India Price Book 2026 June Edition,2026,June Edition,17,catalogue,high,False,,unique,,clean
K-75891IN-M-BRD,Note™,Note™,note-faceplate,faceplate,bathroom,toilets,faceplate,Mechanical faceplate in brushed rose gold,,14500.0,INR,True,,BRD,,brushed rose gold,,,,,,,,,,,,,,,not_specified,,,,,,,,,,,,,,,,,,,,,,,,,,,,,,,,,,,,,,,False,,,,False,,kohler-india-pricebook-2026-june,KOHLER India Price Book 2026 June Edition,2026,June Edition,17,catalogue,high,False,,unique,,clean
K-75891IN-M-BV,Note™,Note™,note-faceplate,faceplate,bathroom,toilets,faceplate,Mechanical faceplate in brushed bronze,,9600.0,INR,True,,BV,,brushed bronze,,,,,,,,,,,,,,,not_specified,,,,,,,,,,,,,,,,,,,,,,,,,,,,,,,,,,,,,,,False,,,,False,,kohler-india-pricebook-2026-june,KOHLER India Price Book 2026 June Edition,2026,June Edition,17,catalogue,high,False,,unique,,clean
K-75890IN-P-RGD,Lynk™,Lynk™,lynk-faceplate,faceplate,bathroom,toilets,faceplate,Pneumatic faceplate in rose gold,,7000.0,INR,True,,RGD,,rose gold,,,,,,,,,,,,,,,not_specified,,,,,,,,,,,,,,,,,,,,,,,,,,,,,,,,,,,,,,,False,,,,False,,kohler-india-pricebook-2026-june,KOHLER India Price Book 2026 June Edition,2026,June Edition,17,catalogue,high,False,,unique,,clean
K-75890IN-P-BN,Lynk™,Lynk™,lynk-faceplate,faceplate,bathroom,toilets,faceplate,Pneumatic faceplate in brushed nickel,,7000.0,INR,True,,,,brushed nickel,,,,,,,,,,,,,,,not_specified,,,,,,,,,,,,,,,,,,,,,,,,,,,,,,,,,,,,,,,False,,,,False,,kohler-india-pricebook-2026-june,KOHLER India Price Book 2026 June Edition,2026,June Edition,17,catalogue,high,False,,unique,,clean
K-75890IN-P-AF,Lynk™,Lynk™,lynk-faceplate,faceplate,bathroom,toilets,faceplate,Pneumatic faceplate in french gold,,7000.0,INR,True,,AF,,french gold,,,,,,,,,,,,,,,not_specified,,,,,,,,,,,,,,,,,,,,,,,,,,,,,,,,,,,,,,,False,,,,False,,kohler-india-pricebook-2026-june,KOHLER India Price Book 2026 June Edition,2026,June Edition,17,catalogue,high,False,,unique,,clean
K-75890IN-M-AF,Lynk™,Lynk™,lynk-faceplate,faceplate,bathroom,toilets,faceplate,Mechanical faceplate in french gold,,7000.0,INR,True,,AF,,french gold,,,,,,,,,,,,,,,not_specified,,,,,,,,,,,,,,,,,,,,,,,,,,,,,,,,,,,,,,,False,,,,False,,kohler-india-pricebook-2026-june,KOHLER India Price Book 2026 June Edition,2026,June Edition,17,catalogue,high,False,,unique,,clean
K-75890IN-P-BL,Lynk™,Lynk™,lynk-faceplate,faceplate,bathroom,toilets,faceplate,Pneumatic faceplate in matte black,,7000.0,INR,True,,BL,,matte black,,,,,,,,,,,,,,,not_specified,,,,,,,,,,,,,,,,,,,,,,,,,,,,,,,,,,,,,,,False,,,,False,,kohler-india-pricebook-2026-june,KOHLER India Price Book 2026 June Edition,2026,June Edition,17,catalogue,high,False,,unique,,clean
K-75891IN-M-0,Note™,Note™,note-faceplate,faceplate,bathroom,toilets,faceplate,Mechanical faceplate in glossy white,,5400.0,INR,True,,,,glossy white,,,,,,,,,,,,,,,not_specified,,,,,,,,,,,,,,,,,,,,,,,,,,,,,,,,,,,,,,,False,,,,False,,kohler-india-pricebook-2026-june,KOHLER India Price Book 2026 June Edition,2026,June Edition,17,catalogue,high,False,,unique,,clean
K-75891IN-M-7,Note™,Note™,note-faceplate,faceplate,bathroom,toilets,faceplate,Mechanical faceplate in glossy black,,5400.0,INR,True,,,,glossy black,,,,,,,,,,,,,,,not_specified,,,,,,,,,,,,,,,,,,,,,,,,,,,,,,,,,,,,,,,False,,,,False,,kohler-india-pricebook-2026-june,KOHLER India Price Book 2026 June Edition,2026,June Edition,17,catalogue,high,False,,unique,,clean
K-75891IN-M-CP,Note™,Note™,note-faceplate,faceplate,bathroom,toilets,faceplate,Mechanical faceplate in polished chrome,,4400.0,INR,True,,CP,,polished chrome,,,,,,,,,,,,,,,not_specified,,,,,,,,,,,,,,,,,,,,,,,,,,,,,,,,,,,,,,,False,,,,False,,kohler-india-pricebook-2026-june,KOHLER India Price Book 2026 June Edition,2026,June Edition,17,catalogue,high,False,,unique,,clean
K-75890IN-P-0,Lynk™,Lynk™,lynk-faceplate,faceplate,bathroom,toilets,faceplate,Pneumatic faceplate in glossy white,,4300.0,INR,True,,,,glossy white,,,,,,,,,,,,,,,not_specified,,,,,,,,,,,,,,,,,,,,,,,,,,,,,,,,,,,,,,,False,,,,False,,kohler-india-pricebook-2026-june,KOHLER India Price Book 2026 June Edition,2026,June Edition,19,catalogue,high,False,,unique,,clean
K-75890IN-P-7,Lynk™,Lynk™,lynk-faceplate,faceplate,bathroom,toilets,faceplate,Pneumatic faceplate in glossy black,,4300.0,INR,True,,,,glossy black,,,,,,,,,,,,,,,not_specified,,,,,,,,,,,,,,,,,,,,,,,,,,,,,,,,,,,,,,,False,,,,False,,kohler-india-pricebook-2026-june,KOHLER India Price Book 2026 June Edition,2026,June Edition,19,catalogue,high,False,,unique,,clean
K-33639IN-P-CP,Access,Access,access-faceplate,faceplate,bathroom,toilets,faceplate,Pneumatic faceplate with sliding front cover and built-in tablet compartment in polished chrome,,4000.0,INR,True,,CP,,tablet compartment in polished chrome,,,,,,,,,,,,,,,not_specified,,,,,,,,,,,,,,,,,,,,,,,,,,,,,,,,,,,,,,,False,,,,False,,kohler-india-pricebook-2026-june,KOHLER India Price Book 2026 June Edition,2026,June Edition,19,catalogue,high,False,,unique,,clean
K-75890IN-P-CP,Lynk™,Lynk™,lynk-faceplate,faceplate,bathroom,toilets,faceplate,Pneumatic faceplate in polished chrome,,3100.0,INR,True,,CP,,polished chrome,,,,,,,,,,,,,,,not_specified,,,,,,,,,,,,,,,,,,,,,,,,,,,,,,,,,,,,,,,False,,,,False,,kohler-india-pricebook-2026-june,KOHLER India Price Book 2026 June Edition,2026,June Edition,19,catalogue,high,False,,unique,,clean
K-75890IN-M-CP,Lynk™,Lynk™,lynk-faceplate,faceplate,bathroom,toilets,faceplate,Mechanical faceplate in polished chrome,,3100.0,INR,True,,CP,,polished chrome,,,,,,,,,,,,,,,not_specified,,,,,,,,,,,,,,,,,,,,,,,,,,,,,,,,,,,,,,,False,,,,False,,kohler-india-pricebook-2026-june,KOHLER India Price Book 2026 June Edition,2026,June Edition,19,catalogue,high,False,,unique,,clean
K-5413IN-P-CP,Pebble™,Pebble™,pebble-faceplate,faceplate,bathroom,toilets,faceplate,Pneumatic faceplate in polished chrome,,3000.0,INR,True,,CP,,polished chrome,,,,,,,,,,,,,,,not_specified,,,,,,,,,,,,,,,,,,,,,,,,,,,,,,,,,,,,,,,False,,,,False,,kohler-india-pricebook-2026-june,KOHLER India Price Book 2026 June Edition,2026,June Edition,19,catalogue,high,False,,unique,,clean
K-5413IN-M-CP,Pebble™,Pebble™,pebble-faceplate,faceplate,bathroom,toilets,faceplate,Mechanical faceplate in polished chrome,,3000.0,INR,True,,CP,,polished chrome,,,,,,,,,,,,,,,not_specified,,,,,,,,,,,,,,,,,,,,,,,,,,,,,,,,,,,,,,,False,,,,False,,kohler-india-pricebook-2026-june,KOHLER India Price Book 2026 June Edition,2026,June Edition,19,catalogue,high,False,,unique,,clean
K-28475IN-M-CP,Summit,Summit,summit-faceplate,faceplate,bathroom,toilets,faceplate,Mechanical faceplate in polished chrome,,2400.0,INR,True,,CP,,polished chrome,,,,,,,,,,,,,,,not_specified,,,,,,,,,,,,,,,,,,,,,,,,,,,,,,,,,,,,,,,False,,,,False,,kohler-india-pricebook-2026-june,KOHLER India Price Book 2026 June Edition,2026,June Edition,19,catalogue,high,False,,unique,,clean
K-28476IN-M-CP,Riviera,Riviera,riviera-faceplate,faceplate,bathroom,toilets,faceplate,Mechanical faceplate in polished chrome,,2200.0,INR,True,,CP,,polished chrome,,,,,,,,,,,,,,,not_specified,,,,,,,,,,,,,,,,,,,,,,,,,,,,,,,,,,,,,,,False,,,,False,,kohler-india-pricebook-2026-june,KOHLER India Price Book 2026 June Edition,2026,June Edition,19,catalogue,high,False,,unique,,clean
K-22930IN-NA,,,,mirror,bathroom,mirrors,mirror,Vitality Lighted Mirrors 1016mm perimeter lighted mirror,,60000.0,INR,True,,,,,,,,,,,,,,,,,,,not_specified,,,,,,,,,,,,,,,,,,,,,,,,,,,,,,,,,,,,,,,False,,,,False,,kohler-india-pricebook-2026-june,KOHLER India Price Book 2026 June Edition,2026,June Edition,22,catalogue,high,False,,unique,,clean
K-22932IN-NA,,,,mirror,bathroom,mirrors,mirror,1016mm inset lighted mirror,,50000.0,INR,True,,,,,,,,,,,,,,,,,,,not_specified,,,,,,,,,,,,,,,,,,,,,,,,,,,,,,,,,,,,,,,False,,,,False,,kohler-india-pricebook-2026-june,KOHLER India Price Book 2026 June Edition,2026,June Edition,22,catalogue,high,False,,unique,,clean
K-22929IN-NA,,,,mirror,bathroom,mirrors,mirror,762mm perimeter lighted mirror,,45000.0,INR,True,,,,,,,,,,,,,,,,,,,not_specified,,,,,,,,,,,,,,,,,,,,,,,,,,,,,,,,,,,,,,,False,,,,False,,kohler-india-pricebook-2026-june,KOHLER India Price Book 2026 June Edition,2026,June Edition,22,catalogue,high,False,,unique,,clean
K-22928IN-NA,,,,mirror,bathroom,mirrors,mirror,762mm x 1016mm column lighted mirror,,38000.0,INR,True,,,,,,,,,,,,,,,,,,,not_specified,,,,,,,,,,,,,,,,,,,,,,,,,,,,,,,,,,,,,,,False,,,,False,,kohler-india-pricebook-2026-june,KOHLER India Price Book 2026 June Edition,2026,June Edition,22,catalogue,high,False,,unique,,clean
K-22931IN-NA,,,,mirror,bathroom,mirrors,mirror,762mm inset lighted mirror,,35700.0,INR,True,,,,,,,,,,,,,,,,,,,not_specified,,,,,,,,,,,,,,,,,,,,,,,,,,,,,,,,,,,,,,,False,,,,False,,kohler-india-pricebook-2026-june,KOHLER India Price Book 2026 June Edition,2026,June Edition,22,catalogue,high,False,,unique,,clean
K-37758IN-NA,,,,mirror,bathroom,mirrors,mirror,762mm x 1016mm column lite lighted mirror,,35000.0,INR,True,,,,,,,,,,,,,,,,,,,not_specified,,,,,,,,,,,,,,,,,,,,,,,,,,,,,,,,,,,,,,,False,,,,False,,kohler-india-pricebook-2026-june,KOHLER India Price Book 2026 June Edition,2026,June Edition,22,catalogue,high,False,,unique,,clean
K-31646IN-NA,,,,mirror,bathroom,mirrors,mirror,600mm perimeter lighted mirror,,35000.0,INR,True,,,,,,,,,,,,,,,,,,,not_specified,,,,,,,,,,,,,,,,,,,,,,,,,,,,,,,,,,,,,,,False,,,,False,,kohler-india-pricebook-2026-june,KOHLER India Price Book 2026 June Edition,2026,June Edition,22,catalogue,high,False,,unique,,clean
K-35628IN-NA,,,,mirror,bathroom,mirrors,mirror,600mm x 700mm column lighted mirror,,21500.0,INR,True,,,,,,,,,,,,,,,,,,,not_specified,,,,,,,,,,,,,,,,,,,,,,,,,,,,,,,,,,,,,,,False,,,,False,,kohler-india-pricebook-2026-june,KOHLER India Price Book 2026 June Edition,2026,June Edition,22,catalogue,high,False,,unique,,clean
K-37877IN-BLL,,,,mirror,bathroom,mirrors,mirror,ModernLife Edge™ Mirrors 520mm x 700mm rectangle lighted mirror,,39500.0,INR,True,,,,,,,,,,,,,,,,,,,not_specified,,,,,,,,,,,,,,,,,,,,,,,,,,,,,,,,,,,,,,,False,,,,False,,kohler-india-pricebook-2026-june,KOHLER India Price Book 2026 June Edition,2026,June Edition,22,catalogue,high,False,,unique,,clean
K-37880IN-NA,,,,mirror,bathroom,mirrors,mirror,800mm x 550mm pebble lighted mirror,,38000.0,INR,True,,,,,,,,,,,,,,,,,,,not_specified,,,,,,,,,,,,,,,,,,,,,,,,,,,,,,,,,,,,,,,False,,,,False,,kohler-india-pricebook-2026-june,KOHLER India Price Book 2026 June Edition,2026,June Edition,22,catalogue,high,False,,unique,,clean
K-37878IN-NA,,,,mirror,bathroom,mirrors,mirror,600mm x 900mm oval lighted mirror,,38500.0,INR,True,,,,,,,,,,,,,,,,,,,not_specified,,,,,,,,,,,,,,,,,,,,,,,,,,,,,,,,,,,,,,,False,,,,False,,kohler-india-pricebook-2026-june,KOHLER India Price Book 2026 June Edition,2026,June Edition,22,catalogue,high,False,,unique,,clean
K-37876IN-NA,,,,mirror,bathroom,mirrors,mirror,510mm x 1018mm capsule lighted mirror,,35000.0,INR,True,,,,,,,,,,,,,,,,,,,not_specified,,,,,,,,,,,,,,,,,,,,,,,,,,,,,,,,,,,,,,,False,,,,False,,kohler-india-pricebook-2026-june,KOHLER India Price Book 2026 June Edition,2026,June Edition,23,catalogue,high,False,,unique,,clean
K-23266IN-NA,,,,mirror,bathroom,mirrors,mirror,Forefront™ Mirrors 900mm x 651mm rectangular lighted mirror,,55000.0,INR,True,,,,,,,,,,,,,,,,,,,not_specified,,,,,,,,,,,,,,,,,,,,,,,,,,,,,,,,,,,,,,,False,,,,False,,kohler-india-pricebook-2026-june,KOHLER India Price Book 2026 June Edition,2026,June Edition,23,catalogue,high,False,,unique,,clean
K-23265IN-NA,,,,mirror,bathroom,mirrors,mirror,600mm x 650mm square lighted mirror,,37000.0,INR,True,,,,,,,,,,,,,,,,,,,not_specified,,,,,,,,,,,,,,,,,,,,,,,,,,,,,,,,,,,,,,,False,,,,False,,kohler-india-pricebook-2026-june,KOHLER India Price Book 2026 June Edition,2026,June Edition,23,catalogue,high,False,,unique,,clean
K-29156IN-NA,,,,mirror,bathroom,mirrors,mirror,900mm x 650mm rectangular lighted lite mirror with mechanical switch,,32000.0,INR,True,,,,,,,,,,,,,,,,,,,not_specified,,,,,,,,,,,,,,,,,,,,,,,,,,,,,,,,,,,,,,,False,,,,False,,kohler-india-pricebook-2026-june,KOHLER India Price Book 2026 June Edition,2026,June Edition,23,catalogue,high,False,,unique,,clean
K-29155IN-NA,,,,mirror,bathroom,mirrors,mirror,720mm x 650mm rectangular lighted lite mirror with mechanical switch,,30000.0,INR,True,,,,,,,,,,,,,,,,,,,not_specified,,,,,,,,,,,,,,,,,,,,,,,,,,,,,,,,,,,,,,,False,,,,False,,kohler-india-pricebook-2026-june,KOHLER India Price Book 2026 June Edition,2026,June Edition,23,catalogue,high,False,,unique,,clean
K-23268IN-NA,,,,mirror,bathroom,mirrors,mirror,Reve™ Mirror 1000mm x 650mm lighted mirror,,60000.0,INR,True,,,,,,,,,,,,,,,,,,,not_specified,,,,,,,,,,,,,,,,,,,,,,,,,,,,,,,,,,,,,,,False,,,,False,,kohler-india-pricebook-2026-june,KOHLER India Price Book 2026 June Edition,2026,June Edition,23,catalogue,high,False,,unique,,clean
K-31389IN-NA,,,,mirror,bathroom,mirrors,mirror,Vive Mirror 705mm round lighted mirror,,44000.0,INR,True,,,,,,,,,,,,,,,,,,,not_specified,,,,,,,,,,,,,,,,,,,,,,,,,,,,,,,,,,,,,,,False,,,,False,,kohler-india-pricebook-2026-june,KOHLER India Price Book 2026 June Edition,2026,June Edition,23,catalogue,high,False,,unique,,clean
K-23264IN-NA,,,,mirror,bathroom,mirrors,mirror,Escale™ Mirror 1000mm x 650mm rectangular lighted mirror,,58000.0,INR,True,,,,,,,,,,,,,,,,,,,not_specified,,,,,,,,,,,,,,,,,,,,,,,,,,,,,,,,,,,,,,,False,,,,False,,kohler-india-pricebook-2026-june,KOHLER India Price Book 2026 June Edition,2026,June Edition,23,catalogue,high,False,,unique,,clean
K-77115IN-NA,,,,mirror,bathroom,mirrors,mirror,Ming Mirror 800mm lighted mirror with proximity sensor,,65000.0,INR,True,,,,,,,,,,,,,,,,,,,not_specified,,,,,,,,,,,,,,,,,,,,,,,,,,,,,,,,,,,,,,,False,,,,False,,kohler-india-pricebook-2026-june,KOHLER India Price Book 2026 June Edition,2026,June Edition,23,catalogue,high,False,,unique,,clean
K-78282IN-NA,,,,mirror_cabinet,bathroom,mirrors,mirror_cabinet,Verdera™ Mirror Cabinets 866mm x 762mm two-door lighted mirrored cabinet,,90000.0,INR,True,,,,,,,,,,,,,,,,,,,not_specified,,,,,,,,,,,,,,,,,,,,,,,,,,,,,,,,,,,,,,,False,,,,False,,kohler-india-pricebook-2026-june,KOHLER India Price Book 2026 June Edition,2026,June Edition,24,catalogue,high,False,,unique,,clean
K-81149IN-DA1,,,,mirror_cabinet,bathroom,mirrors,mirror_cabinet,Maxstow™ Mirror Cabinets 756mm x 1016mm rectangular two-door mirror cabinet,,44500.0,INR,True,,,,,,,,,,,,,,,,,,,not_specified,,,,,,,,,,,,,,,,,,,,,,,,,,,,,,,,,,,,,,,False,,,,False,,kohler-india-pricebook-2026-june,KOHLER India Price Book 2026 June Edition,2026,June Edition,24,catalogue,high,False,,unique,,clean
K-81146IN-DA1,,,,mirror_cabinet,bathroom,mirrors,mirror_cabinet,756mm x 610mm rectangular two-door mirror cabinet,,34500.0,INR,True,,,,,,,,,,,,,,,,,,,not_specified,,,,,,,,,,,,,,,,,,,,,,,,,,,,,,,,,,,,,,,False,,,,False,,kohler-india-pricebook-2026-june,KOHLER India Price Book 2026 June Edition,2026,June Edition,24,catalogue,high,False,,unique,,clean
K-81148IN-DA1,,,,mirror_cabinet,bathroom,mirrors,mirror_cabinet,508mm x 1016mm rectangular mirror cabinet,,32500.0,INR,True,,,,,,,,,,,,,,,,,,,not_specified,,,,,,,,,,,,,,,,,,,,,,,,,,,,,,,,,,,,,,,False,,,,False,,kohler-india-pricebook-2026-june,KOHLER India Price Book 2026 June Edition,2026,June Edition,24,catalogue,high,False,,unique,,clean
K-81145IN-DA1,,,,mirror_cabinet,bathroom,mirrors,mirror_cabinet,508mm x 610mm rectangular mirror cabinet,,22500.0,INR,True,,,,,,,,,,,,,,,,,,,not_specified,,,,,,,,,,,,,,,,,,,,,,,,,,,,,,,,,,,,,,,False,,,,False,,kohler-india-pricebook-2026-june,KOHLER India Price Book 2026 June Edition,2026,June Edition,24,catalogue,high,False,,unique,,clean
K-56152IN-NA,,,,mirror_cabinet,bathroom,mirrors,mirror_cabinet,Embark Mirror Cabinets Premium XL 405mm x 914mm capsule mirror cabinet,,18000.0,INR,True,,,,,,,,,,,,,,,,,,,not_specified,,,,,,,,,,,,,,,,,,,,,,,,,,,,,,,,,,,,,,,False,,,,False,,kohler-india-pricebook-2026-june,KOHLER India Price Book 2026 June Edition,2026,June Edition,24,catalogue,high,False,,unique,,clean
K-56151IN-NA,,,,mirror_cabinet,bathroom,mirrors,mirror_cabinet,Premium XL 508mm x 914mm arch mirror cabinet,,18000.0,INR,True,,,,,,,,,,,,,,,,,,,not_specified,,,,,,,,,,,,,,,,,,,,,,,,,,,,,,,,,,,,,,,False,,,,False,,kohler-india-pricebook-2026-june,KOHLER India Price Book 2026 June Edition,2026,June Edition,24,catalogue,high,False,,unique,,clean
K-56150IN-NA,,,,mirror_cabinet,bathroom,mirrors,mirror_cabinet,Premium XL 508mm x 787mm rectangular mirror cabinet,,17500.0,INR,True,,,,,,,,,,,,,,,,,,,not_specified,,,,,,,,,,,,,,,,,,,,,,,,,,,,,,,,,,,,,,,False,,,,False,,kohler-india-pricebook-2026-june,KOHLER India Price Book 2026 June Edition,2026,June Edition,24,catalogue,high,False,,unique,,clean
K-38674IN-NA,Bancroft®,Bancroft®,bancroft-mirror_cabinet,mirror_cabinet,bathroom,mirrors,mirror_cabinet,508mm x 787mm rectangular mirror cabinet,,16500.0,INR,True,,,,,,,,,,,,,,,,,,,not_specified,,,,,,,,,,,,,,,,,,,,,,,,,,,,,,,,,,,,,,,False,,,,False,,kohler-india-pricebook-2026-june,KOHLER India Price Book 2026 June Edition,2026,June Edition,25,catalogue,high,False,,unique,,clean
K-3073IN-NA,Archer®,Archer®,archer-mirror_cabinet,mirror_cabinet,bathroom,mirrors,mirror_cabinet,508mm x 787mm rectangular mirror cabinet,,15500.0,INR,True,,,,,,,,,,,,,,,,,,,not_specified,,,,,,,,,,,,,,,,,,,,,,,,,,,,,,,,,,,,,,,False,,,,False,,kohler-india-pricebook-2026-june,KOHLER India Price Book 2026 June Edition,2026,June Edition,25,catalogue,high,False,,unique,,clean
K-39120IN-BLL,Archer®,Archer®,archer-mirror,mirror,bathroom,mirrors,mirror,Essential Mirrors 610mm x 1675mm arch floor mirror,,31500.0,INR,True,,,,,,,,,,,,,,,,,,,not_specified,,,,,,,,,,,,,,,,,,,,,,,,,,,,,,,,,,,,,,,False,,,,False,,kohler-india-pricebook-2026-june,KOHLER India Price Book 2026 June Edition,2026,June Edition,25,catalogue,high,False,,unique,,clean
K-38368IN-BLL,Archer®,Archer®,archer-mirror,mirror,bathroom,mirrors,mirror,610mm x 1675mm rectangular floor mirror,,30500.0,INR,True,,,,,,,,,,,,,,,,,,,not_specified,,,,,,,,,,,,,,,,,,,,,,,,,,,,,,,,,,,,,,,False,,,,False,,kohler-india-pricebook-2026-june,KOHLER India Price Book 2026 June Edition,2026,June Edition,25,catalogue,high,False,,unique,,clean
K-30637IN-BGL,Archer®,Archer®,archer-mirror,mirror,bathroom,mirrors,mirror,610mm x 914mm arch mirror in brushed gold,,20500.0,INR,True,,,,brushed gold,,,,,,,,,,,,,,,not_specified,,,,,,,,,,,,,,,,,,,,,,,,,,,,,,,,,,,,,,,False,,,,False,,kohler-india-pricebook-2026-june,KOHLER India Price Book 2026 June Edition,2026,June Edition,25,catalogue,high,False,,unique,,clean
K-30637IN-BLL,Archer®,Archer®,archer-mirror,mirror,bathroom,mirrors,mirror,610mm x 914mm arch mirror in matte black,,20000.0,INR,True,,,,matte black,,,,,,,,,,,,,,,not_specified,,,,,,,,,,,,,,,,,,,,,,,,,,,,,,,,,,,,,,,False,,,,False,,kohler-india-pricebook-2026-june,KOHLER India Price Book 2026 June Edition,2026,June Edition,25,catalogue,high,False,,unique,,clean
K-30638IN-BGL,Archer®,Archer®,archer-mirror,mirror,bathroom,mirrors,mirror,508mm x 813mm arch mirror in brushed gold,,18500.0,INR,True,,,,brushed gold,,,,,,,,,,,,,,,not_specified,,,,,,,,,,,,,,,,,,,,,,,,,,,,,,,,,,,,,,,False,,,,False,,kohler-india-pricebook-2026-june,KOHLER India Price Book 2026 June Edition,2026,June Edition,25,catalogue,high,False,,unique,,clean
K-30638IN-BLL,Archer®,Archer®,archer-mirror,mirror,bathroom,mirrors,mirror,508mm x 813mm arch mirror in matte black,,18000.0,INR,True,,,,matte black,,,,,,,,,,,,,,,not_specified,,,,,,,,,,,,,,,,,,,,,,,,,,,,,,,,,,,,,,,False,,,,False,,kohler-india-pricebook-2026-june,KOHLER India Price Book 2026 June Edition,2026,June Edition,25,catalogue,high,False,,unique,,clean
K-26051IN-CPL,,,,mirror,bathroom,mirrors,mirror,501mm x 1016mm capsule mirror in polished chrome,,20000.0,INR,True,,,,polished chrome,,,,,,,,,,,,,,,not_specified,,,,,,,,,,,,,,,,,,,,,,,,,,,,,,,,,,,,,,,False,,,,False,,kohler-india-pricebook-2026-june,KOHLER India Price Book 2026 June Edition,2026,June Edition,26,catalogue,high,False,,unique,,clean
K-26051IN-BGL,,,,mirror,bathroom,mirrors,mirror,501mm x 1016mm capsule mirror in brushed gold,,16500.0,INR,True,,,,brushed gold,,,,,,,,,,,,,,,not_specified,,,,,,,,,,,,,,,,,,,,,,,,,,,,,,,,,,,,,,,False,,,,False,,kohler-india-pricebook-2026-june,KOHLER India Price Book 2026 June Edition,2026,June Edition,26,catalogue,high,False,,unique,,clean
K-26051IN-BLL,,,,mirror,bathroom,mirrors,mirror,501mm x 1016mm capsule mirror in matte black,,14500.0,INR,True,,,,matte black,,,,,,,,,,,,,,,not_specified,,,,,,,,,,,,,,,,,,,,,,,,,,,,,,,,,,,,,,,False,,,,False,,kohler-india-pricebook-2026-june,KOHLER India Price Book 2026 June Edition,2026,June Edition,26,catalogue,high,False,,unique,,clean
K-26050IN-CPL,,,,mirror,bathroom,mirrors,mirror,712mm round mirror in polished chrome,,22000.0,INR,True,,,,polished chrome,,,,,,,,,,,,,,,not_specified,,,,,,,,,,,,,,,,,,,,,,,,,,,,,,,,,,,,,,,False,,,,False,,kohler-india-pricebook-2026-june,KOHLER India Price Book 2026 June Edition,2026,June Edition,26,catalogue,high,False,,unique,,clean
K-26050IN-BGL,,,,mirror,bathroom,mirrors,mirror,712mm round mirror in brushed gold,,18000.0,INR,True,,,,brushed gold,,,,,,,,,,,,,,,not_specified,,,,,,,,,,,,,,,,,,,,,,,,,,,,,,,,,,,,,,,False,,,,False,,kohler-india-pricebook-2026-june,KOHLER India Price Book 2026 June Edition,2026,June Edition,26,catalogue,high,False,,unique,,clean
K-26050IN-BLL,,,,mirror,bathroom,mirrors,mirror,712mm round mirror in matte black,,17500.0,INR,True,,,,matte black,,,,,,,,,,,,,,,not_specified,,,,,,,,,,,,,,,,,,,,,,,,,,,,,,,,,,,,,,,False,,,,False,,kohler-india-pricebook-2026-june,KOHLER India Price Book 2026 June Edition,2026,June Edition,26,catalogue,high,False,,unique,,clean
K-26052IN-CPL,,,,mirror,bathroom,mirrors,mirror,560mm x 864mm rectangular mirror in polished chrome,,18500.0,INR,True,,,,polished chrome,,,,,,,,,,,,,,,not_specified,,,,,,,,,,,,,,,,,,,,,,,,,,,,,,,,,,,,,,,False,,,,False,,kohler-india-pricebook-2026-june,KOHLER India Price Book 2026 June Edition,2026,June Edition,26,catalogue,high,False,,unique,,clean
K-26052IN-BGL,,,,mirror,bathroom,mirrors,mirror,560mm x 864mm rectangular mirror in brushed gold,,15500.0,INR,True,,,,brushed gold,,,,,,,,,,,,,,,not_specified,,,,,,,,,,,,,,,,,,,,,,,,,,,,,,,,,,,,,,,False,,,,False,,kohler-india-pricebook-2026-june,KOHLER India Price Book 2026 June Edition,2026,June Edition,26,catalogue,high,False,,unique,,clean
K-26052IN-BLL,,,,mirror,bathroom,mirrors,mirror,560mm x 864mm rectangular mirror in matte black,,13500.0,INR,True,,,,matte black,,,,,,,,,,,,,,,not_specified,,,,,,,,,,,,,,,,,,,,,,,,,,,,,,,,,,,,,,,False,,,,False,,kohler-india-pricebook-2026-june,KOHLER India Price Book 2026 June Edition,2026,June Edition,26,catalogue,high,False,,unique,,clean
K-38367IN-BLL,,,,mirror,bathroom,mirrors,mirror,600mm x 1200mm capsule mirror in matte black,,19000.0,INR,True,,,,matte black,,,,,,,,,,,,,,,not_specified,,,,,,,,,,,,,,,,,,,,,,,,,,,,,,,,,,,,,,,False,,,,False,,kohler-india-pricebook-2026-june,KOHLER India Price Book 2026 June Edition,2026,June Edition,27,catalogue,high,False,,unique,,clean
K-38354IN-BLL,,,,mirror,bathroom,mirrors,mirror,660mm x 1200mm rectangular mirror in matte black,,19500.0,INR,True,,,,matte black,,,,,,,,,,,,,,,not_specified,,,,,,,,,,,,,,,,,,,,,,,,,,,,,,,,,,,,,,,False,,,,False,,kohler-india-pricebook-2026-june,KOHLER India Price Book 2026 June Edition,2026,June Edition,27,catalogue,high,False,,unique,,clean
K-38366IN-BLL,,,,mirror,bathroom,mirrors,mirror,460mm round mirror in matte black,,9500.0,INR,True,,,,matte black,,,,,,,,,,,,,,,not_specified,,,,,,,,,,,,,,,,,,,,,,,,,,,,,,,,,,,,,,,False,,,,False,,kohler-india-pricebook-2026-june,KOHLER India Price Book 2026 June Edition,2026,June Edition,27,catalogue,high,False,,unique,,clean
K-31367IN-BLL,,,,mirror,bathroom,mirrors,mirror,559mm round mirror in matte black,,12500.0,INR,True,,,,matte black,,,,,,,,,,,,,,,not_specified,,,,,,,,,,,,,,,,,,,,,,,,,,,,,,,,,,,,,,,False,,,,False,,kohler-india-pricebook-2026-june,KOHLER India Price Book 2026 June Edition,2026,June Edition,27,catalogue,high,False,,unique,,clean
K-31367IN-BGL,,,,mirror,bathroom,mirrors,mirror,559mm round mirror in brushed gold,,13000.0,INR,True,,,,brushed gold,,,,,,,,,,,,,,,not_specified,,,,,,,,,,,,,,,,,,,,,,,,,,,,,,,,,,,,,,,False,,,,False,,kohler-india-pricebook-2026-june,KOHLER India Price Book 2026 June Edition,2026,June Edition,27,catalogue,high,False,,unique,,clean
K-37881IN-BLL,,,,mirror,bathroom,mirrors,mirror,Detailing Mirrors Modernlife Edge™ 200mm detailing lighted mirror,,10000.0,INR,True,,,,,,,,,,,,,,,,,,,not_specified,,,,,,,,,,,,,,,,,,,,,,,,,,,,,,,,,,,,,,,False,,,,False,,kohler-india-pricebook-2026-june,KOHLER India Price Book 2026 June Edition,2026,June Edition,27,catalogue,high,False,,unique,,clean
K-72904IN-S,,,,mirror,bathroom,mirrors,mirror,July 175mm detailing makeup mirror,,6500.0,INR,True,,,,,,,,,,,,,,,,,,,not_specified,,,,,,,,,,,,,,,,,,,,,,,,,,,,,,,,,,,,,,,False,,,,False,,kohler-india-pricebook-2026-june,KOHLER India Price Book 2026 June Edition,2026,June Edition,27,catalogue,high,False,,unique,,clean
K-18433IN-CP,,,,mirror,bathroom,mirrors,mirror,Lison 180mm detailing mirror,,6000.0,INR,True,,CP,,,,,,,,,,,,,,,,,not_specified,,,,,,,,,,,,,,,,,,,,,,,,,,,,,,,,,,,,,,,False,,,,False,,kohler-india-pricebook-2026-june,KOHLER India Price Book 2026 June Edition,2026,June Edition,27,catalogue,high,False,,unique,,clean
K-28741IN-RWP,,,,vanity,bathroom,vanities,vanity,Foreward™ 867mm vanity with rattan weave pattern,,71400.0,INR,True,,,,,,,,,,,,,,,,,,,not_specified,,,,,,,,,,,,,,,,,,,,,,,,,,,,,,,,,,,,,,,False,,,,False,,kohler-india-pricebook-2026-june,KOHLER India Price Book 2026 June Edition,2026,June Edition,31,catalogue,high,False,,unique,,clean
K-30457IN-PSH,,,,vanity,bathroom,vanities,vanity,Prologue™ Vanity 750 (PU) - light taupe,,117950.0,INR,True,,,,,,,,,,,,,,,,,,,not_specified,,,,,,,,,,,,,,,,,,,,,,,,,,,,,,,,,,,,,,,False,,,,False,,kohler-india-pricebook-2026-june,KOHLER India Price Book 2026 June Edition,2026,June Edition,31,catalogue,high,False,,unique,,clean
K-30457IN-MWF,,,,vanity,bathroom,vanities,vanity,Vanity 750 (MEM) - natural oak,,116950.0,INR,True,,,,,,,,,,,,,,,,,,,not_specified,,,,,,,,,,,,,,,,,,,,,,,,,,,,,,,,,,,,,,,False,,,,False,,kohler-india-pricebook-2026-june,KOHLER India Price Book 2026 June Edition,2026,June Edition,31,catalogue,high,False,,unique,,clean
K-30459IN-N21,,,,vanity,bathroom,vanities,vanity,Luxe Vanity 750 (PU) - titanium grey,,117950.0,INR,True,,,,,,,,,,,,,,,,,,,not_specified,,,,,,,,,,,,,,,,,,,,,,,,,,,,,,,,,,,,,,,False,,,,False,,kohler-india-pricebook-2026-june,KOHLER India Price Book 2026 June Edition,2026,June Edition,31,catalogue,high,False,,unique,,clean
K-30459IN-MWF,,,,vanity,bathroom,vanities,vanity,Vanity 750 (MEM) - natural oak,,110950.0,INR,True,,,,,,,,,,,,,,,,,,,not_specified,,,,,,,,,,,,,,,,,,,,,,,,,,,,,,,,,,,,,,,False,,,,False,,kohler-india-pricebook-2026-june,KOHLER India Price Book 2026 June Edition,2026,June Edition,31,catalogue,high,False,,unique,,clean
K-2749T-1-0,Forefront™,Forefront™,forefront-vanity,vanity,bathroom,wash_basins,vanity,900mm x 521mm Vanity top with single faucet hole in white,,53500.0,INR,True,,,,white,,,,,,,,,,,,,,,not_specified,,,,,,,,,,,,,,,,,,,,,,,,,,,,,,,,,,,K-75823IN-CP; K-45432IN-CP,,,,False,,,,False,,kohler-india-pricebook-2026-june,KOHLER India Price Book 2026 June Edition,2026,June Edition,34,catalogue,high,False,,unique,,clean
K-28782IN-0,Vive,Vive,vive-vanity,vanity,bathroom,wash_basins,vanity,720mm x 520mm Vanity top with single faucet hole in white,,27800.0,INR,True,,,,white,,,,,,,,,,,,,,,not_specified,,,,,,,,,,,,,,,,,,,,,,,,,,,,,,,,,,,K-32485IN-NA; K-75823IN-CP,,,,False,,,,False,,kohler-india-pricebook-2026-june,KOHLER India Price Book 2026 June Edition,2026,June Edition,34,catalogue,high,False,,unique,,clean
K-30686IN-0,Sveda™,Sveda™,sveda-vessel_basin,vessel_basin,bathroom,wash_basins,vessel_basin,663mm x 425mm steam vessel basin with steam generator assembly and UI controller without faucet hole in white,,72000.0,INR,True,,,,white,,,,,,,,,,,,,,,not_specified,,,,,,,,,,,,,,,,,,,,,,,,,,,,,,,,,,,K-30685IN-CP; K-32485IN-NA,,,,False,,,,False,,kohler-india-pricebook-2026-june,KOHLER India Price Book 2026 June Edition,2026,June Edition,34,catalogue,high,False,,unique,,clean
K-20705-0,Veil®,Veil®,veil-vessel_basin,vessel_basin,bathroom,wash_basins,vessel_basin,979mm x 406mm vessel basin without faucet hole in white,,90000.0,INR,True,,,,white,,,,,,,,,,,,,,,not_specified,,,,,,,,,,,,,,,,,,,,,,,,,,,,,,,,,,,K-7120IN-CP,,,,False,,,,False,,kohler-india-pricebook-2026-june,KOHLER India Price Book 2026 June Edition,2026,June Edition,34,catalogue,high,False,,unique,,clean
K-20703-0,Veil®,Veil®,veil-vessel_basin,vessel_basin,bathroom,wash_basins,vessel_basin,406mm round vessel basin or pedestal sink without faucet hole in white,,80000.0,INR,True,,,,white,,,,,,,,,,,,,,,not_specified,,,,,,,,,,,,,,,,,,,,,,,,,,,,,,,,,,,K-7124-A-CP,,,,False,,,,False,,kohler-india-pricebook-2026-june,KOHLER India Price Book 2026 June Edition,2026,June Edition,34,catalogue,high,False,,unique,,clean
K-20704-0,Veil®,Veil®,veil-vessel_basin,vessel_basin,bathroom,wash_basins,vessel_basin,536mm x 357mm vessel basin without faucet hole in white,,48000.0,INR,True,,,,white,,,,,,,,,,,,,,,not_specified,,,,,,,,,,,,,,,,,,,,,,,,,,,,,,,,,,,K-7120IN-CP,,,,False,,,,False,,kohler-india-pricebook-2026-june,KOHLER India Price Book 2026 June Edition,2026,June Edition,34,catalogue,high,False,,unique,,clean
K-75375IN-0,Forefront™,Forefront™,forefront-vessel_basin,vessel_basin,bathroom,wash_basins,vessel_basin,890mm x 397mm rectangular vessel basin without faucet hole in white,,55000.0,INR,True,,,,white,,,,,,,,,,,,,,,not_specified,,,,,,,,,,,,,,,,,,,,,,,,,,,,,,,,,,,K-75823IN-CP,,,,False,,,,False,,kohler-india-pricebook-2026-june,KOHLER India Price Book 2026 June Edition,2026,June Edition,34,catalogue,high,False,,unique,,clean
K-21226IN-WAF-0,ModernLife Edge™,ModernLife Edge™,modernlife-edge-vessel_basin,vessel_basin,bathroom,wash_basins,vessel_basin,600mm x 396mm decorative vessel basin without faucet hole in french gold,,75000.0,INR,True,,,,french gold,,,,,,,,,,,,,,,not_specified,,,,,,,,,,,,,,,,,,,,,,,,,,,,,,,,,,,K-75823IN-CP; K-20746IN-CP,,,,False,,,,False,,kohler-india-pricebook-2026-june,KOHLER India Price Book 2026 June Edition,2026,June Edition,34,catalogue,high,False,,unique,,clean
K-21226IN-WRGD-0,ModernLife Edge™,ModernLife Edge™,modernlife-edge-vessel_basin,vessel_basin,bathroom,wash_basins,vessel_basin,600mm x 396mm decorative vessel basin without faucet hole in rose gold,,70000.0,INR,True,,,,rose gold,,,,,,,,,,,,,,,not_specified,,,,,,,,,,,,,,,,,,,,,,,,,,,,,,,,,,,K-75823IN-CP; K-20746IN-CP,,,,False,,,,False,,kohler-india-pricebook-2026-june,KOHLER India Price Book 2026 June Edition,2026,June Edition,34,catalogue,high,False,,unique,,clean
K-21226IN-HL1,ModernLife Edge™,ModernLife Edge™,modernlife-edge-vessel_basin,vessel_basin,bathroom,wash_basins,vessel_basin,600mm x 396mm vessel basin without faucet hole in honed lush,,38000.0,INR,True,,,,honed lush,,,,,,,,,,,,,,,not_specified,,,,,,,,,,,,,,,,,,,,,,,,,,,,,,,,,,,K-75823IN-CP; K-20746IN-CP,,,,False,,,,False,,kohler-india-pricebook-2026-june,KOHLER India Price Book 2026 June Edition,2026,June Edition,34,catalogue,high,False,,unique,,clean
K-21226IN-HB1,ModernLife Edge™,ModernLife Edge™,modernlife-edge-vessel_basin,vessel_basin,bathroom,wash_basins,vessel_basin,600mm x 396mm vessel basin without faucet hole in honed black,,38000.0,INR,True,,,,honed black,,,,,,,,,,,,,,,not_specified,,,,,,,,,,,,,,,,,,,,,,,,,,,,,,,,,,,K-75823IN-CP; K-20746IN-CP,,,,False,,,,False,,kohler-india-pricebook-2026-june,KOHLER India Price Book 2026 June Edition,2026,June Edition,35,catalogue,high,False,,unique,,clean
K-21226IN-HP1,ModernLife Edge™,ModernLife Edge™,modernlife-edge-vessel_basin,vessel_basin,bathroom,wash_basins,vessel_basin,600mm x 396mm vessel basin without faucet hole in peacock,,38000.0,INR,True,,,,peacock,,,,,,,,,,,,,,,not_specified,,,,,,,,,,,,,,,,,,,,,,,,,,,,,,,,,,,K-75823IN-CP; K-20746IN-CP,,,,False,,,,False,,kohler-india-pricebook-2026-june,KOHLER India Price Book 2026 June Edition,2026,June Edition,35,catalogue,high,False,,unique,,clean
K-21226IN-SS-0,ModernLife Edge™,ModernLife Edge™,modernlife-edge-vessel_basin,vessel_basin,bathroom,wash_basins,vessel_basin,600mm x 396mm vessel basin without faucet hole in white,,27000.0,INR,True,,,,white,,,,,,,,,,,,,,,not_specified,,,,,,,,,,,,,,,,,,,,,,,,,,,,,,,,,,,K-24740IN-0; K-75823IN-CP,,,,False,,,,False,,kohler-india-pricebook-2026-june,KOHLER India Price Book 2026 June Edition,2026,June Edition,35,catalogue,high,False,,unique,,clean
K-30109IN-HP1,Sveda® Lite,Sveda® Lite,sveda-lite-vessel_basin,vessel_basin,bathroom,wash_basins,vessel_basin,663mm x 425mm vessel basin without faucet hole in peacock,,43500.0,INR,True,,,,peacock,,,,,,,,,,,,,,,not_specified,,,,,,,,,,,,,,,,,,,,,,,,,,,,,,,,,,,K-32485IN-NA,,,,False,,,,False,,kohler-india-pricebook-2026-june,KOHLER India Price Book 2026 June Edition,2026,June Edition,35,catalogue,high,False,,unique,,clean
K-30109IN-0,Sveda® Lite,Sveda® Lite,sveda-lite-vessel_basin,vessel_basin,bathroom,wash_basins,vessel_basin,663mm x 425mm vessel basin without faucet hole in white,,31000.0,INR,True,,,,white,,,,,,,,,,,,,,,not_specified,,,,,,,,,,,,,,,,,,,,,,,,,,,,,,,,,,,K-32485IN-NA,,,,False,,,,False,,kohler-india-pricebook-2026-june,KOHLER India Price Book 2026 June Edition,2026,June Edition,35,catalogue,high,False,,unique,,clean
K-31343IN-SS-0,Nysa,Nysa,nysa-vessel_basin,vessel_basin,bathroom,wash_basins,vessel_basin,633mm x 423mm vessel basin without faucet hole in white,,23000.0,INR,True,,,,white,,,,,,,,,,,,,,,not_specified,,,,,,,,,,,,,,,,,,,,,,,,,,,,,,,,,,,K-75823IN-CP,,,,False,,,,False,,kohler-india-pricebook-2026-june,KOHLER India Price Book 2026 June Edition,2026,June Edition,35,catalogue,high,False,,unique,,clean
K-21060IN-HB1,Brazn™,Brazn™,brazn-vessel_basin,vessel_basin,bathroom,wash_basins,vessel_basin,584mm x 406mm vessel basin without faucet hole in honed black,,30000.0,INR,True,,,,honed black,,,,,,,,,,,,,,,not_specified,,,,,,,,,,,,,,,,,,,,,,,,,,,,,,,,,,,K-75823IN-CP; K-45432IN-CP,,,,False,,,,False,,kohler-india-pricebook-2026-june,KOHLER India Price Book 2026 June Edition,2026,June Edition,35,catalogue,high,False,,unique,,clean
K-21060IN-0,Brazn™,Brazn™,brazn-vessel_basin,vessel_basin,bathroom,wash_basins,vessel_basin,584mm x 406mm vessel basin without faucet hole in white,,21000.0,INR,True,,,,white,,,,,,,,,,,,,,,not_specified,,,,,,,,,,,,,,,,,,,,,,,,,,,,,,,,,,,K-75823IN-CP; K-45432IN-CP,,,,False,,,,False,,kohler-india-pricebook-2026-june,KOHLER India Price Book 2026 June Edition,2026,June Edition,35,catalogue,high,False,,unique,,clean
K-77171IN-7,Veil®,Veil®,veil-vessel_basin,vessel_basin,bathroom,wash_basins,vessel_basin,591mm x 450mm vessel basin without faucet hole in black,,25000.0,INR,True,,,,black,,,,,,,,,,,,,,,not_specified,,,,,,,,,,,,,,,,,,,,,,,,,,,,,,,,,,,K-24740IN-7,,,,False,,,,False,,kohler-india-pricebook-2026-june,KOHLER India Price Book 2026 June Edition,2026,June Edition,35,catalogue,high,False,,unique,,clean
K-77171IN-0,Veil®,Veil®,veil-vessel_basin,vessel_basin,bathroom,wash_basins,vessel_basin,591mm x 450mm vessel basin without faucet hole in white,,20000.0,INR,True,,,,white,,,,,,,,,,,,,,,not_specified,,,,,,,,,,,,,,,,,,,,,,,,,,,,,,,,,,,K-24740IN-0,,,,False,,,,False,,kohler-india-pricebook-2026-june,KOHLER India Price Book 2026 June Edition,2026,June Edition,35,catalogue,high,False,,unique,,clean
K-75376IN-1-0,Trace,Trace,trace-vessel_basin,vessel_basin,bathroom,wash_basins,vessel_basin,600mm x 440mm vessel basin with single faucet hole in white,,21500.0,INR,True,,,,white,,,,,,,,,,,,,,,not_specified,,,,,,,,,,,,,,,,,,,,,,,,,,,,,,,,,,,K-24740IN-0; K-20746IN-CP/K-24740IN-0,,,,False,,,,False,,kohler-india-pricebook-2026-june,KOHLER India Price Book 2026 June Edition,2026,June Edition,35,catalogue,high,False,,unique,,clean
K-90011T-0,Mica,Mica,mica-vessel_basin,vessel_basin,bathroom,wash_basins,vessel_basin,393mm x 393mm square vessel basin without faucet hole in white,,21000.0,INR,True,,,,white,,,,,,,,,,,,,,,not_specified,,,,,,,,,,,,,,,,,,,,,,,,,,,,,,,,,,,K-20746IN-CP/K-24740IN-0,,,,False,,,,False,,kohler-india-pricebook-2026-june,KOHLER India Price Book 2026 June Edition,2026,June Edition,35,catalogue,high,False,,unique,,clean
K-90012T-0,Mica,Mica,mica-vessel_basin,vessel_basin,bathroom,wash_basins,vessel_basin,410mm round vessel basin without faucet hole in white,,19000.0,INR,True,,,,white,,,,,,,,,,,,,,,not_specified,,,,,,,,,,,,,,,,,,,,,,,,,,,,,,,,,,,K-20746IN-CP/K-24740IN-0,,,,False,,,,False,,kohler-india-pricebook-2026-june,KOHLER India Price Book 2026 June Edition,2026,June Edition,36,catalogue,high,False,,unique,,clean
K-5373IN-7,Forefront™,Forefront™,forefront-vessel_basin,vessel_basin,bathroom,wash_basins,vessel_basin,575mm x 410mm rectangular vessel basin without faucet hole in black,,23800.0,INR,True,,,,black,,,,,,,,,,,,,,,not_specified,,,,,,,,,,,,,,,,,,,,,,,,,,,,,,,,,,,K-75823IN-CP; K-45432IN-CP,,,,False,,,,False,,kohler-india-pricebook-2026-june,KOHLER India Price Book 2026 June Edition,2026,June Edition,36,catalogue,high,False,,unique,,clean
K-5373IN-K4,Forefront™,Forefront™,forefront-vessel_basin,vessel_basin,bathroom,wash_basins,vessel_basin,575mm x 410mm rectangular vessel basin without faucet hole in cashmere,,23800.0,INR,True,,,,cashmere,,,,,,,,,,,,,,,not_specified,,,,,,,,,,,,,,,,,,,,,,,,,,,,,,,,,,,K-75823IN-CP; K-45432IN-CP,,,,False,,,,False,,kohler-india-pricebook-2026-june,KOHLER India Price Book 2026 June Edition,2026,June Edition,36,catalogue,high,False,,unique,,clean
K-5373IN-0,Forefront™,Forefront™,forefront-vessel_basin,vessel_basin,bathroom,wash_basins,vessel_basin,575mm x 410mm rectangular vessel basin without faucet hole in white,,19000.0,INR,True,,,,white,,,,,,,,,,,,,,,not_specified,,,,,,,,,,,,,,,,,,,,,,,,,,,,,,,,,,,K-75823IN-CP; K-45432IN-CP,,,,False,,,,False,,kohler-india-pricebook-2026-june,KOHLER India Price Book 2026 June Edition,2026,June Edition,36,catalogue,high,False,,unique,,clean
K-2660IN-1-7,Forefront™,Forefront™,forefront-vessel_basin,vessel_basin,bathroom,wash_basins,vessel_basin,585mm x 460mm rectangular vessel basin with single faucet hole in black,,21300.0,INR,True,,,,black,,,,,,,,,,,,,,,not_specified,,,,,,,,,,,,,,,,,,,,,,,,,,,,,,,,,,,K-75823IN-CP/AF/BN/BV/RGD; K-45432IN-CP,,,,False,,,,False,,kohler-india-pricebook-2026-june,KOHLER India Price Book 2026 June Edition,2026,June Edition,36,catalogue,high,False,,unique,,clean
K-2660IN-1-0,Forefront™,Forefront™,forefront-vessel_basin,vessel_basin,bathroom,wash_basins,vessel_basin,585mm x 460mm rectangular vessel basin with single faucet hole in white,,17000.0,INR,True,,,,white,,,,,,,,,,,,,,,not_specified,,,,,,,,,,,,,,,,,,,,,,,,,,,,,,,,,,,K-75823IN-CP; K-45432IN-CP,,,,False,,,,False,,kohler-india-pricebook-2026-june,KOHLER India Price Book 2026 June Edition,2026,June Edition,36,catalogue,high,False,,unique,,clean
K-2661IN-7,Forefront™,Forefront™,forefront-vessel_basin,vessel_basin,bathroom,wash_basins,vessel_basin,413mm x 413mm square vessel basin without faucet hole in black,,16900.0,INR,True,,,,black,,,,,,,,,,,,,,,not_specified,,,,,,,,,,,,,,,,,,,,,,,,,,,,,,,,,,,K-75823IN-CP; K-45432IN-CP,,,,False,,,,False,,kohler-india-pricebook-2026-june,KOHLER India Price Book 2026 June Edition,2026,June Edition,36,catalogue,high,False,,unique,,clean
K-2661IN-K4,Forefront™,Forefront™,forefront-vessel_basin,vessel_basin,bathroom,wash_basins,vessel_basin,413mm x 413mm square vessel basin without faucet hole in cashmere,,16900.0,INR,True,,,,cashmere,,,,,,,,,,,,,,,not_specified,,,,,,,,,,,,,,,,,,,,,,,,,,,,,,,,,,,K-75823IN-CP; K-45432IN-CP,,,,False,,,,False,,kohler-india-pricebook-2026-june,KOHLER India Price Book 2026 June Edition,2026,June Edition,36,catalogue,high,False,,unique,,clean
K-2661IN-0,Forefront™,Forefront™,forefront-vessel_basin,vessel_basin,bathroom,wash_basins,vessel_basin,413mm x 413mm square vessel basin without faucet hole in white,,13500.0,INR,True,,,,white,,,,,,,,,,,,,,,not_specified,,,,,,,,,,,,,,,,,,,,,,,,,,,,,,,,,,,K-75823IN-CP; K-45432IN-CP,,,,False,,,,False,,kohler-india-pricebook-2026-june,KOHLER India Price Book 2026 June Edition,2026,June Edition,36,catalogue,high,False,,unique,,clean
K-75374IN-1-0,Forefront™,Forefront™,forefront-vessel_basin,vessel_basin,bathroom,wash_basins,vessel_basin,413mm x 460mm square vessel basin with single faucet hole in white,,13000.0,INR,True,,,,white,,,,,,,,,,,,,,,not_specified,,,,,,,,,,,,,,,,,,,,,,,,,,,,,,,,,,,K-20746IN-CP; K-75823IN-CP,,,,False,,,,False,,kohler-india-pricebook-2026-june,KOHLER India Price Book 2026 June Edition,2026,June Edition,36,catalogue,high,False,,unique,,clean
K-26270IN-0,Brink,Brink,brink-vessel_basin,vessel_basin,bathroom,wash_basins,vessel_basin,600mm x 410mm rectangle vessel basin with single faucet hole in white,,16000.0,INR,True,,,,white,,,,,,,,,,,,,,,not_specified,,,,,,,,,,,,,,,,,,,,,,,,,,,,,,,,,,,K-45432IN-CP,,,,False,,,,False,,kohler-india-pricebook-2026-june,KOHLER India Price Book 2026 June Edition,2026,June Edition,36,catalogue,high,False,,unique,,clean
K-26249IN-0,,,,vessel_basin,bathroom,wash_basins,vessel_basin,New Bold Colours Teakberry MODEL DESCRIPTION CODE MRP Ribana Neo 545mm x 400mm vessel basin without faucet hole in white,,16000.0,INR,True,,,,white,,,,,,,,,,,,,,,not_specified,,,,,,,,,,,,,,,,,,,,,,,,,,,,,,,,,,,K-75823IN-CP; K-20746IN-CP/K-24740IN-0,,,,False,,,,False,,kohler-india-pricebook-2026-june,KOHLER India Price Book 2026 June Edition,2026,June Edition,37,catalogue,high,False,,unique,,clean
K-28784IN-K4,,,,vessel_basin,bathroom,wash_basins,vessel_basin,Vive™ Geo 552mm x 398mm vessel basin without faucet hole in cashmere,,20000.0,INR,True,,,,cashmere,,,,,,,,,,,,,,,not_specified,,,,,,,,,,,,,,,,,,,,,,,,,,,,,,,,,,,K-75823IN-CP; K-32485IN-NA,,,,False,,,,False,,kohler-india-pricebook-2026-june,KOHLER India Price Book 2026 June Edition,2026,June Edition,37,catalogue,high,False,,unique,,clean
K-28784IN-7,,,,vessel_basin,bathroom,wash_basins,vessel_basin,Vive™ Geo 552mm x 398mm vessel basin without faucet hole in black,,20000.0,INR,True,,,,black,,,,,,,,,,,,,,,not_specified,,,,,,,,,,,,,,,,,,,,,,,,,,,,,,,,,,,K-75823IN-CP; K-32485IN-NA,,,,False,,,,False,,kohler-india-pricebook-2026-june,KOHLER India Price Book 2026 June Edition,2026,June Edition,37,catalogue,high,False,,unique,,clean
K-28784IN-TKB,,,,vessel_basin,bathroom,wash_basins,vessel_basin,Vive™ Geo 552mm x 398mm vessel basin without faucet hole in teakberry,,20000.0,INR,True,,,,teakberry,,,,,,,,,,,,,,,not_specified,,,,,,,,,,,,,,,,,,,,,,,,,,,,,,,,,,,K-75823IN-CP; K-32485IN-NA,,,,False,,,,False,,kohler-india-pricebook-2026-june,KOHLER India Price Book 2026 June Edition,2026,June Edition,37,catalogue,high,False,,unique,,clean
K-28784IN-0,,,,vessel_basin,bathroom,wash_basins,vessel_basin,Vive™ Geo 552mm x 398mm vessel basin without faucet hole in white,,16000.0,INR,True,,,,white,,,,,,,,,,,,,,,not_specified,,,,,,,,,,,,,,,,,,,,,,,,,,,,,,,,,,,K-75823IN-CP; K-32485IN-NA,,,,False,,,,False,,kohler-india-pricebook-2026-june,KOHLER India Price Book 2026 June Edition,2026,June Edition,37,catalogue,high,False,,unique,,clean
K-28783IN-TKB,Vive™ Capsule,Vive™ Capsule,vive-capsule-vessel_basin,vessel_basin,bathroom,wash_basins,vessel_basin,547mm x 397mm vessel basin without faucet hole in teakberry,,19000.0,INR,True,,,,teakberry,,,,,,,,,,,,,,,not_specified,,,,,,,,,,,,,,,,,,,,,,,,,,,,,,,,,,,K-75823IN-CP; K-32485IN-NA,,,,False,,,,False,,kohler-india-pricebook-2026-june,KOHLER India Price Book 2026 June Edition,2026,June Edition,38,catalogue,high,False,,unique,,clean
K-28783IN-K4,Vive™ Capsule,Vive™ Capsule,vive-capsule-vessel_basin,vessel_basin,bathroom,wash_basins,vessel_basin,547mm x 397mm vessel basin without faucet hole in cashmere,,19000.0,INR,True,,,,cashmere,,,,,,,,,,,,,,,not_specified,,,,,,,,,,,,,,,,,,,,,,,,,,,,,,,,,,,K-75823IN-CP; K-32485IN-NA,,,,False,,,,False,,kohler-india-pricebook-2026-june,KOHLER India Price Book 2026 June Edition,2026,June Edition,38,catalogue,high,False,,unique,,clean
K-28783IN-7,Vive™ Capsule,Vive™ Capsule,vive-capsule-vessel_basin,vessel_basin,bathroom,wash_basins,vessel_basin,547mm x 397mm vessel basin without faucet hole in black,,19000.0,INR,True,,,,black,,,,,,,,,,,,,,,not_specified,,,,,,,,,,,,,,,,,,,,,,,,,,,,,,,,,,,K-75823IN-CP; K-32485IN-NA,,,,False,,,,False,,kohler-india-pricebook-2026-june,KOHLER India Price Book 2026 June Edition,2026,June Edition,38,catalogue,high,False,,unique,,clean
K-28783IN-0,Vive™ Capsule,Vive™ Capsule,vive-capsule-vessel_basin,vessel_basin,bathroom,wash_basins,vessel_basin,547mm x 397mm vessel basin without faucet hole in white,,15000.0,INR,True,,,,white,,,,,,,,,,,,,,,not_specified,,,,,,,,,,,,,,,,,,,,,,,,,,,,,,,,,,,K-75823IN-CP; K-32485IN-NA,,,,False,,,,False,,kohler-india-pricebook-2026-june,KOHLER India Price Book 2026 June Edition,2026,June Edition,38,catalogue,high,False,,unique,,clean
K-76601IN-7,Kankara™,Kankara™,kankara-vessel_basin,vessel_basin,bathroom,wash_basins,vessel_basin,563mm x 403mm vessel basin without faucet hole in black,,18200.0,INR,True,,,,black,,,,,,,,,,,,,,,not_specified,,,,,,,,,,,,,,,,,,,,,,,,,,,,,,,,,,,K-20746IN-CP/AF/RGD/BV/BL; K-75823IN-CP/AF/BV/RGD,,,,False,,,,False,,kohler-india-pricebook-2026-june,KOHLER India Price Book 2026 June Edition,2026,June Edition,38,catalogue,high,False,,unique,,clean
K-76601IN-K4,Kankara™,Kankara™,kankara-vessel_basin,vessel_basin,bathroom,wash_basins,vessel_basin,563mm x 403mm vessel basin without faucet hole in cashmere,,18200.0,INR,True,,,,cashmere,,,,,,,,,,,,,,,not_specified,,,,,,,,,,,,,,,,,,,,,,,,,,,,,,,,,,,K-24740IN-K4; K-75823IN-CP/AF/BV/RGD,,,,False,,,,False,,kohler-india-pricebook-2026-june,KOHLER India Price Book 2026 June Edition,2026,June Edition,38,catalogue,high,False,,unique,,clean
K-76601IN-0,Kankara™,Kankara™,kankara-vessel_basin,vessel_basin,bathroom,wash_basins,vessel_basin,563mm x 403mm vessel basin without faucet hole in white,,14500.0,INR,True,,,,white,,,,,,,,,,,,,,,not_specified,,,,,,,,,,,,,,,,,,,,,,,,,,,,,,,,,,,K-24740IN-0; K-75823IN-CP,,,,False,,,,False,,kohler-india-pricebook-2026-june,KOHLER India Price Book 2026 June Edition,2026,June Edition,38,catalogue,high,False,,unique,,clean
K-76600IN-0,Kankara™,Kankara™,kankara-vessel_basin,vessel_basin,bathroom,wash_basins,vessel_basin,569mm x 438mm vessel basin with single faucet hole in white,,14500.0,INR,True,,,,white,,,,,,,,,,,,,,,not_specified,,,,,,,,,,,,,,,,,,,,,,,,,,,,,,,,,,,K-24740IN-0; K-75823IN-NA,,,,False,,,,False,,kohler-india-pricebook-2026-june,KOHLER India Price Book 2026 June Edition,2026,June Edition,38,catalogue,high,False,,unique,,clean
K-14800X-0,Chalice Round™,Chalice Round™,chalice-round-vessel_basin,vessel_basin,bathroom,wash_basins,vessel_basin,420mm round vessel basin without faucet hole in white,,10500.0,INR,True,,,,white,,,,,,,,,,,,,,,not_specified,,,,,,,,,,,,,,,,,,,,,,,,,,,,,,,,,,,,,,,False,,,,False,,kohler-india-pricebook-2026-june,KOHLER India Price Book 2026 June Edition,2026,June Edition,38,catalogue,high,False,,unique,,clean
K-29024IN-1-0,Chalice Round™,Chalice Round™,chalice-round-vessel_basin,vessel_basin,bathroom,wash_basins,vessel_basin,470mm round vessel basin with single faucet hole in white,,10000.0,INR,True,,,,white,,,,,,,,,,,,,,,not_specified,,,,,,,,,,,,,,,,,,,,,,,,,,,,,,,,,,,K-75823IN-CP; K-20746IN-CP/24740IN-0,,,,False,,,,False,,kohler-india-pricebook-2026-june,KOHLER India Price Book 2026 June Edition,2026,June Edition,38,catalogue,high,False,,unique,,clean
K-38520IN-K4,APT™,APT™,apt-vessel_basin,vessel_basin,bathroom,wash_basins,vessel_basin,551mm x 411mm rectangular vessel basin without faucet hole in cashmere,,11500.0,INR,True,,,,cashmere,,,,,,,,,,,,,,,not_specified,,,,,,,,,,,,,,,,,,,,,,,,,,,,,,,,,,,K-75823IN-CP; K-20746IN-CP,,,,False,,,,False,,kohler-india-pricebook-2026-june,KOHLER India Price Book 2026 June Edition,2026,June Edition,38,catalogue,high,False,,unique,,clean
K-38520IN-7,APT™,APT™,apt-vessel_basin,vessel_basin,bathroom,wash_basins,vessel_basin,551mm x 411mm rectangular vessel basin without faucet hole in black,,11500.0,INR,True,,,,black,,,,,,,,,,,,,,,not_specified,,,,,,,,,,,,,,,,,,,,,,,,,,,,,,,,,,,K-75823IN-CP; K-20746IN-CP,,,,False,,,,False,,kohler-india-pricebook-2026-june,KOHLER India Price Book 2026 June Edition,2026,June Edition,39,catalogue,high,False,,unique,,clean
K-38520IN-0,APT™,APT™,apt-vessel_basin,vessel_basin,bathroom,wash_basins,vessel_basin,551mm x 411mm rectangular vessel basin without faucet hole in white,,9200.0,INR,True,,,,white,,,,,,,,,,,,,,,not_specified,,,,,,,,,,,,,,,,,,,,,,,,,,,,,,,,,,,K-75823IN-CP; K-20746IN-CP,,,,False,,,,False,,kohler-india-pricebook-2026-june,KOHLER India Price Book 2026 June Edition,2026,June Edition,39,catalogue,high,False,,unique,,clean
K-34251IN-0,APT™,APT™,apt-vessel_basin,vessel_basin,bathroom,wash_basins,vessel_basin,551mm x 462mm rectangular vessel basin with single faucet hole in white,,8200.0,INR,True,,,,white,,,,,,,,,,,,,,,not_specified,,,,,,,,,,,,,,,,,,,,,,,,,,,,,,,,,,,K-75823IN-CP; K-20746IN-CP,,,,False,,,,False,,kohler-india-pricebook-2026-june,KOHLER India Price Book 2026 June Edition,2026,June Edition,39,catalogue,high,False,,unique,,clean
K-25316IN-0,Span,Span,span-vessel_basin,vessel_basin,bathroom,wash_basins,vessel_basin,536mm x 457mm square vessel basin with single faucet hole in white,,9200.0,INR,True,,,,white,,,,,,,,,,,,,,,not_specified,,,,,,,,,,,,,,,,,,,,,,,,,,,,,,,,,,,K-20746IN-CP/K-24740IN-0,,,,False,,,,False,,kohler-india-pricebook-2026-june,KOHLER India Price Book 2026 June Edition,2026,June Edition,39,catalogue,high,False,,unique,,clean
K-31459IN-0,Span,Span,span-vessel_basin,vessel_basin,bathroom,wash_basins,vessel_basin,485mm x 344mm square vessel basin without faucet hole in white,,7000.0,INR,True,,,,white,,,,,,,,,,,,,,,not_specified,,,,,,,,,,,,,,,,,,,,,,,,,,,,,,,,,,,K-75823IN-CP; K-20746IN-CP/K-24740IN-0,,,,False,,,,False,,kohler-india-pricebook-2026-june,KOHLER India Price Book 2026 June Edition,2026,June Edition,39,catalogue,high,False,,unique,,clean
K-25318IN-0,Span,Span,span-vessel_basin,vessel_basin,bathroom,wash_basins,vessel_basin,472mm x 360mm round vessel basin with single faucet hole in white,,6000.0,INR,True,,,,white,,,,,,,,,,,,,,,not_specified,,,,,,,,,,,,,,,,,,,,,,,,,,,,,,,,,,,K-20746IN-CP/K-24740IN-0,,,,False,,,,False,,kohler-india-pricebook-2026-june,KOHLER India Price Book 2026 June Edition,2026,June Edition,39,catalogue,high,False,,unique,,clean
K-2200IN-7,Conical Bell™,Conical Bell™,conical-bell-vessel_basin,vessel_basin,bathroom,wash_basins,vessel_basin,413mm round vessel basin without faucet hole in black,,10000.0,INR,True,,,,black,,,,,,,,,,,,,,,not_specified,,,,,,,,,,,,,,,,,,,,,,,,,,,,,,,,,,,K-75823IN-CP/AF/BV/RGD; K-20746IN-CP/24740IN-7,,,,False,,,,False,,kohler-india-pricebook-2026-june,KOHLER India Price Book 2026 June Edition,2026,June Edition,39,catalogue,high,False,,unique,,clean
K-2200IN-K4,Conical Bell™,Conical Bell™,conical-bell-vessel_basin,vessel_basin,bathroom,wash_basins,vessel_basin,413mm round vessel basin without faucet hole in cashmere,,10000.0,INR,True,,,,cashmere,,,,,,,,,,,,,,,not_specified,,,,,,,,,,,,,,,,,,,,,,,,,,,,,,,,,,,K-75823IN-CP/AF/BN/BV/RGD; K-20746IN-CP/K-24740IN-K4,,,,False,,,,False,,kohler-india-pricebook-2026-june,KOHLER India Price Book 2026 June Edition,2026,June Edition,39,catalogue,high,False,,unique,,clean
K-2200IN-0,Conical Bell™,Conical Bell™,conical-bell-vessel_basin,vessel_basin,bathroom,wash_basins,vessel_basin,413mm round vessel basin without faucet hole in white,,8000.0,INR,True,,,,white,,,,,,,,,,,,,,,not_specified,,,,,,,,,,,,,,,,,,,,,,,,,,,,,,,,,,,K-75823IN-CP; K-20746IN-CP/K-24740IN-0,,,,False,,,,False,,kohler-india-pricebook-2026-june,KOHLER India Price Book 2026 June Edition,2026,June Edition,39,catalogue,high,False,,unique,,clean
K-11479IN-VC1-0,Forefront™,Forefront™,,,bathroom,wash_basins,,581mm x 464mm rectangular semi recessed basin with single faucet hole in white,,21500.0,INR,True,,,,white,,,,,,,,,,,,,,,not_specified,,,,,,,,,,,,,,,,,,,,,,,,,,,,,,,,,,,K-75823IN-CP; K-20746IN-CP,,,,False,,,,False,,kohler-india-pricebook-2026-june,KOHLER India Price Book 2026 June Edition,2026,June Edition,39,catalogue,high,False,,unique,,clean
K-98930X-1-0,Forefront™,Forefront™,,,bathroom,wash_basins,,429mm x 467mm square semi recessed basin with single faucet hole in white,,14500.0,INR,True,,,,white,,,,,,,,,,,,,,,not_specified,,,,,,,,,,,,,,,,,,,,,,,,,,,,,,,,,,,K-45432IN-CP,,,,False,,,,False,,kohler-india-pricebook-2026-june,KOHLER India Price Book 2026 June Edition,2026,June Edition,39,catalogue,high,False,,unique,,clean
K-20701-0,Veil™,Veil™,veil-pedestal_basin,pedestal_basin,bathroom,wash_basins,pedestal_basin,406mm x 406mm x 916mm round pedestal basin without faucet hole in white,,128000.0,INR,True,,,,white,,,,,,,,,,,,,,,not_specified,,,,,,,,,,,,,,,,,,,,,,,,,,,,,,,,,,,K-7120IN-CP/K-75823IN-CP/K-1286731,,,,False,,,,False,,kohler-india-pricebook-2026-june,KOHLER India Price Book 2026 June Edition,2026,June Edition,41,catalogue,high,False,,unique,,clean
K-30520IN-0/K-8705IN-0,Trace™,Trace™,trace-wall_mount_basin,wall_mount_basin,bathroom,wash_basins,wall_mount_basin,550 x 405 x 835mm full pedestal wall mount basin with single faucet hole in white,,13100.0,INR,True,,,,white,,,,,,,,,,,,,,,not_specified,,,,,,,,,,,,,,,,,,,,,,,,,,,,,,,,,,,K-45432IN-CP,,,,False,,,,False,,kohler-india-pricebook-2026-june,KOHLER India Price Book 2026 June Edition,2026,June Edition,41,catalogue,high,False,,valid_composite_printed_code,,clean
K-8700IN-1-0,BrivePlus™,BrivePlus™,briveplus-pedestal_basin,pedestal_basin,bathroom,wash_basins,pedestal_basin,540mm x 464mm x 864mm round pedestal basin without faucet hole in white,,7400.0,INR,True,,,,white,,,,,,,,,,,,,,,not_specified,,,,,,,,,,,,,,,,,,,,,,,,,,,,,,,,,,,K-45432IN-CP,,,,False,,,,False,,kohler-india-pricebook-2026-june,KOHLER India Price Book 2026 June Edition,2026,June Edition,41,catalogue,high,False,,unique,,clean
K-30520IN-0/K-5584IN-0,Trace,Trace,trace-wall_mount_basin,wall_mount_basin,bathroom,wash_basins,wall_mount_basin,550 x 405 x 402mm half pedestal wall mount basin with single faucet hole in white,,12400.0,INR,True,,,,white,,,,,,,,,,,,,,,not_specified,,,,,,,,,,,,,,,,,,,,,,,,,,,,,,,,,,,K-45432IN-CP,,,,False,,,,False,,kohler-india-pricebook-2026-june,KOHLER India Price Book 2026 June Edition,2026,June Edition,41,catalogue,high,False,,valid_composite_printed_code,,clean
K-24558IN-0,Span,Span,,,bathroom,wash_basins,,545mm x 489mm square wall mount lavatory with half pedestal,,9100.0,INR,True,,,,,,,,,,,,,,,,,,,not_specified,,,,,,,,,,,,,,,,,,,,,,,,,,,,,,,,,,,K-45432IN-CP,,,,False,,,,False,,kohler-india-pricebook-2026-june,KOHLER India Price Book 2026 June Edition,2026,June Edition,41,catalogue,high,False,,unique,,clean
K-24563IN-0,Span,Span,,,bathroom,wash_basins,,484mm x 459mm square wall mount lavatory with half pedestal,,8100.0,INR,True,,,,,,,,,,,,,,,,,,,not_specified,,,,,,,,,,,,,,,,,,,,,,,,,,,,,,,,,,,K-45432IN-CP,,,,False,,,,False,,kohler-india-pricebook-2026-june,KOHLER India Price Book 2026 June Edition,2026,June Edition,41,catalogue,high,False,,unique,,clean
K-24560IN-0,Span,Span,,,bathroom,wash_basins,,482mm x 466mm round wall mount lavatory with half pedestal,,8100.0,INR,True,,,,,,,,,,,,,,,,,,,not_specified,,,,,,,,,,,,,,,,,,,,,,,,,,,,,,,,,,,K-45432IN-CP,,,,False,,,,False,,kohler-india-pricebook-2026-june,KOHLER India Price Book 2026 June Edition,2026,June Edition,41,catalogue,high,False,,unique,,clean
K-11341IN-1-0,Folio,Folio,,,bathroom,wash_basins,,482mm x 466mm round wall mount lavatory with half pedestal,,7600.0,INR,True,,,,,,,,,,,,,,,,,,,not_specified,,,,,,,,,,,,,,,,,,,,,,,,,,,,,,,,,,,,,,,False,,,,False,,kohler-india-pricebook-2026-june,KOHLER India Price Book 2026 June Edition,2026,June Edition,42,catalogue,medium,False,,unique,,clean
K-96051IN-0,BrivePlus™,BrivePlus™,,,bathroom,wash_basins,,540 x 464 x 420mm half pedestal lavatory with single faucet hole in white,,6700.0,INR,True,,,,white,,,,,,,,,,,,,,,not_specified,,,,,,,,,,,,,,,,,,,,,,,,,,,,,,,,,,,K-45432IN-CP,,,,False,,,,False,,kohler-india-pricebook-2026-june,KOHLER India Price Book 2026 June Edition,2026,June Edition,42,catalogue,medium,False,,unique,,clean
K-2241IN-1-0,Memoirs™,Memoirs™,,,bathroom,wash_basins,,578mm x 460mm rectangular self- rimming basin in white,,15000.0,INR,True,,,,white,,,,,,,,,,,,,,,not_specified,,,,,,,,,,,,,,,,,,,,,,,,,,,,,,,,,,,K-45432IN-CP,,,,False,,,,False,,kohler-india-pricebook-2026-june,KOHLER India Price Book 2026 June Edition,2026,June Edition,42,catalogue,medium,False,,unique,,clean
K-2075IN-1-0,Serif™,Serif™,,,bathroom,wash_basins,,564mm x 414mm oval self- rimming basin in white,,5600.0,INR,True,,,,white,,,,,,,,,,,,,,,not_specified,,,,,,,,,,,,,,,,,,,,,,,,,,,,,,,,,,,K-45432IN-CP,,,,False,,,,False,,kohler-india-pricebook-2026-june,KOHLER India Price Book 2026 June Edition,2026,June Edition,42,catalogue,medium,False,,unique,,clean
K-2215IN-2-7,Ladena™,Ladena™,,,bathroom,wash_basins,,581mm x 402mm rectangular undercounter basin in black,,12500.0,INR,True,,,,black,,,,,,,,,,,,,,,not_specified,,,,,,,,,,,,,,,,,,,,,,,,,,,,,,,,,,,K-45432IN-CP,,,,False,,,,False,,kohler-india-pricebook-2026-june,KOHLER India Price Book 2026 June Edition,2026,June Edition,42,catalogue,medium,False,,unique,,clean
K-2215IN-2-0,Ladena™,Ladena™,,,bathroom,wash_basins,,581mm x 402mm rectangular undercounter basin in white,,10000.0,INR,True,,,,white,,,,,,,,,,,,,,,not_specified,,,,,,,,,,,,,,,,,,,,,,,,,,,,,,,,,,,K-45432IN-CP,,,,False,,,,False,,kohler-india-pricebook-2026-june,KOHLER India Price Book 2026 June Edition,2026,June Edition,42,catalogue,medium,False,,unique,,clean
K-2214IN-0,Ladena™,Ladena™,,,bathroom,wash_basins,,529mm x 367mm rectangular undercounter basin in white,,9500.0,INR,True,,,,white,,,,,,,,,,,,,,,not_specified,,,,,,,,,,,,,,,,,,,,,,,,,,,,,,,,,,,K-45432IN-CP,,,,False,,,,False,,kohler-india-pricebook-2026-june,KOHLER India Price Book 2026 June Edition,2026,June Edition,42,catalogue,medium,False,,unique,,clean
K-2883IN-0,Verticyl™,Verticyl™,,,bathroom,wash_basins,,400mm round undercounter basin in white,,9000.0,INR,True,,,,white,,,,,,,,,,,,,,,not_specified,,,,,,,,,,,,,,,,,,,,,,,,,,,,,,,,,,,K-45432IN-CP,,,,False,,,,False,,kohler-india-pricebook-2026-june,KOHLER India Price Book 2026 June Edition,2026,June Edition,42,catalogue,medium,False,,unique,,clean
K-2211IN-0,Caxton™,Caxton™,,,bathroom,wash_basins,,535mm x 438mm undercounter basin in white,,5400.0,INR,True,,,,white,,,,,,,,,,,,,,,not_specified,,,,,,,,,,,,,,,,,,,,,,,,,,,,,,,,,,,K-45432IN-CP,,,,False,,,,False,,kohler-india-pricebook-2026-june,KOHLER India Price Book 2026 June Edition,2026,June Edition,42,catalogue,medium,False,,unique,,clean
K-2210IN-0,Caxton™,Caxton™,,,bathroom,wash_basins,,492mm x 411mm undercounter basin in white,,4300.0,INR,True,,,,white,,,,,,,,,,,,,,,not_specified,,,,,,,,,,,,,,,,,,,,,,,,,,,,,,,,,,,K-45432IN-CP,,,,False,,,,False,,kohler-india-pricebook-2026-june,KOHLER India Price Book 2026 June Edition,2026,June Edition,42,catalogue,medium,False,,unique,,clean
K-30520IN-0,Trace,Trace,trace-wall_mount_basin,wall_mount_basin,bathroom,wash_basins,wall_mount_basin,550mm x 400mm rectangular wall mount basin with single faucet hole,,10500.0,INR,True,,,,,,,,,,,,,,,,,,,not_specified,,,,,,,,,,,,,,,,,,,,,,,,,,,,,,,,,,,K-45432IN-CP,,,,False,,,,False,,kohler-india-pricebook-2026-june,KOHLER India Price Book 2026 June Edition,2026,June Edition,43,catalogue,high,False,,unique,,clean
K-34229IN-0,APT™,APT™,apt-wall_mount_basin,wall_mount_basin,bathroom,wash_basins,wall_mount_basin,551mm x 462mm rectangular wall mount basin with single faucet hole,,7500.0,INR,True,,,,,,,,,,,,,,,,,,,not_specified,,,,,,,,,,,,,,,,,,,,,,,,,,,,,,,,,,,K-75823IN-CP; K-20746IN-CP,,,,False,,,,False,,kohler-india-pricebook-2026-june,KOHLER India Price Book 2026 June Edition,2026,June Edition,43,catalogue,high,False,,unique,,clean
K-25317IN-0,Span,Span,span-wall_mount_basin,wall_mount_basin,bathroom,wash_basins,wall_mount_basin,545mm x 489mm rectangular wall mount basin with single faucet hole,,7000.0,INR,True,,,,,,,,,,,,,,,,,,,not_specified,,,,,,,,,,,,,,,,,,,,,,,,,,,,,,,,,,,K-45432IN-CP,,,,False,,,,False,,kohler-india-pricebook-2026-june,KOHLER India Price Book 2026 June Edition,2026,June Edition,43,catalogue,high,False,,unique,,clean
K-31461IN-0,Span,Span,,,bathroom,wash_basins,,570mm x 487mm wall mount corner basin with single faucet hole,,6000.0,INR,True,,,,,,,,,,,,,,,,,,,not_specified,,,,,,,,,,,,,,,,,,,,,,,,,,,,,,,,,,,K-45432IN-CP,,,,False,,,,False,,kohler-india-pricebook-2026-june,KOHLER India Price Book 2026 June Edition,2026,June Edition,43,catalogue,high,False,,unique,,clean
K-31460IN-0,Span,Span,span-wall_mount_basin,wall_mount_basin,bathroom,wash_basins,wall_mount_basin,418mm x 500mm rectangular wall mount basin with single faucet hole,,6000.0,INR,True,,,,,,,,,,,,,,,,,,,not_specified,,,,,,,,,,,,,,,,,,,,,,,,,,,,,,,,,,,K-45432IN-CP,,,,False,,,,False,,kohler-india-pricebook-2026-june,KOHLER India Price Book 2026 June Edition,2026,June Edition,43,catalogue,high,False,,unique,,clean
K-31458IN-0,Span,Span,span-wall_mount_basin,wall_mount_basin,bathroom,wash_basins,wall_mount_basin,483mm x 465mm oval wall mount basin with single faucet hole,,6000.0,INR,True,,,,,,,,,,,,,,,,,,,not_specified,,,,,,,,,,,,,,,,,,,,,,,,,,,,,,,,,,,K-45432IN-CP,,,,False,,,,False,,kohler-india-pricebook-2026-june,KOHLER India Price Book 2026 June Edition,2026,June Edition,43,catalogue,high,False,,unique,,clean
K-2018IN-1WH-0,Folio,Folio,folio-wall_mount_basin,wall_mount_basin,bathroom,wash_basins,wall_mount_basin,611mm x 479mm oval wall mount basin with single faucet hole,,5500.0,INR,True,,,,,,,,,,,,,,,,,,,not_specified,,,,,,,,,,,,,,,,,,,,,,,,,,,,,,,,,,,K-45432IN-CP,,,,False,,,,False,,kohler-india-pricebook-2026-june,KOHLER India Price Book 2026 June Edition,2026,June Edition,43,catalogue,high,False,,unique,,clean
K-8703IN-1WH-0,BrivePlus™,BrivePlus™,briveplus-wall_mount_basin,wall_mount_basin,bathroom,wash_basins,wall_mount_basin,540mm x 464mm oval wall mount basin with single faucet hole,,4800.0,INR,True,,,,,,,,,,,,,,,,,,,not_specified,,,,,,,,,,,,,,,,,,,,,,,,,,,,,,,,,,,K-45432IN-CP,,,,False,,,,False,,kohler-india-pricebook-2026-june,KOHLER India Price Book 2026 June Edition,2026,June Edition,43,catalogue,high,False,,unique,,clean
K-5583IN-1WH-0,BrivePlus™,BrivePlus™,briveplus-wall_mount_basin,wall_mount_basin,bathroom,wash_basins,wall_mount_basin,448mm x 413mm oval wall mount basin with single faucet hole,,4200.0,INR,True,,,,,,,,,,,,,,,,,,,not_specified,,,,,,,,,,,,,,,,,,,,,,,,,,,,,,,,,,,K-45432IN-CP,,,,False,,,,False,,kohler-india-pricebook-2026-june,KOHLER India Price Book 2026 June Edition,2026,June Edition,43,catalogue,high,False,,unique,,clean
K-97347IN-4-CP,,,,basin_faucet,bathroom,faucets,basin_faucet,FAUCETS Avid™ Single-control tall basin faucet with drain in polished chrome,,72200.0,INR,True,,CP,polished chrome,,,,,,,,,,,,,,,,not_specified,,,,,,,,,,,,,,,,,,,,,,,,,,,,,,,,,,,,,,,False,,,,False,,kohler-india-pricebook-2026-june,KOHLER India Price Book 2026 June Edition,2026,June Edition,46,catalogue,high,False,,unique,,clean
K-97358IN-4ND-CP,,,,wall_mount_basin,bathroom,faucets,wall_mount_basin,Single-control wall mount basin faucet trim + valve in polished chrome,,72200.0,INR,True,,CP,polished chrome,,,,,,,,,,,,,,,,not_specified,,,,,,,,,,,,,,,,,,,,,,,,,,,,,,,,,,,,,,,False,,,,False,,kohler-india-pricebook-2026-june,KOHLER India Price Book 2026 June Edition,2026,June Edition,46,catalogue,high,False,,unique,,clean
K-97345IN-4-CP,,,,basin_faucet,bathroom,faucets,basin_faucet,Single-control basin faucet with drain in polished chrome,,57800.0,INR,True,,CP,polished chrome,,,,,,,,,,,,,,,,not_specified,,,,,,,,,,,,,,,,,,,,,,,,,,,,,,,,,,,,,,,False,,,,False,,kohler-india-pricebook-2026-june,KOHLER India Price Book 2026 June Edition,2026,June Edition,46,catalogue,high,False,,unique,,clean
K-73159IN-7-CP,,,,basin_faucet,bathroom,faucets,basin_faucet,Composed™ Single-control tall basin faucet with drain in polished chrome,,57800.0,INR,True,,CP,polished chrome,,,,,,,,,,,,,,,,not_specified,,,,,,,,,,,,,,,,,,,,,,,,,,,,,,,,,,,,,,,False,,,,False,,kohler-india-pricebook-2026-june,KOHLER India Price Book 2026 June Edition,2026,June Edition,46,catalogue,high,False,,unique,,clean
K-73061IN-4ND-CP,,,,wall_mount_basin,bathroom,faucets,wall_mount_basin,Single-control wall mount basin faucet trim + valve in polished chrome,,57800.0,INR,True,,CP,polished chrome,,,,,,,,,,,,,,,,not_specified,,,,,,,,,,,,,,,,,,,,,,,,,,,,,,,,,,,,,,,False,,,,False,,kohler-india-pricebook-2026-june,KOHLER India Price Book 2026 June Edition,2026,June Edition,46,catalogue,high,False,,unique,,clean
K-73050IN-7-CP,,,,basin_faucet,bathroom,faucets,basin_faucet,Single-control basin faucet with drain in polished chrome,,52500.0,INR,True,,CP,polished chrome,,,,,,,,,,,,,,,,not_specified,,,,,,,,,,,,,,,,,,,,,,,,,,,,,,,,,,,,,,,False,,,,False,,kohler-india-pricebook-2026-june,KOHLER India Price Book 2026 June Edition,2026,June Edition,46,catalogue,high,False,,unique,,clean
K-25758IN-4ND-CP,,,,basin_faucet,bathroom,faucets,basin_faucet,ModernLife Edge™ Single-control tall basin faucet without drain in polished chrome,,33100.0,INR,True,,CP,polished chrome,,,,,,,,,,,,,,,,not_specified,,,,,,,,,,,,,,,,,,,,,,,,,,,,,,,,,,,,,,,False,,,,False,,kohler-india-pricebook-2026-june,KOHLER India Price Book 2026 June Edition,2026,June Edition,46,catalogue,high,False,,unique,,clean
K-25759IN-4ND-CP,,,,wall_mount_basin,bathroom,faucets,wall_mount_basin,Single-control wall mount basin faucet trim in polished chrome,,28000.0,INR,True,,CP,polished chrome,,,,,,,,,,,,,,,,not_specified,,,,,,,,,,,,,,,,,,,,,,,,,,,,,,,,,,,K-5679IN-NA,,,,False,,,,False,,kohler-india-pricebook-2026-june,KOHLER India Price Book 2026 June Edition,2026,June Edition,46,catalogue,high,False,,unique,,clean
K-25757IN-4ND-CP,,,,basin_faucet,bathroom,faucets,basin_faucet,Single-control basin faucet without drain in polished chrome,,26500.0,INR,True,,CP,polished chrome,,,,,,,,,,,,,,,,not_specified,,,,,,,,,,,,,,,,,,,,,,,,,,,,,,,,,,,,,,,False,,,,False,,kohler-india-pricebook-2026-june,KOHLER India Price Book 2026 June Edition,2026,June Edition,46,catalogue,high,False,,unique,,clean
K-25761IN-9-CP,,,,shower_trim,bathroom,faucets,shower_trim,Thermostatic recessed bath and shower Autosense 235+ trim in polished chrome,,18000.0,INR,True,,CP,polished chrome,,,,,,,,,,,,,,,,not_specified,,,,,,,,,,,,,,,,,,,,,,,,,,,,,,,,,,,K-20740IN-A-NA,,,,False,,,,False,,kohler-india-pricebook-2026-june,KOHLER India Price Book 2026 June Edition,2026,June Edition,46,catalogue,high,False,,repeated_same_sku,K-25761IN-9-CP,clean
K-25764IN-CP,,,,bath_spout,bathroom,faucets,bath_spout,Bath spout with diverter in polished chrome,,11000.0,INR,True,,CP,polished chrome,,,,,,,,,,,,,,,,not_specified,,,,,,,,,,,,,,,,,,,,,,,,,,,,,,,,,,,,,,,False,,,,False,,kohler-india-pricebook-2026-june,KOHLER India Price Book 2026 June Edition,2026,June Edition,46,catalogue,high,False,,repeated_same_sku,K-25764IN-CP,clean
K-25765IN-CP,,,,bath_spout,bathroom,faucets,bath_spout,Bath spout without diverter in polished chrome,,9500.0,INR,True,,CP,polished chrome,,,,,,,,,,,,,,,,not_specified,,,,,,,,,,,,,,,,,,,,,,,,,,,,,,,,,,,,,,,False,,,,False,,kohler-india-pricebook-2026-june,KOHLER India Price Book 2026 June Edition,2026,June Edition,46,catalogue,high,False,,repeated_same_sku,K-25765IN-CP,clean
K-28514IN-ND-CP,,,,,bathroom,faucets,,Evoke™ Touchless Touchless single control tall basin mixer faucet without drain in polished chrome,,27000.0,INR,True,,CP,polished chrome,,,,,,,,,,,,,,,,not_specified,,,,,,,,,,,,,,,,,,,,,,,,,,,,,,,,,,,,,,,False,,,,False,,kohler-india-pricebook-2026-june,KOHLER India Price Book 2026 June Edition,2026,June Edition,47,catalogue,high,False,,repeated_same_sku,K-28514IN-ND-CP,clean
K-28513IN-ND-CP,,,,,bathroom,faucets,,Touchless single control basin mixer faucet without drain in polished chrome,,20600.0,INR,True,,CP,polished chrome,,,,,,,,,,,,,,,,not_specified,,,,,,,,,,,,,,,,,,,,,,,,,,,,,,,,,,,,,,,False,,,,False,,kohler-india-pricebook-2026-june,KOHLER India Price Book 2026 June Edition,2026,June Edition,47,catalogue,high,False,,repeated_same_sku,K-28513IN-ND-CP,clean
K-23475IN-4ND-CP,,,,basin_faucet,bathroom,faucets,basin_faucet,Parallel Single-control tall basin faucet without drain in polished chrome,,21850.0,INR,True,,CP,polished chrome,,,,,,,,,,,,,,,,not_specified,,,,,,,,,,,,,,,,,,,,,,,,,,,,,,,,,,,,,,,False,,,,False,,kohler-india-pricebook-2026-june,KOHLER India Price Book 2026 June Edition,2026,June Edition,47,catalogue,high,False,,unique,,clean
K-23472IN-4ND-CP,,,,basin_faucet,bathroom,faucets,basin_faucet,Single-control basin faucet without drain in polished chrome,,17450.0,INR,True,,CP,polished chrome,,,,,,,,,,,,,,,,not_specified,,,,,,,,,,,,,,,,,,,,,,,,,,,,,,,,,,,,,,,False,,,,False,,kohler-india-pricebook-2026-june,KOHLER India Price Book 2026 June Edition,2026,June Edition,47,catalogue,high,False,,unique,,clean
K-23483IN-4-CP,,,,pillar_tap,bathroom,faucets,pillar_tap,Tall pillar tap in polished chrome,,10530.0,INR,True,,CP,polished chrome,,,,,,,,,,,,,,,,not_specified,,,,,,,,,,,,,,,,,,,,,,,,,,,,,,,,,,,,,,,False,,,,False,,kohler-india-pricebook-2026-june,KOHLER India Price Book 2026 June Edition,2026,June Edition,47,catalogue,high,False,,unique,,clean
K-23482IN-4-CP,,,,pillar_tap,bathroom,faucets,pillar_tap,Pillar tap in polished chrome,,8420.0,INR,True,,CP,polished chrome,,,,,,,,,,,,,,,,not_specified,,,,,,,,,,,,,,,,,,,,,,,,,,,,,,,,,,,,,,,False,,,,False,,kohler-india-pricebook-2026-june,KOHLER India Price Book 2026 June Edition,2026,June Edition,47,catalogue,high,False,,unique,,clean
K-23486IN-4ND-CP,,,,wall_mount_basin,bathroom,faucets,wall_mount_basin,Single-control wall mount basin faucet trim in polished chrome,,16800.0,INR,True,,CP,polished chrome,,,,,,,,,,,,,,,,not_specified,,,,,,,,,,,,,,,,,,,,,,,,,,,,,,,,,,,K-5679IN-NA,,,,False,,,,False,,kohler-india-pricebook-2026-june,KOHLER India Price Book 2026 June Edition,2026,June Edition,47,catalogue,high,False,,unique,,clean
K-23497IN-4-CP,,,,,bathroom,faucets,,trim in polished chrome,,15800.0,INR,True,,CP,polished chrome,,,,,,,,,,,,,,,,not_specified,,,,,,,,,,,,,,,,,,,,,,,,,,,,,,,,,,,K-99924IN-CP,,,,False,,,,False,,kohler-india-pricebook-2026-june,KOHLER India Price Book 2026 June Edition,2026,June Edition,47,catalogue,high,False,,unique,,clean
K-23496IN-4-CP,,,,shower_trim,bathroom,faucets,shower_trim,Recessed bath and shower AT 235 trim in polished chrome,,10700.0,INR,True,,CP,polished chrome,,,,,,,,,,,,,,,,not_specified,,,,,,,,,,,,,,,,,,,,,,,,,,,,,,,,,,,K-882IN-NA,,,,False,,,,False,,kohler-india-pricebook-2026-june,KOHLER India Price Book 2026 June Edition,2026,June Edition,47,catalogue,high,False,,unique,,clean
K-23511IN-CP,,,,bath_spout,bathroom,faucets,bath_spout,Bath spout with diverter in polished chrome,,8850.0,INR,True,,CP,polished chrome,,,,,,,,,,,,,,,,not_specified,,,,,,,,,,,,,,,,,,,,,,,,,,,,,,,,,,,,,,,False,,,,False,,kohler-india-pricebook-2026-june,KOHLER India Price Book 2026 June Edition,2026,June Edition,47,catalogue,high,False,,repeated_same_sku,K-23511IN-CP,clean
K-23512IN-CP,,,,bath_spout,bathroom,faucets,bath_spout,Bath spout without diverter in polished chrome,,7700.0,INR,True,,CP,polished chrome,,,,,,,,,,,,,,,,not_specified,,,,,,,,,,,,,,,,,,,,,,,,,,,,,,,,,,,,,,,False,,,,False,,kohler-india-pricebook-2026-june,KOHLER India Price Book 2026 June Edition,2026,June Edition,47,catalogue,high,False,,repeated_same_sku,K-23512IN-CP,clean
K-72337IN-4ND-CP,,,,basin_faucet,bathroom,faucets,basin_faucet,Aleo+™ Single-control tall basin faucet without drain in polished chrome,,18850.0,INR,True,,CP,polished chrome,,,,,,,,,,,,,,,,not_specified,,,,,,,,,,,,,,,,,,,,,,,,,,,,,,,,,,,,,,,False,,,,False,,kohler-india-pricebook-2026-june,KOHLER India Price Book 2026 June Edition,2026,June Edition,47,catalogue,high,False,,unique,,clean
K-72312IN-4ND-CP,,,,basin_faucet,bathroom,faucets,basin_faucet,Single-control basin faucet without drain in polished chrome,,15100.0,INR,True,,CP,polished chrome,,,,,,,,,,,,,,,,not_specified,,,,,,,,,,,,,,,,,,,,,,,,,,,,,,,,,,,,,,,False,,,,False,,kohler-india-pricebook-2026-june,KOHLER India Price Book 2026 June Edition,2026,June Edition,47,catalogue,high,False,,unique,,clean
K-20071IN-4-CP,,,,pillar_tap,bathroom,faucets,pillar_tap,Tall pillar tap in polished chrome,,8180.0,INR,True,,CP,polished chrome,,,,,,,,,,,,,,,,not_specified,,,,,,,,,,,,,,,,,,,,,,,,,,,,,,,,,,,,,,,False,,,,False,,kohler-india-pricebook-2026-june,KOHLER India Price Book 2026 June Edition,2026,June Edition,48,catalogue,high,False,,unique,,clean
K-72326IN-4-CP,,,,pillar_tap,bathroom,faucets,pillar_tap,Pillar tap in polished chrome,,7440.0,INR,True,,CP,polished chrome,,,,,,,,,,,,,,,,not_specified,,,,,,,,,,,,,,,,,,,,,,,,,,,,,,,,,,,,,,,False,,,,False,,kohler-india-pricebook-2026-june,KOHLER India Price Book 2026 June Edition,2026,June Edition,48,catalogue,high,False,,unique,,clean
K-5684IN-4ND-CP,,,,wall_mount_basin,bathroom,faucets,wall_mount_basin,Single-control wall mount basin faucet trim in polished chrome,,14050.0,INR,True,,CP,polished chrome,,,,,,,,,,,,,,,,not_specified,,,,,,,,,,,,,,,,,,,,,,,,,,,,,,,,,,,K-5679IN-NA,,,,False,,,,False,,kohler-india-pricebook-2026-june,KOHLER India Price Book 2026 June Edition,2026,June Edition,48,catalogue,high,False,,unique,,clean
K-77311IN-4FP-CP,,,,,bathroom,faucets,,trim in polished chrome,,15800.0,INR,True,,CP,polished chrome,,,,,,,,,,,,,,,,not_specified,,,,,,,,,,,,,,,,,,,,,,,,,,,,,,,,,,,K-99924IN-CP,,,,False,,,,False,,kohler-india-pricebook-2026-june,KOHLER India Price Book 2026 June Edition,2026,June Edition,48,catalogue,high,False,,unique,,clean
K-72328IN-4FP-CP,,,,shower_trim,bathroom,faucets,shower_trim,Recessed bath and shower AT 235 trim in polished chrome,,9450.0,INR,True,,CP,polished chrome,,,,,,,,,,,,,,,,not_specified,,,,,,,,,,,,,,,,,,,,,,,,,,,,,,,,,,,K-882IN-NA,,,,False,,,,False,,kohler-india-pricebook-2026-june,KOHLER India Price Book 2026 June Edition,2026,June Edition,48,catalogue,high,False,,unique,,clean
K-72298IN-4ND-CP,,,,basin_faucet,bathroom,faucets,basin_faucet,Aleo™ Single-control tall basin faucet without drain in polished chrome,,16900.0,INR,True,,CP,polished chrome,,,,,,,,,,,,,,,,not_specified,,,,,,,,,,,,,,,,,,,,,,,,,,,,,,,,,,,,,,,False,,,,False,,kohler-india-pricebook-2026-june,KOHLER India Price Book 2026 June Edition,2026,June Edition,48,catalogue,high,False,,unique,,clean
K-72275IN-4ND-CP,,,,basin_faucet,bathroom,faucets,basin_faucet,Single-control basin faucet without drain in polished chrome,,13500.0,INR,True,,CP,polished chrome,,,,,,,,,,,,,,,,not_specified,,,,,,,,,,,,,,,,,,,,,,,,,,,,,,,,,,,,,,,False,,,,False,,kohler-india-pricebook-2026-june,KOHLER India Price Book 2026 June Edition,2026,June Edition,48,catalogue,high,False,,unique,,clean
K-20070IN-4-CP,,,,pillar_tap,bathroom,faucets,pillar_tap,Tall pillar tap in polished chrome,,7200.0,INR,True,,CP,polished chrome,,,,,,,,,,,,,,,,not_specified,,,,,,,,,,,,,,,,,,,,,,,,,,,,,,,,,,,,,,,False,,,,False,,kohler-india-pricebook-2026-june,KOHLER India Price Book 2026 June Edition,2026,June Edition,48,catalogue,high,False,,unique,,clean
K-72288IN-4-CP,,,,pillar_tap,bathroom,faucets,pillar_tap,Pillar tap in polished chrome,,6540.0,INR,True,,CP,polished chrome,,,,,,,,,,,,,,,,not_specified,,,,,,,,,,,,,,,,,,,,,,,,,,,,,,,,,,,,,,,False,,,,False,,kohler-india-pricebook-2026-june,KOHLER India Price Book 2026 June Edition,2026,June Edition,48,catalogue,high,False,,unique,,clean
K-5683IN-4ND-CP,,,,wall_mount_basin,bathroom,faucets,wall_mount_basin,Single-control wall mount basin faucet trim in polished chrome,,12100.0,INR,True,,CP,polished chrome,,,,,,,,,,,,,,,,not_specified,,,,,,,,,,,,,,,,,,,,,,,,,,,,,,,,,,,K-5679IN-NA,,,,False,,,,False,,kohler-india-pricebook-2026-june,KOHLER India Price Book 2026 June Edition,2026,June Edition,48,catalogue,high,False,,unique,,clean
K-77310IN-4FP-CP,,,,,bathroom,faucets,,trim in polished chrome,,14750.0,INR,True,,CP,polished chrome,,,,,,,,,,,,,,,,not_specified,,,,,,,,,,,,,,,,,,,,,,,,,,,,,,,,,,,K-99924IN-CP,,,,False,,,,False,,kohler-india-pricebook-2026-june,KOHLER India Price Book 2026 June Edition,2026,June Edition,48,catalogue,high,False,,unique,,clean
K-72290IN-4FP-CP,,,,shower_trim,bathroom,faucets,shower_trim,Recessed bath and shower AT 235 trim in polished chrome,,8050.0,INR,True,,CP,polished chrome,,,,,,,,,,,,,,,,not_specified,,,,,,,,,,,,,,,,,,,,,,,,,,,,,,,,,,,K-882IN-NA,,,,False,,,,False,,kohler-india-pricebook-2026-june,KOHLER India Price Book 2026 June Edition,2026,June Edition,48,catalogue,high,False,,unique,,clean
K-20077IN-CP,,,,bath_spout,bathroom,faucets,bath_spout,Bath spout with diverter in polished chrome,,6850.0,INR,True,,CP,polished chrome,,,,,,,,,,,,,,,,not_specified,,,,,,,,,,,,,,,,,,,,,,,,,,,,,,,,,,,,,,,False,,,,False,,kohler-india-pricebook-2026-june,KOHLER India Price Book 2026 June Edition,2026,June Edition,48,catalogue,high,False,,repeated_same_sku,K-20077IN-CP,clean
K-99061IN-CP,,,,bath_spout,bathroom,faucets,bath_spout,Bath spout without diverter in polished chrome,,5300.0,INR,True,,CP,polished chrome,,,,,,,,,,,,,,,,not_specified,,,,,,,,,,,,,,,,,,,,,,,,,,,,,,,,,,,,,,,False,,,,False,,kohler-india-pricebook-2026-june,KOHLER India Price Book 2026 June Edition,2026,June Edition,48,catalogue,high,False,,repeated_same_sku,K-99061IN-CP,clean
K-38894IN-4ND-CP,,,,basin_faucet,bathroom,faucets,basin_faucet,Fluence+™ Single-control tall basin faucet without drain in polished chrome,,16100.0,INR,True,,CP,polished chrome,,,,,,,,,,,,,,,,not_specified,,,,,,,,,,,,,,,,,,,,,,,,,,,,,,,,,,,,,,,False,,,,False,,kohler-india-pricebook-2026-june,KOHLER India Price Book 2026 June Edition,2026,June Edition,49,catalogue,high,False,,unique,,clean
K-38893IN-4ND-CP,,,,basin_faucet,bathroom,faucets,basin_faucet,Single-control basin faucet without drain in polished chrome,,12800.0,INR,True,,CP,polished chrome,,,,,,,,,,,,,,,,not_specified,,,,,,,,,,,,,,,,,,,,,,,,,,,,,,,,,,,,,,,False,,,,False,,kohler-india-pricebook-2026-june,KOHLER India Price Book 2026 June Edition,2026,June Edition,49,catalogue,high,False,,unique,,clean
K-38895IN-4ND-CP,,,,basin_faucet,bathroom,faucets,basin_faucet,Single-control wall mount monoblock basin faucet trim + valve in polished chrome,,16100.0,INR,True,,CP,polished chrome,,,,,,,,,,,,,,,,not_specified,,,,,,,,,,,,,,,,,,,,,,,,,,,,,,,,,,,,,,,False,,,,False,,kohler-india-pricebook-2026-june,KOHLER India Price Book 2026 June Edition,2026,June Edition,49,catalogue,high,False,,unique,,clean
K-38896IN-4FP-CP,,,,shower_trim,bathroom,faucets,shower_trim,Recessed bath and shower AT235 trim in polished chrome,,7700.0,INR,True,,CP,polished chrome,,,,,,,,,,,,,,,,not_specified,,,,,,,,,,,,,,,,,,,,,,,,,,,,,,,,,,,K-882IN-NA,,,,False,,,,False,,kohler-india-pricebook-2026-june,KOHLER India Price Book 2026 June Edition,2026,June Edition,49,catalogue,high,False,,unique,,clean
K-38897IN-4FP-CP,,,,shower_trim,bathroom,faucets,shower_trim,AT360 trim in polished chrome,,13900.0,INR,True,,CP,polished chrome,,,,,,,,,,,,,,,,not_specified,,,,,,,,,,,,,,,,,,,,,,,,,,,,,,,,,,,K-99924IN-CP,,,,False,,,,False,,kohler-india-pricebook-2026-june,KOHLER India Price Book 2026 June Edition,2026,June Edition,49,catalogue,high,False,,unique,,clean
K-38887IN-4ND-CP,,,,basin_faucet,bathroom,faucets,basin_faucet,Fluence™ Single-control tall basin faucet without drain in polished chrome,,14700.0,INR,True,,CP,polished chrome,,,,,,,,,,,,,,,,not_specified,,,,,,,,,,,,,,,,,,,,,,,,,,,,,,,,,,,,,,,False,,,,False,,kohler-india-pricebook-2026-june,KOHLER India Price Book 2026 June Edition,2026,June Edition,49,catalogue,high,False,,unique,,clean
K-38886IN-4ND-CP,,,,basin_faucet,bathroom,faucets,basin_faucet,Single-control basin faucet without drain in polished chrome,,11800.0,INR,True,,CP,polished chrome,,,,,,,,,,,,,,,,not_specified,,,,,,,,,,,,,,,,,,,,,,,,,,,,,,,,,,,,,,,False,,,,False,,kohler-india-pricebook-2026-june,KOHLER India Price Book 2026 June Edition,2026,June Edition,49,catalogue,high,False,,unique,,clean
K-38888IN-4ND-CP,,,,basin_faucet,bathroom,faucets,basin_faucet,Single-control wall mount monoblock basin faucet trim + valve in polished chrome,,14700.0,INR,True,,CP,polished chrome,,,,,,,,,,,,,,,,not_specified,,,,,,,,,,,,,,,,,,,,,,,,,,,,,,,,,,,,,,,False,,,,False,,kohler-india-pricebook-2026-june,KOHLER India Price Book 2026 June Edition,2026,June Edition,49,catalogue,high,False,,unique,,clean
K-38889IN-4FP-CP,,,,shower_trim,bathroom,faucets,shower_trim,Recessed bath and shower AT235 trim in polished chrome,,7100.0,INR,True,,CP,polished chrome,,,,,,,,,,,,,,,,not_specified,,,,,,,,,,,,,,,,,,,,,,,,,,,,,,,,,,,K-882IN-NA,,,,False,,,,False,,kohler-india-pricebook-2026-june,KOHLER India Price Book 2026 June Edition,2026,June Edition,49,catalogue,high,False,,unique,,clean
K-38890IN-4FP-CP,,,,shower_trim,bathroom,faucets,shower_trim,AT360 trim in polished chrome,,12700.0,INR,True,,CP,polished chrome,,,,,,,,,,,,,,,,not_specified,,,,,,,,,,,,,,,,,,,,,,,,,,,,,,,,,,,K-99924IN-CP,,,,False,,,,False,,kohler-india-pricebook-2026-june,KOHLER India Price Book 2026 June Edition,2026,June Edition,49,catalogue,high,False,,unique,,clean
K-38891IN-CP,,,,bath_spout,bathroom,faucets,bath_spout,Bath spout with diverter in polished chrome,,5000.0,INR,True,,CP,polished chrome,,,,,,,,,,,,,,,,not_specified,,,,,,,,,,,,,,,,,,,,,,,,,,,,,,,,,,,,,,,False,,,,False,,kohler-india-pricebook-2026-june,KOHLER India Price Book 2026 June Edition,2026,June Edition,49,catalogue,high,False,,repeated_same_sku,K-38891IN-CP,clean
K-38892IN-CP,,,,bath_spout,bathroom,faucets,bath_spout,Bath spout without diverter in polished chrome,,3870.0,INR,True,,CP,polished chrome,,,,,,,,,,,,,,,,not_specified,,,,,,,,,,,,,,,,,,,,,,,,,,,,,,,,,,,,,,,False,,,,False,,kohler-india-pricebook-2026-june,KOHLER India Price Book 2026 June Edition,2026,June Edition,49,catalogue,high,False,,repeated_same_sku,K-38892IN-CP,clean
K-23967IN-4ND-CP,,,,basin_faucet,bathroom,faucets,basin_faucet,Vive Single-control tall basin faucet without drain in polished chrome,,13650.0,INR,True,,CP,polished chrome,,,,,,,,,,,,,,,,not_specified,,,,,,,,,,,,,,,,,,,,,,,,,,,,,,,,,,,,,,,False,,,,False,,kohler-india-pricebook-2026-june,KOHLER India Price Book 2026 June Edition,2026,June Edition,49,catalogue,high,False,,unique,,clean
K-23966IN-4ND-CP,,,,basin_faucet,bathroom,faucets,basin_faucet,Single-control basin faucet without drain in polished chrome,,10900.0,INR,True,,CP,polished chrome,,,,,,,,,,,,,,,,not_specified,,,,,,,,,,,,,,,,,,,,,,,,,,,,,,,,,,,,,,,False,,,,False,,kohler-india-pricebook-2026-june,KOHLER India Price Book 2026 June Edition,2026,June Edition,50,catalogue,high,False,,unique,,clean
K-23968IN-4-CP,,,,pillar_tap,bathroom,faucets,pillar_tap,Pillar tap in polished chrome,,5450.0,INR,True,,CP,polished chrome,,,,,,,,,,,,,,,,not_specified,,,,,,,,,,,,,,,,,,,,,,,,,,,,,,,,,,,,,,,False,,,,False,,kohler-india-pricebook-2026-june,KOHLER India Price Book 2026 June Edition,2026,June Edition,50,catalogue,high,False,,unique,,clean
K-23975IN-4ND-CP,,,,basin_faucet,bathroom,faucets,basin_faucet,Single-control wall mount monoblock basin faucet trim + valve in polished chrome,,13650.0,INR,True,,CP,polished chrome,,,,,,,,,,,,,,,,not_specified,,,,,,,,,,,,,,,,,,,,,,,,,,,,,,,,,,,,,,,False,,,,False,,kohler-india-pricebook-2026-june,KOHLER India Price Book 2026 June Edition,2026,June Edition,50,catalogue,high,False,,unique,,clean
K-23971IN-4FP-CP,,,,shower_trim,bathroom,faucets,shower_trim,Recessed bath and shower AT 235 trim in polished chrome,,6250.0,INR,True,,CP,polished chrome,,,,,,,,,,,,,,,,not_specified,,,,,,,,,,,,,,,,,,,,,,,,,,,,,,,,,,,K-882IN-NA,,,,False,,,,False,,kohler-india-pricebook-2026-june,KOHLER India Price Book 2026 June Edition,2026,June Edition,50,catalogue,high,False,,unique,,clean
K-23974IN-AA-CP,,,,bath_spout,bathroom,faucets,bath_spout,Bath spout with diverter in polished chrome,,6250.0,INR,True,,CP,polished chrome,,,,,,,,,,,,,,,,not_specified,,,,,,,,,,,,,,,,,,,,,,,,,,,,,,,,,,,,,,,False,,,,False,,kohler-india-pricebook-2026-june,KOHLER India Price Book 2026 June Edition,2026,June Edition,50,catalogue,high,False,,repeated_same_sku,K-23974IN-AA-CP,clean
K-23973IN-AA-CP,,,,bath_spout,bathroom,faucets,bath_spout,Bath spout without diverter in polished chrome,,5200.0,INR,True,,CP,polished chrome,,,,,,,,,,,,,,,,not_specified,,,,,,,,,,,,,,,,,,,,,,,,,,,,,,,,,,,,,,,False,,,,False,,kohler-india-pricebook-2026-june,KOHLER India Price Book 2026 June Edition,2026,June Edition,50,catalogue,high,False,,repeated_same_sku,K-23973IN-AA-CP,clean
K-22535IN-4AND-CP,,,,basin_faucet,bathroom,faucets,basin_faucet,Hone Single-control tall basin faucet without drain in polished chrome,,11880.0,INR,True,,CP,polished chrome,,,,,,,,,,,,,,,,not_specified,,,,,,,,,,,,,,,,,,,,,,,,,,,,,,,,,,,,,,,False,,,,False,,kohler-india-pricebook-2026-june,KOHLER India Price Book 2026 June Edition,2026,June Edition,50,catalogue,high,False,,unique,,clean
K-22534IN-4AND-CP,,,,basin_faucet,bathroom,faucets,basin_faucet,Single-control basin faucet without drain in polished chrome,,9500.0,INR,True,,CP,polished chrome,,,,,,,,,,,,,,,,not_specified,,,,,,,,,,,,,,,,,,,,,,,,,,,,,,,,,,,,,,,False,,,,False,,kohler-india-pricebook-2026-june,KOHLER India Price Book 2026 June Edition,2026,June Edition,50,catalogue,high,False,,unique,,clean
K-22539IN-4A-CP,,,,pillar_tap,bathroom,faucets,pillar_tap,Tall pillar tap in polished chrome,,5810.0,INR,True,,CP,polished chrome,,,,,,,,,,,,,,,,not_specified,,,,,,,,,,,,,,,,,,,,,,,,,,,,,,,,,,,,,,,False,,,,False,,kohler-india-pricebook-2026-june,KOHLER India Price Book 2026 June Edition,2026,June Edition,50,catalogue,high,False,,unique,,clean
K-22538IN-4A-CP,,,,pillar_tap,bathroom,faucets,pillar_tap,Pillar tap in polished chrome,,4650.0,INR,True,,CP,polished chrome,,,,,,,,,,,,,,,,not_specified,,,,,,,,,,,,,,,,,,,,,,,,,,,,,,,,,,,,,,,False,,,,False,,kohler-india-pricebook-2026-june,KOHLER India Price Book 2026 June Edition,2026,June Edition,50,catalogue,high,False,,unique,,clean
K-22540IN-4AND-CP,,,,wall_mount_basin,bathroom,faucets,wall_mount_basin,Single-control wall mount basin faucet trim in polished chrome,,7280.0,INR,True,,CP,polished chrome,,,,,,,,,,,,,,,,not_specified,,,,,,,,,,,,,,,,,,,,,,,,,,,,,,,,,,,K-5679IN-NA,,,,False,,,,False,,kohler-india-pricebook-2026-june,KOHLER India Price Book 2026 June Edition,2026,June Edition,50,catalogue,high,False,,unique,,clean
K-38938IN-4FP-CP,,,,shower_trim,bathroom,faucets,shower_trim,Recessed bath and shower AT 235 trim in polished chrome,,5390.0,INR,True,,CP,polished chrome,,,,,,,,,,,,,,,,not_specified,,,,,,,,,,,,,,,,,,,,,,,,,,,,,,,,,,,K-882IN-NA,,,,False,,,,False,,kohler-india-pricebook-2026-june,KOHLER India Price Book 2026 June Edition,2026,June Edition,50,catalogue,high,False,,unique,,clean
K-38939IN-4FP-CP,,,,shower_trim,bathroom,faucets,shower_trim,Recessed bath and shower AT 230 trim in polished chrome,,5176.0,INR,True,,CP,polished chrome,,,,,,,,,,,,,,,,not_specified,,,,,,,,,,,,,,,,,,,,,,,,,,,,,,,,,,,K-75201IN-CP,,,,False,,,,False,,kohler-india-pricebook-2026-june,KOHLER India Price Book 2026 June Edition,2026,June Edition,50,catalogue,high,False,,unique,,clean
K-38948IN-4ND-CP,,,,basin_faucet,bathroom,faucets,basin_faucet,Low flow single-control basin faucet without drain in polished chrome,,9450.0,INR,True,,CP,polished chrome,,,,,,,,,,,,,,,,not_specified,,,,,,,,,,,,,,,,,,,,,,,,,,,,,,,,,,,,,,,False,,,,False,,kohler-india-pricebook-2026-june,KOHLER India Price Book 2026 June Edition,2026,June Edition,51,catalogue,high,False,,unique,,clean
K-38949IN-4-CP,,,,pillar_tap,bathroom,faucets,pillar_tap,Low flow pillar tap in polished chrome,,4515.0,INR,True,,CP,polished chrome,,,,,,,,,,,,,,,,not_specified,,,,,,,,,,,,,,,,,,,,,,,,,,,,,,,,,,,,,,,False,,,,False,,kohler-india-pricebook-2026-june,KOHLER India Price Book 2026 June Edition,2026,June Edition,51,catalogue,high,False,,unique,,clean
K-22544IN-N-CP,,,,bath_spout,bathroom,faucets,bath_spout,Bath spout with diverter in polished chrome,,5160.0,INR,True,,CP,polished chrome,,,,,,,,,,,,,,,,not_specified,,,,,,,,,,,,,,,,,,,,,,,,,,,,,,,,,,,,,,,False,,,,False,,kohler-india-pricebook-2026-june,KOHLER India Price Book 2026 June Edition,2026,June Edition,51,catalogue,high,False,,repeated_same_sku,K-22544IN-N-CP,clean
K-22543IN-N-CP,,,,bath_spout,bathroom,faucets,bath_spout,Bath spout without diverter in polished chrome,,4300.0,INR,True,,CP,polished chrome,,,,,,,,,,,,,,,,not_specified,,,,,,,,,,,,,,,,,,,,,,,,,,,,,,,,,,,,,,,False,,,,False,,kohler-india-pricebook-2026-june,KOHLER India Price Book 2026 June Edition,2026,June Edition,51,catalogue,high,False,,repeated_same_sku,K-22543IN-N-CP,clean
K-38463IN-4ND-CP,,,,basin_faucet,bathroom,faucets,basin_faucet,Engage™ Single-control tall basin faucet without drain in polished chrome,,11000.0,INR,True,,CP,polished chrome,,,,,,,,,,,,,,,,not_specified,,,,,,,,,,,,,,,,,,,,,,,,,,,,,,,,,,,,,,,False,,,,False,,kohler-india-pricebook-2026-june,KOHLER India Price Book 2026 June Edition,2026,June Edition,51,catalogue,high,False,,unique,,clean
K-38462IN-4ND-CP,,,,basin_faucet,bathroom,faucets,basin_faucet,Single-control basin faucet without drain in polished chrome,,8800.0,INR,True,,CP,polished chrome,,,,,,,,,,,,,,,,not_specified,,,,,,,,,,,,,,,,,,,,,,,,,,,,,,,,,,,,,,,False,,,,False,,kohler-india-pricebook-2026-june,KOHLER India Price Book 2026 June Edition,2026,June Edition,51,catalogue,high,False,,unique,,clean
K-38466IN-4-CP,,,,pillar_tap,bathroom,faucets,pillar_tap,Tall pillar tap in polished chrome,,5610.0,INR,True,,CP,polished chrome,,,,,,,,,,,,,,,,not_specified,,,,,,,,,,,,,,,,,,,,,,,,,,,,,,,,,,,,,,,False,,,,False,,kohler-india-pricebook-2026-june,KOHLER India Price Book 2026 June Edition,2026,June Edition,51,catalogue,high,False,,unique,,clean
K-38465IN-4-CP,,,,pillar_tap,bathroom,faucets,pillar_tap,Pillar tap in polished chrome,,4400.0,INR,True,,CP,polished chrome,,,,,,,,,,,,,,,,not_specified,,,,,,,,,,,,,,,,,,,,,,,,,,,,,,,,,,,,,,,False,,,,False,,kohler-india-pricebook-2026-june,KOHLER India Price Book 2026 June Edition,2026,June Edition,51,catalogue,high,False,,unique,,clean
K-38467IN-4ND-CP,,,,basin_faucet,bathroom,faucets,basin_faucet,Low flow single-control basin faucet without drain in polished chrome,,8800.0,INR,True,,CP,polished chrome,,,,,,,,,,,,,,,,not_specified,,,,,,,,,,,,,,,,,,,,,,,,,,,,,,,,,,,,,,,False,,,,False,,kohler-india-pricebook-2026-june,KOHLER India Price Book 2026 June Edition,2026,June Edition,52,catalogue,high,False,,unique,,clean
K-38464IN-4ND-CP,,,,wall_mount_basin,bathroom,faucets,wall_mount_basin,Single-control wall mount basin faucet trim in polished chrome,,5940.0,INR,True,,CP,polished chrome,,,,,,,,,,,,,,,,not_specified,,,,,,,,,,,,,,,,,,,,,,,,,,,,,,,,,,,K-5679IN-NA,,,,False,,,,False,,kohler-india-pricebook-2026-june,KOHLER India Price Book 2026 June Edition,2026,June Edition,52,catalogue,high,False,,unique,,clean
K-38469IN-4FP-CP,,,,shower_trim,bathroom,faucets,shower_trim,Recessed bath and shower AT235 trim in polished chrome,,5280.0,INR,True,,CP,polished chrome,,,,,,,,,,,,,,,,not_specified,,,,,,,,,,,,,,,,,,,,,,,,,,,,,,,,,,,K-882IN-NA,,,,False,,,,False,,kohler-india-pricebook-2026-june,KOHLER India Price Book 2026 June Edition,2026,June Edition,52,catalogue,high,False,,unique,,clean
K-38468IN-4FP-CP,,,,shower_trim,bathroom,faucets,shower_trim,Recessed bath and shower AT230 trim in polished chrome,,5060.0,INR,True,,CP,polished chrome,,,,,,,,,,,,,,,,not_specified,,,,,,,,,,,,,,,,,,,,,,,,,,,,,,,,,,,K-75201IN-CP,,,,False,,,,False,,kohler-india-pricebook-2026-june,KOHLER India Price Book 2026 June Edition,2026,June Edition,52,catalogue,high,False,,unique,,clean
K-38471IN-CP,,,,bath_spout,bathroom,faucets,bath_spout,Bath spout with diverter in polished chrome,,4000.0,INR,True,,CP,polished chrome,,,,,,,,,,,,,,,,not_specified,,,,,,,,,,,,,,,,,,,,,,,,,,,,,,,,,,,,,,,False,,,,False,,kohler-india-pricebook-2026-june,KOHLER India Price Book 2026 June Edition,2026,June Edition,52,catalogue,high,False,,unique,,clean
K-38470IN-CP,,,,bath_spout,bathroom,faucets,bath_spout,Bath spout without diverter in polished chrome,,3000.0,INR,True,,CP,polished chrome,,,,,,,,,,,,,,,,not_specified,,,,,,,,,,,,,,,,,,,,,,,,,,,,,,,,,,,,,,,False,,,,False,,kohler-india-pricebook-2026-june,KOHLER India Price Book 2026 June Edition,2026,June Edition,52,catalogue,high,False,,unique,,clean
K-33063IN-4ND-CP,,,,basin_faucet,bathroom,faucets,basin_faucet,Accliv Single-control tall basin faucet in polished chrome,,9300.0,INR,True,,CP,polished chrome,,,,,,,,,,,,,,,,not_specified,,,,,,,,,,,,,,,,,,,,,,,,,,,,,,,,,,,,,,,False,,,,False,,kohler-india-pricebook-2026-june,KOHLER India Price Book 2026 June Edition,2026,June Edition,52,catalogue,high,False,,unique,,clean
K-33059IN-4ND-CP,,,,basin_faucet,bathroom,faucets,basin_faucet,Single-control basin faucet in polished chrome,,7110.0,INR,True,,CP,polished chrome,,,,,,,,,,,,,,,,not_specified,,,,,,,,,,,,,,,,,,,,,,,,,,,,,,,,,,,,,,,False,,,,False,,kohler-india-pricebook-2026-june,KOHLER India Price Book 2026 June Edition,2026,June Edition,52,catalogue,high,False,,unique,,clean
K-33102IN-4-CP,,,,pillar_tap,bathroom,faucets,pillar_tap,Tall pillar tap in polished chrome,,4930.0,INR,True,,CP,polished chrome,,,,,,,,,,,,,,,,not_specified,,,,,,,,,,,,,,,,,,,,,,,,,,,,,,,,,,,,,,,False,,,,False,,kohler-india-pricebook-2026-june,KOHLER India Price Book 2026 June Edition,2026,June Edition,52,catalogue,high,False,,unique,,clean
K-33101IN-4-CP,,,,pillar_tap,bathroom,faucets,pillar_tap,Pillar tap in polished chrome,,3520.0,INR,True,,CP,polished chrome,,,,,,,,,,,,,,,,not_specified,,,,,,,,,,,,,,,,,,,,,,,,,,,,,,,,,,,,,,,False,,,,False,,kohler-india-pricebook-2026-june,KOHLER India Price Book 2026 June Edition,2026,June Edition,52,catalogue,high,False,,unique,,clean
K-26791IN-4ND-CP,,,,wall_mount_basin,bathroom,faucets,wall_mount_basin,Single-control wall mount basin faucet trim in polished chrome,,4740.0,INR,True,,CP,polished chrome,,,,,,,,,,,,,,,,not_specified,,,,,,,,,,,,,,,,,,,,,,,,,,,,,,,,,,,K-25150IN-NA,,,,False,,,,False,,kohler-india-pricebook-2026-june,KOHLER India Price Book 2026 June Edition,2026,June Edition,52,catalogue,high,False,,unique,,clean
K-33103IN-4ND-CP,,,,wall_mount_basin,bathroom,faucets,wall_mount_basin,Cold-only wall mount basin faucet trim in polished chrome,,3300.0,INR,True,,CP,polished chrome,,,,,,,,,,,,,,,,not_specified,,,,,,,,,,,,,,,,,,,,,,,,,,,,,,,,,,,K-25149IN-NA,,,,False,,,,False,,kohler-india-pricebook-2026-june,KOHLER India Price Book 2026 June Edition,2026,June Edition,52,catalogue,high,False,,unique,,clean
K-33111IN-4FP-CP,,,,shower_trim,bathroom,faucets,shower_trim,Recessed bath and shower AT235 trim in polished chrome,,4480.0,INR,True,,CP,polished chrome,,,,,,,,,,,,,,,,not_specified,,,,,,,,,,,,,,,,,,,,,,,,,,,,,,,,,,,K-882IN-NA,,,,False,,,,False,,kohler-india-pricebook-2026-june,KOHLER India Price Book 2026 June Edition,2026,June Edition,53,catalogue,high,False,,unique,,clean
K-33074IN-CP,,,,bath_spout,bathroom,faucets,bath_spout,Bath spout without diverter in polished chrome,,3060.0,INR,True,,CP,polished chrome,,,,,,,,,,,,,,,,not_specified,,,,,,,,,,,,,,,,,,,,,,,,,,,,,,,,,,,,,,,False,,,,False,,kohler-india-pricebook-2026-june,KOHLER India Price Book 2026 June Edition,2026,June Edition,53,catalogue,high,False,,repeated_same_sku,K-33074IN-CP,clean
K-27479IN-4ND-CP,,,,basin_faucet,bathroom,faucets,basin_faucet,Fore Arc™ Single-control basin faucet without drain in polished chrome,,7520.0,INR,True,,CP,polished chrome,,,,,,,,,,,,,,,,not_specified,,,,,,,,,,,,,,,,,,,,,,,,,,,,,,,,,,,,,,,False,,,,False,,kohler-india-pricebook-2026-june,KOHLER India Price Book 2026 June Edition,2026,June Edition,53,catalogue,high,False,,unique,,clean
K-27486IN-4-CP,,,,pillar_tap,bathroom,faucets,pillar_tap,Pillar tap in polished chrome,,4170.0,INR,True,,CP,polished chrome,,,,,,,,,,,,,,,,not_specified,,,,,,,,,,,,,,,,,,,,,,,,,,,,,,,,,,,,,,,False,,,,False,,kohler-india-pricebook-2026-june,KOHLER India Price Book 2026 June Edition,2026,June Edition,53,catalogue,high,False,,unique,,clean
K-27483IN-4ND-CP,,,,wall_mount_basin,bathroom,faucets,wall_mount_basin,Single-control wall mount basin faucet trim in polished chrome,,5460.0,INR,True,,CP,polished chrome,,,,,,,,,,,,,,,,not_specified,,,,,,,,,,,,,,,,,,,,,,,,,,,,,,,,,,,K-25150IN-NA,,,,False,,,,False,,kohler-india-pricebook-2026-june,KOHLER India Price Book 2026 June Edition,2026,June Edition,53,catalogue,high,False,,unique,,clean
K-27489IN-4ND-CP,,,,wall_mount_basin,bathroom,faucets,wall_mount_basin,Cold only wall mount basin faucet trim in polished chrome,,3940.0,INR,True,,CP,polished chrome,,,,,,,,,,,,,,,,not_specified,,,,,,,,,,,,,,,,,,,,,,,,,,,,,,,,,,,K-25149IN-NA,,,,False,,,,False,,kohler-india-pricebook-2026-june,KOHLER India Price Book 2026 June Edition,2026,June Edition,53,catalogue,high,False,,unique,,clean
K-27500IN-4FP-CP,,,,shower_trim,bathroom,faucets,shower_trim,Recessed bath and shower AT 235 trim in polished chrome,,4520.0,INR,True,,CP,polished chrome,,,,,,,,,,,,,,,,not_specified,,,,,,,,,,,,,,,,,,,,,,,,,,,,,,,,,,,K-882IN-NA,,,,False,,,,False,,kohler-india-pricebook-2026-june,KOHLER India Price Book 2026 June Edition,2026,June Edition,53,catalogue,high,False,,unique,,clean
K-27494IN-CP,,,,bath_spout,bathroom,faucets,bath_spout,Bath spout with diverter in polished chrome,,4010.0,INR,True,,CP,polished chrome,,,,,,,,,,,,,,,,not_specified,,,,,,,,,,,,,,,,,,,,,,,,,,,,,,,,,,,,,,,False,,,,False,,kohler-india-pricebook-2026-june,KOHLER India Price Book 2026 June Edition,2026,June Edition,53,catalogue,high,False,,repeated_same_sku,K-27494IN-CP,clean
K-27492IN-CP,,,,bath_spout,bathroom,faucets,bath_spout,Bath spout without diverter in polished chrome,,2780.0,INR,True,,CP,polished chrome,,,,,,,,,,,,,,,,not_specified,,,,,,,,,,,,,,,,,,,,,,,,,,,,,,,,,,,,,,,False,,,,False,,kohler-india-pricebook-2026-june,KOHLER India Price Book 2026 June Edition,2026,June Edition,53,catalogue,high,False,,repeated_same_sku,K-27492IN-CP,clean
K-27480IN-4ND-CP,,,,basin_faucet,bathroom,faucets,basin_faucet,Fore Line™ Single-control tall basin faucet without drain in polished chrome,,8650.0,INR,True,,CP,polished chrome,,,,,,,,,,,,,,,,not_specified,,,,,,,,,,,,,,,,,,,,,,,,,,,,,,,,,,,,,,,False,,,,False,,kohler-india-pricebook-2026-june,KOHLER India Price Book 2026 June Edition,2026,June Edition,53,catalogue,high,False,,unique,,clean
K-27478IN-4ND-CP,,,,basin_faucet,bathroom,faucets,basin_faucet,Single-control basin faucet without drain in polished chrome,,6900.0,INR,True,,CP,polished chrome,,,,,,,,,,,,,,,,not_specified,,,,,,,,,,,,,,,,,,,,,,,,,,,,,,,,,,,,,,,False,,,,False,,kohler-india-pricebook-2026-june,KOHLER India Price Book 2026 June Edition,2026,June Edition,53,catalogue,high,False,,unique,,clean
K-27485IN-4-CP,,,,pillar_tap,bathroom,faucets,pillar_tap,Pillar tap in polished chrome,,3890.0,INR,True,,CP,polished chrome,,,,,,,,,,,,,,,,not_specified,,,,,,,,,,,,,,,,,,,,,,,,,,,,,,,,,,,,,,,False,,,,False,,kohler-india-pricebook-2026-june,KOHLER India Price Book 2026 June Edition,2026,June Edition,53,catalogue,high,False,,unique,,clean
K-27482IN-4ND-CP,,,,wall_mount_basin,bathroom,faucets,wall_mount_basin,Single-control wall mount basin faucet trim in polished chrome,,4740.0,INR,True,,CP,polished chrome,,,,,,,,,,,,,,,,not_specified,,,,,,,,,,,,,,,,,,,,,,,,,,,,,,,,,,,K-25150IN-NA,,,,False,,,,False,,kohler-india-pricebook-2026-june,KOHLER India Price Book 2026 June Edition,2026,June Edition,54,catalogue,high,False,,unique,,clean
K-27488IN-4ND-CP,,,,wall_mount_basin,bathroom,faucets,wall_mount_basin,Cold only wall mount basin faucet trim in polished chrome,,3660.0,INR,True,,CP,polished chrome,,,,,,,,,,,,,,,,not_specified,,,,,,,,,,,,,,,,,,,,,,,,,,,,,,,,,,,K-25149IN-NA,,,,False,,,,False,,kohler-india-pricebook-2026-june,KOHLER India Price Book 2026 June Edition,2026,June Edition,54,catalogue,high,False,,unique,,clean
K-27499IN-4FP-CP,,,,shower_trim,bathroom,faucets,shower_trim,Recessed bath and shower AT 235 trim in polished chrome,,4100.0,INR,True,,CP,polished chrome,,,,,,,,,,,,,,,,not_specified,,,,,,,,,,,,,,,,,,,,,,,,,,,,,,,,,,,K-882IN-NA,,,,False,,,,False,,kohler-india-pricebook-2026-june,KOHLER India Price Book 2026 June Edition,2026,June Edition,54,catalogue,high,False,,unique,,clean
K-27477IN-4ND-CP,,,,basin_faucet,bathroom,faucets,basin_faucet,Fore Tri™ Single-control basin faucet without drain in polished chrome,,6390.0,INR,True,,CP,polished chrome,,,,,,,,,,,,,,,,not_specified,,,,,,,,,,,,,,,,,,,,,,,,,,,,,,,,,,,,,,,False,,,,False,,kohler-india-pricebook-2026-june,KOHLER India Price Book 2026 June Edition,2026,June Edition,54,catalogue,high,False,,unique,,clean
K-27484IN-4-CP,,,,pillar_tap,bathroom,faucets,pillar_tap,Pillar tap in polished chrome,,3650.0,INR,True,,CP,polished chrome,,,,,,,,,,,,,,,,not_specified,,,,,,,,,,,,,,,,,,,,,,,,,,,,,,,,,,,,,,,False,,,,False,,kohler-india-pricebook-2026-june,KOHLER India Price Book 2026 June Edition,2026,June Edition,54,catalogue,high,False,,unique,,clean
K-27481IN-4ND-CP,,,,wall_mount_basin,bathroom,faucets,wall_mount_basin,Single-control wall mount basin faucet trim in polished chrome,,4120.0,INR,True,,CP,polished chrome,,,,,,,,,,,,,,,,not_specified,,,,,,,,,,,,,,,,,,,,,,,,,,,,,,,,,,,K-25150IN-NA,,,,False,,,,False,,kohler-india-pricebook-2026-june,KOHLER India Price Book 2026 June Edition,2026,June Edition,54,catalogue,high,False,,unique,,clean
K-27487IN-4ND-CP,,,,wall_mount_basin,bathroom,faucets,wall_mount_basin,Cold only wall mount basin faucet trim in polished chrome,,3420.0,INR,True,,CP,polished chrome,,,,,,,,,,,,,,,,not_specified,,,,,,,,,,,,,,,,,,,,,,,,,,,,,,,,,,,K-25149IN-NA,,,,False,,,,False,,kohler-india-pricebook-2026-june,KOHLER India Price Book 2026 June Edition,2026,June Edition,54,catalogue,high,False,,unique,,clean
K-27498IN-4FP-CP,,,,shower_trim,bathroom,faucets,shower_trim,Recessed bath and shower AT 235 trim in polished chrome,,3760.0,INR,True,,CP,polished chrome,,,,,,,,,,,,,,,,not_specified,,,,,,,,,,,,,,,,,,,,,,,,,,,,,,,,,,,K-882IN-NA,,,,False,,,,False,,kohler-india-pricebook-2026-june,KOHLER India Price Book 2026 June Edition,2026,June Edition,54,catalogue,high,False,,unique,,clean
K-27493IN-CP,,,,bath_spout,bathroom,faucets,bath_spout,Bath spout with diverter in polished chrome,,4010.0,INR,True,,CP,polished chrome,,,,,,,,,,,,,,,,not_specified,,,,,,,,,,,,,,,,,,,,,,,,,,,,,,,,,,,,,,,False,,,,False,,kohler-india-pricebook-2026-june,KOHLER India Price Book 2026 June Edition,2026,June Edition,54,catalogue,high,False,,repeated_same_sku,K-27493IN-CP,clean
K-27490IN-CP,,,,bath_spout,bathroom,faucets,bath_spout,Bath spout without diverter in polished chrome,,2780.0,INR,True,,CP,polished chrome,,,,,,,,,,,,,,,,not_specified,,,,,,,,,,,,,,,,,,,,,,,,,,,,,,,,,,,,,,,False,,,,False,,kohler-india-pricebook-2026-june,KOHLER India Price Book 2026 June Edition,2026,June Edition,54,catalogue,high,False,,repeated_same_sku,K-27490IN-CP,clean
K-34073IN-4ND-CP,,,,basin_faucet,bathroom,faucets,basin_faucet,APT™ Flux Single-control tall basin faucet without drain in polished chrome,,7320.0,INR,True,,CP,polished chrome,,,,,,,,,,,,,,,,not_specified,,,,,,,,,,,,,,,,,,,,,,,,,,,,,,,,,,,,,,,False,,,,False,,kohler-india-pricebook-2026-june,KOHLER India Price Book 2026 June Edition,2026,June Edition,54,catalogue,high,False,,unique,,clean
K-33913IN-4ND-CP,,,,basin_faucet,bathroom,faucets,basin_faucet,Single-control basin faucet without drain in polished chrome,,5200.0,INR,True,,CP,polished chrome,,,,,,,,,,,,,,,,not_specified,,,,,,,,,,,,,,,,,,,,,,,,,,,,,,,,,,,,,,,False,,,,False,,kohler-india-pricebook-2026-june,KOHLER India Price Book 2026 June Edition,2026,June Edition,54,catalogue,high,False,,unique,,clean
K-34078IN-4-CP,,,,pillar_tap,bathroom,faucets,pillar_tap,Tall pillar tap in polished chrome,,3560.0,INR,True,,CP,polished chrome,,,,,,,,,,,,,,,,not_specified,,,,,,,,,,,,,,,,,,,,,,,,,,,,,,,,,,,,,,,False,,,,False,,kohler-india-pricebook-2026-june,KOHLER India Price Book 2026 June Edition,2026,June Edition,54,catalogue,high,False,,unique,,clean
K-34067IN-4-CP,,,,pillar_tap,bathroom,faucets,pillar_tap,Pillar tap in polished chrome,,2780.0,INR,True,,CP,polished chrome,,,,,,,,,,,,,,,,not_specified,,,,,,,,,,,,,,,,,,,,,,,,,,,,,,,,,,,,,,,False,,,,False,,kohler-india-pricebook-2026-june,KOHLER India Price Book 2026 June Edition,2026,June Edition,55,catalogue,high,False,,unique,,clean
K-34039IN-4ND-CP,,,,wall_mount_basin,bathroom,faucets,wall_mount_basin,Single-control wall mount basin faucet trim in polished chrome,,4580.0,INR,True,,CP,polished chrome,,,,,,,,,,,,,,,,not_specified,,,,,,,,,,,,,,,,,,,,,,,,,,,,,,,,,,,K-25150IN-NA,,,,False,,,,False,,kohler-india-pricebook-2026-june,KOHLER India Price Book 2026 June Edition,2026,June Edition,55,catalogue,high,False,,unique,,clean
K-33992IN-4FP-CP,,,,shower_trim,bathroom,faucets,shower_trim,Recessed bath and shower AT 230 trim in polished chrome,,2530.0,INR,True,,CP,polished chrome,,,,,,,,,,,,,,,,not_specified,,,,,,,,,,,,,,,,,,,,,,,,,,,,,,,,,,,K-75201IN-CP,,,,False,,,,False,,kohler-india-pricebook-2026-june,KOHLER India Price Book 2026 June Edition,2026,June Edition,55,catalogue,high,False,,unique,,clean
K-33996IN-CP,,,,bath_spout,bathroom,faucets,bath_spout,Bath spout with diverter in polished chrome,,2780.0,INR,True,,CP,polished chrome,,,,,,,,,,,,,,,,not_specified,,,,,,,,,,,,,,,,,,,,,,,,,,,,,,,,,,,,,,,False,,,,False,,kohler-india-pricebook-2026-june,KOHLER India Price Book 2026 June Edition,2026,June Edition,55,catalogue,high,False,,unique,,clean
K-33995IN-CP,,,,bath_spout,bathroom,faucets,bath_spout,Bath spout without diverter in polished chrome,,1800.0,INR,True,,CP,polished chrome,,,,,,,,,,,,,,,,not_specified,,,,,,,,,,,,,,,,,,,,,,,,,,,,,,,,,,,,,,,False,,,,False,,kohler-india-pricebook-2026-june,KOHLER India Price Book 2026 June Edition,2026,June Edition,55,catalogue,high,False,,unique,,clean
K-34038IN-4ND-CP,,,,basin_faucet,bathroom,faucets,basin_faucet,APT™ Curv Single-control tall basin faucet without drain in polished chrome,,7320.0,INR,True,,CP,polished chrome,,,,,,,,,,,,,,,,not_specified,,,,,,,,,,,,,,,,,,,,,,,,,,,,,,,,,,,,,,,False,,,,False,,kohler-india-pricebook-2026-june,KOHLER India Price Book 2026 June Edition,2026,June Edition,55,catalogue,high,False,,unique,,clean
K-33999IN-4ND-CP,,,,basin_faucet,bathroom,faucets,basin_faucet,Single-control basin faucet without drain in polished chrome,,5200.0,INR,True,,CP,polished chrome,,,,,,,,,,,,,,,,not_specified,,,,,,,,,,,,,,,,,,,,,,,,,,,,,,,,,,,,,,,False,,,,False,,kohler-india-pricebook-2026-june,KOHLER India Price Book 2026 June Edition,2026,June Edition,55,catalogue,high,False,,unique,,clean
K-34040IN-4-CP,,,,pillar_tap,bathroom,faucets,pillar_tap,Tall pillar tap in polished chrome,,3560.0,INR,True,,CP,polished chrome,,,,,,,,,,,,,,,,not_specified,,,,,,,,,,,,,,,,,,,,,,,,,,,,,,,,,,,,,,,False,,,,False,,kohler-india-pricebook-2026-june,KOHLER India Price Book 2026 June Edition,2026,June Edition,55,catalogue,high,False,,unique,,clean
K-34032IN-4-CP,,,,pillar_tap,bathroom,faucets,pillar_tap,Pillar tap in polished chrome,,2780.0,INR,True,,CP,polished chrome,,,,,,,,,,,,,,,,not_specified,,,,,,,,,,,,,,,,,,,,,,,,,,,,,,,,,,,,,,,False,,,,False,,kohler-india-pricebook-2026-june,KOHLER India Price Book 2026 June Edition,2026,June Edition,55,catalogue,high,False,,unique,,clean
K-34076IN-4ND-CP,,,,wall_mount_basin,bathroom,faucets,wall_mount_basin,Single-control wall mount basin faucet trim in polished chrome,,4510.0,INR,True,,CP,polished chrome,,,,,,,,,,,,,,,,not_specified,,,,,,,,,,,,,,,,,,,,,,,,,,,,,,,,,,,K-25150IN-NA,,,,False,,,,False,,kohler-india-pricebook-2026-june,KOHLER India Price Book 2026 June Edition,2026,June Edition,55,catalogue,high,False,,unique,,clean
K-33645IN-4FP-CP,,,,shower_trim,bathroom,faucets,shower_trim,Recessed bath and shower AT 230 trim in polished chrome,,2530.0,INR,True,,CP,polished chrome,,,,,,,,,,,,,,,,not_specified,,,,,,,,,,,,,,,,,,,,,,,,,,,,,,,,,,,K-75201IN-CP,,,,False,,,,False,,kohler-india-pricebook-2026-june,KOHLER India Price Book 2026 June Edition,2026,June Edition,55,catalogue,high,False,,unique,,clean
K-97168IN-CP,Loure®,Loure®,,,bathroom,showering,,Rectangle 600mm x 800mm multifunction (4F) rainpanel in polished chrome,,700100.0,INR,True,,CP,polished chrome,,,,,,,,,,,,,,,,not_specified,,,,,,,,,,,,,,,,,,,,,,,,,,,,,,,,,,,,,,,False,,,,False,,kohler-india-pricebook-2026-june,KOHLER India Price Book 2026 June Edition,2026,June Edition,58,catalogue,high,False,,unique,,clean
K-77276IN-L-CP,Beitou™,Beitou™,,,bathroom,showering,,Rectangle 600mm x 800mm multifunction (3F) rainpanel in polished chrome,,545800.0,INR,True,,CP,polished chrome,,,,,,,,,,,,,,,,not_specified,,,,,,,,,,,,,,,,,,,,,,,,,,,,,,,,,,,,,,,False,,,,False,,kohler-india-pricebook-2026-june,KOHLER India Price Book 2026 June Edition,2026,June Edition,58,catalogue,high,False,,unique,,clean
K-76017IN-L-CP,Beitou™,Beitou™,,,bathroom,showering,,Square 500mm x 500mm multifunction (3F) rainpanel in polished chrome,,394700.0,INR,True,,CP,polished chrome,,,,,,,,,,,,,,,,not_specified,,,,,,,,,,,,,,,,,,,,,,,,,,,,,,,,,,,,,,,False,,,,False,,kohler-india-pricebook-2026-june,KOHLER India Price Book 2026 June Edition,2026,June Edition,58,catalogue,high,False,,unique,,clean
K-97167IN-CP,Loure®,Loure®,,,bathroom,showering,,Square 500mm x 500mm multifunction (2F) rainpanel in polished chrome,,391700.0,INR,True,,CP,polished chrome,,,,,,,,,,,,,,,,not_specified,,,,,,,,,,,,,,,,,,,,,,,,,,,,,,,,,,,,,,,False,,,,False,,kohler-india-pricebook-2026-june,KOHLER India Price Book 2026 June Edition,2026,June Edition,58,catalogue,high,False,,unique,,clean
K-72830IN-L-CP,Beitou™,Beitou™,,,bathroom,showering,,Wall mount rectangle 254mm x 534mm multifunction (3F) rainpanel in polished chrome,,303500.0,INR,True,,CP,polished chrome,,,,,,,,,,,,,,,,not_specified,,,,,,,,,,,,,,,,,,,,,,,,,,,,,,,,,,,,,,,False,,,,False,,kohler-india-pricebook-2026-june,KOHLER India Price Book 2026 June Edition,2026,June Edition,58,catalogue,high,False,,unique,,clean
K-29959IN-CP,ModernLife Edge™,ModernLife Edge™,,,bathroom,showering,,Hexagonal 425mm x 330mm dual flow rainpanel in polished chrome,,139100.0,INR,True,,CP,polished chrome,,,,,,,,,,,,,,,,not_specified,,,,,,,,,,,,,,,,,,,,,,,,,,,,,,,,,,,,,,,False,,,,False,,kohler-india-pricebook-2026-june,KOHLER India Price Book 2026 June Edition,2026,June Edition,58,catalogue,high,False,,unique,,clean
K-29961IN-CP,ModernLife Edge™,ModernLife Edge™,,,bathroom,showering,,Rectangle 425mm x 330mm dual flow rainpanel in polished chrome,,105000.0,INR,True,,CP,polished chrome,,,,,,,,,,,,,,,,not_specified,,,,,,,,,,,,,,,,,,,,,,,,,,,,,,,,,,,,,,,False,,,,False,,kohler-india-pricebook-2026-june,KOHLER India Price Book 2026 June Edition,2026,June Edition,58,catalogue,high,False,,unique,,clean
K-9301IN-CL-CP,ModernLife Edge™,ModernLife Edge™,modernlife-edge-rainhead,rainhead,bathroom,showering,rainhead,Square 381mm single function rainhead in polished chrome,,95000.0,INR,True,,CP,polished chrome,,,,,,,,,,,,,,,,not_specified,,,,,,,,,,,,,,,,,,,,,,,,,,,,,,,,,,,K-16347IN-CP/K-11623IN-CP/Square; K-20137IN-CP,,,,False,,,,False,,kohler-india-pricebook-2026-june,KOHLER India Price Book 2026 June Edition,2026,June Edition,58,catalogue,high,False,,unique,,clean
K-26297IN-CP,Statement™,Statement™,statement-rainhead,rainhead,bathroom,showering,rainhead,Oblong 453mm two-function rainhead in polished chrome,,75800.0,INR,True,,CP,polished chrome,,,,,,,,,,,,,,,,not_specified,,,,,,,,,,,,,,,,,,,,,,,,,,,,,,,,,,,K-26324IN-CP; K-26326T-CP,,,,False,,,,False,,kohler-india-pricebook-2026-june,KOHLER India Price Book 2026 June Edition,2026,June Edition,58,catalogue,high,False,,unique,,clean
K-9302IN-CL-CP,ModernLife Edge™,ModernLife Edge™,modernlife-edge-rainhead,rainhead,bathroom,showering,rainhead,Square 330mm single function rainhead in polished chrome,,65100.0,INR,True,,CP,polished chrome,,,,,,,,,,,,,,,,not_specified,,,,,,,,,,,,,,,,,,,,,,,,,,,,,,,,,,,K-16347IN-CP/K-11623IN-CP; K-20137IN-CP,,,,False,,,,False,,kohler-india-pricebook-2026-june,KOHLER India Price Book 2026 June Edition,2026,June Edition,58,catalogue,high,False,,unique,,clean
K-26296IN-CP,Statement™,Statement™,statement-rainhead,rainhead,bathroom,showering,rainhead,Oblong 353mm two-function rainhead in polished chrome,,64100.0,INR,True,,CP,polished chrome,,,,,,,,,,,,,,,,not_specified,,,,,,,,,,,,,,,,,,,,,,,,,,,,,,,,,,,K-26324IN-CP; K-26326T-CP,,,,False,,,,False,,kohler-india-pricebook-2026-june,KOHLER India Price Book 2026 June Edition,2026,June Edition,58,catalogue,high,False,,unique,,clean
K-24470IN-CP,ModernLife™,ModernLife™,modernlife-rainhead,rainhead,bathroom,showering,rainhead,Rectangle 330mm x 230mm two-function rainhead in polished chrome,,42000.0,INR,True,,CP,polished chrome,,,,,,,,,,,,,,,,not_specified,,,,,,,,,,,,,,,,,,,,,,,,,,,,,,,,,,,K-22308IN-CP,,,,False,,,,False,,kohler-india-pricebook-2026-june,KOHLER India Price Book 2026 June Edition,2026,June Edition,58,catalogue,high,False,,unique,,clean
K-26294IN-CP,Statement™,Statement™,statement-rainhead,rainhead,bathroom,showering,rainhead,Oblong 353mm single function rainhead in polished chrome,,41600.0,INR,True,,CP,polished chrome,,,,,,,,,,,,,,,,not_specified,,,,,,,,,,,,,,,,,,,,,,,,,,,,,,,,,,,K-16346IN-CP/; K-16347IN-CP,,,,False,,,,False,,kohler-india-pricebook-2026-june,KOHLER India Price Book 2026 June Edition,2026,June Edition,58,catalogue,high,False,,unique,,clean
K-38629IN-CP,RainMax II,RainMax II,rainmax-ii-rainhead,rainhead,bathroom,showering,rainhead,Square 305mm two function dual core rainhead in polished chrome,,32350.0,INR,True,,CP,polished chrome,,,,,,,,,,,,,,,,not_specified,,,,,,,,,,,,,,,,,,,,,,,,,,,,,,,,,,,K-26324IN-CP/K-26326T-CP,,,,False,,,,False,,kohler-india-pricebook-2026-june,KOHLER India Price Book 2026 June Edition,2026,June Edition,59,catalogue,high,False,,unique,,clean
K-27731IN-CP,ModernLife™,ModernLife™,modernlife-rainhead,rainhead,bathroom,showering,rainhead,Rectangle 330mm x 230mm single function rainhead in polished chrome,,27300.0,INR,True,,CP,polished chrome,,,,,,,,,,,,,,,,not_specified,,,,,,,,,,,,,,,,,,,,,,,,,,,,,,,,,,,K-16346IN-CP/; K-16347IN-CP/K-11623IN-CP,,,,False,,,,False,,kohler-india-pricebook-2026-june,KOHLER India Price Book 2026 June Edition,2026,June Edition,59,catalogue,high,False,,unique,,clean
K-26856IN-CP,RainMax,RainMax,rainmax-rainhead,rainhead,bathroom,showering,rainhead,Square 305mm single function dual core rainhead in polished chrome,,23000.0,INR,True,,CP,polished chrome,,,,,,,,,,,,,,,,not_specified,,,,,,,,,,,,,,,,,,,,,,,,,,,,,,,,,,,K-16346IN-CP/K-16347IN-CP,,,,False,,,,False,,kohler-india-pricebook-2026-june,KOHLER India Price Book 2026 June Edition,2026,June Edition,59,catalogue,high,False,,unique,,clean
K-26855IN-CP,RainMax,RainMax,rainmax-rainhead,rainhead,bathroom,showering,rainhead,Square 254mm single function dual core rainhead in polished chrome,,19150.0,INR,True,,CP,polished chrome,,,,,,,,,,,,,,,,not_specified,,,,,,,,,,,,,,,,,,,,,,,,,,,,,,,,,,,K-16346IN-CP/K-16347IN-CP,,,,False,,,,False,,kohler-india-pricebook-2026-june,KOHLER India Price Book 2026 June Edition,2026,June Edition,59,catalogue,high,False,,unique,,clean
K-26854IN-CP,RainMax,RainMax,rainmax-rainhead,rainhead,bathroom,showering,rainhead,Round 254mm single function dual core rainhead in polished chrome,,18000.0,INR,True,,CP,polished chrome,,,,,,,,,,,,,,,,not_specified,,,,,,,,,,,,,,,,,,,,,,,,,,,,,,,,,,,K-16346IN-CP/K-16347IN-CP,,,,False,,,,False,,kohler-india-pricebook-2026-june,KOHLER India Price Book 2026 June Edition,2026,June Edition,59,catalogue,high,False,,unique,,clean
K-73040IN-CL-CP,Rain Duet Edge™,Rain Duet Edge™,rain-duet-edge-rainhead,rainhead,bathroom,showering,rainhead,Square 254mm single function Katalyst™ rainhead in polished chrome,,15100.0,INR,True,,CP,polished chrome,,,,,,,,,,,,,,,,not_specified,,,,,,,,,,,,,,,,,,,,,,,,,,,,,,,,,,,K-20138IN-CP/K-20137IN-CP,,,,False,,,,False,,kohler-india-pricebook-2026-june,KOHLER India Price Book 2026 June Edition,2026,June Edition,59,catalogue,high,False,,unique,,clean
K-73039IN-CL-CP,Rain Duet Edge™,Rain Duet Edge™,rain-duet-edge-rainhead,rainhead,bathroom,showering,rainhead,Round 254mm single function Katalyst™ rainhead in polished chrome,,14050.0,INR,True,,CP,polished chrome,,,,,,,,,,,,,,,,not_specified,,,,,,,,,,,,,,,,,,,,,,,,,,,,,,,,,,,K-16346IN-CP/; K-16347IN-CP/K-11623IN-CP,,,,False,,,,False,,kohler-india-pricebook-2026-june,KOHLER India Price Book 2026 June Edition,2026,June Edition,59,catalogue,high,False,,unique,,clean
K-38973IN-CP,Pristine,Pristine,pristine-rainhead,rainhead,bathroom,showering,rainhead,Square 254mm single function filtered rainhead in polished chrome,,12500.0,INR,True,,CP,polished chrome,,,,,,,,,,,,,,,,not_specified,,,,,,,,,,,,,,,,,,,,,,,,,,,,,,,,,,,K-16346IN-CP/K-16347IN-CP,,,,False,,,,False,,kohler-india-pricebook-2026-june,KOHLER India Price Book 2026 June Edition,2026,June Edition,59,catalogue,high,False,,unique,,clean
K-39507IN-CP,Rain Duet™,Rain Duet™,rain-duet-rainhead,rainhead,bathroom,showering,rainhead,Round 254mm single function anti drip rainhead in polished chrome,,12000.0,INR,True,,CP,polished chrome,,,,,,,,,,,,,,,,not_specified,,,,,,,,,,,,,,,,,,,,,,,,,,,,,,,,,,,K-16346IN-CP/K-16347IN-CP,,,,False,,,,False,,kohler-india-pricebook-2026-june,KOHLER India Price Book 2026 June Edition,2026,June Edition,59,catalogue,high,False,,unique,,clean
K-73038IN-CL-CP,Rain Duet Edge™,Rain Duet Edge™,rain-duet-edge-rainhead,rainhead,bathroom,showering,rainhead,Square 203mm single function Katalyst™ rainhead in polished chrome,,10900.0,INR,True,,CP,polished chrome,,,,,,,,,,,,,,,,not_specified,,,,,,,,,,,,,,,,,,,,,,,,,,,,,,,,,,,K-20138IN-CP/K-20137IN-CP,,,,False,,,,False,,kohler-india-pricebook-2026-june,KOHLER India Price Book 2026 June Edition,2026,June Edition,59,catalogue,high,False,,unique,,clean
K-73037IN-CL-CP,Rain Duet Edge™,Rain Duet Edge™,rain-duet-edge-rainhead,rainhead,bathroom,showering,rainhead,Round 203mm single function Katalyst™ rainhead in polished chrome,,9900.0,INR,True,,CP,polished chrome,,,,,,,,,,,,,,,,not_specified,,,,,,,,,,,,,,,,,,,,,,,,,,,,,,,,,,,K-16346IN-CP/; K-16347IN-CP/K-11623IN-CP,,,,False,,,,False,,kohler-india-pricebook-2026-june,KOHLER India Price Book 2026 June Edition,2026,June Edition,59,catalogue,high,False,,unique,,clean
K-26290IN-CP,Statement™,Statement™,statement-showerhead,showerhead,bathroom,showering,showerhead,Oblong 202mm three function showerhead in polished chrome,,8300.0,INR,True,,CP,polished chrome,,,,,,,,,,,,,,,,not_specified,,,,,,,,,,,,,,,,,,,,,,,,,,,,,,,,,,,K-26318IN-CP,,,,False,,,,False,,kohler-india-pricebook-2026-june,KOHLER India Price Book 2026 June Edition,2026,June Edition,59,catalogue,high,False,,unique,,clean
K-38972IN-CP,Pristine,Pristine,pristine-showerhead,showerhead,bathroom,showering,showerhead,Square 203mm single function filtered showerhead in polished chrome,,6500.0,INR,True,,CP,polished chrome,,,,,,,,,,,,,,,,not_specified,,,,,,,,,,,,,,,,,,,,,,,,,,,,,,,,,,,K-99054IN-CP,,,,False,,,,False,,kohler-india-pricebook-2026-june,KOHLER India Price Book 2026 June Edition,2026,June Edition,59,catalogue,high,False,,unique,,clean
K-72425IN-CP,Awaken™,Awaken™,awaken-showerhead,showerhead,bathroom,showering,showerhead,Round organic 117mm three function showerhead in polished chrome,,6250.0,INR,True,,CP,polished chrome,,,,,,,,,,,,,,,,not_specified,,,,,,,,,,,,,,,,,,,,,,,,,,,,,,,,,,,K-99054IN-CP,,,,False,,,,False,,kohler-india-pricebook-2026-june,KOHLER India Price Book 2026 June Edition,2026,June Edition,60,catalogue,high,False,,unique,,clean
K-22645IN-CP,Parallel,Parallel,parallel-showerhead,showerhead,bathroom,showering,showerhead,Square 127mm single function showerhead with shower arm and flange in polished chrome,,4400.0,INR,True,,CP,polished chrome,,,,,,,,,,,,,,,,not_specified,,,,,,,,,,,,,,,,,,,,,,,,,,,,,,,,,,,,,,,False,,,,False,,kohler-india-pricebook-2026-june,KOHLER India Price Book 2026 June Edition,2026,June Edition,60,catalogue,high,False,,unique,,clean
K-39505IN-CP,Rain Duet™,Rain Duet™,rain-duet-showerhead,showerhead,bathroom,showering,showerhead,Round 110mm five function showerhead in polished chrome,,4000.0,INR,True,,CP,polished chrome,,,,,,,,,,,,,,,,not_specified,,,,,,,,,,,,,,,,,,,,,,,,,,,,,,,,,,,K-99054IN-CP,,,,False,,,,False,,kohler-india-pricebook-2026-june,KOHLER India Price Book 2026 June Edition,2026,June Edition,60,catalogue,high,False,,unique,,clean
K-36211IN-CP,APT™ Wide,APT™ Wide,apt-wide-showerhead,showerhead,bathroom,showering,showerhead,Rectangle 181mm x 141mm single function showerhead in polished chrome,,3830.0,INR,True,,CP,polished chrome,,,,,,,,,,,,,,,,not_specified,,,,,,,,,,,,,,,,,,,,,,,,,,,,,,,,,,,K-99054IN-CP,,,,False,,,,False,,kohler-india-pricebook-2026-june,KOHLER India Price Book 2026 June Edition,2026,June Edition,60,catalogue,high,False,,unique,,clean
K-34050IN-CP,APT™ Square,APT™ Square,apt-square-showerhead,showerhead,bathroom,showering,showerhead,Square 152mm single function showerhead in polished chrome,,3620.0,INR,True,,CP,polished chrome,,,,,,,,,,,,,,,,not_specified,,,,,,,,,,,,,,,,,,,,,,,,,,,,,,,,,,,K-99054IN-CP,,,,False,,,,False,,kohler-india-pricebook-2026-june,KOHLER India Price Book 2026 June Edition,2026,June Edition,60,catalogue,high,False,,unique,,clean
K-34042IN-CP,APT™ Round,APT™ Round,apt-round-showerhead,showerhead,bathroom,showering,showerhead,Round 130mm single function showerhead in polished chrome,,2890.0,INR,True,,CP,polished chrome,,,,,,,,,,,,,,,,not_specified,,,,,,,,,,,,,,,,,,,,,,,,,,,,,,,,,,,K-99054IN-CP,,,,False,,,,False,,kohler-india-pricebook-2026-june,KOHLER India Price Book 2026 June Edition,2026,June Edition,60,catalogue,high,False,,unique,,clean
K-16356IN-A-CP,Complementary™,Complementary™,complementary-showerhead,showerhead,bathroom,showering,showerhead,Round 130mm single function showerhead with shower arm and flange in polished chrome,,2730.0,INR,True,,CP,polished chrome,,,,,,,,,,,,,,,,not_specified,,,,,,,,,,,,,,,,,,,,,,,,,,,,,,,,,,,,,,,False,,,,False,,kohler-india-pricebook-2026-june,KOHLER India Price Book 2026 June Edition,2026,June Edition,60,catalogue,high,False,,unique,,clean
K-34098IN-CP,Radiance™,Radiance™,radiance-diverter,diverter,bathroom,showering,diverter,Shoulder shower unit with diverter in polished chrome,,18500.0,INR,True,,CP,polished chrome,,,,,,,,,,,,,,,,not_specified,,,,,,,,,,,,,,,,,,,,,,,,,,,,,,,,,,,,,,,False,,,,False,,kohler-india-pricebook-2026-june,KOHLER India Price Book 2026 June Edition,2026,June Edition,60,catalogue,high,False,,unique,,clean
K-34099IN-CP,Radiance™,Radiance™,radiance-diverter,diverter,bathroom,showering,diverter,Shoulder shower unit without diverter in polished chrome,,18500.0,INR,True,,CP,polished chrome,,,,,,,,,,,,,,,,not_specified,,,,,,,,,,,,,,,,,,,,,,,,,,,,,,,,,,,,,,,False,,,,False,,kohler-india-pricebook-2026-june,KOHLER India Price Book 2026 June Edition,2026,June Edition,60,catalogue,high,False,,unique,,clean
K-26300IN-CP,Statement™,Statement™,,,bathroom,showering,,Oblong Vichy body spray in polished chrome,,18900.0,INR,True,,CP,polished chrome,,,,,,,,,,,,,,,,not_specified,,,,,,,,,,,,,,,,,,,,,,,,,,,,,,,,,,,,,,,False,,,,False,,kohler-india-pricebook-2026-june,KOHLER India Price Book 2026 June Edition,2026,June Edition,60,catalogue,high,False,,unique,,clean
K-8002IN-CP,Watertile®,Watertile®,,,bathroom,showering,,Square 54-nozzle body spray in polished chrome,,13500.0,INR,True,,CP,polished chrome,,,,,,,,,,,,,,,,not_specified,,,,,,,,,,,,,,,,,,,,,,,,,,,,,,,,,,,,,,,False,,,,False,,kohler-india-pricebook-2026-june,KOHLER India Price Book 2026 June Edition,2026,June Edition,60,catalogue,high,False,,unique,,clean
K-26299IN-CP,Statement™,Statement™,,,bathroom,showering,,Round deep massage body spray in polished chrome,,10700.0,INR,True,,CP,polished chrome,,,,,,,,,,,,,,,,not_specified,,,,,,,,,,,,,,,,,,,,,,,,,,,,,,,,,,,,,,,False,,,,False,,kohler-india-pricebook-2026-june,KOHLER India Price Book 2026 June Edition,2026,June Edition,60,catalogue,high,False,,unique,,clean
K-28694IN-CP,Statement™,Statement™,statement-hand_shower,hand_shower,bathroom,showering,hand_shower,Round three-function hand shower with hose with WaterMind™ technology in polished chrome,,12900.0,INR,True,,CP,polished chrome,,,,,,,,,,,,,,,,not_specified,,,,,,,,,,,,,,,,,,,,,,,,,,,,,,,,,,,K-9038IN-CP/K-9040IN-CP,,,,False,,,,False,,kohler-india-pricebook-2026-june,KOHLER India Price Book 2026 June Edition,2026,June Edition,61,catalogue,high,False,,unique,,clean
K-28695IN-CP,Statement™,Statement™,statement-hand_shower,hand_shower,bathroom,showering,hand_shower,Oblong three-function hand shower with hose with WaterMind™ technology in polished chrome,,10600.0,INR,True,,CP,polished chrome,,,,,,,,,,,,,,,,not_specified,,,,,,,,,,,,,,,,,,,,,,,,,,,,,,,,,,,K-9038IN-CP/K-9040IN-CP,,,,False,,,,False,,kohler-india-pricebook-2026-june,KOHLER India Price Book 2026 June Edition,2026,June Edition,61,catalogue,high,False,,unique,,clean
K-97009IN-CP,Rain Duet™,Rain Duet™,rain-duet-hand_shower,hand_shower,bathroom,showering,hand_shower,Square three-function hand shower without hose in polished chrome,,10400.0,INR,True,,CP,polished chrome,,,,,,,,,,,,,,,,not_specified,,,,,,,,,,,,,,,,,,,,,,,,,,,,,,,,,,,K-12067IN-CP/K-831727-U-CP,,,,False,,,,False,,kohler-india-pricebook-2026-june,KOHLER India Price Book 2026 June Edition,2026,June Edition,61,catalogue,high,False,,unique,,clean
K-39502IN-CP,Rain Duet™,Rain Duet™,rain-duet-hand_shower,hand_shower,bathroom,showering,hand_shower,Round three-function hand shower with purge without hose in polished chrome,,8000.0,INR,True,,CP,polished chrome,,,,,,,,,,,,,,,,not_specified,,,,,,,,,,,,,,,,,,,,,,,,,,,,,,,,,,,K-12067IN-CP/K-831727-U-CP,,,,False,,,,False,,kohler-india-pricebook-2026-june,KOHLER India Price Book 2026 June Edition,2026,June Edition,61,catalogue,high,False,,unique,,clean
K-72421IN-CP,Awaken™,Awaken™,awaken-hand_shower,hand_shower,bathroom,showering,hand_shower,Round organic three-function hand shower with hose in polished chrome,,6500.0,INR,True,,CP,polished chrome,,,,,,,,,,,,,,,,not_specified,,,,,,,,,,,,,,,,,,,,,,,,,,,,,,,,,,,K-9038IN-CP/K-9040IN-CP,,,,False,,,,False,,kohler-india-pricebook-2026-june,KOHLER India Price Book 2026 June Edition,2026,June Edition,61,catalogue,high,False,,unique,,clean
K-98445IN-CP,Spatula,Spatula,spatula-hand_shower,hand_shower,bathroom,showering,hand_shower,Square single function large hand shower with hose in polished chrome,,6600.0,INR,True,,CP,polished chrome,,,,,,,,,,,,,,,,not_specified,,,,,,,,,,,,,,,,,,,,,,,,,,,,,,,,,,,K-9038IN-CP/K-9040IN-CP,,,,False,,,,False,,kohler-india-pricebook-2026-june,KOHLER India Price Book 2026 June Edition,2026,June Edition,61,catalogue,high,False,,unique,,clean
K-98444IN-CP,Spatula,Spatula,spatula-hand_shower,hand_shower,bathroom,showering,hand_shower,Square single function small hand shower with hose in polished chrome,,5500.0,INR,True,,CP,polished chrome,,,,,,,,,,,,,,,,not_specified,,,,,,,,,,,,,,,,,,,,,,,,,,,,,,,,,,,K-9038IN-CP/K-9040IN-CP,,,,False,,,,False,,kohler-india-pricebook-2026-june,KOHLER India Price Book 2026 June Edition,2026,June Edition,62,catalogue,medium,True,,unique,,review_required
K-16359IN-A-CP,Complementary™,Complementary™,complementary-hand_shower,hand_shower,bathroom,showering,hand_shower,Round single function hand shower with hose in polished chrome,,2760.0,INR,True,,CP,polished chrome,,,,,,,,,,,,,,,,not_specified,,,,,,,,,,,,,,,,,,,,,,,,,,,,,,,,,,,K-9038IN-CP/K-9040IN-CP,,,,False,,,,False,,kohler-india-pricebook-2026-june,KOHLER India Price Book 2026 June Edition,2026,June Edition,62,catalogue,medium,True,,unique,,review_required
K-30318IN-CP,Soundtiles® Shower Speakers & Amplifier,Soundtiles® Shower Speakers & Amplifier,,,bathroom,showering,,Soundtile® speakers - pair in polished chrome,,53600.0,INR,True,,CP,polished chrome,,,,,,,,,,,,,,,,not_specified,,,,,,,,,,,,,,,,,,,,,,,,,,,,,,,,,,,K-30319IN-NA,,,,False,,,,False,,kohler-india-pricebook-2026-june,KOHLER India Price Book 2026 June Edition,2026,June Edition,62,catalogue,medium,False,,unique,,clean
K-30319IN-NA,Soundtiles® Shower Speakers & Amplifier,Soundtiles® Shower Speakers & Amplifier,,,bathroom,showering,,Audio amplifier with bluetooth,,68300.0,INR,True,,,,,,,,,,,,,,,,,,,not_specified,,,,,,,,,,,,,,,,,,,,,,,,,,,,,,,,,,,K-30318IN-CP,,,,False,,,,False,,kohler-india-pricebook-2026-june,KOHLER India Price Book 2026 June Edition,2026,June Edition,62,catalogue,medium,False,,unique,,clean
K-28212IN-NA,Anthem™,Anthem™,,,bathroom,showering,,Digital 6 outlet thermostatic valve,,248300.0,INR,True,,,,,,,,,,,,,,,,,,,not_specified,,,,,,,,,,,,,,,,,,,,,,,,,,,,,,,,,,,K-28214-BL/K-28214-ASC-BL,,,,False,,,,False,,kohler-india-pricebook-2026-june,KOHLER India Price Book 2026 June Edition,2026,June Edition,62,catalogue,medium,True,,unique,,review_required
K-28211IN-NA,Anthem™,Anthem™,,,bathroom,showering,,Digital 4 outlet thermostatic valve,,193200.0,INR,True,,,,,,,,,,,,,,,,,,,not_specified,,,,,,,,,,,,,,,,,,,,,,,,,,,,,,,,,,,K-28214-BL,,,,False,,,,False,,kohler-india-pricebook-2026-june,KOHLER India Price Book 2026 June Edition,2026,June Edition,62,catalogue,medium,False,,unique,,clean
K-27756IN-NA,Anthem+™,Anthem+™,,,bathroom,showering,,System controller module,,169600.0,INR,True,,,,,,,,,,,,,,,,,,,not_specified,,,,,,,,,,,,,,,,,,,,,,,,,,,,,,,,,,,,,,,False,,,,False,,kohler-india-pricebook-2026-june,KOHLER India Price Book 2026 June Edition,2026,June Edition,62,catalogue,medium,False,,unique,,clean
K-28214-ASC-BL,Anthem+™,Anthem+™,,,bathroom,showering,,2-12 outlet digital control Interface in matte black,,159100.0,INR,True,,BL,matte black,,,,,,,,,,,,,,,,not_specified,,,,,,,,,,,,,,,,,,,,,,,,,,,,,,,,,,,K-28212IN-NA/; K-28211IN-NA,,,,False,,,,False,,kohler-india-pricebook-2026-june,KOHLER India Price Book 2026 June Edition,2026,June Edition,62,catalogue,medium,True,,repeated_same_sku,K-28214-ASC-BL,review_required
K-28214-BL,Anthem™,Anthem™,,,bathroom,showering,,2-6 outlet digital control interface in matte black,,128100.0,INR,True,,BL,matte black,,,,,,,,,,,,,,,,not_specified,,,,,,,,,,,,,,,,,,,,,,,,,,,,,,,,,,,K-28212IN-NA/; K-28211IN-NA,,,,False,,,,False,,kohler-india-pricebook-2026-june,KOHLER India Price Book 2026 June Edition,2026,June Edition,62,catalogue,medium,True,,unique,,review_required
K-26350IN-9-CP,Anthem™,Anthem™,anthem-shower_trim,shower_trim,bathroom,showering,shower_trim,Recessed thermostatic mechanical 6 outlet trim in polished chrome,,140200.0,INR,True,,CP,polished chrome,,,,,,,,,,,,,,,,not_specified,,,,,,,,,,,,,,,,,,,,,,,,,,,,,,,,,,,K-26344IN-NA,,,,False,,,,False,,kohler-india-pricebook-2026-june,KOHLER India Price Book 2026 June Edition,2026,June Edition,62,catalogue,medium,False,,unique,,clean
K-26349T-9-CP/EX26349T-9-CP,Anthem™,Anthem™,anthem-shower_trim,shower_trim,bathroom,showering,shower_trim,Recessed thermostatic mechanical 5 outlet trim in polished chrome,,122400.0,INR,True,,CP,polished chrome,,,,,,,,,,,,,,,,not_specified,,,,,,,,,,,,,,,,,,,,,,,,,,,,,,,,,,,K-26343T-NA,,,,False,,,,False,,kohler-india-pricebook-2026-june,KOHLER India Price Book 2026 June Edition,2026,June Edition,62,catalogue,medium,False,,valid_composite_printed_code,,clean
K-26348IN-9-CP,Anthem™,Anthem™,anthem-shower_trim,shower_trim,bathroom,showering,shower_trim,Recessed thermostatic mechanical 4 outlet trim in polished chrome,,93500.0,INR,True,,CP,polished chrome,,,,,,,,,,,,,,,,not_specified,,,,,,,,,,,,,,,,,,,,,,,,,,,,,,,,,,,K-26342IN-NA,,,,False,,,,False,,kohler-india-pricebook-2026-june,KOHLER India Price Book 2026 June Edition,2026,June Edition,63,catalogue,high,False,,unique,,clean
K-26347IN-9-CP,Anthem™,Anthem™,anthem-shower_trim,shower_trim,bathroom,showering,shower_trim,Recessed thermostatic mechanical 3 outlet trim in polished chrome,,46700.0,INR,True,,CP,polished chrome,,,,,,,,,,,,,,,,not_specified,,,,,,,,,,,,,,,,,,,,,,,,,,,,,,,,,,,K-26341IN-NA,,,,False,,,,False,,kohler-india-pricebook-2026-june,KOHLER India Price Book 2026 June Edition,2026,June Edition,63,catalogue,high,False,,unique,,clean
K-26344IN-NA,Anthem™,Anthem™,,,bathroom,showering,,Recessed mechanical thermostatic 6 outlet valve,,105000.0,INR,True,,,,,,,,,,,,,,,,,,,not_specified,,,,,,,,,,,,,,,,,,,,,,,,,,,,,,,,,,,K-26350IN-9-CP,,,,False,,,,False,,kohler-india-pricebook-2026-june,KOHLER India Price Book 2026 June Edition,2026,June Edition,63,catalogue,high,False,,unique,,clean
K-26343T-NA,Anthem™,Anthem™,,,bathroom,showering,,Recessed mechanical thermostatic 5 outlet valve,,94700.0,INR,True,,,,,,,,,,,,,,,,,,,not_specified,,,,,,,,,,,,,,,,,,,,,,,,,,,,,,,,,,,EX26349T-9-CP/K-26349T-9-CP; K-26349W-9-BV,,,,False,,,,False,,kohler-india-pricebook-2026-june,KOHLER India Price Book 2026 June Edition,2026,June Edition,63,catalogue,high,False,,unique,,clean
K-26342IN-NA,Anthem™,Anthem™,,,bathroom,showering,,Recessed mechanical thermostatic 4 outlet valve,,81400.0,INR,True,,,,,,,,,,,,,,,,,,,not_specified,,,,,,,,,,,,,,,,,,,,,,,,,,,,,,,,,,,K-26348IN-9-CP,,,,False,,,,False,,kohler-india-pricebook-2026-june,KOHLER India Price Book 2026 June Edition,2026,June Edition,63,catalogue,high,False,,unique,,clean
K-26341IN-NA,Anthem™,Anthem™,,,bathroom,showering,,Recessed mechanical thermostatic 3 outlet valve,,58300.0,INR,True,,,,,,,,,,,,,,,,,,,not_specified,,,,,,,,,,,,,,,,,,,,,,,,,,,,,,,,,,,K-26347IN-9-CP,,,,False,,,,False,,kohler-india-pricebook-2026-june,KOHLER India Price Book 2026 June Edition,2026,June Edition,63,catalogue,high,False,,unique,,clean
K-20740IN-A-NA,Autosense 235+,Autosense 235+,,,bathroom,showering,,Mechanical thermostatic 2 outlet valve,,15300.0,INR,True,,,,,,,,,,,,,,,,,,,not_specified,,,,,,,,,,,,,,,,,,,,,,,,,,,,,,,,,,,,,,,False,,,,False,,kohler-india-pricebook-2026-june,KOHLER India Price Book 2026 June Edition,2026,June Edition,63,catalogue,high,False,,unique,,clean
K-25761IN-9-CP,ModernLife Edge™,ModernLife Edge™,modernlife-edge-shower_trim,shower_trim,bathroom,showering,shower_trim,Thermostatic recessed bath & shower autosense 235+ trim in polished chrome,,18000.0,INR,True,,CP,polished chrome,,,,,,,,,,,,,,,,not_specified,,,,,,,,,,,,,,,,,,,,,,,,,,,,,,,,,,,K-20740IN-A-NA,,,,False,,,,False,,kohler-india-pricebook-2026-june,KOHLER India Price Book 2026 June Edition,2026,June Edition,63,catalogue,high,False,,repeated_same_sku,K-25761IN-9-CP,clean
K-20742IN-9FP-CP,Autosense 235+,Autosense 235+,autosense-235-shower_trim,shower_trim,bathroom,showering,shower_trim,Thermostatic recessed bath & shower autosense 235+ square trim in polished chrome,,12700.0,INR,True,,CP,polished chrome,,,,,,,,,,,,,,,,not_specified,,,,,,,,,,,,,,,,,,,,,,,,,,,,,,,,,,,K-20740IN-A-NA,,,,False,,,,False,,kohler-india-pricebook-2026-june,KOHLER India Price Book 2026 June Edition,2026,June Edition,63,catalogue,high,False,,unique,,clean
K-24431IN-9FP-CP,Autosense 235+,Autosense 235+,autosense-235-shower_trim,shower_trim,bathroom,showering,shower_trim,Thermostatic recessed bath & shower autosense 235+ universal trim in polished chrome,,12150.0,INR,True,,CP,polished chrome,,,,,,,,,,,,,,,,not_specified,,,,,,,,,,,,,,,,,,,,,,,,,,,,,,,,,,,K-20740IN-A-NA,,,,False,,,,False,,kohler-india-pricebook-2026-june,KOHLER India Price Book 2026 June Edition,2026,June Edition,63,catalogue,high,False,,unique,,clean
K-99924IN-CP,Aqua Turbo 360,Aqua Turbo 360,,,bathroom,showering,,Manual 3 outlet valve in polished chrome,,15800.0,INR,True,,CP,polished chrome,,,,,,,,,,,,,,,,not_specified,,,,,,,,,,,,,,,,,,,,,,,,,,,,,,,,,,,,,,,False,,,,False,,kohler-india-pricebook-2026-june,KOHLER India Price Book 2026 June Edition,2026,June Edition,63,catalogue,high,False,,unique,,clean
K-882IN-NA,Aqua Turbo 235,Aqua Turbo 235,,,bathroom,showering,,Manual 2 outlet valve flexi finish,,5460.0,INR,True,,,,,,,,,,,,,,,,,,,not_specified,,,,,,,,,,,,,,,,,,,,,,,,,,,,,,,,,,,,,,,False,,,,False,,kohler-india-pricebook-2026-june,KOHLER India Price Book 2026 June Edition,2026,June Edition,64,catalogue,high,False,,unique,,clean
K-75201IN-CP,Aqua Turbo 230,Aqua Turbo 230,,,bathroom,showering,,Manual 2 outlet valve in polished chrome,,4480.0,INR,True,,CP,polished chrome,,,,,,,,,,,,,,,,not_specified,,,,,,,,,,,,,,,,,,,,,,,,,,,,,,,,,,,,,,,False,,,,False,,kohler-india-pricebook-2026-june,KOHLER India Price Book 2026 June Edition,2026,June Edition,64,catalogue,high,False,,unique,,clean
K-99925IN-4FP-CP,Aqua Turbo 360,Aqua Turbo 360,,,bathroom,showering,,square trim in polished chrome,,11550.0,INR,True,,CP,polished chrome,,,,,,,,,,,,,,,,not_specified,,,,,,,,,,,,,,,,,,,,,,,,,,,,,,,,,,,K-99924IN-CP,,,,False,,,,False,,kohler-india-pricebook-2026-june,KOHLER India Price Book 2026 June Edition,2026,June Edition,64,catalogue,high,False,,unique,,clean
K-5679IN-NA,Wall Mount Valve,Wall Mount Valve,,,bathroom,showering,,Flexi finish wall mount faucet valve,,4600.0,INR,True,,,,,,,,,,,,,,,,,,,not_specified,,,,,,,,,,,,,,,,,,,,,,,,,,,,,,,,,,,,,,,False,,,,False,,kohler-india-pricebook-2026-june,KOHLER India Price Book 2026 June Edition,2026,June Edition,64,catalogue,high,False,,unique,,clean
K-25150IN-NA,Wall Mount Valve,Wall Mount Valve,,,bathroom,showering,,Single-control wall mount valve,,4080.0,INR,True,,,,,,,,,,,,,,,,,,,not_specified,,,,,,,,,,,,,,,,,,,,,,,,,,,,,,,,,,,,,,,False,,,,False,,kohler-india-pricebook-2026-june,KOHLER India Price Book 2026 June Edition,2026,June Edition,64,catalogue,high,False,,unique,,clean
K-25149IN-NA,Wall Mount Valve,Wall Mount Valve,,,bathroom,showering,,Wall mount cold only valve,,2040.0,INR,True,,,,,,,,,,,,,,,,,,,not_specified,,,,,,,,,,,,,,,,,,,,,,,,,,,,,,,,,,,,,,,False,,,,False,,kohler-india-pricebook-2026-june,KOHLER India Price Book 2026 June Edition,2026,June Edition,64,catalogue,high,False,,unique,,clean
K-34080IN-4-CP,Wall Mount Valve,Wall Mount Valve,,,bathroom,showering,,Bath & Shower Valve APT™ non-thermostatic bath and shower valve in polished chrome,,8670.0,INR,True,,CP,polished chrome,,,,,,,,,,,,,,,,not_specified,,,,,,,,,,,,,,,,,,,,,,,,,,,,,,,,,,,,,,,False,,,,False,,kohler-india-pricebook-2026-june,KOHLER India Price Book 2026 June Edition,2026,June Edition,64,catalogue,high,False,,unique,,clean
K-26326T-CP,Statement™,Statement™,statement-rainhead,rainhead,bathroom,showering,rainhead,254mm multifunction ceiling mount rainhead arm in polished chrome,,20300.0,INR,True,,CP,polished chrome,,,,,,,,,,,,,,,,not_specified,,,,,,,,,,,,,,,,,,,,,,,,,,,,,,,,,,,,,,,False,,,,False,,kohler-india-pricebook-2026-june,KOHLER India Price Book 2026 June Edition,2026,June Edition,64,catalogue,high,False,,unique,,clean
K-26324IN-CP,Statement™,Statement™,statement-rainhead,rainhead,bathroom,showering,rainhead,482mm dual function wall mount rainhead arm in polished chrome,,20300.0,INR,True,,CP,polished chrome,,,,,,,,,,,,,,,,not_specified,,,,,,,,,,,,,,,,,,,,,,,,,,,,,,,,,,,,,,,False,,,,False,,kohler-india-pricebook-2026-june,KOHLER India Price Book 2026 June Edition,2026,June Edition,64,catalogue,high,False,,unique,,clean
K-22310IN-CP,ModernLife™,ModernLife™,modernlife-shower_arm,shower_arm,bathroom,showering,shower_arm,Ceiling mount multifunction shower arm in polished chrome,,19250.0,INR,True,,CP,polished chrome,,,,,,,,,,,,,,,,not_specified,,,,,,,,,,,,,,,,,,,,,,,,,,,,,,,,,,,,,,,False,,,,False,,kohler-india-pricebook-2026-june,KOHLER India Price Book 2026 June Edition,2026,June Edition,64,catalogue,high,False,,unique,,clean
K-22308IN-CP,ModernLife™,ModernLife™,modernlife-shower_arm,shower_arm,bathroom,showering,shower_arm,Wall mount shower arm (dual flow) in polished chrome,,19250.0,INR,True,,CP,polished chrome,,,,,,,,,,,,,,,,not_specified,,,,,,,,,,,,,,,,,,,,,,,,,,,,,,,,,,,,,,,False,,,,False,,kohler-india-pricebook-2026-june,KOHLER India Price Book 2026 June Edition,2026,June Edition,64,catalogue,high,False,,unique,,clean
K-20137IN-CP,Complementary™,Complementary™,complementary-shower_arm,shower_arm,bathroom,showering,shower_arm,Square ceiling mount shower arm in polished chrome,,6250.0,INR,True,,CP,polished chrome,,,,,,,,,,,,,,,,not_specified,,,,,,,,,,,,,,,,,,,,,,,,,,,,,,,,,,,,,,,False,,,,False,,kohler-india-pricebook-2026-june,KOHLER India Price Book 2026 June Edition,2026,June Edition,65,catalogue,high,False,,unique,,clean
K-20138IN-CP,Complementary™,Complementary™,complementary-shower_arm,shower_arm,bathroom,showering,shower_arm,Square wall mount shower arm in polished chrome,,6250.0,INR,True,,CP,polished chrome,,,,,,,,,,,,,,,,not_specified,,,,,,,,,,,,,,,,,,,,,,,,,,,,,,,,,,,,,,,False,,,,False,,kohler-india-pricebook-2026-june,KOHLER India Price Book 2026 June Edition,2026,June Edition,65,catalogue,high,False,,unique,,clean
K-16346IN-CP,Mastershower™,Mastershower™,mastershower-shower_arm,shower_arm,bathroom,showering,shower_arm,Wall mount elbow shower arm in polished chrome,,4450.0,INR,True,,CP,polished chrome,,,,,,,,,,,,,,,,not_specified,,,,,,,,,,,,,,,,,,,,,,,,,,,,,,,,,,,,,,,False,,,,False,,kohler-india-pricebook-2026-june,KOHLER India Price Book 2026 June Edition,2026,June Edition,65,catalogue,high,False,,unique,,clean
K-16347IN-CP,Mastershower™,Mastershower™,mastershower-shower_arm,shower_arm,bathroom,showering,shower_arm,Ceiling mount shower arm in polished chrome,,4450.0,INR,True,,CP,polished chrome,,,,,,,,,,,,,,,,not_specified,,,,,,,,,,,,,,,,,,,,,,,,,,,,,,,,,,,,,,,False,,,,False,,kohler-india-pricebook-2026-june,KOHLER India Price Book 2026 June Edition,2026,June Edition,65,catalogue,high,False,,unique,,clean
K-26318IN-CP,Statement™,Statement™,statement-showerhead,showerhead,bathroom,showering,showerhead,Wall mount showerhead arm in polished chrome,,3450.0,INR,True,,CP,polished chrome,,,,,,,,,,,,,,,,not_specified,,,,,,,,,,,,,,,,,,,,,,,,,,,,,,,,,,,,,,,False,,,,False,,kohler-india-pricebook-2026-june,KOHLER India Price Book 2026 June Edition,2026,June Edition,65,catalogue,high,False,,unique,,clean
K-11623IN-CP,Rainforest™,Rainforest™,rainforest-shower_arm,shower_arm,bathroom,showering,shower_arm,127mm ceiling mount shower arm in polished chrome,,3200.0,INR,True,,CP,polished chrome,,,,,,,,,,,,,,,,not_specified,,,,,,,,,,,,,,,,,,,,,,,,,,,,,,,,,,,,,,,False,,,,False,,kohler-india-pricebook-2026-june,KOHLER India Price Book 2026 June Edition,2026,June Edition,65,catalogue,high,False,,unique,,clean
K-99054IN-CP,Complementary™,Complementary™,complementary-shower_arm,shower_arm,bathroom,showering,shower_arm,Shower arm with escutcheon in polished chrome,,1030.0,INR,True,,CP,polished chrome,,,,,,,,,,,,,,,,not_specified,,,,,,,,,,,,,,,,,,,,,,,,,,,,,,,,,,,,,,,False,,,,False,,kohler-india-pricebook-2026-june,KOHLER India Price Book 2026 June Edition,2026,June Edition,65,catalogue,high,False,,unique,,clean
K-16381IN-CP,Complementary™,Complementary™,,,bathroom,showering,,Wall supply elbow in polished chrome,,4450.0,INR,True,,CP,polished chrome,,,,,,,,,,,,,,,,not_specified,,,,,,,,,,,,,,,,,,,,,,,,,,,,,,,,,,,,,,,False,,,,False,,kohler-india-pricebook-2026-june,KOHLER India Price Book 2026 June Edition,2026,June Edition,65,catalogue,high,False,,unique,,clean
K-72740IN-CP,Rainjoy,Rainjoy,,,bathroom,showering,,60mm slidebar in polished chrome,,4050.0,INR,True,,CP,polished chrome,,,,,,,,,,,,,,,,not_specified,,,,,,,,,,,,,,,,,,,,,,,,,,,,,,,,,,,,,,,False,,,,False,,kohler-india-pricebook-2026-june,KOHLER India Price Book 2026 June Edition,2026,June Edition,65,catalogue,high,False,,unique,,clean
K-12067IN-CP,Complementary™,Complementary™,complementary-hand_shower,hand_shower,bathroom,showering,hand_shower,Hand shower hose in polished chrome,,2160.0,INR,True,,CP,polished chrome,,,,,,,,,,,,,,,,not_specified,,,,,,,,,,,,,,,,,,,,,,,,,,,,,,,,,,,,,,,False,,,,False,,kohler-india-pricebook-2026-june,KOHLER India Price Book 2026 June Edition,2026,June Edition,65,catalogue,high,False,,unique,,clean
K-9038IN-CP,Complementary™,Complementary™,complementary-hand_shower,hand_shower,bathroom,showering,hand_shower,Hand shower bracket in polished chrome,,1130.0,INR,True,,CP,polished chrome,,,,,,,,,,,,,,,,not_specified,,,,,,,,,,,,,,,,,,,,,,,,,,,,,,,,,,,,,,,False,,,,False,,kohler-india-pricebook-2026-june,KOHLER India Price Book 2026 June Edition,2026,June Edition,65,catalogue,high,False,,unique,,clean
K-9040IN-CP,Complementary™,Complementary™,complementary-hand_shower,hand_shower,bathroom,showering,hand_shower,Hand shower bracket in polished chrome,,980.0,INR,True,,CP,polished chrome,,,,,,,,,,,,,,,,not_specified,,,,,,,,,,,,,,,,,,,,,,,,,,,,,,,,,,,,,,,False,,,,False,,kohler-india-pricebook-2026-june,KOHLER India Price Book 2026 June Edition,2026,June Edition,66,catalogue,medium,False,,unique,,clean
K-25764IN-CP,ModernLife Edge™,ModernLife Edge™,modernlife-edge-bath_spout,bath_spout,bathroom,showering,bath_spout,Bath spout with diverter in polished chrome,,11000.0,INR,True,,CP,polished chrome,,,,,,,,,,,,,,,,not_specified,,,,,,,,,,,,,,,,,,,,,,,,,,,,,,,,,,,,,,,False,,,,False,,kohler-india-pricebook-2026-june,KOHLER India Price Book 2026 June Edition,2026,June Edition,66,catalogue,medium,False,,repeated_same_sku,K-25764IN-CP,clean
K-25765IN-CP,ModernLife Edge™,ModernLife Edge™,modernlife-edge-bath_spout,bath_spout,bathroom,showering,bath_spout,Bath spout without diverter in polished chrome,,9500.0,INR,True,,CP,polished chrome,,,,,,,,,,,,,,,,not_specified,,,,,,,,,,,,,,,,,,,,,,,,,,,,,,,,,,,,,,,False,,,,False,,kohler-india-pricebook-2026-june,KOHLER India Price Book 2026 June Edition,2026,June Edition,66,catalogue,medium,False,,repeated_same_sku,K-25765IN-CP,clean
K-23511IN-CP,Parallel,Parallel,parallel-bath_spout,bath_spout,bathroom,showering,bath_spout,Bath spout with diverter in polished chrome,,8850.0,INR,True,,CP,polished chrome,,,,,,,,,,,,,,,,not_specified,,,,,,,,,,,,,,,,,,,,,,,,,,,,,,,,,,,,,,,False,,,,False,,kohler-india-pricebook-2026-june,KOHLER India Price Book 2026 June Edition,2026,June Edition,66,catalogue,medium,False,,repeated_same_sku,K-23511IN-CP,clean
K-23512IN-CP,Parallel,Parallel,parallel-bath_spout,bath_spout,bathroom,showering,bath_spout,Bath spout without diverter in polished chrome,,7700.0,INR,True,,CP,polished chrome,,,,,,,,,,,,,,,,not_specified,,,,,,,,,,,,,,,,,,,,,,,,,,,,,,,,,,,,,,,False,,,,False,,kohler-india-pricebook-2026-june,KOHLER India Price Book 2026 June Edition,2026,June Edition,66,catalogue,medium,False,,repeated_same_sku,K-23512IN-CP,clean
K-20077IN-CP,Aleo™,Aleo™,aleo-bath_spout,bath_spout,bathroom,showering,bath_spout,Bath spout with diverter in polished chrome,,6850.0,INR,True,,CP,polished chrome,,,,,,,,,,,,,,,,not_specified,,,,,,,,,,,,,,,,,,,,,,,,,,,,,,,,,,,,,,,False,,,,False,,kohler-india-pricebook-2026-june,KOHLER India Price Book 2026 June Edition,2026,June Edition,66,catalogue,medium,False,,repeated_same_sku,K-20077IN-CP,clean
K-23974IN-AA-CP,Vive,Vive,vive-bath_spout,bath_spout,bathroom,showering,bath_spout,Bath spout with diverter in polished chrome,,6250.0,INR,True,,CP,polished chrome,,,,,,,,,,,,,,,,not_specified,,,,,,,,,,,,,,,,,,,,,,,,,,,,,,,,,,,,,,,False,,,,False,,kohler-india-pricebook-2026-june,KOHLER India Price Book 2026 June Edition,2026,June Edition,66,catalogue,medium,False,,repeated_same_sku,K-23974IN-AA-CP,clean
K-22544IN-N-CP,Hone,Hone,hone-bath_spout,bath_spout,bathroom,showering,bath_spout,Bath spout with diverter in polished chrome,,5160.0,INR,True,,CP,polished chrome,,,,,,,,,,,,,,,,not_specified,,,,,,,,,,,,,,,,,,,,,,,,,,,,,,,,,,,,,,,False,,,,False,,kohler-india-pricebook-2026-june,KOHLER India Price Book 2026 June Edition,2026,June Edition,66,catalogue,medium,False,,repeated_same_sku,K-22544IN-N-CP,clean
K-99061IN-CP,Aleo™,Aleo™,aleo-bath_spout,bath_spout,bathroom,showering,bath_spout,Bath spout without diverter in polished chrome,,5300.0,INR,True,,CP,polished chrome,,,,,,,,,,,,,,,,not_specified,,,,,,,,,,,,,,,,,,,,,,,,,,,,,,,,,,,,,,,False,,,,False,,kohler-india-pricebook-2026-june,KOHLER India Price Book 2026 June Edition,2026,June Edition,66,catalogue,medium,False,,repeated_same_sku,K-99061IN-CP,clean
K-38891IN-CP,Fluence™,Fluence™,fluence-bath_spout,bath_spout,bathroom,showering,bath_spout,Bath spout with diverter in polished chrome,,5000.0,INR,True,,CP,polished chrome,,,,,,,,,,,,,,,,not_specified,,,,,,,,,,,,,,,,,,,,,,,,,,,,,,,,,,,,,,,False,,,,False,,kohler-india-pricebook-2026-june,KOHLER India Price Book 2026 June Edition,2026,June Edition,66,catalogue,medium,False,,repeated_same_sku,K-38891IN-CP,clean
K-23973IN-AA-CP,Vive,Vive,vive-bath_spout,bath_spout,bathroom,showering,bath_spout,Bath spout without diverter in polished chrome,,5200.0,INR,True,,CP,polished chrome,,,,,,,,,,,,,,,,not_specified,,,,,,,,,,,,,,,,,,,,,,,,,,,,,,,,,,,,,,,False,,,,False,,kohler-india-pricebook-2026-june,KOHLER India Price Book 2026 June Edition,2026,June Edition,66,catalogue,medium,False,,repeated_same_sku,K-23973IN-AA-CP,clean
K-22543IN-N-CP,Hone,Hone,hone-bath_spout,bath_spout,bathroom,showering,bath_spout,Bath spout without diverter in polished chrome,,4300.0,INR,True,,CP,polished chrome,,,,,,,,,,,,,,,,not_specified,,,,,,,,,,,,,,,,,,,,,,,,,,,,,,,,,,,,,,,False,,,,False,,kohler-india-pricebook-2026-june,KOHLER India Price Book 2026 June Edition,2026,June Edition,66,catalogue,medium,False,,repeated_same_sku,K-22543IN-N-CP,clean
K-27494IN-CP,Fore Arc™,Fore Arc™,fore-arc-bath_spout,bath_spout,bathroom,showering,bath_spout,Bath spout with diverter in polished chrome,,4010.0,INR,True,,CP,polished chrome,,,,,,,,,,,,,,,,not_specified,,,,,,,,,,,,,,,,,,,,,,,,,,,,,,,,,,,,,,,False,,,,False,,kohler-india-pricebook-2026-june,KOHLER India Price Book 2026 June Edition,2026,June Edition,66,catalogue,medium,False,,repeated_same_sku,K-27494IN-CP,clean
K-27493IN-CP,Fore Tri™,Fore Tri™,fore-tri-bath_spout,bath_spout,bathroom,showering,bath_spout,Bath spout with diverter in polished chrome,,4010.0,INR,True,,CP,polished chrome,,,,,,,,,,,,,,,,not_specified,,,,,,,,,,,,,,,,,,,,,,,,,,,,,,,,,,,,,,,False,,,,False,,kohler-india-pricebook-2026-june,KOHLER India Price Book 2026 June Edition,2026,June Edition,66,catalogue,medium,False,,repeated_same_sku,K-27493IN-CP,clean
K-38892IN-CP,Fluence™,Fluence™,fluence-bath_spout,bath_spout,bathroom,showering,bath_spout,Bath spout without diverter in polished chrome,,3870.0,INR,True,,CP,polished chrome,,,,,,,,,,,,,,,,not_specified,,,,,,,,,,,,,,,,,,,,,,,,,,,,,,,,,,,,,,,False,,,,False,,kohler-india-pricebook-2026-june,KOHLER India Price Book 2026 June Edition,2026,June Edition,67,catalogue,high,False,,repeated_same_sku,K-38892IN-CP,clean
K-10386IN-CP,Geometric,Geometric,geometric-bath_spout,bath_spout,bathroom,showering,bath_spout,Bath spout with diverter in polished chrome,,3820.0,INR,True,,CP,polished chrome,,,,,,,,,,,,,,,,not_specified,,,,,,,,,,,,,,,,,,,,,,,,,,,,,,,,,,,,,,,False,,,,False,,kohler-india-pricebook-2026-june,KOHLER India Price Book 2026 June Edition,2026,June Edition,67,catalogue,high,False,,unique,,clean
K-10385IN-CP,Complementary™,Complementary™,complementary-bath_spout,bath_spout,bathroom,showering,bath_spout,Bath spout without diverter in polished chrome,,3280.0,INR,True,,CP,polished chrome,,,,,,,,,,,,,,,,not_specified,,,,,,,,,,,,,,,,,,,,,,,,,,,,,,,,,,,,,,,False,,,,False,,kohler-india-pricebook-2026-june,KOHLER India Price Book 2026 June Edition,2026,June Edition,67,catalogue,high,False,,unique,,clean
K-33074IN-CP,Accliv,Accliv,accliv-bath_spout,bath_spout,bathroom,showering,bath_spout,Bath spout without diverter in polished chrome,,3060.0,INR,True,,CP,polished chrome,,,,,,,,,,,,,,,,not_specified,,,,,,,,,,,,,,,,,,,,,,,,,,,,,,,,,,,,,,,False,,,,False,,kohler-india-pricebook-2026-june,KOHLER India Price Book 2026 June Edition,2026,June Edition,67,catalogue,high,False,,repeated_same_sku,K-33074IN-CP,clean
K-27492IN-CP,Fore Arc™,Fore Arc™,fore-arc-bath_spout,bath_spout,bathroom,showering,bath_spout,Bath spout without diverter in polished chrome,,2780.0,INR,True,,CP,polished chrome,,,,,,,,,,,,,,,,not_specified,,,,,,,,,,,,,,,,,,,,,,,,,,,,,,,,,,,,,,,False,,,,False,,kohler-india-pricebook-2026-june,KOHLER India Price Book 2026 June Edition,2026,June Edition,67,catalogue,high,False,,repeated_same_sku,K-27492IN-CP,clean
K-27490IN-CP,Fore Tri™,Fore Tri™,fore-tri-bath_spout,bath_spout,bathroom,showering,bath_spout,Bath spout without diverter in polished chrome,,2780.0,INR,True,,CP,polished chrome,,,,,,,,,,,,,,,,not_specified,,,,,,,,,,,,,,,,,,,,,,,,,,,,,,,,,,,,,,,False,,,,False,,kohler-india-pricebook-2026-june,KOHLER India Price Book 2026 June Edition,2026,June Edition,67,catalogue,high,False,,repeated_same_sku,K-27490IN-CP,clean
K-26334IN-9-CP,Anthem™,Anthem™,anthem-rainhead,rainhead,bathroom,showering,rainhead,4-way thermostatic valve and bath/shower column with multifunction rainhead and handshower in polished chrome,,197400.0,INR,True,,CP,polished chrome,,,,,,,,,,,,,,,,not_specified,,,,,,,,,,,,,,,,,,,,,,,,,,,,,,,,,,,,,,,False,,,,False,,kohler-india-pricebook-2026-june,KOHLER India Price Book 2026 June Edition,2026,June Edition,67,catalogue,high,False,,unique,,clean
K-99741IN-C9-CP,July™,July™,,,bathroom,showering,,Thermostatic 3-way shower column in polished chrome,,61650.0,INR,True,,CP,polished chrome,,,,,,,,,,,,,,,,not_specified,,,,,,,,,,,,,,,,,,,,,,,,,,,,,,,,,,,,,,,False,,,,False,,kohler-india-pricebook-2026-june,KOHLER India Price Book 2026 June Edition,2026,June Edition,67,catalogue,high,False,,unique,,clean
K-32329-NA,,,,steam_generator,bathroom,steam,steam_generator,Steam Generators Invigoration® series steam generator - 15KW,,373000.0,INR,True,,,,,,,,,,,,,,,,,,,not_specified,,,,,,,,,,,,,,,,,,,,,,,,,,,,,,,,,,,,,,,False,,,,False,,kohler-india-pricebook-2026-june,KOHLER India Price Book 2026 June Edition,2026,June Edition,69,catalogue,high,False,,unique,,clean
K-32328-NA,,,,steam_generator,bathroom,steam,steam_generator,Invigoration® series steam generator - 13 KW,,347000.0,INR,True,,,,,,,,,,,,,,,,,,,not_specified,,,,,,,,,,,,,,,,,,,,,,,,,,,,,,,,,,,,,,,False,,,,False,,kohler-india-pricebook-2026-june,KOHLER India Price Book 2026 June Edition,2026,June Edition,69,catalogue,high,False,,unique,,clean
K-32327-NA,,,,steam_generator,bathroom,steam,steam_generator,Invigoration® series steam generator - 11KW,,238000.0,INR,True,,,,,,,,,,,,,,,,,,,not_specified,,,,,,,,,,,,,,,,,,,,,,,,,,,,,,,,,,,,,,,False,,,,False,,kohler-india-pricebook-2026-june,KOHLER India Price Book 2026 June Edition,2026,June Edition,69,catalogue,high,False,,unique,,clean
K-32326-NA,,,,steam_generator,bathroom,steam,steam_generator,Invigoration® series steam generator - 9KW,,210000.0,INR,True,,,,,,,,,,,,,,,,,,,not_specified,,,,,,,,,,,,,,,,,,,,,,,,,,,,,,,,,,,,,,,False,,,,False,,kohler-india-pricebook-2026-june,KOHLER India Price Book 2026 June Edition,2026,June Edition,69,catalogue,high,False,,unique,,clean
K-32325-NA,,,,steam_generator,bathroom,steam,steam_generator,Invigoration® series steam generator - 7KW,,196000.0,INR,True,,,,,,,,,,,,,,,,,,,not_specified,,,,,,,,,,,,,,,,,,,,,,,,,,,,,,,,,,,,,,,False,,,,False,,kohler-india-pricebook-2026-june,KOHLER India Price Book 2026 June Edition,2026,June Edition,69,catalogue,high,False,,unique,,clean
K-32324-NA,,,,steam_generator,bathroom,steam,steam_generator,Invigoration® series steam generator - 5KW,,185000.0,INR,True,,,,,,,,,,,,,,,,,,,not_specified,,,,,,,,,,,,,,,,,,,,,,,,,,,,,,,,,,,,,,,False,,,,False,,kohler-india-pricebook-2026-june,KOHLER India Price Book 2026 June Edition,2026,June Edition,69,catalogue,high,False,,unique,,clean
K-5558-CP,,,,steam_head,bathroom,steam,steam_head,"Steam Heads & Controls Invigoration™ control kit, tandem in polished chrome",,65000.0,INR,True,,CP,polished chrome,,,,,,,,,,,,,,,,not_specified,,,,,,,,,,,,,,,,,,,,,,,,,,,,,,,,,,,,,,,False,,,,False,,kohler-india-pricebook-2026-june,KOHLER India Price Book 2026 June Edition,2026,June Edition,69,catalogue,high,False,,unique,,clean
K-5558-AF,,,,,bathroom,steam,,"Invigoration™ control kit, tandem in french gold",,85000.0,INR,True,,AF,french gold,,,,,,,,,,,,,,,,not_specified,,,,,,,,,,,,,,,,,,,,,,,,,,,,,,,,,,,,,,,False,,,,False,,kohler-india-pricebook-2026-june,KOHLER India Price Book 2026 June Edition,2026,June Edition,69,catalogue,high,False,,unique,,clean
K-5558-BL,,,,,bathroom,steam,,"Invigoration™ control kit, tandem in black",,85000.0,INR,True,,BL,black,,,,,,,,,,,,,,,,not_specified,,,,,,,,,,,,,,,,,,,,,,,,,,,,,,,,,,,,,,,False,,,,False,,kohler-india-pricebook-2026-june,KOHLER India Price Book 2026 June Edition,2026,June Edition,69,catalogue,high,False,,unique,,clean
K-5558-BV,,,,,bathroom,steam,,"Invigoration™ control kit, tandem in brushed bronze",,80000.0,INR,True,,BV,brushed bronze,,,,,,,,,,,,,,,,not_specified,,,,,,,,,,,,,,,,,,,,,,,,,,,,,,,,,,,,,,,False,,,,False,,kohler-india-pricebook-2026-june,KOHLER India Price Book 2026 June Edition,2026,June Edition,69,catalogue,high,False,,unique,,clean
K-5548-K1-CP,,,,,bathroom,steam,,Digital steam adapter kit in polished chrome,,40000.0,INR,True,,CP,polished chrome,,,,,,,,,,,,,,,,not_specified,,,,,,,,,,,,,,,,,,,,,,,,,,,,,,,,,,,,,,,False,,,,False,,kohler-india-pricebook-2026-june,KOHLER India Price Book 2026 June Edition,2026,June Edition,69,catalogue,high,False,,unique,,clean
K-5548-K1-AF,,,,,bathroom,steam,,"Digital steam adapter kit, in french gold",,60000.0,INR,True,,AF,french gold,,,,,,,,,,,,,,,,not_specified,,,,,,,,,,,,,,,,,,,,,,,,,,,,,,,,,,,,,,,False,,,,False,,kohler-india-pricebook-2026-june,KOHLER India Price Book 2026 June Edition,2026,June Edition,69,catalogue,high,False,,unique,,clean
K-5548-K1-BV,,,,,bathroom,steam,,Digital steam adapter kit in brushed bronze,,60000.0,INR,True,,BV,brushed bronze,,,,,,,,,,,,,,,,not_specified,,,,,,,,,,,,,,,,,,,,,,,,,,,,,,,,,,,,,,,False,,,,False,,kohler-india-pricebook-2026-june,KOHLER India Price Book 2026 June Edition,2026,June Edition,69,catalogue,high,False,,unique,,clean
K-5548-K1-BL,,,,,bathroom,steam,,"Digital steam adapter kit, in matte black",,60000.0,INR,True,,BL,matte black,,,,,,,,,,,,,,,,not_specified,,,,,,,,,,,,,,,,,,,,,,,,,,,,,,,,,,,,,,,False,,,,False,,kohler-india-pricebook-2026-june,KOHLER India Price Book 2026 June Edition,2026,June Edition,69,catalogue,high,False,,unique,,clean
K-5557-CP,,,,,bathroom,steam,,Control kit in polished chrome,,36000.0,INR,True,,CP,polished chrome,,,,,,,,,,,,,,,,not_specified,,,,,,,,,,,,,,,,,,,,,,,,,,,,,,,,,,,,,,,False,,,,False,,kohler-india-pricebook-2026-june,KOHLER India Price Book 2026 June Edition,2026,June Edition,69,catalogue,high,False,,unique,,clean
K-5557-AF,,,,,bathroom,steam,,Control kit in french gold,,55000.0,INR,True,,AF,french gold,,,,,,,,,,,,,,,,not_specified,,,,,,,,,,,,,,,,,,,,,,,,,,,,,,,,,,,,,,,False,,,,False,,kohler-india-pricebook-2026-june,KOHLER India Price Book 2026 June Edition,2026,June Edition,70,catalogue,high,False,,unique,,clean
K-5557-BV,,,,,bathroom,steam,,Control kit in brushed bronze,,55000.0,INR,True,,BV,brushed bronze,,,,,,,,,,,,,,,,not_specified,,,,,,,,,,,,,,,,,,,,,,,,,,,,,,,,,,,,,,,False,,,,False,,kohler-india-pricebook-2026-june,KOHLER India Price Book 2026 June Edition,2026,June Edition,70,catalogue,high,False,,unique,,clean
K-5557-BL,,,,,bathroom,steam,,Control kit in matte black,,55000.0,INR,True,,BL,matte black,,,,,,,,,,,,,,,,not_specified,,,,,,,,,,,,,,,,,,,,,,,,,,,,,,,,,,,,,,,False,,,,False,,kohler-india-pricebook-2026-june,KOHLER India Price Book 2026 June Edition,2026,June Edition,70,catalogue,high,False,,unique,,clean
K-32309-CP,,,,steam_head,bathroom,steam,steam_head,Linear steam head in polished chrome,,45000.0,INR,True,,CP,polished chrome,,,,,,,,,,,,,,,,not_specified,,,,,,,,,,,,,,,,,,,,,,,,,,,,,,,,,,,,,,,False,,,,False,,kohler-india-pricebook-2026-june,KOHLER India Price Book 2026 June Edition,2026,June Edition,70,catalogue,high,False,,unique,,clean
K-32309-BV,,,,steam_head,bathroom,steam,steam_head,Linear steam head in brushed bronze,,65000.0,INR,True,,BV,brushed bronze,,,,,,,,,,,,,,,,not_specified,,,,,,,,,,,,,,,,,,,,,,,,,,,,,,,,,,,,,,,False,,,,False,,kohler-india-pricebook-2026-june,KOHLER India Price Book 2026 June Edition,2026,June Edition,70,catalogue,high,False,,unique,,clean
K-32309-BL,,,,steam_head,bathroom,steam,steam_head,Linear steam head in matte black,,65000.0,INR,True,,BL,matte black,,,,,,,,,,,,,,,,not_specified,,,,,,,,,,,,,,,,,,,,,,,,,,,,,,,,,,,,,,,False,,,,False,,kohler-india-pricebook-2026-june,KOHLER India Price Book 2026 June Edition,2026,June Edition,70,catalogue,high,False,,unique,,clean
K-32309-AF,,,,steam_head,bathroom,steam,steam_head,Linear steam head in french gold,,59000.0,INR,True,,AF,french gold,,,,,,,,,,,,,,,,not_specified,,,,,,,,,,,,,,,,,,,,,,,,,,,,,,,,,,,,,,,False,,,,False,,kohler-india-pricebook-2026-june,KOHLER India Price Book 2026 June Edition,2026,June Edition,70,catalogue,high,False,,unique,,clean
K-32310-CP,,,,steam_head,bathroom,steam,steam_head,Square steam head in polished chrome,,25000.0,INR,True,,CP,polished chrome,,,,,,,,,,,,,,,,not_specified,,,,,,,,,,,,,,,,,,,,,,,,,,,,,,,,,,,,,,,False,,,,False,,kohler-india-pricebook-2026-june,KOHLER India Price Book 2026 June Edition,2026,June Edition,70,catalogue,high,False,,unique,,clean
K-32310-BV,,,,steam_head,bathroom,steam,steam_head,Square steam head in brushed bronze,,35000.0,INR,True,,BV,brushed bronze,,,,,,,,,,,,,,,,not_specified,,,,,,,,,,,,,,,,,,,,,,,,,,,,,,,,,,,,,,,False,,,,False,,kohler-india-pricebook-2026-june,KOHLER India Price Book 2026 June Edition,2026,June Edition,70,catalogue,high,False,,unique,,clean
K-32310-BL,,,,steam_head,bathroom,steam,steam_head,Square steam head in matte black,,35000.0,INR,True,,BL,matte black,,,,,,,,,,,,,,,,not_specified,,,,,,,,,,,,,,,,,,,,,,,,,,,,,,,,,,,,,,,False,,,,False,,kohler-india-pricebook-2026-june,KOHLER India Price Book 2026 June Edition,2026,June Edition,70,catalogue,high,False,,unique,,clean
K-32310-AF,,,,steam_head,bathroom,steam,steam_head,Square steam head in french gold,,31000.0,INR,True,,AF,french gold,,,,,,,,,,,,,,,,not_specified,,,,,,,,,,,,,,,,,,,,,,,,,,,,,,,,,,,,,,,False,,,,False,,kohler-india-pricebook-2026-june,KOHLER India Price Book 2026 June Edition,2026,June Edition,70,catalogue,high,False,,unique,,clean
K-32312-CP,,,,steam_controller,bathroom,steam,steam_controller,Steam controller in polished chrome,,25000.0,INR,True,,CP,polished chrome,,,,,,,,,,,,,,,,not_specified,,,,,,,,,,,,,,,,,,,,,,,,,,,,,,,,,,,,,,,False,,,,False,,kohler-india-pricebook-2026-june,KOHLER India Price Book 2026 June Edition,2026,June Edition,70,catalogue,high,False,,unique,,clean
K-32312-BV,,,,steam_controller,bathroom,steam,steam_controller,Steam controller in brushed bronze,,35000.0,INR,True,,BV,brushed bronze,,,,,,,,,,,,,,,,not_specified,,,,,,,,,,,,,,,,,,,,,,,,,,,,,,,,,,,,,,,False,,,,False,,kohler-india-pricebook-2026-june,KOHLER India Price Book 2026 June Edition,2026,June Edition,70,catalogue,high,False,,unique,,clean
K-32312-BL,,,,steam_controller,bathroom,steam,steam_controller,Steam controller in matte black,,35000.0,INR,True,,BL,matte black,,,,,,,,,,,,,,,,not_specified,,,,,,,,,,,,,,,,,,,,,,,,,,,,,,,,,,,,,,,False,,,,False,,kohler-india-pricebook-2026-june,KOHLER India Price Book 2026 June Edition,2026,June Edition,70,catalogue,high,False,,unique,,clean
K-32312-AF,,,,steam_controller,bathroom,steam,steam_controller,Steam controller in french gold,,31000.0,INR,True,,AF,french gold,,,,,,,,,,,,,,,,not_specified,,,,,,,,,,,,,,,,,,,,,,,,,,,,,,,,,,,,,,,False,,,,False,,kohler-india-pricebook-2026-june,KOHLER India Price Book 2026 June Edition,2026,June Edition,70,catalogue,high,False,,unique,,clean
K-32311-CP,,,,,bathroom,steam,,Digital steam adapter in polished chrome,,25000.0,INR,True,,CP,polished chrome,,,,,,,,,,,,,,,,not_specified,,,,,,,,,,,,,,,,,,,,,,,,,,,,,,,,,,,,,,,False,,,,False,,kohler-india-pricebook-2026-june,KOHLER India Price Book 2026 June Edition,2026,June Edition,70,catalogue,high,False,,unique,,clean
K-32311-BV,,,,,bathroom,steam,,Digital steam adapter in brushed bronze,,35000.0,INR,True,,BV,brushed bronze,,,,,,,,,,,,,,,,not_specified,,,,,,,,,,,,,,,,,,,,,,,,,,,,,,,,,,,,,,,False,,,,False,,kohler-india-pricebook-2026-june,KOHLER India Price Book 2026 June Edition,2026,June Edition,70,catalogue,high,False,,unique,,clean
K-32311-BL,,,,,bathroom,steam,,Digital steam adapter in matte black,,35000.0,INR,True,,BL,matte black,,,,,,,,,,,,,,,,not_specified,,,,,,,,,,,,,,,,,,,,,,,,,,,,,,,,,,,,,,,False,,,,False,,kohler-india-pricebook-2026-june,KOHLER India Price Book 2026 June Edition,2026,June Edition,71,catalogue,high,False,,unique,,clean
K-32311-AF,,,,,bathroom,steam,,Digital steam adapter in french gold,,31000.0,INR,True,,AF,french gold,,,,,,,,,,,,,,,,not_specified,,,,,,,,,,,,,,,,,,,,,,,,,,,,,,,,,,,,,,,False,,,,False,,kohler-india-pricebook-2026-june,KOHLER India Price Book 2026 June Edition,2026,June Edition,71,catalogue,high,False,,unique,,clean
K-5562-NA,,,,,bathroom,steam,,"Drain Pan Drain pan, large",,20000.0,INR,True,,,,,,,,,,,,,,,,,,,not_specified,,,,,,,,,,,,,,,,,,,,,,,,,,,,,,,,,,,,,,,False,,,,False,,kohler-india-pricebook-2026-june,KOHLER India Price Book 2026 June Edition,2026,June Edition,71,catalogue,high,False,,unique,,clean
K-5559-NA,,,,,bathroom,steam,,"Drain pan, small",,20000.0,INR,True,,,,,,,,,,,,,,,,,,,not_specified,,,,,,,,,,,,,,,,,,,,,,,,,,,,,,,,,,,,,,,False,,,,False,,kohler-india-pricebook-2026-june,KOHLER India Price Book 2026 June Edition,2026,June Edition,71,catalogue,high,False,,unique,,clean
K-20526IN-0,,,,,bathroom,steam,,Accessories Shower seat in white,,14500.0,INR,True,,,white,,,,,,,,,,,,,,,,not_specified,,,,,,,,,,,,,,,,,,,,,,,,,,,,,,,,,,,,,,,False,,,,False,,kohler-india-pricebook-2026-june,KOHLER India Price Book 2026 June Edition,2026,June Edition,71,catalogue,high,False,,unique,,clean
K-80154IN-4AV-CP,July™,July™,july-angle_valve,angle_valve,bathroom,fittings,angle_valve,Angle valve G13mm in polished chrome,,2060.0,INR,True,,CP,polished chrome,,,,,,,,,,,,,,,,not_specified,,,,,,,,,,,,,,,,,,,,,,,,,,,,,,,,,,,,,,,False,,,,False,,kohler-india-pricebook-2026-june,KOHLER India Price Book 2026 June Edition,2026,June Edition,89,catalogue,high,False,,unique,,clean
K-80158IN-9AV-CP,Complementary™,Complementary™,complementary-angle_valve,angle_valve,bathroom,fittings,angle_valve,Square angle valve in polished chrome,,1800.0,INR,True,,CP,polished chrome,,,,,,,,,,,,,,,,not_specified,,,,,,,,,,,,,,,,,,,,,,,,,,,,,,,,,,,,,,,False,,,,False,,kohler-india-pricebook-2026-june,KOHLER India Price Book 2026 June Edition,2026,June Edition,89,catalogue,high,False,,unique,,clean
K-33978IN-4-CP,Apt™,Apt™,apt-angle_valve,angle_valve,bathroom,fittings,angle_valve,Angle valve in polished chrome,,1390.0,INR,True,,CP,polished chrome,,,,,,,,,,,,,,,,not_specified,,,,,,,,,,,,,,,,,,,,,,,,,,,,,,,,,,,,,,,False,,,,False,,kohler-india-pricebook-2026-june,KOHLER India Price Book 2026 June Edition,2026,June Edition,89,catalogue,high,False,,unique,,clean
K-11568IN-7B-CP,Complementary™,Complementary™,complementary-angle_valve,angle_valve,bathroom,fittings,angle_valve,Angle valve in polished chrome,,1340.0,INR,True,,CP,polished chrome,,,,,,,,,,,,,,,,not_specified,,,,,,,,,,,,,,,,,,,,,,,,,,,,,,,,,,,,,,,False,,,,False,,kohler-india-pricebook-2026-june,KOHLER India Price Book 2026 June Edition,2026,June Edition,89,catalogue,high,False,,unique,,clean
K-16094IN-4-CP,July™,July™,july-bib_tap,bib_tap,bathroom,fittings,bib_tap,2-way bib tap in polished chrome,,5560.0,INR,True,,CP,polished chrome,,,,,,,,,,,,,,,,not_specified,,,,,,,,,,,,,,,,,,,,,,,,,,,,,,,,,,,,,,,False,,,,False,,kohler-india-pricebook-2026-june,KOHLER India Price Book 2026 June Edition,2026,June Edition,89,catalogue,high,False,,unique,,clean
K-16093IN-4-CP,July™,July™,july-bib_tap,bib_tap,bathroom,fittings,bib_tap,1-way bib tap in polished chrome,,3710.0,INR,True,,CP,polished chrome,,,,,,,,,,,,,,,,not_specified,,,,,,,,,,,,,,,,,,,,,,,,,,,,,,,,,,,,,,,False,,,,False,,kohler-india-pricebook-2026-june,KOHLER India Price Book 2026 June Edition,2026,June Edition,89,catalogue,high,False,,unique,,clean
K-33972IN-4-CP,Apt™,Apt™,apt-bib_tap,bib_tap,bathroom,fittings,bib_tap,2-way bib tap in polished chrome,,2880.0,INR,True,,CP,polished chrome,,,,,,,,,,,,,,,,not_specified,,,,,,,,,,,,,,,,,,,,,,,,,,,,,,,,,,,,,,,False,,,,False,,kohler-india-pricebook-2026-june,KOHLER India Price Book 2026 June Edition,2026,June Edition,89,catalogue,high,False,,unique,,clean
K-16089IN-NA,Complementary™,Complementary™,complementary-stop_valve,stop_valve,bathroom,fittings,stop_valve,In-line stop valve G19mm,,2270.0,INR,True,,,,,,,,,,,,,,,,,,,not_specified,,,,,,,,,,,,,,,,,,,,,,,,,,,,,,,,,,,,,,,False,,,,False,,kohler-india-pricebook-2026-june,KOHLER India Price Book 2026 June Edition,2026,June Edition,89,catalogue,high,False,,unique,,clean
K-16088IN-NA,Complementary™,Complementary™,complementary-stop_valve,stop_valve,bathroom,fittings,stop_valve,In-line stop valve G13mm,,2160.0,INR,True,,,,,,,,,,,,,,,,,,,not_specified,,,,,,,,,,,,,,,,,,,,,,,,,,,,,,,,,,,,,,,False,,,,False,,kohler-india-pricebook-2026-june,KOHLER India Price Book 2026 June Edition,2026,June Edition,89,catalogue,high,False,,unique,,clean
K-16087IN-4-CP,July™,July™,july-stop_valve,stop_valve,bathroom,fittings,stop_valve,In-line stop valve trim (both G13mm and G19mm) in polished chrome,,1340.0,INR,True,,CP,polished chrome,,,,,,,,,,,,,,,,not_specified,,,,,,,,,,,,,,,,,,,,,,,,,,,,,,,,,,,,,,,False,,,,False,,kohler-india-pricebook-2026-june,KOHLER India Price Book 2026 June Edition,2026,June Edition,89,catalogue,high,False,,unique,,clean
K-35568IN-NA,Apt™,Apt™,apt-stop_valve,stop_valve,bathroom,fittings,stop_valve,in-line stop valve g3/4 g19mm,,1030.0,INR,True,,,,,,,,,,,,,,,,,,,not_specified,,,,,,,,,,,,,,,,,,,,,,,,,,,,,,,,,,,,,,,False,,,,False,,kohler-india-pricebook-2026-june,KOHLER India Price Book 2026 June Edition,2026,June Edition,89,catalogue,high,False,,unique,,clean
K-33979IN-4-CP,Apt™,Apt™,apt-stop_valve,stop_valve,bathroom,fittings,stop_valve,In-line stop valve trim in polished chrome,,620.0,INR,True,,CP,polished chrome,,,,,,,,,,,,,,,,not_specified,,,,,,,,,,,,,,,,,,,,,,,,,,,,,,,,,,,,,,,False,,,,False,,kohler-india-pricebook-2026-june,KOHLER India Price Book 2026 June Edition,2026,June Edition,90,catalogue,high,False,,unique,,clean
K-7120IN-CP,Apt™,Apt™,apt-drain,drain,bathroom,fittings,drain,"Grid Drain Click drain, big cap in polished chrome",,4150.0,INR,True,,CP,polished chrome,,,,,,,,,,,,,,,,not_specified,,,,,,,,,,,,,,,,,,,,,,,,,,,,,,,,,,,,,,,False,,,,False,,kohler-india-pricebook-2026-june,KOHLER India Price Book 2026 June Edition,2026,June Edition,90,catalogue,high,False,,unique,,clean
K-24740IN-7,Apt™,Apt™,,,bathroom,fittings,,"Ceramic drain, without overflow",,2300.0,INR,True,,,,,,,,,,,,,,,,,,,not_specified,,,,,,,,,,,,,,,,,,,,,,,,,,,,,,,,,,,,,,,False,,,,False,,kohler-india-pricebook-2026-june,KOHLER India Price Book 2026 June Edition,2026,June Edition,90,catalogue,high,False,,unique,,clean
K-24740IN-K4,Apt™,Apt™,,,bathroom,fittings,,"Ceramic drain, without overflow",,2300.0,INR,True,,,,,,,,,,,,,,,,,,,not_specified,,,,,,,,,,,,,,,,,,,,,,,,,,,,,,,,,,,,,,,False,,,,False,,kohler-india-pricebook-2026-june,KOHLER India Price Book 2026 June Edition,2026,June Edition,90,catalogue,high,False,,unique,,clean
K-24740IN-0,Complementary™,Complementary™,,,bathroom,fittings,,"Ceramic drain, without overflow",,1600.0,INR,True,,,,,,,,,,,,,,,,,,,not_specified,,,,,,,,,,,,,,,,,,,,,,,,,,,,,,,,,,,,,,,False,,,,False,,kohler-india-pricebook-2026-june,KOHLER India Price Book 2026 June Edition,2026,June Edition,90,catalogue,high,False,,unique,,clean
K-45432IN-CP,Complementary™,Complementary™,complementary-drain,drain,bathroom,fittings,drain,Grid drain with overflow hole in polished chrome,,930.0,INR,True,,CP,polished chrome,,,,,,,,,,,,,,,,not_specified,,,,,,,,,,,,,,,,,,,,,,,,,,,,,,,,,,,,,,,False,,,,False,,kohler-india-pricebook-2026-june,KOHLER India Price Book 2026 June Edition,2026,June Edition,90,catalogue,high,False,,unique,,clean
K-20746IN-CP,Complementary™,Complementary™,complementary-drain,drain,bathroom,fittings,drain,Grid drain long thread in polished chrome,,820.0,INR,True,,CP,polished chrome,,,,,,,,,,,,,,,,not_specified,,,,,,,,,,,,,,,,,,,,,,,,,,,,,,,,,,,,,,,False,,,,False,,kohler-india-pricebook-2026-june,KOHLER India Price Book 2026 June Edition,2026,June Edition,90,catalogue,high,False,,unique,,clean
K-32485IN-NA/K-1460429-CP,Vive,Vive,vive-drain,drain,bathroom,fittings,drain,Hidden grid drain,,1100.0,INR,True,,,,,,,,,,,,,,,,,,,not_specified,,,,,,,,,,,,,,,,,,,,,,,,,,,,,,,,,,,,,,,False,,,,False,,kohler-india-pricebook-2026-june,KOHLER India Price Book 2026 June Edition,2026,June Edition,90,catalogue,high,False,,valid_composite_printed_code,,clean
K-30685IN-CP,Sveda™,Sveda™,sveda-bottle_trap,bottle_trap,bathroom,fittings,bottle_trap,Bottle trap assembly for Sveda™ in polished chrome,,3700.0,INR,True,,CP,polished chrome,,,,,,,,,,,,,,,,not_specified,,,,,,,,,,,,,,,,,,,,,,,,,,,,,,,,,,,,,,,False,,,,False,,kohler-india-pricebook-2026-june,KOHLER India Price Book 2026 June Edition,2026,June Edition,90,catalogue,high,False,,unique,,clean
K-75823IN-CP,Complementary™,Complementary™,complementary-bottle_trap,bottle_trap,bathroom,fittings,bottle_trap,350mm bottle trap without drain in polished chrome,,2990.0,INR,True,,CP,polished chrome,,,,,,,,,,,,,,,,not_specified,,,,,,,,,,,,,,,,,,,,,,,,,,,,,,,,,,,,,,,False,,,,False,,kohler-india-pricebook-2026-june,KOHLER India Price Book 2026 June Edition,2026,June Edition,90,catalogue,high,False,,unique,,clean
K-7314IN-CP,Complementary™,Complementary™,complementary-bottle_trap,bottle_trap,bathroom,fittings,bottle_trap,300mm bottle trap in polished chrome,,2680.0,INR,True,,CP,polished chrome,,,,,,,,,,,,,,,,not_specified,,,,,,,,,,,,,,,,,,,,,,,,,,,,,,,,,,,,,,,False,,,,False,,kohler-india-pricebook-2026-june,KOHLER India Price Book 2026 June Edition,2026,June Edition,90,catalogue,high,False,,unique,,clean
K-7275IN-ZZ-CP,Complementary™,Complementary™,complementary-drain,drain,bathroom,fittings,drain,Floor drain in polished chrome with 27 LPM,,2100.0,INR,True,,CP,,,,,,,,,,,,,,,,,not_specified,,,,,,,,,,,,,,,,,,,,,,,,,,,,,,,,,,,,,,,False,,,,False,,kohler-india-pricebook-2026-june,KOHLER India Price Book 2026 June Edition,2026,June Edition,91,catalogue,high,False,,repeated_same_sku,K-7275IN-ZZ-CP,clean
K-77364IN-CP,Luxe,Luxe,,,bathroom,fittings,,Health faucet with hose & bracket in polished chrome,,5400.0,INR,True,,CP,polished chrome,,,,,,,,,,,,,,,,not_specified,,,,,,,,,,,,,,,,,,,,,,,,,,,,,,,,,,,,,,,False,,,,False,,kohler-india-pricebook-2026-june,KOHLER India Price Book 2026 June Edition,2026,June Edition,91,catalogue,high,False,,unique,,clean
K-97258IN-CP,Elate®,Elate®,,,bathroom,fittings,,Health faucet with hose & bracket in polished chrome,,4330.0,INR,True,,CP,polished chrome,,,,,,,,,,,,,,,,not_specified,,,,,,,,,,,,,,,,,,,,,,,,,,,,,,,,,,,,,,,False,,,,False,,kohler-india-pricebook-2026-june,KOHLER India Price Book 2026 June Edition,2026,June Edition,91,catalogue,high,False,,unique,,clean
K-12927IN-CP,Complementary™,Complementary™,,,bathroom,fittings,,"Health faucet with side spray, metal hose in polished chrome",,4120.0,INR,True,,CP,polished chrome,,,,,,,,,,,,,,,,not_specified,,,,,,,,,,,,,,,,,,,,,,,,,,,,,,,,,,,,,,,False,,,,False,,kohler-india-pricebook-2026-june,KOHLER India Price Book 2026 June Edition,2026,June Edition,91,catalogue,high,False,,unique,,clean
K-98100IN-CP,Cuff™,Cuff™,,,bathroom,fittings,,Health faucet with hose & bracket in polished chrome,,2780.0,INR,True,,CP,polished chrome,,,,,,,,,,,,,,,,not_specified,,,,,,,,,,,,,,,,,,,,,,,,,,,,,,,,,,,,,,,False,,,,False,,kohler-india-pricebook-2026-june,KOHLER India Price Book 2026 June Edition,2026,June Edition,91,catalogue,high,False,,unique,,clean
K-97497T-CP,,,,bath_accessory,bathroom,accessories,bath_accessory,ACCESSORIES Avid™ Double towel shelf in polished chrome,,31500.0,INR,True,,CP,polished chrome,,,,,,,,,,,,,,,,not_specified,,,,,,,,,,,,,,,,,,,,,,,,,,,,,,,,,,,,,,,False,,,,False,,kohler-india-pricebook-2026-june,KOHLER India Price Book 2026 June Edition,2026,June Edition,93,catalogue,high,False,,unique,,clean
K-97503T-CP,,,,,bathroom,accessories,,Tissue holder with cover and shelf in polished chrome,,11300.0,INR,True,,CP,polished chrome,,,,,,,,,,,,,,,,not_specified,,,,,,,,,,,,,,,,,,,,,,,,,,,,,,,,,,,,,,,False,,,,False,,kohler-india-pricebook-2026-june,KOHLER India Price Book 2026 June Edition,2026,June Edition,93,catalogue,high,False,,unique,,clean
K-97495T-CP,,,,bath_accessory,bathroom,accessories,bath_accessory,Towel bar in polished chrome,,10800.0,INR,True,,CP,polished chrome,,,,,,,,,,,,,,,,not_specified,,,,,,,,,,,,,,,,,,,,,,,,,,,,,,,,,,,,,,,False,,,,False,,kohler-india-pricebook-2026-june,KOHLER India Price Book 2026 June Edition,2026,June Edition,93,catalogue,high,False,,unique,,clean
K-97502T-CP,,,,,bathroom,accessories,,Tissue holder in polished chrome,,7200.0,INR,True,,CP,polished chrome,,,,,,,,,,,,,,,,not_specified,,,,,,,,,,,,,,,,,,,,,,,,,,,,,,,,,,,,,,,False,,,,False,,kohler-india-pricebook-2026-june,KOHLER India Price Book 2026 June Edition,2026,June Edition,93,catalogue,high,False,,unique,,clean
K-97500T-CP,,,,bath_accessory,bathroom,accessories,bath_accessory,Double robe hook in polished chrome,,7400.0,INR,True,,CP,polished chrome,,,,,,,,,,,,,,,,not_specified,,,,,,,,,,,,,,,,,,,,,,,,,,,,,,,,,,,,,,,False,,,,False,,kohler-india-pricebook-2026-june,KOHLER India Price Book 2026 June Edition,2026,June Edition,93,catalogue,high,False,,unique,,clean
K-97498T-CP,,,,bath_accessory,bathroom,accessories,bath_accessory,Towel ring in polished chrome,,6200.0,INR,True,,CP,polished chrome,,,,,,,,,,,,,,,,not_specified,,,,,,,,,,,,,,,,,,,,,,,,,,,,,,,,,,,,,,,False,,,,False,,kohler-india-pricebook-2026-june,KOHLER India Price Book 2026 June Edition,2026,June Edition,93,catalogue,high,False,,unique,,clean
K-97499T-CP,,,,bath_accessory,bathroom,accessories,bath_accessory,Robe hook in polished chrome,,6200.0,INR,True,,CP,polished chrome,,,,,,,,,,,,,,,,not_specified,,,,,,,,,,,,,,,,,,,,,,,,,,,,,,,,,,,,,,,False,,,,False,,kohler-india-pricebook-2026-june,KOHLER India Price Book 2026 June Edition,2026,June Edition,93,catalogue,high,False,,unique,,clean
K-25066IN-CP,,,,bath_accessory,bathroom,accessories,bath_accessory,Complementary™ Towel shelf in polished chrome,,11120.0,INR,True,,CP,polished chrome,,,,,,,,,,,,,,,,not_specified,,,,,,,,,,,,,,,,,,,,,,,,,,,,,,,,,,,,,,,False,,,,False,,kohler-india-pricebook-2026-june,KOHLER India Price Book 2026 June Edition,2026,June Edition,93,catalogue,high,False,,unique,,clean
K-17529T-CP,,,,bath_accessory,bathroom,accessories,bath_accessory,610mm towel shelf in polished chrome,,10090.0,INR,True,,CP,polished chrome,,,,,,,,,,,,,,,,not_specified,,,,,,,,,,,,,,,,,,,,,,,,,,,,,,,,,,,,,,,False,,,,False,,kohler-india-pricebook-2026-june,KOHLER India Price Book 2026 June Edition,2026,June Edition,93,catalogue,high,False,,unique,,clean
K-25065IN-CP,,,,bath_accessory,bathroom,accessories,bath_accessory,Square 600mm single towel bar in polished chrome,,3810.0,INR,True,,CP,polished chrome,,,,,,,,,,,,,,,,not_specified,,,,,,,,,,,,,,,,,,,,,,,,,,,,,,,,,,,,,,,False,,,,False,,kohler-india-pricebook-2026-june,KOHLER India Price Book 2026 June Edition,2026,June Edition,93,catalogue,high,False,,unique,,clean
K-25074IN-CP,,,,,bathroom,accessories,,Square tumbler holder in polished chrome,,3190.0,INR,True,,CP,polished chrome,,,,,,,,,,,,,,,,not_specified,,,,,,,,,,,,,,,,,,,,,,,,,,,,,,,,,,,,,,,False,,,,False,,kohler-india-pricebook-2026-june,KOHLER India Price Book 2026 June Edition,2026,June Edition,93,catalogue,high,False,,unique,,clean
K-17531T-ST,,,,,bathroom,accessories,,6L step can in stainless steel,,2990.0,INR,True,,,stainless steel,,,,,,,,,,,,,,,,not_specified,,,,,,,,,,,,,,,,,,,,,,,,,,,,,,,,,,,,,,,False,,,,False,,kohler-india-pricebook-2026-june,KOHLER India Price Book 2026 June Edition,2026,June Edition,93,catalogue,high,False,,unique,,clean
K-25067IN-CP,,,,bath_accessory,bathroom,accessories,bath_accessory,Square towel ring in polished chrome,,2880.0,INR,True,,CP,polished chrome,,,,,,,,,,,,,,,,not_specified,,,,,,,,,,,,,,,,,,,,,,,,,,,,,,,,,,,,,,,False,,,,False,,kohler-india-pricebook-2026-june,KOHLER India Price Book 2026 June Edition,2026,June Edition,93,catalogue,high,False,,unique,,clean
K-5636IN-CP,,,,bath_accessory,bathroom,accessories,bath_accessory,Glass shelf in polished chrome,,2680.0,INR,True,,CP,polished chrome,,,,,,,,,,,,,,,,not_specified,,,,,,,,,,,,,,,,,,,,,,,,,,,,,,,,,,,,,,,False,,,,False,,kohler-india-pricebook-2026-june,KOHLER India Price Book 2026 June Edition,2026,June Edition,94,catalogue,high,False,,unique,,clean
K-25071IN-CP,,,,,bathroom,accessories,,Square tissue holder with cover in polished chrome,,2680.0,INR,True,,CP,polished chrome,,,,,,,,,,,,,,,,not_specified,,,,,,,,,,,,,,,,,,,,,,,,,,,,,,,,,,,,,,,False,,,,False,,kohler-india-pricebook-2026-june,KOHLER India Price Book 2026 June Edition,2026,June Edition,94,catalogue,high,False,,unique,,clean
K-17530T-ST,,,,,bathroom,accessories,,Brush with holder in stainless steel,,2470.0,INR,True,,,stainless steel,,,,,,,,,,,,,,,,not_specified,,,,,,,,,,,,,,,,,,,,,,,,,,,,,,,,,,,,,,,False,,,,False,,kohler-india-pricebook-2026-june,KOHLER India Price Book 2026 June Edition,2026,June Edition,94,catalogue,high,False,,unique,,clean
K-25069IN-CP,,,,,bathroom,accessories,,Square soap dish glass in polished chrome,,2060.0,INR,True,,CP,polished chrome,,,,,,,,,,,,,,,,not_specified,,,,,,,,,,,,,,,,,,,,,,,,,,,,,,,,,,,,,,,False,,,,False,,kohler-india-pricebook-2026-june,KOHLER India Price Book 2026 June Edition,2026,June Edition,94,catalogue,high,False,,unique,,clean
K-5630IN-CP,,,,bath_accessory,bathroom,accessories,bath_accessory,610mm towel bar in polished chrome,,2060.0,INR,True,,CP,polished chrome,,,,,,,,,,,,,,,,not_specified,,,,,,,,,,,,,,,,,,,,,,,,,,,,,,,,,,,,,,,False,,,,False,,kohler-india-pricebook-2026-june,KOHLER India Price Book 2026 June Edition,2026,June Edition,94,catalogue,high,False,,unique,,clean
K-25068IN-CP,,,,,bathroom,accessories,,Square soap dish in polished chrome,,2060.0,INR,True,,CP,polished chrome,,,,,,,,,,,,,,,,not_specified,,,,,,,,,,,,,,,,,,,,,,,,,,,,,,,,,,,,,,,False,,,,False,,kohler-india-pricebook-2026-june,KOHLER India Price Book 2026 June Edition,2026,June Edition,94,catalogue,high,False,,unique,,clean
K-5633IN-CP,,,,,bathroom,accessories,,Tissue holder with cover in polished chrome,,2060.0,INR,True,,CP,polished chrome,,,,,,,,,,,,,,,,not_specified,,,,,,,,,,,,,,,,,,,,,,,,,,,,,,,,,,,,,,,False,,,,False,,kohler-india-pricebook-2026-june,KOHLER India Price Book 2026 June Edition,2026,June Edition,94,catalogue,high,False,,unique,,clean
K-25070IN-CP,,,,,bathroom,accessories,,Square tissue holder without cover in polished chrome,,1960.0,INR,True,,CP,polished chrome,,,,,,,,,,,,,,,,not_specified,,,,,,,,,,,,,,,,,,,,,,,,,,,,,,,,,,,,,,,False,,,,False,,kohler-india-pricebook-2026-june,KOHLER India Price Book 2026 June Edition,2026,June Edition,94,catalogue,high,False,,unique,,clean
K-5631IN-CP,,,,bath_accessory,bathroom,accessories,bath_accessory,Towel ring in polished chrome,,1850.0,INR,True,,CP,polished chrome,,,,,,,,,,,,,,,,not_specified,,,,,,,,,,,,,,,,,,,,,,,,,,,,,,,,,,,,,,,False,,,,False,,kohler-india-pricebook-2026-june,KOHLER India Price Book 2026 June Edition,2026,June Edition,94,catalogue,high,False,,unique,,clean
K-25073IN-CP,,,,bath_accessory,bathroom,accessories,bath_accessory,Square double robe hook in polished chrome,,1850.0,INR,True,,CP,polished chrome,,,,,,,,,,,,,,,,not_specified,,,,,,,,,,,,,,,,,,,,,,,,,,,,,,,,,,,,,,,False,,,,False,,kohler-india-pricebook-2026-june,KOHLER India Price Book 2026 June Edition,2026,June Edition,94,catalogue,high,False,,unique,,clean
K-5632IN-CP,,,,,bathroom,accessories,,Tissue holder in polished chrome,,1750.0,INR,True,,CP,polished chrome,,,,,,,,,,,,,,,,not_specified,,,,,,,,,,,,,,,,,,,,,,,,,,,,,,,,,,,,,,,False,,,,False,,kohler-india-pricebook-2026-june,KOHLER India Price Book 2026 June Edition,2026,June Edition,94,catalogue,high,False,,unique,,clean
K-5637IN-CP,,,,,bathroom,accessories,,Tumbler holder in polished chrome,,1440.0,INR,True,,CP,polished chrome,,,,,,,,,,,,,,,,not_specified,,,,,,,,,,,,,,,,,,,,,,,,,,,,,,,,,,,,,,,False,,,,False,,kohler-india-pricebook-2026-june,KOHLER India Price Book 2026 June Edition,2026,June Edition,94,catalogue,high,False,,unique,,clean
K-25072IN-CP,,,,bath_accessory,bathroom,accessories,bath_accessory,Square single robe hook in polished chrome,,1130.0,INR,True,,CP,polished chrome,,,,,,,,,,,,,,,,not_specified,,,,,,,,,,,,,,,,,,,,,,,,,,,,,,,,,,,,,,,False,,,,False,,kohler-india-pricebook-2026-june,KOHLER India Price Book 2026 June Edition,2026,June Edition,94,catalogue,high,False,,unique,,clean
K-5634IN-CP,,,,,bathroom,accessories,,Soap dish in polished chrome,,1130.0,INR,True,,CP,polished chrome,,,,,,,,,,,,,,,,not_specified,,,,,,,,,,,,,,,,,,,,,,,,,,,,,,,,,,,,,,,False,,,,False,,kohler-india-pricebook-2026-june,KOHLER India Price Book 2026 June Edition,2026,June Edition,94,catalogue,high,False,,unique,,clean
K-5635IN-CP,,,,bath_accessory,bathroom,accessories,bath_accessory,Single robe hook in polished chrome,,1030.0,INR,True,,CP,polished chrome,,,,,,,,,,,,,,,,not_specified,,,,,,,,,,,,,,,,,,,,,,,,,,,,,,,,,,,,,,,False,,,,False,,kohler-india-pricebook-2026-june,KOHLER India Price Book 2026 June Edition,2026,June Edition,95,catalogue,high,False,,unique,,clean
K-10701D-CP,,,,,bathroom,accessories,,Cruz Bath grip in polished chrome,,8300.0,INR,True,,CP,polished chrome,,,,,,,,,,,,,,,,not_specified,,,,,,,,,,,,,,,,,,,,,,,,,,,,,,,,,,,,,,,False,,,,False,,kohler-india-pricebook-2026-june,KOHLER India Price Book 2026 June Edition,2026,June Edition,95,catalogue,high,False,,unique,,clean
K-10712D-CP,,,,kitchen_sink_accessory,bathroom,accessories,kitchen_sink_accessory,Soap dispenser and holder with frosted glass bottle in polished chrome,,5000.0,INR,True,,CP,polished chrome,,,,,,,,,,,,,,,,not_specified,,,,,,,,,,,,,,,,,,,,,,,,,,,,,,,,,,,,,,,False,,,,False,,kohler-india-pricebook-2026-june,KOHLER India Price Book 2026 June Edition,2026,June Edition,95,catalogue,high,False,,unique,,clean
K-97739T-NA,,,,drain,bathroom,accessories,drain,Floor Drain 900 linear floor drain in polished chrome,,21000.0,INR,True,,,polished chrome,,,,,,,,,,,,,,,,not_specified,,,,,,,,,,,,,,,,,,,,,,,,,,,,,,,,,,,,,,,False,,,,False,,kohler-india-pricebook-2026-june,KOHLER India Price Book 2026 June Edition,2026,June Edition,95,catalogue,high,False,,unique,,clean
K-97741T-NA,,,,drain,bathroom,accessories,drain,600 linear floor drain in polished chrome,,15600.0,INR,True,,,polished chrome,,,,,,,,,,,,,,,,not_specified,,,,,,,,,,,,,,,,,,,,,,,,,,,,,,,,,,,,,,,False,,,,False,,kohler-india-pricebook-2026-june,KOHLER India Price Book 2026 June Edition,2026,June Edition,95,catalogue,high,False,,unique,,clean
K-75423IN-CP,,,,drain,bathroom,accessories,drain,Hidden linear floor drain in polished chrome,,8850.0,INR,True,,CP,polished chrome,,,,,,,,,,,,,,,,not_specified,,,,,,,,,,,,,,,,,,,,,,,,,,,,,,,,,,,,,,,False,,,,False,,kohler-india-pricebook-2026-june,KOHLER India Price Book 2026 June Edition,2026,June Edition,95,catalogue,high,False,,unique,,clean
K-75422IN-CP,,,,drain,bathroom,accessories,drain,Hidden square floor drain in polished chrome,,3950.0,INR,True,,CP,polished chrome,,,,,,,,,,,,,,,,not_specified,,,,,,,,,,,,,,,,,,,,,,,,,,,,,,,,,,,,,,,False,,,,False,,kohler-india-pricebook-2026-june,KOHLER India Price Book 2026 June Edition,2026,June Edition,95,catalogue,high,False,,unique,,clean
K-7275IN-ZZ-CP,,,,drain,bathroom,accessories,drain,Floor drain with 27 lpm discharge rate in polished chrome,,2100.0,INR,True,,CP,polished chrome,,,,,,,,,,,,,,,,not_specified,,,,,,,,,,,,,,,,,,,,,,,,,,,,,,,,,,,,,,,False,,,,False,,kohler-india-pricebook-2026-june,KOHLER India Price Book 2026 June Edition,2026,June Edition,95,catalogue,high,False,,repeated_same_sku,K-7275IN-ZZ-CP,clean
K-73159T-B7-AF,FAUCETS IN FRENCH GOLD,FAUCETS IN FRENCH GOLD,faucets-in-french-gold-basin_faucet,basin_faucet,bathroom,vibrant_finishes,basin_faucet,Composed™ Single-control tall basin faucet with drain in french gold,,63500.0,INR,True,,AF,french gold,,,,,,,,,,,,,,,,not_specified,,,,,,,,,,,,,,,,,,,,,,,,,,,,,,,,,,,,,,,False,,,,False,,kohler-india-pricebook-2026-june,KOHLER India Price Book 2026 June Edition,2026,June Edition,97,catalogue,medium,False,,unique,,clean
K-73050T-B7-AF,FAUCETS IN FRENCH GOLD,FAUCETS IN FRENCH GOLD,faucets-in-french-gold-basin_faucet,basin_faucet,bathroom,vibrant_finishes,basin_faucet,Single-control basin faucet with drain in french gold,,57800.0,INR,True,,AF,french gold,,,,,,,,,,,,,,,,not_specified,,,,,,,,,,,,,,,,,,,,,,,,,,,,,,,,,,,,,,,False,,,,False,,kohler-india-pricebook-2026-june,KOHLER India Price Book 2026 June Edition,2026,June Edition,97,catalogue,medium,False,,unique,,clean
K-73061T-7-AF,FAUCETS IN FRENCH GOLD,FAUCETS IN FRENCH GOLD,faucets-in-french-gold-wall_mount_basin,wall_mount_basin,bathroom,vibrant_finishes,wall_mount_basin,Single-control wall mount basin faucet trim + valve in french gold,,63500.0,INR,True,,AF,french gold,,,,,,,,,,,,,,,,not_specified,,,,,,,,,,,,,,,,,,,,,,,,,,,,,,,,,,,,,,,False,,,,False,,kohler-india-pricebook-2026-june,KOHLER India Price Book 2026 June Edition,2026,June Edition,97,catalogue,medium,False,,unique,,clean
EX28094IN-8-AF,FAUCETS IN FRENCH GOLD,FAUCETS IN FRENCH GOLD,faucets-in-french-gold-basin_faucet,basin_faucet,bathroom,vibrant_finishes,basin_faucet,Components® Single-control tall basin faucet with drain in french gold,,49400.0,INR,True,,AF,french gold,,,,,,,,,,,,,,,,not_specified,,,,,,,,,,,,,,,,,,,,,,,,,,,,,,,,,,,,,,,False,,,,False,,kohler-india-pricebook-2026-june,KOHLER India Price Book 2026 June Edition,2026,June Edition,97,catalogue,medium,False,,unique,,clean
EX28093IN-8-AF,FAUCETS IN FRENCH GOLD,FAUCETS IN FRENCH GOLD,faucets-in-french-gold-basin_faucet,basin_faucet,bathroom,vibrant_finishes,basin_faucet,Single-control basin faucet with drain in french gold,,39500.0,INR,True,,AF,french gold,,,,,,,,,,,,,,,,not_specified,,,,,,,,,,,,,,,,,,,,,,,,,,,,,,,,,,,,,,,False,,,,False,,kohler-india-pricebook-2026-june,KOHLER India Price Book 2026 June Edition,2026,June Edition,97,catalogue,medium,False,,unique,,clean
K-29310IN-4ND-AF,FAUCETS IN FRENCH GOLD,FAUCETS IN FRENCH GOLD,faucets-in-french-gold-wall_mount_basin,wall_mount_basin,bathroom,vibrant_finishes,wall_mount_basin,Single-control wall mount basin faucet trim + valve in french gold,,49400.0,INR,True,,AF,french gold,,,,,,,,,,,,,,,,not_specified,,,,,,,,,,,,,,,,,,,,,,,,,,,,,,,,,,,,,,,False,,,,False,,kohler-india-pricebook-2026-june,KOHLER India Price Book 2026 June Edition,2026,June Edition,97,catalogue,medium,False,,unique,,clean
K-25758IN-4ND-AF,FAUCETS IN FRENCH GOLD,FAUCETS IN FRENCH GOLD,faucets-in-french-gold-basin_faucet,basin_faucet,bathroom,vibrant_finishes,basin_faucet,ModernLife Edge™ Single-control tall basin faucet without drain in french gold,,41300.0,INR,True,,AF,french gold,,,,,,,,,,,,,,,,not_specified,,,,,,,,,,,,,,,,,,,,,,,,,,,,,,,,,,,,,,,False,,,,False,,kohler-india-pricebook-2026-june,KOHLER India Price Book 2026 June Edition,2026,June Edition,97,catalogue,medium,False,,unique,,clean
K-25757IN-4ND-AF,FAUCETS IN FRENCH GOLD,FAUCETS IN FRENCH GOLD,faucets-in-french-gold-basin_faucet,basin_faucet,bathroom,vibrant_finishes,basin_faucet,Single-control basin faucet without drain in french gold,,33100.0,INR,True,,AF,french gold,,,,,,,,,,,,,,,,not_specified,,,,,,,,,,,,,,,,,,,,,,,,,,,,,,,,,,,,,,,False,,,,False,,kohler-india-pricebook-2026-june,KOHLER India Price Book 2026 June Edition,2026,June Edition,97,catalogue,medium,False,,unique,,clean
K-25759IN-4ND-AF,FAUCETS IN FRENCH GOLD,FAUCETS IN FRENCH GOLD,faucets-in-french-gold-wall_mount_basin,wall_mount_basin,bathroom,vibrant_finishes,wall_mount_basin,Single-control wall mount basin faucet trim in french gold,,35000.0,INR,True,,AF,french gold,,,,,,,,,,,,,,,,not_specified,,,,,,,,,,,,,,,,,,,,,,,,,,,,,,,,,,,K-5679IN-NA,,,,False,,,,False,,kohler-india-pricebook-2026-june,KOHLER India Price Book 2026 June Edition,2026,June Edition,97,catalogue,medium,False,,unique,,clean
K-25761IN-9-AF,FAUCETS IN FRENCH GOLD,FAUCETS IN FRENCH GOLD,faucets-in-french-gold-shower_trim,shower_trim,bathroom,vibrant_finishes,shower_trim,Thermostatic recessed bath and shower Autosense 235+ trim in french gold,,22500.0,INR,True,,AF,french gold,,,,,,,,,,,,,,,,not_specified,,,,,,,,,,,,,,,,,,,,,,,,,,,,,,,,,,,K-20740IN-A-NA,,,,False,,,,False,,kohler-india-pricebook-2026-june,KOHLER India Price Book 2026 June Edition,2026,June Edition,97,catalogue,medium,False,,repeated_same_sku,K-25761IN-9-AF,clean
K-25764IN-AF,FAUCETS IN FRENCH GOLD,FAUCETS IN FRENCH GOLD,faucets-in-french-gold-bath_spout,bath_spout,bathroom,vibrant_finishes,bath_spout,Bath spout with diverter in french gold,,13800.0,INR,True,,AF,french gold,,,,,,,,,,,,,,,,not_specified,,,,,,,,,,,,,,,,,,,,,,,,,,,,,,,,,,,,,,,False,,,,False,,kohler-india-pricebook-2026-june,KOHLER India Price Book 2026 June Edition,2026,June Edition,97,catalogue,medium,False,,unique,,clean
K-25765IN-AF,FAUCETS IN FRENCH GOLD,FAUCETS IN FRENCH GOLD,faucets-in-french-gold-bath_spout,bath_spout,bathroom,vibrant_finishes,bath_spout,Bath spout without diverter in french gold,,11800.0,INR,True,,AF,french gold,,,,,,,,,,,,,,,,not_specified,,,,,,,,,,,,,,,,,,,,,,,,,,,,,,,,,,,,,,,False,,,,False,,kohler-india-pricebook-2026-june,KOHLER India Price Book 2026 June Edition,2026,June Edition,97,catalogue,medium,False,,unique,,clean
K-23475IN-4ND-AF,,,,basin_faucet,bathroom,vibrant_finishes,basin_faucet,Parallel Single-control tall basin faucet without drain in french gold,,27300.0,INR,True,,AF,french gold,,,,,,,,,,,,,,,,not_specified,,,,,,,,,,,,,,,,,,,,,,,,,,,,,,,,,,,,,,,False,,,,False,,kohler-india-pricebook-2026-june,KOHLER India Price Book 2026 June Edition,2026,June Edition,98,catalogue,high,False,,unique,,clean
K-23472IN-4ND-AF,,,,basin_faucet,bathroom,vibrant_finishes,basin_faucet,Single-control basin faucet without drain in french gold,,21850.0,INR,True,,AF,french gold,,,,,,,,,,,,,,,,not_specified,,,,,,,,,,,,,,,,,,,,,,,,,,,,,,,,,,,,,,,False,,,,False,,kohler-india-pricebook-2026-june,KOHLER India Price Book 2026 June Edition,2026,June Edition,98,catalogue,high,False,,unique,,clean
K-23486IN-4ND-AF,,,,basin_faucet,bathroom,vibrant_finishes,basin_faucet,Wall mount single-control basin faucet trim in french gold,,21000.0,INR,True,,AF,french gold,,,,,,,,,,,,,,,,not_specified,,,,,,,,,,,,,,,,,,,,,,,,,,,,,,,,,,,K-5679IN-NA,,,,False,,,,False,,kohler-india-pricebook-2026-june,KOHLER India Price Book 2026 June Edition,2026,June Edition,98,catalogue,high,False,,unique,,clean
K-23497IN-4-AF,,,,,bathroom,vibrant_finishes,,trim in french gold,,19750.0,INR,True,,AF,french gold,,,,,,,,,,,,,,,,not_specified,,,,,,,,,,,,,,,,,,,,,,,,,,,,,,,,,,,K-99924IN-AF,,,,False,,,,False,,kohler-india-pricebook-2026-june,KOHLER India Price Book 2026 June Edition,2026,June Edition,98,catalogue,high,False,,unique,,clean
K-23496IN-4SL-AF,,,,shower_trim,bathroom,vibrant_finishes,shower_trim,Recessed bath and shower AT 235 trim in french gold,,14750.0,INR,True,,AF,french gold,,,,,,,,,,,,,,,,not_specified,,,,,,,,,,,,,,,,,,,,,,,,,,,,,,,,,,,K-882IN-NA,,,,False,,,,False,,kohler-india-pricebook-2026-june,KOHLER India Price Book 2026 June Edition,2026,June Edition,98,catalogue,high,False,,unique,,clean
K-23511IN-AF,,,,bath_spout,bathroom,vibrant_finishes,bath_spout,Bath spout with diverter in french gold,,11000.0,INR,True,,AF,french gold,,,,,,,,,,,,,,,,not_specified,,,,,,,,,,,,,,,,,,,,,,,,,,,,,,,,,,,,,,,False,,,,False,,kohler-india-pricebook-2026-june,KOHLER India Price Book 2026 June Edition,2026,June Edition,98,catalogue,high,False,,unique,,clean
K-23512IN-AF,,,,bath_spout,bathroom,vibrant_finishes,bath_spout,Bath spout without diverter in french gold,,9550.0,INR,True,,AF,french gold,,,,,,,,,,,,,,,,not_specified,,,,,,,,,,,,,,,,,,,,,,,,,,,,,,,,,,,,,,,False,,,,False,,kohler-india-pricebook-2026-june,KOHLER India Price Book 2026 June Edition,2026,June Edition,98,catalogue,high,False,,unique,,clean
K-72337IN-4ND-AF,,,,basin_faucet,bathroom,vibrant_finishes,basin_faucet,Aleo+™ Single-control tall basin faucet without drain in french gold,,23550.0,INR,True,,AF,french gold,,,,,,,,,,,,,,,,not_specified,,,,,,,,,,,,,,,,,,,,,,,,,,,,,,,,,,,,,,,False,,,,False,,kohler-india-pricebook-2026-june,KOHLER India Price Book 2026 June Edition,2026,June Edition,98,catalogue,high,False,,unique,,clean
K-72312IN-4ND-AF,,,,basin_faucet,bathroom,vibrant_finishes,basin_faucet,Single-control basin faucet without drain in french gold,,18850.0,INR,True,,AF,french gold,,,,,,,,,,,,,,,,not_specified,,,,,,,,,,,,,,,,,,,,,,,,,,,,,,,,,,,,,,,False,,,,False,,kohler-india-pricebook-2026-june,KOHLER India Price Book 2026 June Edition,2026,June Edition,98,catalogue,high,False,,unique,,clean
K-5684IN-4ND-AF,,,,wall_mount_basin,bathroom,vibrant_finishes,wall_mount_basin,Single-control wall mount basin faucet trim in french gold,,17600.0,INR,True,,AF,french gold,,,,,,,,,,,,,,,,not_specified,,,,,,,,,,,,,,,,,,,,,,,,,,,,,,,,,,,K-5679IN-NA,,,,False,,,,False,,kohler-india-pricebook-2026-june,KOHLER India Price Book 2026 June Edition,2026,June Edition,98,catalogue,high,False,,unique,,clean
K-77311IN-4FP-AF,,,,,bathroom,vibrant_finishes,,trim in french gold,,19750.0,INR,True,,AF,french gold,,,,,,,,,,,,,,,,not_specified,,,,,,,,,,,,,,,,,,,,,,,,,,,,,,,,,,,K-99924IN-AF,,,,False,,,,False,,kohler-india-pricebook-2026-june,KOHLER India Price Book 2026 June Edition,2026,June Edition,98,catalogue,high,False,,unique,,clean
K-72328IN-4FS-AF,,,,shower_trim,bathroom,vibrant_finishes,shower_trim,Recessed bath and shower AT 235 trim in french gold,,13100.0,INR,True,,AF,french gold,,,,,,,,,,,,,,,,not_specified,,,,,,,,,,,,,,,,,,,,,,,,,,,,,,,,,,,K-882IN-NA,,,,False,,,,False,,kohler-india-pricebook-2026-june,KOHLER India Price Book 2026 June Edition,2026,June Edition,98,catalogue,high,False,,unique,,clean
K-20077IN-AF,,,,bath_spout,bathroom,vibrant_finishes,bath_spout,Bath spout with diverter in french gold,,8550.0,INR,True,,AF,french gold,,,,,,,,,,,,,,,,not_specified,,,,,,,,,,,,,,,,,,,,,,,,,,,,,,,,,,,,,,,False,,,,False,,kohler-india-pricebook-2026-june,KOHLER India Price Book 2026 June Edition,2026,June Edition,99,catalogue,high,False,,unique,,clean
K-99061IN-AF,,,,bath_spout,bathroom,vibrant_finishes,bath_spout,Bath spout without diverter in french gold,,6600.0,INR,True,,AF,french gold,,,,,,,,,,,,,,,,not_specified,,,,,,,,,,,,,,,,,,,,,,,,,,,,,,,,,,,,,,,False,,,,False,,kohler-india-pricebook-2026-june,KOHLER India Price Book 2026 June Edition,2026,June Edition,99,catalogue,high,False,,unique,,clean
K-38894IN-4ND-AF,,,,basin_faucet,bathroom,vibrant_finishes,basin_faucet,Fluence+™ Single-control tall basin faucet without drain in french gold,,20100.0,INR,True,,AF,french gold,,,,,,,,,,,,,,,,not_specified,,,,,,,,,,,,,,,,,,,,,,,,,,,,,,,,,,,,,,,False,,,,False,,kohler-india-pricebook-2026-june,KOHLER India Price Book 2026 June Edition,2026,June Edition,99,catalogue,high,False,,unique,,clean
K-38893IN-4ND-AF,,,,basin_faucet,bathroom,vibrant_finishes,basin_faucet,Single-control basin faucet without drain in french gold,,16100.0,INR,True,,AF,french gold,,,,,,,,,,,,,,,,not_specified,,,,,,,,,,,,,,,,,,,,,,,,,,,,,,,,,,,,,,,False,,,,False,,kohler-india-pricebook-2026-june,KOHLER India Price Book 2026 June Edition,2026,June Edition,99,catalogue,high,False,,unique,,clean
K-38895IN-4ND-AF,,,,basin_faucet,bathroom,vibrant_finishes,basin_faucet,Single-control wall mount monoblock basin faucet trim + valve in french gold,,20100.0,INR,True,,AF,french gold,,,,,,,,,,,,,,,,not_specified,,,,,,,,,,,,,,,,,,,,,,,,,,,,,,,,,,,,,,,False,,,,False,,kohler-india-pricebook-2026-june,KOHLER India Price Book 2026 June Edition,2026,June Edition,99,catalogue,high,False,,unique,,clean
K-38896IN-4FS-AF,,,,shower_trim,bathroom,vibrant_finishes,shower_trim,Recessed bath and shower AT235 trim in french gold,,11000.0,INR,True,,AF,french gold,,,,,,,,,,,,,,,,not_specified,,,,,,,,,,,,,,,,,,,,,,,,,,,,,,,,,,,K-882IN-NA,,,,False,,,,False,,kohler-india-pricebook-2026-june,KOHLER India Price Book 2026 June Edition,2026,June Edition,99,catalogue,high,False,,unique,,clean
K-38897IN-4FP-AF,,,,shower_trim,bathroom,vibrant_finishes,shower_trim,AT360 trim in french gold,,17300.0,INR,True,,AF,french gold,,,,,,,,,,,,,,,,not_specified,,,,,,,,,,,,,,,,,,,,,,,,,,,,,,,,,,,K-99924IN-AF,,,,False,,,,False,,kohler-india-pricebook-2026-june,KOHLER India Price Book 2026 June Edition,2026,June Edition,99,catalogue,high,False,,unique,,clean
K-38887IN-4ND-AF,,,,basin_faucet,bathroom,vibrant_finishes,basin_faucet,Fluence™ Single-control tall basin faucet without drain in french gold,,18400.0,INR,True,,AF,french gold,,,,,,,,,,,,,,,,not_specified,,,,,,,,,,,,,,,,,,,,,,,,,,,,,,,,,,,,,,,False,,,,False,,kohler-india-pricebook-2026-june,KOHLER India Price Book 2026 June Edition,2026,June Edition,99,catalogue,high,False,,unique,,clean
K-38886IN-4ND-AF,,,,basin_faucet,bathroom,vibrant_finishes,basin_faucet,Single-control basin faucet without drain in french gold,,14700.0,INR,True,,AF,french gold,,,,,,,,,,,,,,,,not_specified,,,,,,,,,,,,,,,,,,,,,,,,,,,,,,,,,,,,,,,False,,,,False,,kohler-india-pricebook-2026-june,KOHLER India Price Book 2026 June Edition,2026,June Edition,99,catalogue,high,False,,unique,,clean
K-38888IN-4ND-AF,,,,basin_faucet,bathroom,vibrant_finishes,basin_faucet,Single-control wall mount monoblock basin faucet trim + valve in french gold,,18400.0,INR,True,,AF,french gold,,,,,,,,,,,,,,,,not_specified,,,,,,,,,,,,,,,,,,,,,,,,,,,,,,,,,,,,,,,False,,,,False,,kohler-india-pricebook-2026-june,KOHLER India Price Book 2026 June Edition,2026,June Edition,99,catalogue,high,False,,unique,,clean
K-38890IN-4FP-AF,,,,shower_trim,bathroom,vibrant_finishes,shower_trim,AT360 trim in french gold,,15900.0,INR,True,,AF,french gold,,,,,,,,,,,,,,,,not_specified,,,,,,,,,,,,,,,,,,,,,,,,,,,,,,,,,,,K-99924IN-AF,,,,False,,,,False,,kohler-india-pricebook-2026-june,KOHLER India Price Book 2026 June Edition,2026,June Edition,99,catalogue,high,False,,unique,,clean
K-38889IN-4FS-AF,,,,shower_trim,bathroom,vibrant_finishes,shower_trim,Recessed bath and shower AT235 trim in french gold,,10200.0,INR,True,,AF,french gold,,,,,,,,,,,,,,,,not_specified,,,,,,,,,,,,,,,,,,,,,,,,,,,,,,,,,,,K-882IN-NA,,,,False,,,,False,,kohler-india-pricebook-2026-june,KOHLER India Price Book 2026 June Edition,2026,June Edition,99,catalogue,high,False,,unique,,clean
K-38891IN-AF,,,,bath_spout,bathroom,vibrant_finishes,bath_spout,Bath spout with diverter in french gold,,6250.0,INR,True,,AF,french gold,,,,,,,,,,,,,,,,not_specified,,,,,,,,,,,,,,,,,,,,,,,,,,,,,,,,,,,,,,,False,,,,False,,kohler-india-pricebook-2026-june,KOHLER India Price Book 2026 June Edition,2026,June Edition,100,catalogue,high,False,,unique,,clean
K-38892IN-AF,,,,bath_spout,bathroom,vibrant_finishes,bath_spout,Bath spout without diverter in french gold,,4840.0,INR,True,,AF,french gold,,,,,,,,,,,,,,,,not_specified,,,,,,,,,,,,,,,,,,,,,,,,,,,,,,,,,,,,,,,False,,,,False,,kohler-india-pricebook-2026-june,KOHLER India Price Book 2026 June Edition,2026,June Edition,100,catalogue,high,False,,unique,,clean
K-38463IN-4ND-AF,,,,basin_faucet,bathroom,vibrant_finishes,basin_faucet,Engage™ Single-control tall basin faucet without drain in french gold,,13750.0,INR,True,,AF,french gold,,,,,,,,,,,,,,,,not_specified,,,,,,,,,,,,,,,,,,,,,,,,,,,,,,,,,,,,,,,False,,,,False,,kohler-india-pricebook-2026-june,KOHLER India Price Book 2026 June Edition,2026,June Edition,100,catalogue,high,False,,unique,,clean
K-38462IN-4ND-AF,,,,basin_faucet,bathroom,vibrant_finishes,basin_faucet,Single-control basin faucet without drain in french gold,,11000.0,INR,True,,AF,french gold,,,,,,,,,,,,,,,,not_specified,,,,,,,,,,,,,,,,,,,,,,,,,,,,,,,,,,,,,,,False,,,,False,,kohler-india-pricebook-2026-june,KOHLER India Price Book 2026 June Edition,2026,June Edition,100,catalogue,high,False,,unique,,clean
K-38466IN-4-AF,,,,pillar_tap,bathroom,vibrant_finishes,pillar_tap,Tall pillar tap in french gold,,7013.0,INR,True,,AF,french gold,,,,,,,,,,,,,,,,not_specified,,,,,,,,,,,,,,,,,,,,,,,,,,,,,,,,,,,,,,,False,,,,False,,kohler-india-pricebook-2026-june,KOHLER India Price Book 2026 June Edition,2026,June Edition,100,catalogue,high,False,,unique,,clean
K-38465IN-4-AF,,,,pillar_tap,bathroom,vibrant_finishes,pillar_tap,Pillar tap in french gold,,5500.0,INR,True,,AF,french gold,,,,,,,,,,,,,,,,not_specified,,,,,,,,,,,,,,,,,,,,,,,,,,,,,,,,,,,,,,,False,,,,False,,kohler-india-pricebook-2026-june,KOHLER India Price Book 2026 June Edition,2026,June Edition,100,catalogue,high,False,,unique,,clean
K-38464IN-4ND-AF,,,,wall_mount_basin,bathroom,vibrant_finishes,wall_mount_basin,Single-control wall mount basin faucet trim in french gold,,7430.0,INR,True,,AF,french gold,,,,,,,,,,,,,,,,not_specified,,,,,,,,,,,,,,,,,,,,,,,,,,,,,,,,,,,K-5679IN-NA,,,,False,,,,False,,kohler-india-pricebook-2026-june,KOHLER India Price Book 2026 June Edition,2026,June Edition,100,catalogue,high,False,,unique,,clean
K-38469IN-4FS-AF,,,,shower_trim,bathroom,vibrant_finishes,shower_trim,Recessed bath and shower AT235 trim in french gold,,7980.0,INR,True,,AF,french gold,,,,,,,,,,,,,,,,not_specified,,,,,,,,,,,,,,,,,,,,,,,,,,,,,,,,,,,K-882IN-NA,,,,False,,,,False,,kohler-india-pricebook-2026-june,KOHLER India Price Book 2026 June Edition,2026,June Edition,100,catalogue,high,False,,unique,,clean
K-38468IN-4FP-AF,,,,shower_trim,bathroom,vibrant_finishes,shower_trim,Recessed bath and shower AT230 trim in french gold,,6330.0,INR,True,,AF,french gold,,,,,,,,,,,,,,,,not_specified,,,,,,,,,,,,,,,,,,,,,,,,,,,,,,,,,,,K-75201IN-CP,,,,False,,,,False,,kohler-india-pricebook-2026-june,KOHLER India Price Book 2026 June Edition,2026,June Edition,100,catalogue,high,False,,unique,,clean
K-38471IN-AF,,,,bath_spout,bathroom,vibrant_finishes,bath_spout,Bath spout with diverter in french gold,,5000.0,INR,True,,AF,french gold,,,,,,,,,,,,,,,,not_specified,,,,,,,,,,,,,,,,,,,,,,,,,,,,,,,,,,,,,,,False,,,,False,,kohler-india-pricebook-2026-june,KOHLER India Price Book 2026 June Edition,2026,June Edition,100,catalogue,high,False,,unique,,clean
K-38470IN-AF,,,,bath_spout,bathroom,vibrant_finishes,bath_spout,Bath spout without diverter in french gold,,3750.0,INR,True,,AF,french gold,,,,,,,,,,,,,,,,not_specified,,,,,,,,,,,,,,,,,,,,,,,,,,,,,,,,,,,,,,,False,,,,False,,kohler-india-pricebook-2026-june,KOHLER India Price Book 2026 June Edition,2026,June Edition,100,catalogue,high,False,,unique,,clean
K-23967IN-4ND-AF,,,,basin_faucet,bathroom,vibrant_finishes,basin_faucet,Vive Single-control tall basin faucet without drain in french gold,,17050.0,INR,True,,AF,french gold,,,,,,,,,,,,,,,,not_specified,,,,,,,,,,,,,,,,,,,,,,,,,,,,,,,,,,,,,,,False,,,,False,,kohler-india-pricebook-2026-june,KOHLER India Price Book 2026 June Edition,2026,June Edition,100,catalogue,high,False,,unique,,clean
K-23966IN-4ND-AF,,,,basin_faucet,bathroom,vibrant_finishes,basin_faucet,Single-control wall mount monoblock basin faucet trim + valve in french gold,,13650.0,INR,True,,AF,french gold,,,,,,,,,,,,,,,,not_specified,,,,,,,,,,,,,,,,,,,,,,,,,,,,,,,,,,,,,,,False,,,,False,,kohler-india-pricebook-2026-june,KOHLER India Price Book 2026 June Edition,2026,June Edition,101,catalogue,high,False,,unique,,clean
K-23975IN-4ND-AF,,,,shower_trim,bathroom,vibrant_finishes,shower_trim,Recessed bath and shower AT 235 trim in french gold,,17050.0,INR,True,,AF,french gold,,,,,,,,,,,,,,,,not_specified,,,,,,,,,,,,,,,,,,,,,,,,,,,,,,,,,,,,,,,False,,,,False,,kohler-india-pricebook-2026-june,KOHLER India Price Book 2026 June Edition,2026,June Edition,101,catalogue,high,False,,unique,,clean
K-23971IN-4FS-AF,,,,shower_trim,bathroom,vibrant_finishes,shower_trim,Recessed bath and shower trim with diverter in french gold,,9100.0,INR,True,,AF,french gold,,,,,,,,,,,,,,,,not_specified,,,,,,,,,,,,,,,,,,,,,,,,,,,,,,,,,,,K-882IN-NA,,,,False,,,,False,,kohler-india-pricebook-2026-june,KOHLER India Price Book 2026 June Edition,2026,June Edition,101,catalogue,high,False,,unique,,clean
K-23974IN-AA-AF,,,,bath_spout,bathroom,vibrant_finishes,bath_spout,Bath spout with diverter in french gold,,7800.0,INR,True,,AF,french gold,,,,,,,,,,,,,,,,not_specified,,,,,,,,,,,,,,,,,,,,,,,,,,,,,,,,,,,,,,,False,,,,False,,kohler-india-pricebook-2026-june,KOHLER India Price Book 2026 June Edition,2026,June Edition,101,catalogue,high,False,,unique,,clean
K-23973IN-AA-AF,,,,bath_spout,bathroom,vibrant_finishes,bath_spout,Bath spout without diverter in french gold,,6550.0,INR,True,,AF,french gold,,,,,,,,,,,,,,,,not_specified,,,,,,,,,,,,,,,,,,,,,,,,,,,,,,,,,,,,,,,False,,,,False,,kohler-india-pricebook-2026-june,KOHLER India Price Book 2026 June Edition,2026,June Edition,101,catalogue,high,False,,unique,,clean
K-22535IN-4AND-AF,,,,basin_faucet,bathroom,vibrant_finishes,basin_faucet,Hone Single-control tall basin faucet without drain in french gold,,14850.0,INR,True,,AF,french gold,,,,,,,,,,,,,,,,not_specified,,,,,,,,,,,,,,,,,,,,,,,,,,,,,,,,,,,,,,,False,,,,False,,kohler-india-pricebook-2026-june,KOHLER India Price Book 2026 June Edition,2026,June Edition,101,catalogue,high,False,,unique,,clean
K-22534IN-4AND-AF,,,,basin_faucet,bathroom,vibrant_finishes,basin_faucet,Single-control basin faucet without drain in french gold,,11880.0,INR,True,,AF,french gold,,,,,,,,,,,,,,,,not_specified,,,,,,,,,,,,,,,,,,,,,,,,,,,,,,,,,,,,,,,False,,,,False,,kohler-india-pricebook-2026-june,KOHLER India Price Book 2026 June Edition,2026,June Edition,101,catalogue,high,False,,unique,,clean
K-22539IN-4A-AF,,,,pillar_tap,bathroom,vibrant_finishes,pillar_tap,Tall pillar tap in french gold,,7260.0,INR,True,,AF,french gold,,,,,,,,,,,,,,,,not_specified,,,,,,,,,,,,,,,,,,,,,,,,,,,,,,,,,,,,,,,False,,,,False,,kohler-india-pricebook-2026-june,KOHLER India Price Book 2026 June Edition,2026,June Edition,101,catalogue,high,False,,unique,,clean
K-22538IN-4A-AF,,,,pillar_tap,bathroom,vibrant_finishes,pillar_tap,Pillar tap in french gold,,5810.0,INR,True,,AF,french gold,,,,,,,,,,,,,,,,not_specified,,,,,,,,,,,,,,,,,,,,,,,,,,,,,,,,,,,,,,,False,,,,False,,kohler-india-pricebook-2026-june,KOHLER India Price Book 2026 June Edition,2026,June Edition,101,catalogue,high,False,,unique,,clean
K-22540IN-4AND-AF,,,,wall_mount_basin,bathroom,vibrant_finishes,wall_mount_basin,Single-control wall mount basin faucet trim in french gold,,9100.0,INR,True,,AF,french gold,,,,,,,,,,,,,,,,not_specified,,,,,,,,,,,,,,,,,,,,,,,,,,,,,,,,,,,K-5679IN-NA,,,,False,,,,False,,kohler-india-pricebook-2026-june,KOHLER India Price Book 2026 June Edition,2026,June Edition,101,catalogue,high,False,,unique,,clean
K-38938IN-4FS-AF,,,,shower_trim,bathroom,vibrant_finishes,shower_trim,Recessed bath and shower AT 235 trim in french gold,,8058.0,INR,True,,AF,french gold,,,,,,,,,,,,,,,,not_specified,,,,,,,,,,,,,,,,,,,,,,,,,,,,,,,,,,,K-882IN-NA,,,,False,,,,False,,kohler-india-pricebook-2026-june,KOHLER India Price Book 2026 June Edition,2026,June Edition,101,catalogue,high,False,,unique,,clean
K-38939IN-4FP-AF,,,,shower_trim,bathroom,vibrant_finishes,shower_trim,Recessed bath and shower AT 230 trim in french gold,,6470.0,INR,True,,AF,french gold,,,,,,,,,,,,,,,,not_specified,,,,,,,,,,,,,,,,,,,,,,,,,,,,,,,,,,,K-75201IN-AF,,,,False,,,,False,,kohler-india-pricebook-2026-june,KOHLER India Price Book 2026 June Edition,2026,June Edition,101,catalogue,high,False,,unique,,clean
K-22543IN-N-AF,,,,bath_spout,bathroom,vibrant_finishes,bath_spout,Bath spout without diverter in french gold,,5380.0,INR,True,,AF,french gold,,,,,,,,,,,,,,,,not_specified,,,,,,,,,,,,,,,,,,,,,,,,,,,,,,,,,,,,,,,False,,,,False,,kohler-india-pricebook-2026-june,KOHLER India Price Book 2026 June Edition,2026,June Edition,102,catalogue,high,False,,unique,,clean
K-22544IN-N-AF,,,,bath_spout,bathroom,vibrant_finishes,bath_spout,Bath spout with diverter in french gold,,6450.0,INR,True,,AF,french gold,,,,,,,,,,,,,,,,not_specified,,,,,,,,,,,,,,,,,,,,,,,,,,,,,,,,,,,,,,,False,,,,False,,kohler-india-pricebook-2026-june,KOHLER India Price Book 2026 June Edition,2026,June Edition,102,catalogue,high,False,,unique,,clean
K-33063IN-4ND-AF,,,,basin_faucet,bathroom,vibrant_finishes,basin_faucet,Accliv Single-control tall basin faucet in french gold,,11620.0,INR,True,,AF,french gold,,,,,,,,,,,,,,,,not_specified,,,,,,,,,,,,,,,,,,,,,,,,,,,,,,,,,,,,,,,False,,,,False,,kohler-india-pricebook-2026-june,KOHLER India Price Book 2026 June Edition,2026,June Edition,102,catalogue,high,False,,unique,,clean
K-33059IN-4ND-AF,,,,basin_faucet,bathroom,vibrant_finishes,basin_faucet,Single-control basin faucet in french gold,,8880.0,INR,True,,AF,french gold,,,,,,,,,,,,,,,,not_specified,,,,,,,,,,,,,,,,,,,,,,,,,,,,,,,,,,,,,,,False,,,,False,,kohler-india-pricebook-2026-june,KOHLER India Price Book 2026 June Edition,2026,June Edition,102,catalogue,high,False,,unique,,clean
K-33102IN-4-AF,,,,pillar_tap,bathroom,vibrant_finishes,pillar_tap,Tall pillar tap in french gold,,6160.0,INR,True,,AF,french gold,,,,,,,,,,,,,,,,not_specified,,,,,,,,,,,,,,,,,,,,,,,,,,,,,,,,,,,,,,,False,,,,False,,kohler-india-pricebook-2026-june,KOHLER India Price Book 2026 June Edition,2026,June Edition,102,catalogue,high,False,,unique,,clean
K-33101IN-4-AF,,,,pillar_tap,bathroom,vibrant_finishes,pillar_tap,Pillar tap in french gold,,4410.0,INR,True,,AF,french gold,,,,,,,,,,,,,,,,not_specified,,,,,,,,,,,,,,,,,,,,,,,,,,,,,,,,,,,,,,,False,,,,False,,kohler-india-pricebook-2026-june,KOHLER India Price Book 2026 June Edition,2026,June Edition,102,catalogue,high,False,,unique,,clean
K-26791IN-4ND-AF,,,,wall_mount_basin,bathroom,vibrant_finishes,wall_mount_basin,Single-control wall mount basin faucet trim in french gold,,5930.0,INR,True,,AF,french gold,,,,,,,,,,,,,,,,not_specified,,,,,,,,,,,,,,,,,,,,,,,,,,,,,,,,,,,K-25150IN-NA,,,,False,,,,False,,kohler-india-pricebook-2026-june,KOHLER India Price Book 2026 June Edition,2026,June Edition,102,catalogue,high,False,,unique,,clean
K-33103IN-4ND-AF,,,,wall_mount_basin,bathroom,vibrant_finishes,wall_mount_basin,Cold-only wall mount basin faucet trim in french gold,,4120.0,INR,True,,AF,french gold,,,,,,,,,,,,,,,,not_specified,,,,,,,,,,,,,,,,,,,,,,,,,,,,,,,,,,,K-25149IN-NA,,,,False,,,,False,,kohler-india-pricebook-2026-june,KOHLER India Price Book 2026 June Edition,2026,June Edition,102,catalogue,high,False,,unique,,clean
K-33111IN-4FS-AF,,,,shower_trim,bathroom,vibrant_finishes,shower_trim,Recessed bath and shower AT235 trim in french gold,,6960.0,INR,True,,AF,french gold,,,,,,,,,,,,,,,,not_specified,,,,,,,,,,,,,,,,,,,,,,,,,,,,,,,,,,,K-882IN-NA,,,,False,,,,False,,kohler-india-pricebook-2026-june,KOHLER India Price Book 2026 June Edition,2026,June Edition,102,catalogue,high,False,,unique,,clean
K-33074IN-AF,,,,bath_spout,bathroom,vibrant_finishes,bath_spout,Bath spout without diverter in french gold,,3820.0,INR,True,,AF,french gold,,,,,,,,,,,,,,,,not_specified,,,,,,,,,,,,,,,,,,,,,,,,,,,,,,,,,,,,,,,False,,,,False,,kohler-india-pricebook-2026-june,KOHLER India Price Book 2026 June Edition,2026,June Edition,102,catalogue,high,False,,repeated_same_sku,K-33074IN-AF,clean
K-27479IN-4ND-AF,,,,basin_faucet,bathroom,vibrant_finishes,basin_faucet,Fore Arc™ Single-control basin faucet without drain in french gold,,9370.0,INR,True,,AF,french gold,,,,,,,,,,,,,,,,not_specified,,,,,,,,,,,,,,,,,,,,,,,,,,,,,,,,,,,,,,,False,,,,False,,kohler-india-pricebook-2026-june,KOHLER India Price Book 2026 June Edition,2026,June Edition,102,catalogue,high,False,,unique,,clean
K-27486IN-4-AF,,,,pillar_tap,bathroom,vibrant_finishes,pillar_tap,Pillar tap in french gold,,5210.0,INR,True,,AF,french gold,,,,,,,,,,,,,,,,not_specified,,,,,,,,,,,,,,,,,,,,,,,,,,,,,,,,,,,,,,,False,,,,False,,kohler-india-pricebook-2026-june,KOHLER India Price Book 2026 June Edition,2026,June Edition,103,catalogue,high,False,,unique,,clean
K-27483IN-4ND-AF,,,,wall_mount_basin,bathroom,vibrant_finishes,wall_mount_basin,Single-control wall mount basin faucet trim in french gold,,6800.0,INR,True,,AF,french gold,,,,,,,,,,,,,,,,not_specified,,,,,,,,,,,,,,,,,,,,,,,,,,,,,,,,,,,K-25150IN-NA,,,,False,,,,False,,kohler-india-pricebook-2026-june,KOHLER India Price Book 2026 June Edition,2026,June Edition,103,catalogue,high,False,,unique,,clean
K-27500IN-4FS-AF,,,,shower_trim,bathroom,vibrant_finishes,shower_trim,Recessed bath and shower AT 235 trim in french gold,,7020.0,INR,True,,AF,french gold,,,,,,,,,,,,,,,,not_specified,,,,,,,,,,,,,,,,,,,,,,,,,,,,,,,,,,,K-882IN-NA,,,,False,,,,False,,kohler-india-pricebook-2026-june,KOHLER India Price Book 2026 June Edition,2026,June Edition,103,catalogue,high,False,,unique,,clean
K-27494IN-AF,,,,bath_spout,bathroom,vibrant_finishes,bath_spout,Bath spout with diverter in french gold,,5010.0,INR,True,,AF,french gold,,,,,,,,,,,,,,,,not_specified,,,,,,,,,,,,,,,,,,,,,,,,,,,,,,,,,,,,,,,False,,,,False,,kohler-india-pricebook-2026-june,KOHLER India Price Book 2026 June Edition,2026,June Edition,103,catalogue,high,False,,unique,,clean
K-27492IN-AF,,,,bath_spout,bathroom,vibrant_finishes,bath_spout,Bath spout without diverter in french gold,,3480.0,INR,True,,AF,french gold,,,,,,,,,,,,,,,,not_specified,,,,,,,,,,,,,,,,,,,,,,,,,,,,,,,,,,,,,,,False,,,,False,,kohler-india-pricebook-2026-june,KOHLER India Price Book 2026 June Edition,2026,June Edition,103,catalogue,high,False,,unique,,clean
K-27480IN-4ND-AF,,,,basin_faucet,bathroom,vibrant_finishes,basin_faucet,Fore Line™ Single-control tall basin faucet without drain in french gold,,10710.0,INR,True,,AF,french gold,,,,,,,,,,,,,,,,not_specified,,,,,,,,,,,,,,,,,,,,,,,,,,,,,,,,,,,,,,,False,,,,False,,kohler-india-pricebook-2026-june,KOHLER India Price Book 2026 June Edition,2026,June Edition,103,catalogue,high,False,,unique,,clean
K-27478IN-4ND-AF,,,,basin_faucet,bathroom,vibrant_finishes,basin_faucet,Single-control basin faucet without drain in french gold,,8650.0,INR,True,,AF,french gold,,,,,,,,,,,,,,,,not_specified,,,,,,,,,,,,,,,,,,,,,,,,,,,,,,,,,,,,,,,False,,,,False,,kohler-india-pricebook-2026-june,KOHLER India Price Book 2026 June Edition,2026,June Edition,103,catalogue,high,False,,unique,,clean
K-27485IN-4-AF,,,,pillar_tap,bathroom,vibrant_finishes,pillar_tap,Pillar tap in french gold,,4860.0,INR,True,,AF,french gold,,,,,,,,,,,,,,,,not_specified,,,,,,,,,,,,,,,,,,,,,,,,,,,,,,,,,,,,,,,False,,,,False,,kohler-india-pricebook-2026-june,KOHLER India Price Book 2026 June Edition,2026,June Edition,103,catalogue,high,False,,unique,,clean
K-27482IN-4ND-AF,,,,wall_mount_basin,bathroom,vibrant_finishes,wall_mount_basin,Single-control wall mount basin faucet trim in french gold,,5870.0,INR,True,,AF,french gold,,,,,,,,,,,,,,,,not_specified,,,,,,,,,,,,,,,,,,,,,,,,,,,,,,,,,,,K-25150IN-NA,,,,False,,,,False,,kohler-india-pricebook-2026-june,KOHLER India Price Book 2026 June Edition,2026,June Edition,103,catalogue,high,False,,unique,,clean
K-27488IN-4ND-AF,,,,wall_mount_basin,bathroom,vibrant_finishes,wall_mount_basin,Cold only wall mount basin faucet trim in french gold,,4580.0,INR,True,,AF,french gold,,,,,,,,,,,,,,,,not_specified,,,,,,,,,,,,,,,,,,,,,,,,,,,,,,,,,,,K-25150IN-NA,,,,False,,,,False,,kohler-india-pricebook-2026-june,KOHLER India Price Book 2026 June Edition,2026,June Edition,103,catalogue,high,False,,unique,,clean
K-27499IN-4FS-AF,,,,shower_trim,bathroom,vibrant_finishes,shower_trim,Recessed bath and shower AT 235 trim in french gold,,6490.0,INR,True,,AF,french gold,,,,,,,,,,,,,,,,not_specified,,,,,,,,,,,,,,,,,,,,,,,,,,,,,,,,,,,K-882IN-NA,,,,False,,,,False,,kohler-india-pricebook-2026-june,KOHLER India Price Book 2026 June Edition,2026,June Edition,103,catalogue,high,False,,unique,,clean
K-27493IN-AF,,,,bath_spout,bathroom,vibrant_finishes,bath_spout,Bath spout with diverter in french gold,,5010.0,INR,True,,AF,french gold,,,,,,,,,,,,,,,,not_specified,,,,,,,,,,,,,,,,,,,,,,,,,,,,,,,,,,,,,,,False,,,,False,,kohler-india-pricebook-2026-june,KOHLER India Price Book 2026 June Edition,2026,June Edition,104,catalogue,high,False,,unique,,clean
K-27490IN-AF,,,,bath_spout,bathroom,vibrant_finishes,bath_spout,Bath spout without diverter in french gold,,3480.0,INR,True,,AF,french gold,,,,,,,,,,,,,,,,not_specified,,,,,,,,,,,,,,,,,,,,,,,,,,,,,,,,,,,,,,,False,,,,False,,kohler-india-pricebook-2026-june,KOHLER India Price Book 2026 June Edition,2026,June Edition,104,catalogue,high,False,,unique,,clean
K-73087T-B4-AF,Composed™,Composed™,composed-hand_shower,hand_shower,bathroom,vibrant_finishes,hand_shower,Floor mount bathtub filler with hand shower in french gold,,130000.0,INR,True,,AF,french gold,,,,,,,,,,,,,,,,not_specified,,,,,,,,,,,,,,,,,,,,,,,,,,,,,,,,,,,K-97905T-NA,,,,False,,,,False,,kohler-india-pricebook-2026-june,KOHLER India Price Book 2026 June Edition,2026,June Edition,104,catalogue,high,False,,unique,,clean
K-73081T-4-AF,Composed™,Composed™,composed-bathtub,bathtub,bathroom,vibrant_finishes,bathtub,Deck mount bathtub filler in french gold,,73500.0,INR,True,,AF,french gold,,,,,,,,,,,,,,,,not_specified,,,,,,,,,,,,,,,,,,,,,,,,,,,,,,,,,,,,,,,False,,,,False,,kohler-india-pricebook-2026-june,KOHLER India Price Book 2026 June Edition,2026,June Edition,104,catalogue,high,False,,unique,,clean
K-97168IN-AF,Loure®,Loure®,,,bathroom,vibrant_finishes,,Rectangle 600mm x 800mm multifunction (4F) rainpanel in french gold,,727700.0,INR,True,,AF,french gold,,,,,,,,,,,,,,,,not_specified,,,,,,,,,,,,,,,,,,,,,,,,,,,,,,,,,,,,,,,False,,,,False,,kohler-india-pricebook-2026-june,KOHLER India Price Book 2026 June Edition,2026,June Edition,104,catalogue,high,False,,unique,,clean
K-97167IN-AF,Loure®,Loure®,,,bathroom,vibrant_finishes,,Square 500mm x 500mm multifunction (2F) rainpanel in french gold,,407900.0,INR,True,,AF,french gold,,,,,,,,,,,,,,,,not_specified,,,,,,,,,,,,,,,,,,,,,,,,,,,,,,,,,,,,,,,False,,,,False,,kohler-india-pricebook-2026-june,KOHLER India Price Book 2026 June Edition,2026,June Edition,104,catalogue,high,False,,unique,,clean
K-29959IN-AF,ModernLife Edge™,ModernLife Edge™,,,bathroom,vibrant_finishes,,Hexagonal 425mm x 330mm dual flow rainpanel in french gold,,173800.0,INR,True,,AF,french gold,,,,,,,,,,,,,,,,not_specified,,,,,,,,,,,,,,,,,,,,,,,,,,,,,,,,,,,,,,,False,,,,False,,kohler-india-pricebook-2026-june,KOHLER India Price Book 2026 June Edition,2026,June Edition,104,catalogue,high,False,,unique,,clean
K-9301IN-CL-AF,ModernLife Edge™,ModernLife Edge™,modernlife-edge-rainhead,rainhead,bathroom,vibrant_finishes,rainhead,Square 381mm single function rainhead in french gold,,119200.0,INR,True,,AF,french gold,,,,,,,,,,,,,,,,not_specified,,,,,,,,,,,,,,,,,,,,,,,,,,,,,,,,,,,K-16347IN-AF,,,,False,,,,False,,kohler-india-pricebook-2026-june,KOHLER India Price Book 2026 June Edition,2026,June Edition,104,catalogue,high,False,,unique,,clean
K-26297IN-AF,Statement™,Statement™,statement-rainhead,rainhead,bathroom,vibrant_finishes,rainhead,Oblong 453mm two-function rainhead in french gold,,94900.0,INR,True,,AF,french gold,,,,,,,,,,,,,,,,not_specified,,,,,,,,,,,,,,,,,,,,,,,,,,,,,,,,,,,K-26324IN-AF/K-26326T-AF,,,,False,,,,False,,kohler-india-pricebook-2026-june,KOHLER India Price Book 2026 June Edition,2026,June Edition,104,catalogue,high,False,,unique,,clean
K-9302IN-CL-AF,ModernLife Edge™,ModernLife Edge™,modernlife-edge-rainhead,rainhead,bathroom,vibrant_finishes,rainhead,Square 330mm single function rainhead in french gold,,81400.0,INR,True,,AF,french gold,,,,,,,,,,,,,,,,not_specified,,,,,,,,,,,,,,,,,,,,,,,,,,,,,,,,,,,K-16347IN-AF,,,,False,,,,False,,kohler-india-pricebook-2026-june,KOHLER India Price Book 2026 June Edition,2026,June Edition,104,catalogue,high,False,,unique,,clean
K-26296IN-AF,Statement™,Statement™,statement-rainhead,rainhead,bathroom,vibrant_finishes,rainhead,Oblong 353mm two-function rainhead in french gold,,80300.0,INR,True,,AF,french gold,,,,,,,,,,,,,,,,not_specified,,,,,,,,,,,,,,,,,,,,,,,,,,,,,,,,,,,K-26324IN-AF/K-26326T-AF,,,,False,,,,False,,kohler-india-pricebook-2026-june,KOHLER India Price Book 2026 June Edition,2026,June Edition,105,catalogue,high,False,,unique,,clean
K-24470IN-AF,ModernLife™,ModernLife™,modernlife-rainhead,rainhead,bathroom,vibrant_finishes,rainhead,Rectangle 330mm x 230mm two-function rainhead in french gold,,52500.0,INR,True,,AF,french gold,,,,,,,,,,,,,,,,not_specified,,,,,,,,,,,,,,,,,,,,,,,,,,,,,,,,,,,K-26324IN-AF/K-26326T-AF,,,,False,,,,False,,kohler-india-pricebook-2026-june,KOHLER India Price Book 2026 June Edition,2026,June Edition,105,catalogue,high,False,,unique,,clean
K-26294IN-AF,Statement™,Statement™,statement-rainhead,rainhead,bathroom,vibrant_finishes,rainhead,Oblong 353mm single function rainhead in french gold,,52300.0,INR,True,,AF,french gold,,,,,,,,,,,,,,,,not_specified,,,,,,,,,,,,,,,,,,,,,,,,,,,,,,,,,,,K-16346IN-AF/K-16347IN-AF,,,,False,,,,False,,kohler-india-pricebook-2026-june,KOHLER India Price Book 2026 June Edition,2026,June Edition,105,catalogue,high,False,,unique,,clean
K-38629IN-AF,RainMax II,RainMax II,rainmax-ii-rainhead,rainhead,bathroom,vibrant_finishes,rainhead,Square 305mm two function dual core rainhead in french gold,,40550.0,INR,True,,AF,french gold,,,,,,,,,,,,,,,,not_specified,,,,,,,,,,,,,,,,,,,,,,,,,,,,,,,,,,,K-26324IN-AF/K-26326T-AF,,,,False,,,,False,,kohler-india-pricebook-2026-june,KOHLER India Price Book 2026 June Edition,2026,June Edition,105,catalogue,high,False,,unique,,clean
K-27731IN-AF,ModernLife™,ModernLife™,modernlife-rainhead,rainhead,bathroom,vibrant_finishes,rainhead,Rectangle 330mm x 230mm single function rainhead in french gold,,34100.0,INR,True,,AF,french gold,,,,,,,,,,,,,,,,not_specified,,,,,,,,,,,,,,,,,,,,,,,,,,,,,,,,,,,K-16346IN-AF/; K-16347IN-AF,,,,False,,,,False,,kohler-india-pricebook-2026-june,KOHLER India Price Book 2026 June Edition,2026,June Edition,105,catalogue,high,False,,unique,,clean
K-26856IN-AF,RainMax,RainMax,rainmax-rainhead,rainhead,bathroom,vibrant_finishes,rainhead,Square 305mm single function dual core rainhead in french gold,,28700.0,INR,True,,AF,french gold,,,,,,,,,,,,,,,,not_specified,,,,,,,,,,,,,,,,,,,,,,,,,,,,,,,,,,,K-16346IN-AF/; K-16347IN-AF,,,,False,,,,False,,kohler-india-pricebook-2026-june,KOHLER India Price Book 2026 June Edition,2026,June Edition,105,catalogue,high,False,,unique,,clean
K-26855IN-AF,RainMax,RainMax,rainmax-rainhead,rainhead,bathroom,vibrant_finishes,rainhead,Square 254mm single function dual core rainhead in french gold,,23900.0,INR,True,,AF,french gold,,,,,,,,,,,,,,,,not_specified,,,,,,,,,,,,,,,,,,,,,,,,,,,,,,,,,,,K-16346IN-AF/; K-16347IN-AF,,,,False,,,,False,,kohler-india-pricebook-2026-june,KOHLER India Price Book 2026 June Edition,2026,June Edition,105,catalogue,high,False,,unique,,clean
K-26854IN-AF,RainMax,RainMax,rainmax-rainhead,rainhead,bathroom,vibrant_finishes,rainhead,Round 254mm single function dual core rainhead in french gold,,22450.0,INR,True,,AF,french gold,,,,,,,,,,,,,,,,not_specified,,,,,,,,,,,,,,,,,,,,,,,,,,,,,,,,,,,K-16346IN-AF/; K-16347IN-AF,,,,False,,,,False,,kohler-india-pricebook-2026-june,KOHLER India Price Book 2026 June Edition,2026,June Edition,105,catalogue,high,False,,unique,,clean
K-38973IN-AF,Pristine,Pristine,pristine-rainhead,rainhead,bathroom,vibrant_finishes,rainhead,Square 254mm single function filtered rainhead in french gold,,15600.0,INR,True,,AF,french gold,,,,,,,,,,,,,,,,not_specified,,,,,,,,,,,,,,,,,,,,,,,,,,,,,,,,,,,K-16346IN-AF/; K-16347IN-AF,,,,False,,,,False,,kohler-india-pricebook-2026-june,KOHLER India Price Book 2026 June Edition,2026,June Edition,105,catalogue,high,False,,unique,,clean
K-73040IN-CL-AF,Rain Duet™,Rain Duet™,rain-duet-rainhead,rainhead,bathroom,vibrant_finishes,rainhead,Square 254mm single function Katalyst™rainhead in french gold,,18100.0,INR,True,,AF,french gold,,,,,,,,,,,,,,,,not_specified,,,,,,,,,,,,,,,,,,,,,,,,,,,,,,,,,,,K-16346IN-AF/; K-16347IN-AF,,,,False,,,,False,,kohler-india-pricebook-2026-june,KOHLER India Price Book 2026 June Edition,2026,June Edition,105,catalogue,high,False,,unique,,clean
K-39507IN-AF,Rain Duet™,Rain Duet™,rain-duet-rainhead,rainhead,bathroom,vibrant_finishes,rainhead,Round 254mm single function anti drip rainhead in french gold,,15000.0,INR,True,,AF,french gold,,,,,,,,,,,,,,,,not_specified,,,,,,,,,,,,,,,,,,,,,,,,,,,,,,,,,,,K-16346IN-AF/; K-16347IN-AF,,,,False,,,,False,,kohler-india-pricebook-2026-june,KOHLER India Price Book 2026 June Edition,2026,June Edition,105,catalogue,high,False,,unique,,clean
K-73039IN-CL-AF,Rain Duet™,Rain Duet™,rain-duet-rainhead,rainhead,bathroom,vibrant_finishes,rainhead,Round 254mm single function Katalyst™ rainhead in french,,16900.0,INR,True,,AF,french,,,,,,,,,,,,,,,,not_specified,,,,,,,,,,,,,,,,,,,,,,,,,,,,,,,,,,,K-16346IN-AF/; K-16347IN-AF,,,,False,,,,False,,kohler-india-pricebook-2026-june,KOHLER India Price Book 2026 June Edition,2026,June Edition,106,catalogue,high,False,,unique,,clean
K-26290IN-AF,Statement™,Statement™,statement-showerhead,showerhead,bathroom,vibrant_finishes,showerhead,Oblong 202mm three function showerhead in french gold,,10400.0,INR,True,,AF,french gold,,,,,,,,,,,,,,,,not_specified,,,,,,,,,,,,,,,,,,,,,,,,,,,,,,,,,,,K-26318IN-AF,,,,False,,,,False,,kohler-india-pricebook-2026-june,KOHLER India Price Book 2026 June Edition,2026,June Edition,106,catalogue,high,False,,unique,,clean
K-38972IN-AF,Pristine,Pristine,pristine-showerhead,showerhead,bathroom,vibrant_finishes,showerhead,Square 203mm single function filtered showerhead in french gold,,8200.0,INR,True,,AF,french gold,,,,,,,,,,,,,,,,not_specified,,,,,,,,,,,,,,,,,,,,,,,,,,,,,,,,,,,K-99054IN-AF,,,,False,,,,False,,kohler-india-pricebook-2026-june,KOHLER India Price Book 2026 June Edition,2026,June Edition,106,catalogue,high,False,,unique,,clean
K-22645IN-AF,Pristine,Pristine,pristine-showerhead,showerhead,bathroom,vibrant_finishes,showerhead,Square 127mm single function showerhead with shower arm and flange in french gold,,5500.0,INR,True,,AF,french gold,,,,,,,,,,,,,,,,not_specified,,,,,,,,,,,,,,,,,,,,,,,,,,,,,,,,,,,,,,,False,,,,False,,kohler-india-pricebook-2026-june,KOHLER India Price Book 2026 June Edition,2026,June Edition,106,catalogue,high,False,,unique,,clean
K-39505IN-AF,Rain Duet™,Rain Duet™,rain-duet-showerhead,showerhead,bathroom,vibrant_finishes,showerhead,Round 110mm five function showerhead in french gold,,5000.0,INR,True,,AF,french gold,,,,,,,,,,,,,,,,not_specified,,,,,,,,,,,,,,,,,,,,,,,,,,,,,,,,,,,K-99054IN-AF,,,,False,,,,False,,kohler-india-pricebook-2026-june,KOHLER India Price Book 2026 June Edition,2026,June Edition,106,catalogue,high,False,,unique,,clean
K-16356IN-A-AF,Complementary™,Complementary™,complementary-showerhead,showerhead,bathroom,vibrant_finishes,showerhead,Round 130mm single function showerhead with shower arm and flange in french gold,,3420.0,INR,True,,AF,french gold,,,,,,,,,,,,,,,,not_specified,,,,,,,,,,,,,,,,,,,,,,,,,,,,,,,,,,,,,,,False,,,,False,,kohler-india-pricebook-2026-june,KOHLER India Price Book 2026 June Edition,2026,June Edition,106,catalogue,high,False,,unique,,clean
K-34098IN-AF,Radiance™,Radiance™,radiance-diverter,diverter,bathroom,vibrant_finishes,diverter,Shoulder shower unit with diverter in french gold,,23100.0,INR,True,,AF,french gold,,,,,,,,,,,,,,,,not_specified,,,,,,,,,,,,,,,,,,,,,,,,,,,,,,,,,,,,,,,False,,,,False,,kohler-india-pricebook-2026-june,KOHLER India Price Book 2026 June Edition,2026,June Edition,106,catalogue,high,False,,unique,,clean
K-34099IN-AF,Radiance™,Radiance™,radiance-diverter,diverter,bathroom,vibrant_finishes,diverter,Shoulder shower unit without diverter in french gold,,23100.0,INR,True,,AF,french gold,,,,,,,,,,,,,,,,not_specified,,,,,,,,,,,,,,,,,,,,,,,,,,,,,,,,,,,,,,,False,,,,False,,kohler-india-pricebook-2026-june,KOHLER India Price Book 2026 June Edition,2026,June Edition,106,catalogue,high,False,,unique,,clean
K-26300IN-AF,Statement™,Statement™,,,bathroom,vibrant_finishes,,Oblong vichy body spray in french gold,,23600.0,INR,True,,AF,french gold,,,,,,,,,,,,,,,,not_specified,,,,,,,,,,,,,,,,,,,,,,,,,,,,,,,,,,,,,,,False,,,,False,,kohler-india-pricebook-2026-june,KOHLER India Price Book 2026 June Edition,2026,June Edition,106,catalogue,high,False,,unique,,clean
K-8002IN-AF,Watertile®,Watertile®,,,bathroom,vibrant_finishes,,Square 54-nozzle body-spray in french gold,,16950.0,INR,True,,AF,french gold,,,,,,,,,,,,,,,,not_specified,,,,,,,,,,,,,,,,,,,,,,,,,,,,,,,,,,,,,,,False,,,,False,,kohler-india-pricebook-2026-june,KOHLER India Price Book 2026 June Edition,2026,June Edition,106,catalogue,high,False,,unique,,clean
K-26299IN-AF,Statement™,Statement™,,,bathroom,vibrant_finishes,,Round deep massage body spray in french gold,,13300.0,INR,True,,AF,french gold,,,,,,,,,,,,,,,,not_specified,,,,,,,,,,,,,,,,,,,,,,,,,,,,,,,,,,,,,,,False,,,,False,,kohler-india-pricebook-2026-june,KOHLER India Price Book 2026 June Edition,2026,June Edition,106,catalogue,high,False,,unique,,clean
K-28694IN-AF,Statement™,Statement™,statement-hand_shower,hand_shower,bathroom,vibrant_finishes,hand_shower,Round three-function hand shower with hose with WaterMind™ technology in french gold,,16100.0,INR,True,,AF,french gold,,,,,,,,,,,,,,,,not_specified,,,,,,,,,,,,,,,,,,,,,,,,,,,,,,,,,,,K-99035T-AF,,,,False,,,,False,,kohler-india-pricebook-2026-june,KOHLER India Price Book 2026 June Edition,2026,June Edition,107,catalogue,high,False,,unique,,clean
K-28695IN-AF,Statement™,Statement™,statement-hand_shower,hand_shower,bathroom,vibrant_finishes,hand_shower,Oblong three-function hand shower with hose with WaterMind™ technology in french gold,,13200.0,INR,True,,AF,french gold,,,,,,,,,,,,,,,,not_specified,,,,,,,,,,,,,,,,,,,,,,,,,,,,,,,,,,,K-99035T-AF,,,,False,,,,False,,kohler-india-pricebook-2026-june,KOHLER India Price Book 2026 June Edition,2026,June Edition,107,catalogue,high,False,,unique,,clean
K-97009T-AF,Rain Duet™,Rain Duet™,rain-duet-hand_shower,hand_shower,bathroom,vibrant_finishes,hand_shower,Square three-function hand shower without hose in french gold,,13000.0,INR,True,,AF,french gold,,,,,,,,,,,,,,,,not_specified,,,,,,,,,,,,,,,,,,,,,,,,,,,,,,,,,,,K-99035T-AF; K-12067IN-AF,,,,False,,,,False,,kohler-india-pricebook-2026-june,KOHLER India Price Book 2026 June Edition,2026,June Edition,107,catalogue,high,False,,unique,,clean
K-39502IN-AF,Rain Duet™,Rain Duet™,rain-duet-hand_shower,hand_shower,bathroom,vibrant_finishes,hand_shower,Round three-function hand shower with purge without hose in french gold,,10000.0,INR,True,,AF,french gold,,,,,,,,,,,,,,,,not_specified,,,,,,,,,,,,,,,,,,,,,,,,,,,,,,,,,,,K-99035T-AF; K-12067IN-AF,,,,False,,,,False,,kohler-india-pricebook-2026-june,KOHLER India Price Book 2026 June Edition,2026,June Edition,107,catalogue,high,False,,unique,,clean
K-98445IN-AF,Spatula,Spatula,spatula-hand_shower,hand_shower,bathroom,vibrant_finishes,hand_shower,Square single function large hand shower with hose in french gold,,8350.0,INR,True,,AF,french gold,,,,,,,,,,,,,,,,not_specified,,,,,,,,,,,,,,,,,,,,,,,,,,,,,,,,,,,K-99035T-AF,,,,False,,,,False,,kohler-india-pricebook-2026-june,KOHLER India Price Book 2026 June Edition,2026,June Edition,107,catalogue,high,False,,unique,,clean
K-30318IN-AF,Soundtile®,Soundtile®,,,bathroom,vibrant_finishes,,Soundtile® speakers - pair in french gold,,58800.0,INR,True,,AF,french gold,,,,,,,,,,,,,,,,not_specified,,,,,,,,,,,,,,,,,,,,,,,,,,,,,,,,,,,K-30319IN-NA,,,,False,,,,False,,kohler-india-pricebook-2026-june,KOHLER India Price Book 2026 June Edition,2026,June Edition,107,catalogue,high,False,,unique,,clean
K-26350IN-9-AF,Anthem™,Anthem™,anthem-shower_trim,shower_trim,bathroom,vibrant_finishes,shower_trim,Recessed thermostatic mechanical 6 outlet trim in french gold,,201600.0,INR,True,,AF,french gold,,,,,,,,,,,,,,,,not_specified,,,,,,,,,,,,,,,,,,,,,,,,,,,,,,,,,,,K-26344IN-NA,,,,False,,,,False,,kohler-india-pricebook-2026-june,KOHLER India Price Book 2026 June Edition,2026,June Edition,107,catalogue,high,False,,unique,,clean
EX26349T-9-AF,Anthem™,Anthem™,anthem-shower_trim,shower_trim,bathroom,vibrant_finishes,shower_trim,Recessed thermostatic mechanical 5 outlet trim in french gold,,153100.0,INR,True,,AF,french gold,,,,,,,,,,,,,,,,not_specified,,,,,,,,,,,,,,,,,,,,,,,,,,,,,,,,,,,K-26343T-NA,,,,False,,,,False,,kohler-india-pricebook-2026-june,KOHLER India Price Book 2026 June Edition,2026,June Edition,107,catalogue,high,False,,unique,,clean
K-26348IN-9-AF,Anthem™,Anthem™,anthem-shower_trim,shower_trim,bathroom,vibrant_finishes,shower_trim,Recessed thermostatic mechanical 4 outlet trim in french gold,,137000.0,INR,True,,AF,french gold,,,,,,,,,,,,,,,,not_specified,,,,,,,,,,,,,,,,,,,,,,,,,,,,,,,,,,,K-26342IN-NA,,,,False,,,,False,,kohler-india-pricebook-2026-june,KOHLER India Price Book 2026 June Edition,2026,June Edition,107,catalogue,high,False,,unique,,clean
K-26347IN-9-AF,Anthem™,Anthem™,anthem-shower_trim,shower_trim,bathroom,vibrant_finishes,shower_trim,Recessed thermostatic mechanical 3 outlet trim in french gold,,73000.0,INR,True,,AF,french gold,,,,,,,,,,,,,,,,not_specified,,,,,,,,,,,,,,,,,,,,,,,,,,,,,,,,,,,K-26341IN-NA,,,,False,,,,False,,kohler-india-pricebook-2026-june,KOHLER India Price Book 2026 June Edition,2026,June Edition,107,catalogue,high,False,,unique,,clean
K-25761IN-9-AF,ModernLife Edge™,ModernLife Edge™,modernlife-edge-shower_trim,shower_trim,bathroom,vibrant_finishes,shower_trim,Thermostatic recessed bath & shower autosense 235+ trim in french gold,,22500.0,INR,True,,AF,french gold,,,,,,,,,,,,,,,,not_specified,,,,,,,,,,,,,,,,,,,,,,,,,,,,,,,,,,,K-20740IN-A-NA,,,,False,,,,False,,kohler-india-pricebook-2026-june,KOHLER India Price Book 2026 June Edition,2026,June Edition,108,catalogue,high,False,,repeated_same_sku,K-25761IN-9-AF,clean
K-20742IN-9FP-AF,Autosense 235+,Autosense 235+,autosense-235-shower_trim,shower_trim,bathroom,vibrant_finishes,shower_trim,Thermostatic recessed bath & shower autosense 235+ square trim in french gold,,15800.0,INR,True,,AF,french gold,,,,,,,,,,,,,,,,not_specified,,,,,,,,,,,,,,,,,,,,,,,,,,,,,,,,,,,K-20740IN-A-NA,,,,False,,,,False,,kohler-india-pricebook-2026-june,KOHLER India Price Book 2026 June Edition,2026,June Edition,108,catalogue,high,False,,unique,,clean
K-24431IN-9FP-AF,Autosense 235+,Autosense 235+,autosense-235-shower_trim,shower_trim,bathroom,vibrant_finishes,shower_trim,Thermostatic recessed bath & shower autosense 235+ universal trim in french gold,,15300.0,INR,True,,AF,french gold,,,,,,,,,,,,,,,,not_specified,,,,,,,,,,,,,,,,,,,,,,,,,,,,,,,,,,,K-20740IN-A-NA,,,,False,,,,False,,kohler-india-pricebook-2026-june,KOHLER India Price Book 2026 June Edition,2026,June Edition,108,catalogue,high,False,,unique,,clean
K-99925IN-4FP-AF,Aqua Turbo 360,Aqua Turbo 360,,,bathroom,vibrant_finishes,,square trim in french gold,,14550.0,INR,True,,AF,french gold,,,,,,,,,,,,,,,,not_specified,,,,,,,,,,,,,,,,,,,,,,,,,,,,,,,,,,,K-99924IN-AF,,,,False,,,,False,,kohler-india-pricebook-2026-june,KOHLER India Price Book 2026 June Edition,2026,June Edition,108,catalogue,high,False,,unique,,clean
K-99924IN-AF,Aqua Turbo 360,Aqua Turbo 360,,,bathroom,vibrant_finishes,,Manual 3 outlet valve in french gold,,19750.0,INR,True,,AF,french gold,,,,,,,,,,,,,,,,not_specified,,,,,,,,,,,,,,,,,,,,,,,,,,,,,,,,,,,,,,,False,,,,False,,kohler-india-pricebook-2026-june,KOHLER India Price Book 2026 June Edition,2026,June Edition,108,catalogue,high,False,,unique,,clean
K-26324IN-AF,Statement™,Statement™,statement-rainhead,rainhead,bathroom,vibrant_finishes,rainhead,482mm dual function wallmount rainhead arm in french gold,,25500.0,INR,True,,AF,french gold,,,,,,,,,,,,,,,,not_specified,,,,,,,,,,,,,,,,,,,,,,,,,,,,,,,,,,,,,,,False,,,,False,,kohler-india-pricebook-2026-june,KOHLER India Price Book 2026 June Edition,2026,June Edition,108,catalogue,high,False,,unique,,clean
K-26326T-AF,Statement™,Statement™,statement-rainhead,rainhead,bathroom,vibrant_finishes,rainhead,254mm multi-function ceiling-mount rainhead arm in french gold,,25500.0,INR,True,,AF,french gold,,,,,,,,,,,,,,,,not_specified,,,,,,,,,,,,,,,,,,,,,,,,,,,,,,,,,,,,,,,False,,,,False,,kohler-india-pricebook-2026-june,KOHLER India Price Book 2026 June Edition,2026,June Edition,108,catalogue,high,False,,unique,,clean
K-16346IN-AF,Mastershower™,Mastershower™,mastershower-shower_arm,shower_arm,bathroom,vibrant_finishes,shower_arm,Wall mount elbow shower arm in french gold,,5600.0,INR,True,,AF,french gold,,,,,,,,,,,,,,,,not_specified,,,,,,,,,,,,,,,,,,,,,,,,,,,,,,,,,,,,,,,False,,,,False,,kohler-india-pricebook-2026-june,KOHLER India Price Book 2026 June Edition,2026,June Edition,108,catalogue,high,False,,unique,,clean
K-16347IN-AF,Mastershower™,Mastershower™,mastershower-shower_arm,shower_arm,bathroom,vibrant_finishes,shower_arm,Ceiling-mount shower arm in french gold,,5600.0,INR,True,,AF,french gold,,,,,,,,,,,,,,,,not_specified,,,,,,,,,,,,,,,,,,,,,,,,,,,,,,,,,,,,,,,False,,,,False,,kohler-india-pricebook-2026-june,KOHLER India Price Book 2026 June Edition,2026,June Edition,108,catalogue,high,False,,unique,,clean
K-26318IN-AF,Statement™,Statement™,statement-showerhead,showerhead,bathroom,vibrant_finishes,showerhead,Wall mount showerhead arm in french gold,,4150.0,INR,True,,AF,french gold,,,,,,,,,,,,,,,,not_specified,,,,,,,,,,,,,,,,,,,,,,,,,,,,,,,,,,,,,,,False,,,,False,,kohler-india-pricebook-2026-june,KOHLER India Price Book 2026 June Edition,2026,June Edition,108,catalogue,high,False,,unique,,clean
K-99054IN-AF,Complementary™,Complementary™,complementary-shower_arm,shower_arm,bathroom,vibrant_finishes,shower_arm,Shower arm with escutcheon in french gold,,1290.0,INR,True,,AF,french gold,,,,,,,,,,,,,,,,not_specified,,,,,,,,,,,,,,,,,,,,,,,,,,,,,,,,,,,,,,,False,,,,False,,kohler-india-pricebook-2026-june,KOHLER India Price Book 2026 June Edition,2026,June Edition,109,catalogue,high,False,,unique,,clean
K-8524-AF,Complementary™,Complementary™,,,bathroom,vibrant_finishes,,"Shower slidebar, 762mm in french gold",,23000.0,INR,True,,AF,french gold,,,,,,,,,,,,,,,,not_specified,,,,,,,,,,,,,,,,,,,,,,,,,,,,,,,,,,,,,,,False,,,,False,,kohler-india-pricebook-2026-june,KOHLER India Price Book 2026 June Edition,2026,June Edition,109,catalogue,high,False,,unique,,clean
K-16381IN-AF,Complementary™,Complementary™,,,bathroom,vibrant_finishes,,Supply elbow in french gold,,5600.0,INR,True,,AF,french gold,,,,,,,,,,,,,,,,not_specified,,,,,,,,,,,,,,,,,,,,,,,,,,,,,,,,,,,,,,,False,,,,False,,kohler-india-pricebook-2026-june,KOHLER India Price Book 2026 June Edition,2026,June Edition,109,catalogue,high,False,,unique,,clean
K-12067IN-AF,Complementary™,Complementary™,complementary-hand_shower,hand_shower,bathroom,vibrant_finishes,hand_shower,Hand shower hose in french gold,,2710.0,INR,True,,AF,french gold,,,,,,,,,,,,,,,,not_specified,,,,,,,,,,,,,,,,,,,,,,,,,,,,,,,,,,,,,,,False,,,,False,,kohler-india-pricebook-2026-june,KOHLER India Price Book 2026 June Edition,2026,June Edition,109,catalogue,high,False,,unique,,clean
K-99035T-AF,Refinia™,Refinia™,refinia-hand_shower,hand_shower,bathroom,vibrant_finishes,hand_shower,Hand shower bracket in french gold,,1400.0,INR,True,,AF,french gold,,,,,,,,,,,,,,,,not_specified,,,,,,,,,,,,,,,,,,,,,,,,,,,,,,,,,,,,,,,False,,,,False,,kohler-india-pricebook-2026-june,KOHLER India Price Book 2026 June Edition,2026,June Edition,109,catalogue,high,False,,unique,,clean
K-10386IN-AF,Complementary™,Complementary™,complementary-bath_spout,bath_spout,bathroom,vibrant_finishes,bath_spout,Bath spout with diverter in french gold,,4780.0,INR,True,,AF,french gold,,,,,,,,,,,,,,,,not_specified,,,,,,,,,,,,,,,,,,,,,,,,,,,,,,,,,,,,,,,False,,,,False,,kohler-india-pricebook-2026-june,KOHLER India Price Book 2026 June Edition,2026,June Edition,109,catalogue,high,False,,unique,,clean
K-10385IN-AF,Complementary™,Complementary™,complementary-bath_spout,bath_spout,bathroom,vibrant_finishes,bath_spout,Bath spout without diverter in french gold,,4100.0,INR,True,,AF,french gold,,,,,,,,,,,,,,,,not_specified,,,,,,,,,,,,,,,,,,,,,,,,,,,,,,,,,,,,,,,False,,,,False,,kohler-india-pricebook-2026-june,KOHLER India Price Book 2026 June Edition,2026,June Edition,109,catalogue,high,False,,unique,,clean
K-33074IN-AF,Complementary™,Complementary™,complementary-bath_spout,bath_spout,bathroom,vibrant_finishes,bath_spout,Bath spout without diverter in french gold,,3820.0,INR,True,,AF,french gold,,,,,,,,,,,,,,,,not_specified,,,,,,,,,,,,,,,,,,,,,,,,,,,,,,,,,,,,,,,False,,,,False,,kohler-india-pricebook-2026-june,KOHLER India Price Book 2026 June Edition,2026,June Edition,109,catalogue,high,False,,repeated_same_sku,K-33074IN-AF,clean
K-16086IN-4-AF,July™,July™,july-angle_valve,angle_valve,bathroom,vibrant_finishes,angle_valve,Angle valve G13mm (2 pcs per box) in french gold,,5970.0,INR,True,,AF,french gold,,,,,,,,,,,,,,,,not_specified,,,,,,,,,,,,,,,,,,,,,,,,,,,,,,,,,,,,,,,False,,,,False,,kohler-india-pricebook-2026-june,KOHLER India Price Book 2026 June Edition,2026,June Edition,109,catalogue,high,False,,unique,,clean
K-80158IN-9-AF,Complementary™,Complementary™,complementary-angle_valve,angle_valve,bathroom,vibrant_finishes,angle_valve,Square angle valve in french gold,,2270.0,INR,True,,AF,french gold,,,,,,,,,,,,,,,,not_specified,,,,,,,,,,,,,,,,,,,,,,,,,,,,,,,,,,,,,,,False,,,,False,,kohler-india-pricebook-2026-june,KOHLER India Price Book 2026 June Edition,2026,June Edition,110,catalogue,high,False,,unique,,clean
K-16094IN-4-AF,July™,July™,july-bib_tap,bib_tap,bathroom,vibrant_finishes,bib_tap,2-way bib tap in french gold,,6900.0,INR,True,,AF,french gold,,,,,,,,,,,,,,,,not_specified,,,,,,,,,,,,,,,,,,,,,,,,,,,,,,,,,,,,,,,False,,,,False,,kohler-india-pricebook-2026-june,KOHLER India Price Book 2026 June Edition,2026,June Edition,110,catalogue,high,False,,unique,,clean
K-16093IN-4-AF,July™,July™,july-bib_tap,bib_tap,bathroom,vibrant_finishes,bib_tap,1-way bib tap in french gold,,4530.0,INR,True,,AF,french gold,,,,,,,,,,,,,,,,not_specified,,,,,,,,,,,,,,,,,,,,,,,,,,,,,,,,,,,,,,,False,,,,False,,kohler-india-pricebook-2026-june,KOHLER India Price Book 2026 June Edition,2026,June Edition,110,catalogue,high,False,,unique,,clean
K-16087IN-4-AF,July™,July™,july-stop_valve,stop_valve,bathroom,vibrant_finishes,stop_valve,In-line stop valve trim in french gold,,1650.0,INR,True,,AF,french gold,,,,,,,,,,,,,,,,not_specified,,,,,,,,,,,,,,,,,,,,,,,,,,,,,,,,,,,,,,,False,,,,False,,kohler-india-pricebook-2026-june,KOHLER India Price Book 2026 June Edition,2026,June Edition,110,catalogue,high,False,,unique,,clean
K-7120IN-AF,Complementary™,Complementary™,complementary-drain,drain,bathroom,vibrant_finishes,drain,"Click drain, big cap in french gold",,5200.0,INR,True,,AF,french gold,,,,,,,,,,,,,,,,not_specified,,,,,,,,,,,,,,,,,,,,,,,,,,,,,,,,,,,,,,,False,,,,False,,kohler-india-pricebook-2026-june,KOHLER India Price Book 2026 June Edition,2026,June Edition,110,catalogue,high,False,,unique,,clean
K-45432IN-AF,Complementary™,Complementary™,complementary-drain,drain,bathroom,vibrant_finishes,drain,Grid drain with overflow hole in french gold,,1130.0,INR,True,,AF,french gold,,,,,,,,,,,,,,,,not_specified,,,,,,,,,,,,,,,,,,,,,,,,,,,,,,,,,,,,,,,False,,,,False,,kohler-india-pricebook-2026-june,KOHLER India Price Book 2026 June Edition,2026,June Edition,110,catalogue,high,False,,unique,,clean
K-20746IN-AF,Complementary™,Complementary™,complementary-drain,drain,bathroom,vibrant_finishes,drain,Grid drain long thread in french gold,,930.0,INR,True,,AF,french gold,,,,,,,,,,,,,,,,not_specified,,,,,,,,,,,,,,,,,,,,,,,,,,,,,,,,,,,,,,,False,,,,False,,kohler-india-pricebook-2026-june,KOHLER India Price Book 2026 June Edition,2026,June Edition,110,catalogue,high,False,,unique,,clean
K-75823IN-AF,Complementary™,Complementary™,complementary-bottle_trap,bottle_trap,bathroom,vibrant_finishes,bottle_trap,350mm Bottle trap in french gold,,4530.0,INR,True,,AF,french gold,,,,,,,,,,,,,,,,not_specified,,,,,,,,,,,,,,,,,,,,,,,,,,,,,,,,,,,,,,,False,,,,False,,kohler-india-pricebook-2026-june,KOHLER India Price Book 2026 June Edition,2026,June Edition,110,catalogue,high,False,,unique,,clean
K-7314IN-AF,Complementary™,Complementary™,complementary-bottle_trap,bottle_trap,bathroom,vibrant_finishes,bottle_trap,300mm Bottle trap without drain in french gold,,4020.0,INR,True,,AF,french gold,,,,,,,,,,,,,,,,not_specified,,,,,,,,,,,,,,,,,,,,,,,,,,,,,,,,,,,,,,,False,,,,False,,kohler-india-pricebook-2026-june,KOHLER India Price Book 2026 June Edition,2026,June Edition,110,catalogue,high,False,,unique,,clean
K-7275IN-ZZ-AF,Complementary™,Complementary™,complementary-drain,drain,bathroom,vibrant_finishes,drain,Floor drain in french gold with 27 lpm discharge rate,,2600.0,INR,True,,AF,,,,,,,,,,,,,,,,,not_specified,,,,,,,,,,,,,,,,,,,,,,,,,,,,,,,,,,,,,,,False,,,,False,,kohler-india-pricebook-2026-june,KOHLER India Price Book 2026 June Edition,2026,June Edition,111,catalogue,medium,False,,unique,,clean
K-97258IN-ZZ-AF,Elate®,Elate®,,,bathroom,vibrant_finishes,,Health faucet with hose & bracket in french gold,,6150.0,INR,True,,AF,french gold,,,,,,,,,,,,,,,,not_specified,,,,,,,,,,,,,,,,,,,,,,,,,,,,,,,,,,,,,,,False,,,,False,,kohler-india-pricebook-2026-june,KOHLER India Price Book 2026 June Edition,2026,June Edition,111,catalogue,medium,False,,unique,,clean
K-12927IN-AF,Complementary™,Complementary™,,,bathroom,vibrant_finishes,,Health faucet with hose & bracket in french gold,,5250.0,INR,True,,AF,french gold,,,,,,,,,,,,,,,,not_specified,,,,,,,,,,,,,,,,,,,,,,,,,,,,,,,,,,,,,,,False,,,,False,,kohler-india-pricebook-2026-june,KOHLER India Price Book 2026 June Edition,2026,June Edition,111,catalogue,medium,False,,unique,,clean
K-10712IN-AF,Complementary™,Complementary™,complementary-kitchen_sink_accessory,kitchen_sink_accessory,bathroom,vibrant_finishes,kitchen_sink_accessory,ACCESSORIES Cruz™ Liquid soap dispenser in french gold,,5800.0,INR,True,,AF,french gold,,,,,,,,,,,,,,,,not_specified,,,,,,,,,,,,,,,,,,,,,,,,,,,,,,,,,,,,,,,False,,,,False,,kohler-india-pricebook-2026-june,KOHLER India Price Book 2026 June Edition,2026,June Edition,111,catalogue,medium,False,,unique,,clean
K-25348IN-AF,Complementary™,Complementary™,complementary-bath_accessory,bath_accessory,bathroom,vibrant_finishes,bath_accessory,Accent 610mm single towel bar in french gold,,4900.0,INR,True,,AF,french gold,,,,,,,,,,,,,,,,not_specified,,,,,,,,,,,,,,,,,,,,,,,,,,,,,,,,,,,,,,,False,,,,False,,kohler-india-pricebook-2026-june,KOHLER India Price Book 2026 June Edition,2026,June Edition,111,catalogue,medium,False,,unique,,clean
K-25430IN-AF,Complementary™,Complementary™,,,bathroom,vibrant_finishes,,Toilet brush holder in french gold,,4350.0,INR,True,,AF,french gold,,,,,,,,,,,,,,,,not_specified,,,,,,,,,,,,,,,,,,,,,,,,,,,,,,,,,,,,,,,False,,,,False,,kohler-india-pricebook-2026-june,KOHLER India Price Book 2026 June Edition,2026,June Edition,111,catalogue,medium,False,,unique,,clean
K-25347IN-AF,Complementary™,Complementary™,complementary-bath_accessory,bath_accessory,bathroom,vibrant_finishes,bath_accessory,Towel ring in french gold,,3850.0,INR,True,,AF,french gold,,,,,,,,,,,,,,,,not_specified,,,,,,,,,,,,,,,,,,,,,,,,,,,,,,,,,,,,,,,False,,,,False,,kohler-india-pricebook-2026-june,KOHLER India Price Book 2026 June Edition,2026,June Edition,111,catalogue,medium,False,,unique,,clean
K-25428IN-AF,Complementary™,Complementary™,,,bathroom,vibrant_finishes,,Tumbler holder in french gold,,2900.0,INR,True,,AF,french gold,,,,,,,,,,,,,,,,not_specified,,,,,,,,,,,,,,,,,,,,,,,,,,,,,,,,,,,,,,,False,,,,False,,kohler-india-pricebook-2026-june,KOHLER India Price Book 2026 June Edition,2026,June Edition,111,catalogue,medium,False,,unique,,clean
K-25346IN-AF,Complementary™,Complementary™,,,bathroom,vibrant_finishes,,Toilet tissue holder in french gold,,2600.0,INR,True,,AF,french gold,,,,,,,,,,,,,,,,not_specified,,,,,,,,,,,,,,,,,,,,,,,,,,,,,,,,,,,,,,,False,,,,False,,kohler-india-pricebook-2026-june,KOHLER India Price Book 2026 June Edition,2026,June Edition,111,catalogue,medium,False,,unique,,clean
K-25429IN-AF,Complementary™,Complementary™,,,bathroom,vibrant_finishes,,Soap dish in french gold,,2600.0,INR,True,,AF,french gold,,,,,,,,,,,,,,,,not_specified,,,,,,,,,,,,,,,,,,,,,,,,,,,,,,,,,,,,,,,False,,,,False,,kohler-india-pricebook-2026-june,KOHLER India Price Book 2026 June Edition,2026,June Edition,111,catalogue,medium,False,,unique,,clean
K-25349IN-AF,Complementary™,Complementary™,complementary-bath_accessory,bath_accessory,bathroom,vibrant_finishes,bath_accessory,Single robe hook in french gold,,1450.0,INR,True,,AF,french gold,,,,,,,,,,,,,,,,not_specified,,,,,,,,,,,,,,,,,,,,,,,,,,,,,,,,,,,,,,,False,,,,False,,kohler-india-pricebook-2026-june,KOHLER India Price Book 2026 June Edition,2026,June Edition,111,catalogue,medium,False,,unique,,clean
K-5636IN-AF,,,,bath_accessory,bathroom,vibrant_finishes,bath_accessory,Complementary™ Towel shelf in french gold,,3300.0,INR,True,,AF,french gold,,,,,,,,,,,,,,,,not_specified,,,,,,,,,,,,,,,,,,,,,,,,,,,,,,,,,,,,,,,False,,,,False,,kohler-india-pricebook-2026-june,KOHLER India Price Book 2026 June Edition,2026,June Edition,112,catalogue,high,False,,unique,,clean
K-5630IN-AF,,,,bath_accessory,bathroom,vibrant_finishes,bath_accessory,Towel bar in french gold,,2580.0,INR,True,,AF,french gold,,,,,,,,,,,,,,,,not_specified,,,,,,,,,,,,,,,,,,,,,,,,,,,,,,,,,,,,,,,False,,,,False,,kohler-india-pricebook-2026-june,KOHLER India Price Book 2026 June Edition,2026,June Edition,112,catalogue,high,False,,unique,,clean
K-5631IN-AF,,,,bath_accessory,bathroom,vibrant_finishes,bath_accessory,Towel ring in french gold,,2370.0,INR,True,,AF,french gold,,,,,,,,,,,,,,,,not_specified,,,,,,,,,,,,,,,,,,,,,,,,,,,,,,,,,,,,,,,False,,,,False,,kohler-india-pricebook-2026-june,KOHLER India Price Book 2026 June Edition,2026,June Edition,112,catalogue,high,False,,unique,,clean
K-5632IN-AF,,,,,bathroom,vibrant_finishes,,Paper holder in french gold,,2160.0,INR,True,,AF,french gold,,,,,,,,,,,,,,,,not_specified,,,,,,,,,,,,,,,,,,,,,,,,,,,,,,,,,,,,,,,False,,,,False,,kohler-india-pricebook-2026-june,KOHLER India Price Book 2026 June Edition,2026,June Edition,112,catalogue,high,False,,unique,,clean
K-5637IN-AF,,,,,bathroom,vibrant_finishes,,Tumbler holder in french gold,,1750.0,INR,True,,AF,french gold,,,,,,,,,,,,,,,,not_specified,,,,,,,,,,,,,,,,,,,,,,,,,,,,,,,,,,,,,,,False,,,,False,,kohler-india-pricebook-2026-june,KOHLER India Price Book 2026 June Edition,2026,June Edition,112,catalogue,high,False,,unique,,clean
K-5634IN-AF,,,,,bathroom,vibrant_finishes,,Soap dish in french gold,,1340.0,INR,True,,AF,french gold,,,,,,,,,,,,,,,,not_specified,,,,,,,,,,,,,,,,,,,,,,,,,,,,,,,,,,,,,,,False,,,,False,,kohler-india-pricebook-2026-june,KOHLER India Price Book 2026 June Edition,2026,June Edition,112,catalogue,high,False,,unique,,clean
K-5635IN-AF,,,,bath_accessory,bathroom,vibrant_finishes,bath_accessory,Robe hook in french gold,,1240.0,INR,True,,AF,french gold,,,,,,,,,,,,,,,,not_specified,,,,,,,,,,,,,,,,,,,,,,,,,,,,,,,,,,,,,,,False,,,,False,,kohler-india-pricebook-2026-june,KOHLER India Price Book 2026 June Edition,2026,June Edition,112,catalogue,high,False,,unique,,clean
K-73159T-B7-BV,FAUCETS IN BRUSHED BRONZE,FAUCETS IN BRUSHED BRONZE,faucets-in-brushed-bronze-basin_faucet,basin_faucet,bathroom,vibrant_finishes,basin_faucet,Composed™ Single-control tall basin faucet with drain in brushed bronze,,63500.0,INR,True,,BV,brushed bronze,,,,,,,,,,,,,,,,not_specified,,,,,,,,,,,,,,,,,,,,,,,,,,,,,,,,,,,,,,,False,,,,False,,kohler-india-pricebook-2026-june,KOHLER India Price Book 2026 June Edition,2026,June Edition,114,catalogue,medium,False,,unique,,clean
K-73050T-B7-BV,FAUCETS IN BRUSHED BRONZE,FAUCETS IN BRUSHED BRONZE,faucets-in-brushed-bronze-basin_faucet,basin_faucet,bathroom,vibrant_finishes,basin_faucet,Single-control basin faucet with drain in brushed bronze,,57800.0,INR,True,,BV,brushed bronze,,,,,,,,,,,,,,,,not_specified,,,,,,,,,,,,,,,,,,,,,,,,,,,,,,,,,,,,,,,False,,,,False,,kohler-india-pricebook-2026-june,KOHLER India Price Book 2026 June Edition,2026,June Edition,114,catalogue,medium,False,,unique,,clean
K-73061T-7-BV,FAUCETS IN BRUSHED BRONZE,FAUCETS IN BRUSHED BRONZE,faucets-in-brushed-bronze-wall_mount_basin,wall_mount_basin,bathroom,vibrant_finishes,wall_mount_basin,Single-control wall mount basin faucet trim + valve in brushed bronze,,63500.0,INR,True,,BV,brushed bronze,,,,,,,,,,,,,,,,not_specified,,,,,,,,,,,,,,,,,,,,,,,,,,,,,,,,,,,,,,,False,,,,False,,kohler-india-pricebook-2026-june,KOHLER India Price Book 2026 June Edition,2026,June Edition,114,catalogue,medium,False,,unique,,clean
EX28094IN-8-BV,FAUCETS IN BRUSHED BRONZE,FAUCETS IN BRUSHED BRONZE,faucets-in-brushed-bronze-basin_faucet,basin_faucet,bathroom,vibrant_finishes,basin_faucet,Components® Single-control tall basin faucet with drain in brushed bronze,,49400.0,INR,True,,BV,brushed bronze,,,,,,,,,,,,,,,,not_specified,,,,,,,,,,,,,,,,,,,,,,,,,,,,,,,,,,,,,,,False,,,,False,,kohler-india-pricebook-2026-june,KOHLER India Price Book 2026 June Edition,2026,June Edition,114,catalogue,medium,False,,unique,,clean
EX28093IN-8-BV,FAUCETS IN BRUSHED BRONZE,FAUCETS IN BRUSHED BRONZE,faucets-in-brushed-bronze-basin_faucet,basin_faucet,bathroom,vibrant_finishes,basin_faucet,Single-control basin faucet with drain in brushed bronze,,39500.0,INR,True,,BV,brushed bronze,,,,,,,,,,,,,,,,not_specified,,,,,,,,,,,,,,,,,,,,,,,,,,,,,,,,,,,,,,,False,,,,False,,kohler-india-pricebook-2026-june,KOHLER India Price Book 2026 June Edition,2026,June Edition,114,catalogue,medium,False,,unique,,clean
K-29310IN-4ND-BV,FAUCETS IN BRUSHED BRONZE,FAUCETS IN BRUSHED BRONZE,faucets-in-brushed-bronze-wall_mount_basin,wall_mount_basin,bathroom,vibrant_finishes,wall_mount_basin,Single-control wall mount basin faucet trim + valve in brushed bronze,,49400.0,INR,True,,BV,brushed bronze,,,,,,,,,,,,,,,,not_specified,,,,,,,,,,,,,,,,,,,,,,,,,,,,,,,,,,,,,,,False,,,,False,,kohler-india-pricebook-2026-june,KOHLER India Price Book 2026 June Edition,2026,June Edition,114,catalogue,medium,False,,unique,,clean
K-23475IN-4ND-BV,FAUCETS IN BRUSHED BRONZE,FAUCETS IN BRUSHED BRONZE,faucets-in-brushed-bronze-basin_faucet,basin_faucet,bathroom,vibrant_finishes,basin_faucet,Parallel Single-control tall basin faucet without drain in brushed bronze,,32750.0,INR,True,,BV,brushed bronze,,,,,,,,,,,,,,,,not_specified,,,,,,,,,,,,,,,,,,,,,,,,,,,,,,,,,,,,,,,False,,,,False,,kohler-india-pricebook-2026-june,KOHLER India Price Book 2026 June Edition,2026,June Edition,114,catalogue,medium,False,,unique,,clean
K-23472IN-4ND-BV,FAUCETS IN BRUSHED BRONZE,FAUCETS IN BRUSHED BRONZE,faucets-in-brushed-bronze-basin_faucet,basin_faucet,bathroom,vibrant_finishes,basin_faucet,Single-control basin faucet without drain in brushed bronze,,26200.0,INR,True,,BV,brushed bronze,,,,,,,,,,,,,,,,not_specified,,,,,,,,,,,,,,,,,,,,,,,,,,,,,,,,,,,,,,,False,,,,False,,kohler-india-pricebook-2026-june,KOHLER India Price Book 2026 June Edition,2026,June Edition,114,catalogue,medium,False,,unique,,clean
K-23486IN-4ND-BV,FAUCETS IN BRUSHED BRONZE,FAUCETS IN BRUSHED BRONZE,,,bathroom,vibrant_finishes,,Single-control wall mount lavatory faucet trim in brushed bronze,,26900.0,INR,True,,BV,brushed bronze,,,,,,,,,,,,,,,,not_specified,,,,,,,,,,,,,,,,,,,,,,,,,,,,,,,,,,,K-5679IN-NA,,,,False,,,,False,,kohler-india-pricebook-2026-june,KOHLER India Price Book 2026 June Edition,2026,June Edition,114,catalogue,medium,False,,unique,,clean
K-23496IN-4SL-BV,FAUCETS IN BRUSHED BRONZE,FAUCETS IN BRUSHED BRONZE,faucets-in-brushed-bronze-shower_trim,shower_trim,bathroom,vibrant_finishes,shower_trim,Recessed bath and shower AT 235 trim in brushed bronze,,18700.0,INR,True,,BV,brushed bronze,,,,,,,,,,,,,,,,not_specified,,,,,,,,,,,,,,,,,,,,,,,,,,,,,,,,,,,K-882IN-NA,,,,False,,,,False,,kohler-india-pricebook-2026-june,KOHLER India Price Book 2026 June Edition,2026,June Edition,114,catalogue,medium,False,,unique,,clean
K-23511IN-BV,FAUCETS IN BRUSHED BRONZE,FAUCETS IN BRUSHED BRONZE,faucets-in-brushed-bronze-bath_spout,bath_spout,bathroom,vibrant_finishes,bath_spout,Bath spout with diverter in brushed bronze,,13200.0,INR,True,,BV,brushed bronze,,,,,,,,,,,,,,,,not_specified,,,,,,,,,,,,,,,,,,,,,,,,,,,,,,,,,,,,,,,False,,,,False,,kohler-india-pricebook-2026-june,KOHLER India Price Book 2026 June Edition,2026,June Edition,114,catalogue,medium,False,,unique,,clean
K-23512IN-BV,FAUCETS IN BRUSHED BRONZE,FAUCETS IN BRUSHED BRONZE,faucets-in-brushed-bronze-bath_spout,bath_spout,bathroom,vibrant_finishes,bath_spout,Bath spout without diverter in brushed bronze,,11450.0,INR,True,,BV,brushed bronze,,,,,,,,,,,,,,,,not_specified,,,,,,,,,,,,,,,,,,,,,,,,,,,,,,,,,,,,,,,False,,,,False,,kohler-india-pricebook-2026-june,KOHLER India Price Book 2026 June Edition,2026,June Edition,114,catalogue,medium,False,,unique,,clean
K-72337IN-4ND-BV,,,,basin_faucet,bathroom,vibrant_finishes,basin_faucet,Aleo+™ Single-control tall basin faucet without drain in brushed bronze,,28300.0,INR,True,,BV,brushed bronze,,,,,,,,,,,,,,,,not_specified,,,,,,,,,,,,,,,,,,,,,,,,,,,,,,,,,,,,,,,False,,,,False,,kohler-india-pricebook-2026-june,KOHLER India Price Book 2026 June Edition,2026,June Edition,115,catalogue,high,False,,unique,,clean
K-72312IN-4ND-BV,,,,basin_faucet,bathroom,vibrant_finishes,basin_faucet,Single-control basin faucet without drain in brushed bronze,,22600.0,INR,True,,BV,brushed bronze,,,,,,,,,,,,,,,,not_specified,,,,,,,,,,,,,,,,,,,,,,,,,,,,,,,,,,,,,,,False,,,,False,,kohler-india-pricebook-2026-june,KOHLER India Price Book 2026 June Edition,2026,June Edition,115,catalogue,high,False,,unique,,clean
K-5684IN-4ND-BV,,,,wall_mount_basin,bathroom,vibrant_finishes,wall_mount_basin,Single-control wall mount basin faucet trim in brushed bronze,,22600.0,INR,True,,BV,brushed bronze,,,,,,,,,,,,,,,,not_specified,,,,,,,,,,,,,,,,,,,,,,,,,,,,,,,,,,,K-5679IN-NA,,,,False,,,,False,,kohler-india-pricebook-2026-june,KOHLER India Price Book 2026 June Edition,2026,June Edition,115,catalogue,high,False,,unique,,clean
K-22786IN-4-BV,,,,,bathroom,vibrant_finishes,,trim + valve in brushed bronze,,47550.0,INR,True,,BV,brushed bronze,,,,,,,,,,,,,,,,not_specified,,,,,,,,,,,,,,,,,,,,,,,,,,,,,,,,,,,,,,,False,,,,False,,kohler-india-pricebook-2026-june,KOHLER India Price Book 2026 June Edition,2026,June Edition,115,catalogue,high,False,,unique,,clean
K-72328IN-4SL-BV,,,,shower_trim,bathroom,vibrant_finishes,shower_trim,Recessed bath and shower AT 235 trim in brushed bronze,,16800.0,INR,True,,BV,brushed bronze,,,,,,,,,,,,,,,,not_specified,,,,,,,,,,,,,,,,,,,,,,,,,,,,,,,,,,,K-882IN-NA,,,,False,,,,False,,kohler-india-pricebook-2026-june,KOHLER India Price Book 2026 June Edition,2026,June Edition,115,catalogue,high,False,,unique,,clean
K-72298IN-4ND-BV,,,,basin_faucet,bathroom,vibrant_finishes,basin_faucet,Aleo™ Single-control tall basin faucet without drain in brushed bronze,,25350.0,INR,True,,BV,brushed bronze,,,,,,,,,,,,,,,,not_specified,,,,,,,,,,,,,,,,,,,,,,,,,,,,,,,,,,,,,,,False,,,,False,,kohler-india-pricebook-2026-june,KOHLER India Price Book 2026 June Edition,2026,June Edition,115,catalogue,high,False,,unique,,clean
K-72275IN-4ND-BV,,,,basin_faucet,bathroom,vibrant_finishes,basin_faucet,Single-control basin faucet without drain in brushed bronze,,20300.0,INR,True,,BV,brushed bronze,,,,,,,,,,,,,,,,not_specified,,,,,,,,,,,,,,,,,,,,,,,,,,,,,,,,,,,,,,,False,,,,False,,kohler-india-pricebook-2026-june,KOHLER India Price Book 2026 June Edition,2026,June Edition,115,catalogue,high,False,,unique,,clean
K-5683IN-4ND-BV,,,,wall_mount_basin,bathroom,vibrant_finishes,wall_mount_basin,Single-control wall mount basin faucet trim in brushed bronze,,19780.0,INR,True,,BV,brushed bronze,,,,,,,,,,,,,,,,not_specified,,,,,,,,,,,,,,,,,,,,,,,,,,,,,,,,,,,K-5679IN-NA,,,,False,,,,False,,kohler-india-pricebook-2026-june,KOHLER India Price Book 2026 June Edition,2026,June Edition,115,catalogue,high,False,,unique,,clean
K-22792IN-4FP-BV,,,,,bathroom,vibrant_finishes,,trim + valve in brushed bronze,,45850.0,INR,True,,BV,brushed bronze,,,,,,,,,,,,,,,,not_specified,,,,,,,,,,,,,,,,,,,,,,,,,,,,,,,,,,,,,,,False,,,,False,,kohler-india-pricebook-2026-june,KOHLER India Price Book 2026 June Edition,2026,June Edition,115,catalogue,high,False,,unique,,clean
K-72290IN-4SL-BV,,,,shower_trim,bathroom,vibrant_finishes,shower_trim,Recessed bath and shower AT 235 trim in brushed bronze,,14700.0,INR,True,,BV,brushed bronze,,,,,,,,,,,,,,,,not_specified,,,,,,,,,,,,,,,,,,,,,,,,,,,,,,,,,,,K-882IN-NA,,,,False,,,,False,,kohler-india-pricebook-2026-june,KOHLER India Price Book 2026 June Edition,2026,June Edition,115,catalogue,high,False,,unique,,clean
K-38894IN-4ND-BV,,,,basin_faucet,bathroom,vibrant_finishes,basin_faucet,Fluence+™ Single-control tall basin faucet without drain in brushed bronze,,22500.0,INR,True,,BV,brushed bronze,,,,,,,,,,,,,,,,not_specified,,,,,,,,,,,,,,,,,,,,,,,,,,,,,,,,,,,,,,,False,,,,False,,kohler-india-pricebook-2026-june,KOHLER India Price Book 2026 June Edition,2026,June Edition,115,catalogue,high,False,,unique,,clean
K-38893IN-4ND-BV,,,,basin_faucet,bathroom,vibrant_finishes,basin_faucet,Single-control basin faucet without drain in brushed bronze,,18000.0,INR,True,,BV,brushed bronze,,,,,,,,,,,,,,,,not_specified,,,,,,,,,,,,,,,,,,,,,,,,,,,,,,,,,,,,,,,False,,,,False,,kohler-india-pricebook-2026-june,KOHLER India Price Book 2026 June Edition,2026,June Edition,116,catalogue,high,False,,unique,,clean
K-38895IN-4ND-BV,,,,basin_faucet,bathroom,vibrant_finishes,basin_faucet,Single-control wall mount monoblock basin faucet trim + valve in brushed bronze,,22500.0,INR,True,,BV,brushed bronze,,,,,,,,,,,,,,,,not_specified,,,,,,,,,,,,,,,,,,,,,,,,,,,,,,,,,,,,,,,False,,,,False,,kohler-india-pricebook-2026-june,KOHLER India Price Book 2026 June Edition,2026,June Edition,116,catalogue,high,False,,unique,,clean
K-38896IN-4FS-BV,,,,shower_trim,bathroom,vibrant_finishes,shower_trim,Recessed bath and shower AT235 trim in brushed bronze,,14200.0,INR,True,,BV,brushed bronze,,,,,,,,,,,,,,,,not_specified,,,,,,,,,,,,,,,,,,,,,,,,,,,,,,,,,,,K-882IN-NA,,,,False,,,,False,,kohler-india-pricebook-2026-june,KOHLER India Price Book 2026 June Edition,2026,June Edition,116,catalogue,high,False,,unique,,clean
K-34170IN-4-BV,,,,,bathroom,vibrant_finishes,,trim + valve in brushed bronze,,41100.0,INR,True,,BV,brushed bronze,,,,,,,,,,,,,,,,not_specified,,,,,,,,,,,,,,,,,,,,,,,,,,,,,,,,,,,,,,,False,,,,False,,kohler-india-pricebook-2026-june,KOHLER India Price Book 2026 June Edition,2026,June Edition,116,catalogue,high,False,,unique,,clean
K-38887IN-4ND-BV,,,,basin_faucet,bathroom,vibrant_finishes,basin_faucet,Fluence™ Single-control tall basin faucet without drain in brushed bronze,,20600.0,INR,True,,BV,brushed bronze,,,,,,,,,,,,,,,,not_specified,,,,,,,,,,,,,,,,,,,,,,,,,,,,,,,,,,,,,,,False,,,,False,,kohler-india-pricebook-2026-june,KOHLER India Price Book 2026 June Edition,2026,June Edition,116,catalogue,high,False,,unique,,clean
K-38886IN-4ND-BV,,,,basin_faucet,bathroom,vibrant_finishes,basin_faucet,Single-control basin faucet without drain in brushed bronze,,16500.0,INR,True,,BV,brushed bronze,,,,,,,,,,,,,,,,not_specified,,,,,,,,,,,,,,,,,,,,,,,,,,,,,,,,,,,,,,,False,,,,False,,kohler-india-pricebook-2026-june,KOHLER India Price Book 2026 June Edition,2026,June Edition,116,catalogue,high,False,,unique,,clean
K-38888IN-4ND-BV,,,,basin_faucet,bathroom,vibrant_finishes,basin_faucet,Single-control wall mount monoblock basin faucet trim + valve in brushed bronze,,20600.0,INR,True,,BV,brushed bronze,,,,,,,,,,,,,,,,not_specified,,,,,,,,,,,,,,,,,,,,,,,,,,,,,,,,,,,,,,,False,,,,False,,kohler-india-pricebook-2026-june,KOHLER India Price Book 2026 June Edition,2026,June Edition,116,catalogue,high,False,,unique,,clean
K-38889IN-4FS-BV,,,,shower_trim,bathroom,vibrant_finishes,shower_trim,Recessed bath and shower AT235 trim in brushed bronze,,13300.0,INR,True,,BV,brushed bronze,,,,,,,,,,,,,,,,not_specified,,,,,,,,,,,,,,,,,,,,,,,,,,,,,,,,,,,K-882IN-NA,,,,False,,,,False,,kohler-india-pricebook-2026-june,KOHLER India Price Book 2026 June Edition,2026,June Edition,116,catalogue,high,False,,unique,,clean
K-34168IN-4-BV,,,,,bathroom,vibrant_finishes,,trim + valve in brushed bronze,,39500.0,INR,True,,BV,brushed bronze,,,,,,,,,,,,,,,,not_specified,,,,,,,,,,,,,,,,,,,,,,,,,,,,,,,,,,,,,,,False,,,,False,,kohler-india-pricebook-2026-june,KOHLER India Price Book 2026 June Edition,2026,June Edition,116,catalogue,high,False,,unique,,clean
K-38891IN-BV,,,,bath_spout,bathroom,vibrant_finishes,bath_spout,Bath spout with diverter in brushed bronze,,7000.0,INR,True,,BV,brushed bronze,,,,,,,,,,,,,,,,not_specified,,,,,,,,,,,,,,,,,,,,,,,,,,,,,,,,,,,,,,,False,,,,False,,kohler-india-pricebook-2026-june,KOHLER India Price Book 2026 June Edition,2026,June Edition,116,catalogue,high,False,,unique,,clean
K-38892IN-BV,,,,bath_spout,bathroom,vibrant_finishes,bath_spout,Bath spout without diverter in brushed bronze,,5420.0,INR,True,,BV,brushed bronze,,,,,,,,,,,,,,,,not_specified,,,,,,,,,,,,,,,,,,,,,,,,,,,,,,,,,,,,,,,False,,,,False,,kohler-india-pricebook-2026-june,KOHLER India Price Book 2026 June Edition,2026,June Edition,116,catalogue,high,False,,unique,,clean
K-29959IN-BV,ModernLife Edge™,ModernLife Edge™,,,bathroom,vibrant_finishes,,Hexagonal 425mm x 330mm dual flow rainpanel in brushed bronze,,209000.0,INR,True,,BV,brushed bronze,,,,,,,,,,,,,,,,not_specified,,,,,,,,,,,,,,,,,,,,,,,,,,,,,,,,,,,,,,,False,,,,False,,kohler-india-pricebook-2026-june,KOHLER India Price Book 2026 June Edition,2026,June Edition,117,catalogue,medium,False,,unique,,clean
K-9301IN-ZX-BV,ModernLife Edge™,ModernLife Edge™,modernlife-edge-rainhead,rainhead,bathroom,vibrant_finishes,rainhead,Square 381mm single function rainhead in brushed bronze,,142800.0,INR,True,,BV,brushed bronze,,,,,,,,,,,,,,,,not_specified,,,,,,,,,,,,,,,,,,,,,,,,,,,,,,,,,,,K-15399T-B-BV,,,,False,,,,False,,kohler-india-pricebook-2026-june,KOHLER India Price Book 2026 June Edition,2026,June Edition,117,catalogue,medium,False,,unique,,clean
K-26297IN-BV,Statement™,Statement™,statement-rainhead,rainhead,bathroom,vibrant_finishes,rainhead,Oblong 453mm two-function rainhead in brushed bronze,,113500.0,INR,True,,BV,brushed bronze,,,,,,,,,,,,,,,,not_specified,,,,,,,,,,,,,,,,,,,,,,,,,,,,,,,,,,,K-26324IN-BV,,,,False,,,,False,,kohler-india-pricebook-2026-june,KOHLER India Price Book 2026 June Edition,2026,June Edition,117,catalogue,medium,False,,unique,,clean
K-9302IN-CL-BV,ModernLife Edge™,ModernLife Edge™,modernlife-edge-rainhead,rainhead,bathroom,vibrant_finishes,rainhead,Square 330mm single function rainhead in brushed bronze,,98200.0,INR,True,,BV,brushed bronze,,,,,,,,,,,,,,,,not_specified,,,,,,,,,,,,,,,,,,,,,,,,,,,,,,,,,,,K-15399T-B-BV,,,,False,,,,False,,kohler-india-pricebook-2026-june,KOHLER India Price Book 2026 June Edition,2026,June Edition,117,catalogue,medium,False,,unique,,clean
K-26296IN-BV,Statement™,Statement™,statement-rainhead,rainhead,bathroom,vibrant_finishes,rainhead,Oblong 353mm two-function rainhead in brushed bronze,,96100.0,INR,True,,BV,brushed bronze,,,,,,,,,,,,,,,,not_specified,,,,,,,,,,,,,,,,,,,,,,,,,,,,,,,,,,,K-26324IN-BV,,,,False,,,,False,,kohler-india-pricebook-2026-june,KOHLER India Price Book 2026 June Edition,2026,June Edition,117,catalogue,medium,False,,unique,,clean
K-24470IN-BV,ModernLife™,ModernLife™,modernlife-rainhead,rainhead,bathroom,vibrant_finishes,rainhead,Rectangle 330mm x 230mm two-function rainhead in brushed bronze,,63000.0,INR,True,,BV,brushed bronze,,,,,,,,,,,,,,,,not_specified,,,,,,,,,,,,,,,,,,,,,,,,,,,,,,,,,,,K-26324IN-BV,,,,False,,,,False,,kohler-india-pricebook-2026-june,KOHLER India Price Book 2026 June Edition,2026,June Edition,117,catalogue,medium,False,,unique,,clean
K-26294IN-BV,Statement™,Statement™,statement-rainhead,rainhead,bathroom,vibrant_finishes,rainhead,Oblong 353mm single function rainhead in brushed bronze,,62400.0,INR,True,,BV,brushed bronze,,,,,,,,,,,,,,,,not_specified,,,,,,,,,,,,,,,,,,,,,,,,,,,,,,,,,,,K-16346IN-BV,,,,False,,,,False,,kohler-india-pricebook-2026-june,KOHLER India Price Book 2026 June Edition,2026,June Edition,117,catalogue,medium,False,,unique,,clean
K-38629IN-BV,RainMax II,RainMax II,rainmax-ii-rainhead,rainhead,bathroom,vibrant_finishes,rainhead,Square 305mm two function dual core rainhead in brushed bronze,,48800.0,INR,True,,BV,brushed bronze,,,,,,,,,,,,,,,,not_specified,,,,,,,,,,,,,,,,,,,,,,,,,,,,,,,,,,,K-26324IN-BV,,,,False,,,,False,,kohler-india-pricebook-2026-june,KOHLER India Price Book 2026 June Edition,2026,June Edition,117,catalogue,medium,False,,unique,,clean
K-27731IN-BV,ModernLife™,ModernLife™,modernlife-rainhead,rainhead,bathroom,vibrant_finishes,rainhead,Rectangle 330mm x 230mm single function rainhead in brushed bronze,,41000.0,INR,True,,BV,brushed bronze,,,,,,,,,,,,,,,,not_specified,,,,,,,,,,,,,,,,,,,,,,,,,,,,,,,,,,,K-16346IN-BV/K-15399T-B-BV,,,,False,,,,False,,kohler-india-pricebook-2026-june,KOHLER India Price Book 2026 June Edition,2026,June Edition,117,catalogue,medium,True,,unique,,review_required
K-26856IN-BV,RainMax,RainMax,rainmax-rainhead,rainhead,bathroom,vibrant_finishes,rainhead,Square 305mm single function dual core rainhead in brushed bronze,,34400.0,INR,True,,BV,brushed bronze,,,,,,,,,,,,,,,,not_specified,,,,,,,,,,,,,,,,,,,,,,,,,,,,,,,,,,,K-16346IN-BV/K-15399T-B-BV,,,,False,,,,False,,kohler-india-pricebook-2026-june,KOHLER India Price Book 2026 June Edition,2026,June Edition,117,catalogue,medium,True,,unique,,review_required
K-26855IN-BV,RainMax,RainMax,rainmax-rainhead,rainhead,bathroom,vibrant_finishes,rainhead,Square 254mm single function dual core rainhead in brushed bronze,,28700.0,INR,True,,BV,brushed bronze,,,,,,,,,,,,,,,,not_specified,,,,,,,,,,,,,,,,,,,,,,,,,,,,,,,,,,,K-16346IN-BV/K-15399T-B-BV,,,,False,,,,False,,kohler-india-pricebook-2026-june,KOHLER India Price Book 2026 June Edition,2026,June Edition,117,catalogue,medium,True,,unique,,review_required
K-26854IN-BV,RainMax,RainMax,rainmax-rainhead,rainhead,bathroom,vibrant_finishes,rainhead,Round 254mm single function dual core rainhead in brushed bronze,,27050.0,INR,True,,BV,brushed bronze,,,,,,,,,,,,,,,,not_specified,,,,,,,,,,,,,,,,,,,,,,,,,,,,,,,,,,,K-16346IN-BV/K-15399T-B-BV,,,,False,,,,False,,kohler-india-pricebook-2026-june,KOHLER India Price Book 2026 June Edition,2026,June Edition,117,catalogue,medium,True,,unique,,review_required
K-38973IN-BV,Pristine,Pristine,pristine-rainhead,rainhead,bathroom,vibrant_finishes,rainhead,Square 254mm single function filtered rainhead in brushed bronze,,18800.0,INR,True,,BV,brushed bronze,,,,,,,,,,,,,,,,not_specified,,,,,,,,,,,,,,,,,,,,,,,,,,,,,,,,,,,K-16346IN-BV/K-15399T-B-BV,,,,False,,,,False,,kohler-india-pricebook-2026-june,KOHLER India Price Book 2026 June Edition,2026,June Edition,118,catalogue,high,False,,unique,,clean
K-39507IN-BV,Rain Duet™,Rain Duet™,rain-duet-rainhead,rainhead,bathroom,vibrant_finishes,rainhead,Round 254mm single function anti drip rainhead in brushed bronze,,18000.0,INR,True,,BV,brushed bronze,,,,,,,,,,,,,,,,not_specified,,,,,,,,,,,,,,,,,,,,,,,,,,,,,,,,,,,K-16346IN-BV/K-15399T-B-BV,,,,False,,,,False,,kohler-india-pricebook-2026-june,KOHLER India Price Book 2026 June Edition,2026,June Edition,118,catalogue,high,False,,unique,,clean
K-26290IN-BV,Statement™,Statement™,statement-showerhead,showerhead,bathroom,vibrant_finishes,showerhead,Oblong 202mm three function showerhead in brushed bronze,,12500.0,INR,True,,BV,brushed bronze,,,,,,,,,,,,,,,,not_specified,,,,,,,,,,,,,,,,,,,,,,,,,,,,,,,,,,,K-26318IN-BV,,,,False,,,,False,,kohler-india-pricebook-2026-june,KOHLER India Price Book 2026 June Edition,2026,June Edition,118,catalogue,high,False,,unique,,clean
K-38972IN-BV,Pristine,Pristine,pristine-showerhead,showerhead,bathroom,vibrant_finishes,showerhead,Square 203mm single function filtered showerhead in brushed bronze,,9800.0,INR,True,,BV,brushed bronze,,,,,,,,,,,,,,,,not_specified,,,,,,,,,,,,,,,,,,,,,,,,,,,,,,,,,,,K-16346IN-BV/K-15399T-B-BV,,,,False,,,,False,,kohler-india-pricebook-2026-june,KOHLER India Price Book 2026 June Edition,2026,June Edition,118,catalogue,high,False,,unique,,clean
K-34098IN-BV,Radiance™,Radiance™,radiance-diverter,diverter,bathroom,vibrant_finishes,diverter,Shoulder shower unit with diverter in brushed bronze,,27700.0,INR,True,,BV,brushed bronze,,,,,,,,,,,,,,,,not_specified,,,,,,,,,,,,,,,,,,,,,,,,,,,,,,,,,,,,,,,False,,,,False,,kohler-india-pricebook-2026-june,KOHLER India Price Book 2026 June Edition,2026,June Edition,118,catalogue,high,False,,unique,,clean
K-34099IN-BV,Radiance™,Radiance™,radiance-diverter,diverter,bathroom,vibrant_finishes,diverter,Shoulder shower unit without diverter in brushed bronze,,27700.0,INR,True,,BV,brushed bronze,,,,,,,,,,,,,,,,not_specified,,,,,,,,,,,,,,,,,,,,,,,,,,,,,,,,,,,,,,,False,,,,False,,kohler-india-pricebook-2026-june,KOHLER India Price Book 2026 June Edition,2026,June Edition,118,catalogue,high,False,,unique,,clean
K-26300IN-BV,Statement™,Statement™,,,bathroom,vibrant_finishes,,Oblong vichy body spray in brushed bronze,,28400.0,INR,True,,BV,brushed bronze,,,,,,,,,,,,,,,,not_specified,,,,,,,,,,,,,,,,,,,,,,,,,,,,,,,,,,,,,,,False,,,,False,,kohler-india-pricebook-2026-june,KOHLER India Price Book 2026 June Edition,2026,June Edition,118,catalogue,high,False,,unique,,clean
K-8002IN-BV,Watertile®,Watertile®,,,bathroom,vibrant_finishes,,54-nozzle bodyspray in brushed bronze,,20300.0,INR,True,,BV,brushed bronze,,,,,,,,,,,,,,,,not_specified,,,,,,,,,,,,,,,,,,,,,,,,,,,,,,,,,,,,,,,False,,,,False,,kohler-india-pricebook-2026-june,KOHLER India Price Book 2026 June Edition,2026,June Edition,118,catalogue,high,False,,unique,,clean
K-26299IN-BV,Statement™,Statement™,,,bathroom,vibrant_finishes,,Round deep massage body spray in brushed bronze,,16100.0,INR,True,,BV,brushed bronze,,,,,,,,,,,,,,,,not_specified,,,,,,,,,,,,,,,,,,,,,,,,,,,,,,,,,,,,,,,False,,,,False,,kohler-india-pricebook-2026-june,KOHLER India Price Book 2026 June Edition,2026,June Edition,118,catalogue,high,False,,unique,,clean
K-28694IN-BV,Statement™,Statement™,statement-hand_shower,hand_shower,bathroom,vibrant_finishes,hand_shower,Round three-function hand shower with hose with WaterMind™ technology in brushed bronze,,19350.0,INR,True,,BV,brushed bronze,,,,,,,,,,,,,,,,not_specified,,,,,,,,,,,,,,,,,,,,,,,,,,,,,,,,,,,K-9038IN-BV,,,,False,,,,False,,kohler-india-pricebook-2026-june,KOHLER India Price Book 2026 June Edition,2026,June Edition,118,catalogue,high,False,,unique,,clean
K-28695IN-BV,Statement™,Statement™,statement-hand_shower,hand_shower,bathroom,vibrant_finishes,hand_shower,Oblong three-function hand shower with hose with WaterMind™ technology in brushed bronze,,15900.0,INR,True,,BV,brushed bronze,,,,,,,,,,,,,,,,not_specified,,,,,,,,,,,,,,,,,,,,,,,,,,,,,,,,,,,K-9038IN-BV,,,,False,,,,False,,kohler-india-pricebook-2026-june,KOHLER India Price Book 2026 June Edition,2026,June Edition,118,catalogue,high,False,,unique,,clean
K-39502IN-BV,Rain Duet™,Rain Duet™,rain-duet-hand_shower,hand_shower,bathroom,vibrant_finishes,hand_shower,Round three-function hand shower with purge without hose in brushed bronze,,12000.0,INR,True,,BV,brushed bronze,,,,,,,,,,,,,,,,not_specified,,,,,,,,,,,,,,,,,,,,,,,,,,,,,,,,,,,K-9038IN-BV; K-12067IN-BV,,,,False,,,,False,,kohler-india-pricebook-2026-june,KOHLER India Price Book 2026 June Edition,2026,June Edition,119,catalogue,medium,False,,unique,,clean
K-98445IN-BV,Spatula,Spatula,spatula-hand_shower,hand_shower,bathroom,vibrant_finishes,hand_shower,Square single function large hand shower with hose in brushed bronze,,9700.0,INR,True,,BV,brushed bronze,,,,,,,,,,,,,,,,not_specified,,,,,,,,,,,,,,,,,,,,,,,,,,,,,,,,,,,K-9038IN-BV,,,,False,,,,False,,kohler-india-pricebook-2026-june,KOHLER India Price Book 2026 June Edition,2026,June Edition,119,catalogue,medium,False,,unique,,clean
K-30318IN-BV,Soundtile®,Soundtile®,,,bathroom,vibrant_finishes,,Soundtile® speakers - pair in brushed bronze,,58800.0,INR,True,,BV,brushed bronze,,,,,,,,,,,,,,,,not_specified,,,,,,,,,,,,,,,,,,,,,,,,,,,,,,,,,,,K-30319IN-NA,,,,False,,,,False,,kohler-india-pricebook-2026-june,KOHLER India Price Book 2026 June Edition,2026,June Edition,119,catalogue,medium,False,,unique,,clean
K-26350IN-9-BV,Anthem™,Anthem™,anthem-shower_trim,shower_trim,bathroom,vibrant_finishes,shower_trim,Recessed thermostatic mechanical 6 outlet trim in brushed bronze,,262500.0,INR,True,,BV,brushed bronze,,,,,,,,,,,,,,,,not_specified,,,,,,,,,,,,,,,,,,,,,,,,,,,,,,,,,,,K-26344IN-NA,,,,False,,,,False,,kohler-india-pricebook-2026-june,KOHLER India Price Book 2026 June Edition,2026,June Edition,119,catalogue,medium,False,,unique,,clean
K-26349W-9-BV,Anthem™,Anthem™,anthem-shower_trim,shower_trim,bathroom,vibrant_finishes,shower_trim,Recessed thermostatic mechanical 5 outlet trim in brushed bronze,,179600.0,INR,True,,BV,brushed bronze,,,,,,,,,,,,,,,,not_specified,,,,,,,,,,,,,,,,,,,,,,,,,,,,,,,,,,,K-26343T-NA,,,,False,,,,False,,kohler-india-pricebook-2026-june,KOHLER India Price Book 2026 June Edition,2026,June Edition,119,catalogue,medium,False,,unique,,clean
K-26348IN-9-BV,Anthem™,Anthem™,anthem-shower_trim,shower_trim,bathroom,vibrant_finishes,shower_trim,Recessed thermostatic mechanical 4 outlet trim in brushed bronze,,181100.0,INR,True,,BV,brushed bronze,,,,,,,,,,,,,,,,not_specified,,,,,,,,,,,,,,,,,,,,,,,,,,,,,,,,,,,K-26342IN-NA,,,,False,,,,False,,kohler-india-pricebook-2026-june,KOHLER India Price Book 2026 June Edition,2026,June Edition,119,catalogue,medium,False,,unique,,clean
K-26347IN-9-BV,Anthem™,Anthem™,anthem-shower_trim,shower_trim,bathroom,vibrant_finishes,shower_trim,Recessed thermostatic mechanical 3 outlet trim in brushed bronze,,99200.0,INR,True,,BV,brushed bronze,,,,,,,,,,,,,,,,not_specified,,,,,,,,,,,,,,,,,,,,,,,,,,,,,,,,,,,K-26341IN-NA,,,,False,,,,False,,kohler-india-pricebook-2026-june,KOHLER India Price Book 2026 June Edition,2026,June Edition,119,catalogue,medium,False,,unique,,clean
K-20742IN-9FP-BV,Autosense 235+,Autosense 235+,autosense-235-shower_trim,shower_trim,bathroom,vibrant_finishes,shower_trim,Thermostatic recessed bath & shower autosense 235+ square trim in brushed bronze,,19150.0,INR,True,,BV,brushed bronze,,,,,,,,,,,,,,,,not_specified,,,,,,,,,,,,,,,,,,,,,,,,,,,,,,,,,,,K-20740IN-A-NA,,,,False,,,,False,,kohler-india-pricebook-2026-june,KOHLER India Price Book 2026 June Edition,2026,June Edition,119,catalogue,medium,False,,unique,,clean
K-24431IN-9FP-BV,Autosense 235+,Autosense 235+,autosense-235-shower_trim,shower_trim,bathroom,vibrant_finishes,shower_trim,Thermostatic recessed bath & shower autosense 235+ universal trim in brushed bronze,,18200.0,INR,True,,BV,brushed bronze,,,,,,,,,,,,,,,,not_specified,,,,,,,,,,,,,,,,,,,,,,,,,,,,,,,,,,,K-20740IN-A-NA,,,,False,,,,False,,kohler-india-pricebook-2026-june,KOHLER India Price Book 2026 June Edition,2026,June Edition,119,catalogue,medium,False,,unique,,clean
K-26324IN-BV,Statement™,Statement™,statement-rainhead,rainhead,bathroom,vibrant_finishes,rainhead,482mm dual function wallmount rainhead arm in brushed bronze,,30150.0,INR,True,,BV,brushed bronze,,,,,,,,,,,,,,,,not_specified,,,,,,,,,,,,,,,,,,,,,,,,,,,,,,,,,,,,,,,False,,,,False,,kohler-india-pricebook-2026-june,KOHLER India Price Book 2026 June Edition,2026,June Edition,119,catalogue,medium,False,,unique,,clean
K-15399T-B-BV,Complementary™,Complementary™,complementary-shower_arm,shower_arm,bathroom,vibrant_finishes,shower_arm,254mm ceiling mount shower arm in brushed bronze,,9350.0,INR,True,,BV,brushed bronze,,,,,,,,,,,,,,,,not_specified,,,,,,,,,,,,,,,,,,,,,,,,,,,,,,,,,,,,,,,False,,,,False,,kohler-india-pricebook-2026-june,KOHLER India Price Book 2026 June Edition,2026,June Edition,120,catalogue,high,False,,unique,,clean
K-16346IN-BV,Master Shower,Master Shower,master-shower-shower_arm,shower_arm,bathroom,vibrant_finishes,shower_arm,Wall mount shower arm in brushed bronze,,6700.0,INR,True,,BV,brushed bronze,,,,,,,,,,,,,,,,not_specified,,,,,,,,,,,,,,,,,,,,,,,,,,,,,,,,,,,,,,,False,,,,False,,kohler-india-pricebook-2026-june,KOHLER India Price Book 2026 June Edition,2026,June Edition,120,catalogue,high,False,,unique,,clean
K-26318IN-BV,Statement™,Statement™,statement-showerhead,showerhead,bathroom,vibrant_finishes,showerhead,Wall mount showerhead arm in brushed bronze,,5200.0,INR,True,,BV,brushed bronze,,,,,,,,,,,,,,,,not_specified,,,,,,,,,,,,,,,,,,,,,,,,,,,,,,,,,,,,,,,False,,,,False,,kohler-india-pricebook-2026-june,KOHLER India Price Book 2026 June Edition,2026,June Edition,120,catalogue,high,False,,unique,,clean
K-8524T-BV,Complementary™,Complementary™,,,bathroom,vibrant_finishes,,"Shower slidebar, 762mm in brushed bronze",,27550.0,INR,True,,BV,brushed bronze,,,,,,,,,,,,,,,,not_specified,,,,,,,,,,,,,,,,,,,,,,,,,,,,,,,,,,,,,,,False,,,,False,,kohler-india-pricebook-2026-june,KOHLER India Price Book 2026 June Edition,2026,June Edition,120,catalogue,high,False,,unique,,clean
K-16381IN-BV,Complementary™,Complementary™,,,bathroom,vibrant_finishes,,Wall supply elbow in brushed bronze,,6650.0,INR,True,,BV,brushed bronze,,,,,,,,,,,,,,,,not_specified,,,,,,,,,,,,,,,,,,,,,,,,,,,,,,,,,,,,,,,False,,,,False,,kohler-india-pricebook-2026-june,KOHLER India Price Book 2026 June Edition,2026,June Edition,120,catalogue,high,False,,unique,,clean
K-12067IN-BV,Complementary™,Complementary™,complementary-hand_shower,hand_shower,bathroom,vibrant_finishes,hand_shower,Hand shower hose 1.5M in brushed bronze,,3240.0,INR,True,,BV,brushed bronze,,,,,,,,,,,,,,,,not_specified,,,,,,,,,,,,,,,,,,,,,,,,,,,,,,,,,,,,,,,False,,,,False,,kohler-india-pricebook-2026-june,KOHLER India Price Book 2026 June Edition,2026,June Edition,120,catalogue,high,False,,unique,,clean
K-9038IN-BV,Complementary™,Complementary™,complementary-hand_shower,hand_shower,bathroom,vibrant_finishes,hand_shower,Hand shower bracket in brushed bronze,,1660.0,INR,True,,BV,brushed bronze,,,,,,,,,,,,,,,,not_specified,,,,,,,,,,,,,,,,,,,,,,,,,,,,,,,,,,,,,,,False,,,,False,,kohler-india-pricebook-2026-june,KOHLER India Price Book 2026 June Edition,2026,June Edition,120,catalogue,high,False,,unique,,clean
K-10386IN-BV,Complementary™,Complementary™,complementary-bath_spout,bath_spout,bathroom,vibrant_finishes,bath_spout,Bath spout with diverter in brushed bronze,,5740.0,INR,True,,BV,brushed bronze,,,,,,,,,,,,,,,,not_specified,,,,,,,,,,,,,,,,,,,,,,,,,,,,,,,,,,,,,,,False,,,,False,,kohler-india-pricebook-2026-june,KOHLER India Price Book 2026 June Edition,2026,June Edition,120,catalogue,high,False,,unique,,clean
K-10385IN-BV,Complementary™,Complementary™,complementary-bath_spout,bath_spout,bathroom,vibrant_finishes,bath_spout,Bath spout without diverter in brushed bronze,,4910.0,INR,True,,BV,brushed bronze,,,,,,,,,,,,,,,,not_specified,,,,,,,,,,,,,,,,,,,,,,,,,,,,,,,,,,,,,,,False,,,,False,,kohler-india-pricebook-2026-june,KOHLER India Price Book 2026 June Edition,2026,June Edition,120,catalogue,high,False,,unique,,clean
K-16086IN-4-BV,July™,July™,july-angle_valve,angle_valve,bathroom,vibrant_finishes,angle_valve,Angle valve G13mm (2 pcs per box) in brushed bronze,,7210.0,INR,True,,BV,brushed bronze,,,,,,,,,,,,,,,,not_specified,,,,,,,,,,,,,,,,,,,,,,,,,,,,,,,,,,,,,,,False,,,,False,,kohler-india-pricebook-2026-june,KOHLER India Price Book 2026 June Edition,2026,June Edition,121,catalogue,high,False,,unique,,clean
K-80158IN-9-BV,Complementary™,Complementary™,complementary-angle_valve,angle_valve,bathroom,vibrant_finishes,angle_valve,Square angle valve in brushed bronze,,2730.0,INR,True,,BV,brushed bronze,,,,,,,,,,,,,,,,not_specified,,,,,,,,,,,,,,,,,,,,,,,,,,,,,,,,,,,,,,,False,,,,False,,kohler-india-pricebook-2026-june,KOHLER India Price Book 2026 June Edition,2026,June Edition,121,catalogue,high,False,,unique,,clean
K-16094IN-4-BV,July™,July™,july-bib_tap,bib_tap,bathroom,vibrant_finishes,bib_tap,2-way bib tap in brushed bronze,,8340.0,INR,True,,BV,brushed bronze,,,,,,,,,,,,,,,,not_specified,,,,,,,,,,,,,,,,,,,,,,,,,,,,,,,,,,,,,,,False,,,,False,,kohler-india-pricebook-2026-june,KOHLER India Price Book 2026 June Edition,2026,June Edition,121,catalogue,high,False,,unique,,clean
K-16087IN-4-BV,July™,July™,july-stop_valve,stop_valve,bathroom,vibrant_finishes,stop_valve,In-line stop valve trim in brushed bronze,,2160.0,INR,True,,BV,brushed bronze,,,,,,,,,,,,,,,,not_specified,,,,,,,,,,,,,,,,,,,,,,,,,,,,,,,,,,,,,,,False,,,,False,,kohler-india-pricebook-2026-june,KOHLER India Price Book 2026 June Edition,2026,June Edition,121,catalogue,high,False,,unique,,clean
K-7120IN-BV,Complementary™,Complementary™,complementary-drain,drain,bathroom,vibrant_finishes,drain,"Click drain, big cap in brushed bronze",,6250.0,INR,True,,BV,brushed bronze,,,,,,,,,,,,,,,,not_specified,,,,,,,,,,,,,,,,,,,,,,,,,,,,,,,,,,,,,,,False,,,,False,,kohler-india-pricebook-2026-june,KOHLER India Price Book 2026 June Edition,2026,June Edition,121,catalogue,high,False,,unique,,clean
K-45432IN-BV,Complementary™,Complementary™,complementary-drain,drain,bathroom,vibrant_finishes,drain,Grid drain with overflow hole in brushed bronze,,1440.0,INR,True,,BV,brushed bronze,,,,,,,,,,,,,,,,not_specified,,,,,,,,,,,,,,,,,,,,,,,,,,,,,,,,,,,,,,,False,,,,False,,kohler-india-pricebook-2026-june,KOHLER India Price Book 2026 June Edition,2026,June Edition,121,catalogue,high,False,,unique,,clean
K-20746IN-BV,Complementary™,Complementary™,complementary-drain,drain,bathroom,vibrant_finishes,drain,Grid drain in brushed bronze,,1130.0,INR,True,,BV,brushed bronze,,,,,,,,,,,,,,,,not_specified,,,,,,,,,,,,,,,,,,,,,,,,,,,,,,,,,,,,,,,False,,,,False,,kohler-india-pricebook-2026-june,KOHLER India Price Book 2026 June Edition,2026,June Edition,121,catalogue,high,False,,unique,,clean
K-75823IN-BV,Complementary™,Complementary™,complementary-bottle_trap,bottle_trap,bathroom,vibrant_finishes,bottle_trap,350mm bottle trap in brushed bronze,,5970.0,INR,True,,BV,brushed bronze,,,,,,,,,,,,,,,,not_specified,,,,,,,,,,,,,,,,,,,,,,,,,,,,,,,,,,,,,,,False,,,,False,,kohler-india-pricebook-2026-june,KOHLER India Price Book 2026 June Edition,2026,June Edition,121,catalogue,high,False,,unique,,clean
K-7314IN-BV,Complementary™,Complementary™,complementary-bottle_trap,bottle_trap,bathroom,vibrant_finishes,bottle_trap,300mm bottle trap without drain in brushed bronze,,5360.0,INR,True,,BV,brushed bronze,,,,,,,,,,,,,,,,not_specified,,,,,,,,,,,,,,,,,,,,,,,,,,,,,,,,,,,,,,,False,,,,False,,kohler-india-pricebook-2026-june,KOHLER India Price Book 2026 June Edition,2026,June Edition,121,catalogue,high,False,,unique,,clean
K-7275IN-ZZ-BV,Complementary™,Complementary™,complementary-drain,drain,bathroom,vibrant_finishes,drain,Floor drain with 27 lpm discharge rate in brushed bronze,,3100.0,INR,True,,BV,brushed bronze,,,,,,,,,,,,,,,,not_specified,,,,,,,,,,,,,,,,,,,,,,,,,,,,,,,,,,,,,,,False,,,,False,,kohler-india-pricebook-2026-june,KOHLER India Price Book 2026 June Edition,2026,June Edition,122,catalogue,high,False,,unique,,clean
K-97258IN-ZZ-BV,Elate®,Elate®,,,bathroom,vibrant_finishes,,Health faucet with hose and bracket in brushed bronze,,8100.0,INR,True,,BV,brushed bronze,,,,,,,,,,,,,,,,not_specified,,,,,,,,,,,,,,,,,,,,,,,,,,,,,,,,,,,,,,,False,,,,False,,kohler-india-pricebook-2026-june,KOHLER India Price Book 2026 June Edition,2026,June Edition,122,catalogue,high,False,,unique,,clean
K-25348IN-BV,Elate®,Elate®,elate-bath_accessory,bath_accessory,bathroom,vibrant_finishes,bath_accessory,Accent 610mm single towel bar in brushed bronze,,5950.0,INR,True,,BV,brushed bronze,,,,,,,,,,,,,,,,not_specified,,,,,,,,,,,,,,,,,,,,,,,,,,,,,,,,,,,,,,,False,,,,False,,kohler-india-pricebook-2026-june,KOHLER India Price Book 2026 June Edition,2026,June Edition,122,catalogue,high,False,,unique,,clean
K-25430IN-BV,Elate®,Elate®,,,bathroom,vibrant_finishes,,Toilet brush holder in brushed bronze,,5200.0,INR,True,,BV,brushed bronze,,,,,,,,,,,,,,,,not_specified,,,,,,,,,,,,,,,,,,,,,,,,,,,,,,,,,,,,,,,False,,,,False,,kohler-india-pricebook-2026-june,KOHLER India Price Book 2026 June Edition,2026,June Edition,122,catalogue,high,False,,unique,,clean
K-25347IN-BV,Elate®,Elate®,elate-bath_accessory,bath_accessory,bathroom,vibrant_finishes,bath_accessory,Towel ring in brushed bronze,,4700.0,INR,True,,BV,brushed bronze,,,,,,,,,,,,,,,,not_specified,,,,,,,,,,,,,,,,,,,,,,,,,,,,,,,,,,,,,,,False,,,,False,,kohler-india-pricebook-2026-june,KOHLER India Price Book 2026 June Edition,2026,June Edition,122,catalogue,high,False,,unique,,clean
K-25428IN-BV,Elate®,Elate®,,,bathroom,vibrant_finishes,,Tumbler holder in brushed bronze,,3450.0,INR,True,,BV,brushed bronze,,,,,,,,,,,,,,,,not_specified,,,,,,,,,,,,,,,,,,,,,,,,,,,,,,,,,,,,,,,False,,,,False,,kohler-india-pricebook-2026-june,KOHLER India Price Book 2026 June Edition,2026,June Edition,122,catalogue,high,False,,unique,,clean
K-25346IN-BV,Elate®,Elate®,,,bathroom,vibrant_finishes,,Toilet tissue holder in brushed bronze,,3100.0,INR,True,,BV,brushed bronze,,,,,,,,,,,,,,,,not_specified,,,,,,,,,,,,,,,,,,,,,,,,,,,,,,,,,,,,,,,False,,,,False,,kohler-india-pricebook-2026-june,KOHLER India Price Book 2026 June Edition,2026,June Edition,122,catalogue,high,False,,unique,,clean
K-25429IN-BV,Elate®,Elate®,,,bathroom,vibrant_finishes,,Soap dish in brushed bronze,,3100.0,INR,True,,BV,brushed bronze,,,,,,,,,,,,,,,,not_specified,,,,,,,,,,,,,,,,,,,,,,,,,,,,,,,,,,,,,,,False,,,,False,,kohler-india-pricebook-2026-june,KOHLER India Price Book 2026 June Edition,2026,June Edition,122,catalogue,high,False,,unique,,clean
K-25349IN-BV,Elate®,Elate®,elate-bath_accessory,bath_accessory,bathroom,vibrant_finishes,bath_accessory,Single robe hook in brushed bronze,,1650.0,INR,True,,BV,brushed bronze,,,,,,,,,,,,,,,,not_specified,,,,,,,,,,,,,,,,,,,,,,,,,,,,,,,,,,,,,,,False,,,,False,,kohler-india-pricebook-2026-june,KOHLER India Price Book 2026 June Edition,2026,June Edition,122,catalogue,high,False,,unique,,clean
K-97347T-B4-RGD,FAUCETS IN ROSE GOLD,FAUCETS IN ROSE GOLD,faucets-in-rose-gold-basin_faucet,basin_faucet,bathroom,vibrant_finishes,basin_faucet,Avid™ Single-control tall basin faucet with drain in rose gold,,79400.0,INR,True,,RGD,rose gold,,,,,,,,,,,,,,,,not_specified,,,,,,,,,,,,,,,,,,,,,,,,,,,,,,,,,,,,,,,False,,,,False,,kohler-india-pricebook-2026-june,KOHLER India Price Book 2026 June Edition,2026,June Edition,123,catalogue,high,False,,unique,,clean
K-97345T-B4-RGD,FAUCETS IN ROSE GOLD,FAUCETS IN ROSE GOLD,faucets-in-rose-gold-basin_faucet,basin_faucet,bathroom,vibrant_finishes,basin_faucet,Single-control basin faucet with drain in rose gold,,63500.0,INR,True,,RGD,rose gold,,,,,,,,,,,,,,,,not_specified,,,,,,,,,,,,,,,,,,,,,,,,,,,,,,,,,,,,,,,False,,,,False,,kohler-india-pricebook-2026-june,KOHLER India Price Book 2026 June Edition,2026,June Edition,123,catalogue,high,False,,unique,,clean
K-73159T-B7-RGD,FAUCETS IN ROSE GOLD,FAUCETS IN ROSE GOLD,faucets-in-rose-gold-basin_faucet,basin_faucet,bathroom,vibrant_finishes,basin_faucet,Composed™ Single-control tall basin faucet with drain in rose gold,,63500.0,INR,True,,RGD,rose gold,,,,,,,,,,,,,,,,not_specified,,,,,,,,,,,,,,,,,,,,,,,,,,,,,,,,,,,,,,,False,,,,False,,kohler-india-pricebook-2026-june,KOHLER India Price Book 2026 June Edition,2026,June Edition,123,catalogue,high,False,,unique,,clean
K-73050T-B7-RGD,FAUCETS IN ROSE GOLD,FAUCETS IN ROSE GOLD,faucets-in-rose-gold-basin_faucet,basin_faucet,bathroom,vibrant_finishes,basin_faucet,Single-control basin faucet with drain in rose gold,,57800.0,INR,True,,RGD,rose gold,,,,,,,,,,,,,,,,not_specified,,,,,,,,,,,,,,,,,,,,,,,,,,,,,,,,,,,,,,,False,,,,False,,kohler-india-pricebook-2026-june,KOHLER India Price Book 2026 June Edition,2026,June Edition,123,catalogue,high,False,,unique,,clean
K-73061T-7-RGD,FAUCETS IN ROSE GOLD,FAUCETS IN ROSE GOLD,faucets-in-rose-gold-wall_mount_basin,wall_mount_basin,bathroom,vibrant_finishes,wall_mount_basin,Single-control wall mount basin faucet trim + valve in rose gold,,63500.0,INR,True,,RGD,rose gold,,,,,,,,,,,,,,,,not_specified,,,,,,,,,,,,,,,,,,,,,,,,,,,,,,,,,,,,,,,False,,,,False,,kohler-india-pricebook-2026-june,KOHLER India Price Book 2026 June Edition,2026,June Edition,123,catalogue,high,False,,unique,,clean
EX28094IN-8-RGD,FAUCETS IN ROSE GOLD,FAUCETS IN ROSE GOLD,faucets-in-rose-gold-basin_faucet,basin_faucet,bathroom,vibrant_finishes,basin_faucet,Components® Single-control tall basin faucet with drain in rose gold,,49400.0,INR,True,,RGD,rose gold,,,,,,,,,,,,,,,,not_specified,,,,,,,,,,,,,,,,,,,,,,,,,,,,,,,,,,,,,,,False,,,,False,,kohler-india-pricebook-2026-june,KOHLER India Price Book 2026 June Edition,2026,June Edition,123,catalogue,high,False,,unique,,clean
EX28093IN-8-RGD,FAUCETS IN ROSE GOLD,FAUCETS IN ROSE GOLD,faucets-in-rose-gold-basin_faucet,basin_faucet,bathroom,vibrant_finishes,basin_faucet,Single-control basin faucet with drain in rose gold,,39500.0,INR,True,,RGD,rose gold,,,,,,,,,,,,,,,,not_specified,,,,,,,,,,,,,,,,,,,,,,,,,,,,,,,,,,,,,,,False,,,,False,,kohler-india-pricebook-2026-june,KOHLER India Price Book 2026 June Edition,2026,June Edition,123,catalogue,high,False,,unique,,clean
K-29310IN-4ND-RGD,FAUCETS IN ROSE GOLD,FAUCETS IN ROSE GOLD,faucets-in-rose-gold-wall_mount_basin,wall_mount_basin,bathroom,vibrant_finishes,wall_mount_basin,Single-control wall mount basin faucet trim + valve in rose gold,,49400.0,INR,True,,RGD,rose gold,,,,,,,,,,,,,,,,not_specified,,,,,,,,,,,,,,,,,,,,,,,,,,,,,,,,,,,,,,,False,,,,False,,kohler-india-pricebook-2026-june,KOHLER India Price Book 2026 June Edition,2026,June Edition,123,catalogue,high,False,,unique,,clean
K-25758IN-ECH-RGD,FAUCETS IN ROSE GOLD,FAUCETS IN ROSE GOLD,faucets-in-rose-gold-basin_faucet,basin_faucet,bathroom,vibrant_finishes,basin_faucet,ModernLife Edge™ Deco Single-control tall basin faucet without drain in rose gold,,50900.0,INR,True,,RGD,rose gold,,,,,,,,,,,,,,,,not_specified,,,,,,,,,,,,,,,,,,,,,,,,,,,,,,,,,,,,,,,False,,,,False,,kohler-india-pricebook-2026-june,KOHLER India Price Book 2026 June Edition,2026,June Edition,123,catalogue,high,False,,unique,,clean
K-29199IN-ECH-RGD,FAUCETS IN ROSE GOLD,FAUCETS IN ROSE GOLD,faucets-in-rose-gold-wall_mount_basin,wall_mount_basin,bathroom,vibrant_finishes,wall_mount_basin,Single-control wall mount basin faucet trim + valve in rose gold,,50900.0,INR,True,,RGD,rose gold,,,,,,,,,,,,,,,,not_specified,,,,,,,,,,,,,,,,,,,,,,,,,,,,,,,,,,,,,,,False,,,,False,,kohler-india-pricebook-2026-june,KOHLER India Price Book 2026 June Edition,2026,June Edition,123,catalogue,high,False,,unique,,clean
K-25758IN-4ND-RGD,,,,basin_faucet,bathroom,vibrant_finishes,basin_faucet,ModernLife Edge™ Single-control tall basin faucet without drain in rose gold,,46300.0,INR,True,,RGD,rose gold,,,,,,,,,,,,,,,,not_specified,,,,,,,,,,,,,,,,,,,,,,,,,,,,,,,,,,,,,,,False,,,,False,,kohler-india-pricebook-2026-june,KOHLER India Price Book 2026 June Edition,2026,June Edition,124,catalogue,medium,False,,unique,,clean
K-25757IN-4ND-RGD,,,,basin_faucet,bathroom,vibrant_finishes,basin_faucet,Single-control basin faucet without drain in rose gold,,37000.0,INR,True,,RGD,rose gold,,,,,,,,,,,,,,,,not_specified,,,,,,,,,,,,,,,,,,,,,,,,,,,,,,,,,,,,,,,False,,,,False,,kohler-india-pricebook-2026-june,KOHLER India Price Book 2026 June Edition,2026,June Edition,124,catalogue,medium,False,,unique,,clean
K-25759IN-4ND-RGD,,,,wall_mount_basin,bathroom,vibrant_finishes,wall_mount_basin,Single-control wall mount basin faucet trim in rose gold,,39500.0,INR,True,,RGD,rose gold,,,,,,,,,,,,,,,,not_specified,,,,,,,,,,,,,,,,,,,,,,,,,,,,,,,,,,,,,,,False,,,,False,,kohler-india-pricebook-2026-june,KOHLER India Price Book 2026 June Edition,2026,June Edition,124,catalogue,medium,False,,unique,,clean
K-25761IN-9-RGD,,,,shower_trim,bathroom,vibrant_finishes,shower_trim,Thermostatic recessed bath and shower Autosense 235+ trim in rose gold,,25100.0,INR,True,,RGD,rose gold,,,,,,,,,,,,,,,,not_specified,,,,,,,,,,,,,,,,,,,,,,,,,,,,,,,,,,,K-20740IN-A-NA,,,,False,,,,False,,kohler-india-pricebook-2026-june,KOHLER India Price Book 2026 June Edition,2026,June Edition,124,catalogue,medium,False,,repeated_same_sku,K-25761IN-9-RGD,clean
K-25764IN-RGD,,,,bath_spout,bathroom,vibrant_finishes,bath_spout,Bath spout with diverter in rose gold,,15400.0,INR,True,,RGD,rose gold,,,,,,,,,,,,,,,,not_specified,,,,,,,,,,,,,,,,,,,,,,,,,,,,,,,,,,,,,,,False,,,,False,,kohler-india-pricebook-2026-june,KOHLER India Price Book 2026 June Edition,2026,June Edition,124,catalogue,medium,False,,unique,,clean
K-25765IN-RGD,,,,bath_spout,bathroom,vibrant_finishes,bath_spout,Bath spout without diverter in rose gold,,13200.0,INR,True,,RGD,rose gold,,,,,,,,,,,,,,,,not_specified,,,,,,,,,,,,,,,,,,,,,,,,,,,,,,,,,,,,,,,False,,,,False,,kohler-india-pricebook-2026-june,KOHLER India Price Book 2026 June Edition,2026,June Edition,124,catalogue,medium,False,,unique,,clean
K-23475IN-4ND-RGD,,,,basin_faucet,bathroom,vibrant_finishes,basin_faucet,Parallel Single-control tall basin faucet without drain in rose gold,,30600.0,INR,True,,RGD,rose gold,,,,,,,,,,,,,,,,not_specified,,,,,,,,,,,,,,,,,,,,,,,,,,,,,,,,,,,,,,,False,,,,False,,kohler-india-pricebook-2026-june,KOHLER India Price Book 2026 June Edition,2026,June Edition,124,catalogue,medium,False,,unique,,clean
K-23472IN-4ND-RGD,,,,basin_faucet,bathroom,vibrant_finishes,basin_faucet,Single-control basin faucet without drain in rose gold,,24450.0,INR,True,,RGD,rose gold,,,,,,,,,,,,,,,,not_specified,,,,,,,,,,,,,,,,,,,,,,,,,,,,,,,,,,,,,,,False,,,,False,,kohler-india-pricebook-2026-june,KOHLER India Price Book 2026 June Edition,2026,June Edition,124,catalogue,medium,False,,unique,,clean
K-23486IN-4ND-RGD,,,,wall_mount_basin,bathroom,vibrant_finishes,wall_mount_basin,Single-control wall mount basin faucet trim in rose gold,,24800.0,INR,True,,RGD,rose gold,,,,,,,,,,,,,,,,not_specified,,,,,,,,,,,,,,,,,,,,,,,,,,,,,,,,,,,K-5679IN-NA,,,,False,,,,False,,kohler-india-pricebook-2026-june,KOHLER India Price Book 2026 June Edition,2026,June Edition,124,catalogue,medium,False,,unique,,clean
K-32020IN-4-RGD,,,,,bathroom,vibrant_finishes,,trim + valve in rose gold,,44300.0,INR,True,,RGD,rose gold,,,,,,,,,,,,,,,,not_specified,,,,,,,,,,,,,,,,,,,,,,,,,,,,,,,,,,,,,,,False,,,,False,,kohler-india-pricebook-2026-june,KOHLER India Price Book 2026 June Edition,2026,June Edition,124,catalogue,medium,False,,unique,,clean
K-23496IN-4SL-RGD,,,,shower_trim,bathroom,vibrant_finishes,shower_trim,Recessed bath and shower AT 235 trim in rose gold,,17150.0,INR,True,,RGD,rose gold,,,,,,,,,,,,,,,,not_specified,,,,,,,,,,,,,,,,,,,,,,,,,,,,,,,,,,,K-882IN-NA,,,,False,,,,False,,kohler-india-pricebook-2026-june,KOHLER India Price Book 2026 June Edition,2026,June Edition,124,catalogue,medium,False,,unique,,clean
K-23511IN-RGD,,,,bath_spout,bathroom,vibrant_finishes,bath_spout,Bath spout with diverter in rose gold,,12250.0,INR,True,,RGD,rose gold,,,,,,,,,,,,,,,,not_specified,,,,,,,,,,,,,,,,,,,,,,,,,,,,,,,,,,,,,,,False,,,,False,,kohler-india-pricebook-2026-june,KOHLER India Price Book 2026 June Edition,2026,June Edition,124,catalogue,medium,False,,unique,,clean
K-23512IN-RGD,,,,bath_spout,bathroom,vibrant_finishes,bath_spout,Bath spout without diverter in rose gold,,10700.0,INR,True,,RGD,rose gold,,,,,,,,,,,,,,,,not_specified,,,,,,,,,,,,,,,,,,,,,,,,,,,,,,,,,,,,,,,False,,,,False,,kohler-india-pricebook-2026-june,KOHLER India Price Book 2026 June Edition,2026,June Edition,124,catalogue,medium,False,,unique,,clean
K-72337IN-4ND-RGD,,,,basin_faucet,bathroom,vibrant_finishes,basin_faucet,Aleo+™ Single-control tall basin faucet without drain in rose gold,,26400.0,INR,True,,RGD,rose gold,,,,,,,,,,,,,,,,not_specified,,,,,,,,,,,,,,,,,,,,,,,,,,,,,,,,,,,,,,,False,,,,False,,kohler-india-pricebook-2026-june,KOHLER India Price Book 2026 June Edition,2026,June Edition,125,catalogue,high,False,,unique,,clean
K-72312IN-4ND-RGD,,,,basin_faucet,bathroom,vibrant_finishes,basin_faucet,Single-control basin faucet without drain in rose gold,,21100.0,INR,True,,RGD,rose gold,,,,,,,,,,,,,,,,not_specified,,,,,,,,,,,,,,,,,,,,,,,,,,,,,,,,,,,,,,,False,,,,False,,kohler-india-pricebook-2026-june,KOHLER India Price Book 2026 June Edition,2026,June Edition,125,catalogue,high,False,,unique,,clean
K-5684IN-4ND-RGD,,,,wall_mount_basin,bathroom,vibrant_finishes,wall_mount_basin,Single-control wall mount basin faucet trim in rose gold,,20780.0,INR,True,,RGD,rose gold,,,,,,,,,,,,,,,,not_specified,,,,,,,,,,,,,,,,,,,,,,,,,,,,,,,,,,,K-5679IN-NA,,,,False,,,,False,,kohler-india-pricebook-2026-june,KOHLER India Price Book 2026 June Edition,2026,June Edition,125,catalogue,high,False,,unique,,clean
K-22786IN-4-RGD,AT 360 trim + valve in rose gold,AT 360 trim + valve in rose gold,at-360-trim-valve-in-rose-gold-shower_trim,shower_trim,bathroom,vibrant_finishes,shower_trim,,,47550.0,INR,True,,RGD,,,,,,,,,,,,,,,,,not_specified,,,,,,,,,,,,,,,,,,,,,,,,,,,,,,,,,,,,,,,False,,,,False,,kohler-india-pricebook-2026-june,KOHLER India Price Book 2026 June Edition,2026,June Edition,125,catalogue,high,False,,unique,,clean
K-72328IN-4SL-RGD,AT 360 trim + valve in rose gold,AT 360 trim + valve in rose gold,at-360-trim-valve-in-rose-gold-shower_trim,shower_trim,bathroom,vibrant_finishes,shower_trim,Recessed bath and shower AT 235 trim in rose gold,,15300.0,INR,True,,RGD,rose gold,,,,,,,,,,,,,,,,not_specified,,,,,,,,,,,,,,,,,,,,,,,,,,,,,,,,,,,K-882IN-NA,,,,False,,,,False,,kohler-india-pricebook-2026-june,KOHLER India Price Book 2026 June Edition,2026,June Edition,125,catalogue,high,False,,unique,,clean
K-72298IN-4ND-RGD,AT 360 trim + valve in rose gold,AT 360 trim + valve in rose gold,at-360-trim-valve-in-rose-gold-basin_faucet,basin_faucet,bathroom,vibrant_finishes,basin_faucet,Aleo™ Single-control tall basin faucet without drain in rose gold,,23650.0,INR,True,,RGD,rose gold,,,,,,,,,,,,,,,,not_specified,,,,,,,,,,,,,,,,,,,,,,,,,,,,,,,,,,,,,,,False,,,,False,,kohler-india-pricebook-2026-june,KOHLER India Price Book 2026 June Edition,2026,June Edition,125,catalogue,high,False,,unique,,clean
K-72275IN-4ND-RGD,AT 360 trim + valve in rose gold,AT 360 trim + valve in rose gold,at-360-trim-valve-in-rose-gold-basin_faucet,basin_faucet,bathroom,vibrant_finishes,basin_faucet,Single-control basin faucet without drain in rose gold,,18950.0,INR,True,,RGD,rose gold,,,,,,,,,,,,,,,,not_specified,,,,,,,,,,,,,,,,,,,,,,,,,,,,,,,,,,,,,,,False,,,,False,,kohler-india-pricebook-2026-june,KOHLER India Price Book 2026 June Edition,2026,June Edition,125,catalogue,high,False,,unique,,clean
K-5683IN-4ND-RGD,AT 360 trim + valve in rose gold,AT 360 trim + valve in rose gold,at-360-trim-valve-in-rose-gold-wall_mount_basin,wall_mount_basin,bathroom,vibrant_finishes,wall_mount_basin,Single-control wall mount basin faucet trim in rose gold,,18150.0,INR,True,,RGD,rose gold,,,,,,,,,,,,,,,,not_specified,,,,,,,,,,,,,,,,,,,,,,,,,,,,,,,,,,,K-5679IN-NA,,,,False,,,,False,,kohler-india-pricebook-2026-june,KOHLER India Price Book 2026 June Edition,2026,June Edition,125,catalogue,high,False,,unique,,clean
K-22789IN-4-RGD,AT 360 trim + valve in rose gold,AT 360 trim + valve in rose gold,at-360-trim-valve-in-rose-gold-shower_trim,shower_trim,bathroom,vibrant_finishes,shower_trim,trim + valve in rose gold,,45850.0,INR,True,,RGD,rose gold,,,,,,,,,,,,,,,,not_specified,,,,,,,,,,,,,,,,,,,,,,,,,,,,,,,,,,,,,,,False,,,,False,,kohler-india-pricebook-2026-june,KOHLER India Price Book 2026 June Edition,2026,June Edition,125,catalogue,high,False,,unique,,clean
K-72290IN-4SL-RGD,AT 360 trim + valve in rose gold,AT 360 trim + valve in rose gold,at-360-trim-valve-in-rose-gold-shower_trim,shower_trim,bathroom,vibrant_finishes,shower_trim,Recessed bath and shower AT 235 trim in rose gold,,13350.0,INR,True,,RGD,rose gold,,,,,,,,,,,,,,,,not_specified,,,,,,,,,,,,,,,,,,,,,,,,,,,,,,,,,,,K-882IN-NA,,,,False,,,,False,,kohler-india-pricebook-2026-june,KOHLER India Price Book 2026 June Edition,2026,June Edition,125,catalogue,high,False,,unique,,clean
K-38894IN-4ND-RGD,AT 360 trim + valve in rose gold,AT 360 trim + valve in rose gold,at-360-trim-valve-in-rose-gold-basin_faucet,basin_faucet,bathroom,vibrant_finishes,basin_faucet,Fluence+™ Single-control tall basin faucet without drain in rose gold,,22500.0,INR,True,,RGD,rose gold,,,,,,,,,,,,,,,,not_specified,,,,,,,,,,,,,,,,,,,,,,,,,,,,,,,,,,,,,,,False,,,,False,,kohler-india-pricebook-2026-june,KOHLER India Price Book 2026 June Edition,2026,June Edition,125,catalogue,high,False,,unique,,clean
K-38893IN-4ND-RGD,,,,basin_faucet,bathroom,vibrant_finishes,basin_faucet,Single-control basin faucet without drain in rose gold,,18000.0,INR,True,,RGD,rose gold,,,,,,,,,,,,,,,,not_specified,,,,,,,,,,,,,,,,,,,,,,,,,,,,,,,,,,,,,,,False,,,,False,,kohler-india-pricebook-2026-june,KOHLER India Price Book 2026 June Edition,2026,June Edition,126,catalogue,high,False,,unique,,clean
K-38895IN-4ND-RGD,,,,basin_faucet,bathroom,vibrant_finishes,basin_faucet,Single-control wall mount monoblock basin faucet trim + valve in rose gold,,22500.0,INR,True,,RGD,rose gold,,,,,,,,,,,,,,,,not_specified,,,,,,,,,,,,,,,,,,,,,,,,,,,,,,,,,,,,,,,False,,,,False,,kohler-india-pricebook-2026-june,KOHLER India Price Book 2026 June Edition,2026,June Edition,126,catalogue,high,False,,unique,,clean
K-38896IN-4FS-RGD,,,,shower_trim,bathroom,vibrant_finishes,shower_trim,Recessed bath and shower AT235 trim in rose gold,,12900.0,INR,True,,RGD,rose gold,,,,,,,,,,,,,,,,not_specified,,,,,,,,,,,,,,,,,,,,,,,,,,,,,,,,,,,K-882IN-NA,,,,False,,,,False,,kohler-india-pricebook-2026-june,KOHLER India Price Book 2026 June Edition,2026,June Edition,126,catalogue,high,False,,unique,,clean
K-34170IN-4-RGD,,,,,bathroom,vibrant_finishes,,trim + valve in rose gold,,41100.0,INR,True,,RGD,rose gold,,,,,,,,,,,,,,,,not_specified,,,,,,,,,,,,,,,,,,,,,,,,,,,,,,,,,,,,,,,False,,,,False,,kohler-india-pricebook-2026-june,KOHLER India Price Book 2026 June Edition,2026,June Edition,126,catalogue,high,False,,unique,,clean
K-38887IN-4ND-RGD,,,,basin_faucet,bathroom,vibrant_finishes,basin_faucet,Fluence™ Single-control tall basin faucet without drain in rose gold,,20600.0,INR,True,,RGD,rose gold,,,,,,,,,,,,,,,,not_specified,,,,,,,,,,,,,,,,,,,,,,,,,,,,,,,,,,,,,,,False,,,,False,,kohler-india-pricebook-2026-june,KOHLER India Price Book 2026 June Edition,2026,June Edition,126,catalogue,high,False,,unique,,clean
K-38886IN-4ND-RGD,,,,basin_faucet,bathroom,vibrant_finishes,basin_faucet,Single-control basin faucet without drain in rose gold,,16500.0,INR,True,,RGD,rose gold,,,,,,,,,,,,,,,,not_specified,,,,,,,,,,,,,,,,,,,,,,,,,,,,,,,,,,,,,,,False,,,,False,,kohler-india-pricebook-2026-june,KOHLER India Price Book 2026 June Edition,2026,June Edition,126,catalogue,high,False,,unique,,clean
K-38888IN-4ND-RGD,,,,basin_faucet,bathroom,vibrant_finishes,basin_faucet,Single-control wall mount monoblock basin faucet trim + valve in rose gold,,20600.0,INR,True,,RGD,rose gold,,,,,,,,,,,,,,,,not_specified,,,,,,,,,,,,,,,,,,,,,,,,,,,,,,,,,,,,,,,False,,,,False,,kohler-india-pricebook-2026-june,KOHLER India Price Book 2026 June Edition,2026,June Edition,126,catalogue,high,False,,unique,,clean
K-38889IN-4FS-RGD,,,,shower_trim,bathroom,vibrant_finishes,shower_trim,Recessed bath and shower AT235 trim in rose gold,,12000.0,INR,True,,RGD,rose gold,,,,,,,,,,,,,,,,not_specified,,,,,,,,,,,,,,,,,,,,,,,,,,,,,,,,,,,K-882IN-NA,,,,False,,,,False,,kohler-india-pricebook-2026-june,KOHLER India Price Book 2026 June Edition,2026,June Edition,126,catalogue,high,False,,unique,,clean
K-34168IN-4-RGD,,,,,bathroom,vibrant_finishes,,trim + valve in rose gold,,39500.0,INR,True,,RGD,rose gold,,,,,,,,,,,,,,,,not_specified,,,,,,,,,,,,,,,,,,,,,,,,,,,,,,,,,,,,,,,False,,,,False,,kohler-india-pricebook-2026-june,KOHLER India Price Book 2026 June Edition,2026,June Edition,126,catalogue,high,False,,unique,,clean
K-38891IN-RGD,,,,bath_spout,bathroom,vibrant_finishes,bath_spout,Bath spout with diverter in rose gold,,7000.0,INR,True,,RGD,rose gold,,,,,,,,,,,,,,,,not_specified,,,,,,,,,,,,,,,,,,,,,,,,,,,,,,,,,,,,,,,False,,,,False,,kohler-india-pricebook-2026-june,KOHLER India Price Book 2026 June Edition,2026,June Edition,126,catalogue,high,False,,unique,,clean
K-38892IN-RGD,,,,bath_spout,bathroom,vibrant_finishes,bath_spout,Bath spout without diverter in rose gold,,5420.0,INR,True,,RGD,rose gold,,,,,,,,,,,,,,,,not_specified,,,,,,,,,,,,,,,,,,,,,,,,,,,,,,,,,,,,,,,False,,,,False,,kohler-india-pricebook-2026-june,KOHLER India Price Book 2026 June Edition,2026,June Edition,126,catalogue,high,False,,unique,,clean
K-23967IN-4ND-RGD,,,,basin_faucet,bathroom,vibrant_finishes,basin_faucet,Vive Single-control tall basin faucet without drain in rose gold,,19100.0,INR,True,,RGD,rose gold,,,,,,,,,,,,,,,,not_specified,,,,,,,,,,,,,,,,,,,,,,,,,,,,,,,,,,,,,,,False,,,,False,,kohler-india-pricebook-2026-june,KOHLER India Price Book 2026 June Edition,2026,June Edition,126,catalogue,high,False,,unique,,clean
K-23966IN-4ND-RGD,,,,basin_faucet,bathroom,vibrant_finishes,basin_faucet,Single-control basin faucet without drain in rose gold,,15300.0,INR,True,,RGD,rose gold,,,,,,,,,,,,,,,,not_specified,,,,,,,,,,,,,,,,,,,,,,,,,,,,,,,,,,,,,,,False,,,,False,,kohler-india-pricebook-2026-june,KOHLER India Price Book 2026 June Edition,2026,June Edition,127,catalogue,high,False,,unique,,clean
K-23975IN-4ND-RGD,,,,basin_faucet,bathroom,vibrant_finishes,basin_faucet,Single-control wall mount monoblock basin faucet trim + valve in rose gold,,19100.0,INR,True,,RGD,rose gold,,,,,,,,,,,,,,,,not_specified,,,,,,,,,,,,,,,,,,,,,,,,,,,,,,,,,,,,,,,False,,,,False,,kohler-india-pricebook-2026-june,KOHLER India Price Book 2026 June Edition,2026,June Edition,127,catalogue,high,False,,unique,,clean
K-23971IN-4SL-RGD,,,,shower_trim,bathroom,vibrant_finishes,shower_trim,Recessed bath and shower AT 235 trim in rose gold,,10800.0,INR,True,,RGD,rose gold,,,,,,,,,,,,,,,,not_specified,,,,,,,,,,,,,,,,,,,,,,,,,,,,,,,,,,,K-882IN-NA,,,,False,,,,False,,kohler-india-pricebook-2026-june,KOHLER India Price Book 2026 June Edition,2026,June Edition,127,catalogue,high,False,,unique,,clean
K-23974IN-AA-RGD,,,,bath_spout,bathroom,vibrant_finishes,bath_spout,Bath spout with diverter in rose gold,,8750.0,INR,True,,RGD,rose gold,,,,,,,,,,,,,,,,not_specified,,,,,,,,,,,,,,,,,,,,,,,,,,,,,,,,,,,,,,,False,,,,False,,kohler-india-pricebook-2026-june,KOHLER India Price Book 2026 June Edition,2026,June Edition,127,catalogue,high,False,,unique,,clean
K-23973IN-AA-RGD,,,,bath_spout,bathroom,vibrant_finishes,bath_spout,Bath spout without diverter in rose gold,,7400.0,INR,True,,RGD,rose gold,,,,,,,,,,,,,,,,not_specified,,,,,,,,,,,,,,,,,,,,,,,,,,,,,,,,,,,,,,,False,,,,False,,kohler-india-pricebook-2026-june,KOHLER India Price Book 2026 June Edition,2026,June Edition,127,catalogue,high,False,,unique,,clean
K-29959IN-RGD,ModernLife Edge™,ModernLife Edge™,,,bathroom,vibrant_finishes,,Hexagonal 425mm x 330mm dual flow rainpanel in rose gold,,194800.0,INR,True,,RGD,rose gold,,,,,,,,,,,,,,,,not_specified,,,,,,,,,,,,,,,,,,,,,,,,,,,,,,,,,,,,,,,False,,,,False,,kohler-india-pricebook-2026-june,KOHLER India Price Book 2026 June Edition,2026,June Edition,127,catalogue,high,False,,unique,,clean
K-9301IN-ZX-RGD,ModernLife Edge™,ModernLife Edge™,modernlife-edge-rainhead,rainhead,bathroom,vibrant_finishes,rainhead,Square 381mm single function rainhead in rose gold,,133400.0,INR,True,,RGD,rose gold,,,,,,,,,,,,,,,,not_specified,,,,,,,,,,,,,,,,,,,,,,,,,,,,,,,,,,,K-16347IN-RGD,,,,False,,,,False,,kohler-india-pricebook-2026-june,KOHLER India Price Book 2026 June Edition,2026,June Edition,127,catalogue,high,False,,unique,,clean
K-26297IN-RGD,Statement™,Statement™,statement-rainhead,rainhead,bathroom,vibrant_finishes,rainhead,Oblong 453mm two-function rainhead in rose gold,,106200.0,INR,True,,RGD,rose gold,,,,,,,,,,,,,,,,not_specified,,,,,,,,,,,,,,,,,,,,,,,,,,,,,,,,,,,K-26324IN-RGD/K-26326T-RGD,,,,False,,,,False,,kohler-india-pricebook-2026-june,KOHLER India Price Book 2026 June Edition,2026,June Edition,127,catalogue,high,False,,unique,,clean
K-9302IN-CL-RGD,ModernLife Edge™,ModernLife Edge™,modernlife-edge-rainhead,rainhead,bathroom,vibrant_finishes,rainhead,Square 330mm single function rainhead in rose gold,,91400.0,INR,True,,RGD,rose gold,,,,,,,,,,,,,,,,not_specified,,,,,,,,,,,,,,,,,,,,,,,,,,,,,,,,,,,K-16347IN-RGD,,,,False,,,,False,,kohler-india-pricebook-2026-june,KOHLER India Price Book 2026 June Edition,2026,June Edition,127,catalogue,high,False,,unique,,clean
K-26296IN-RGD,Statement™,Statement™,statement-rainhead,rainhead,bathroom,vibrant_finishes,rainhead,Oblong 353mm two-function rainhead in rose gold,,89900.0,INR,True,,RGD,rose gold,,,,,,,,,,,,,,,,not_specified,,,,,,,,,,,,,,,,,,,,,,,,,,,,,,,,,,,K-26324IN-RGD/K-26326T-RGD,,,,False,,,,False,,kohler-india-pricebook-2026-june,KOHLER India Price Book 2026 June Edition,2026,June Edition,127,catalogue,high,False,,unique,,clean
K-24470IN-RGD,ModernLife™,ModernLife™,modernlife-rainhead,rainhead,bathroom,vibrant_finishes,rainhead,Rectangle 330mm x 230mm two-function rainhead in rose gold,,58800.0,INR,True,,RGD,rose gold,,,,,,,,,,,,,,,,not_specified,,,,,,,,,,,,,,,,,,,,,,,,,,,,,,,,,,,K-26324IN-RGD/K-26326T-RGD,,,,False,,,,False,,kohler-india-pricebook-2026-june,KOHLER India Price Book 2026 June Edition,2026,June Edition,127,catalogue,high,False,,unique,,clean
K-26294IN-RGD,Statement™,Statement™,statement-rainhead,rainhead,bathroom,vibrant_finishes,rainhead,Oblong 353mm single function rainhead in rose gold,,58400.0,INR,True,,RGD,rose gold,,,,,,,,,,,,,,,,not_specified,,,,,,,,,,,,,,,,,,,,,,,,,,,,,,,,,,,K-16346IN-RGD/K-16347IN-RGD,,,,False,,,,False,,kohler-india-pricebook-2026-june,KOHLER India Price Book 2026 June Edition,2026,June Edition,127,catalogue,high,False,,unique,,clean
K-38629IN-RGD,RainMax II,RainMax II,rainmax-ii-rainhead,rainhead,bathroom,vibrant_finishes,rainhead,Square 305mm two function dual core rainhead in rose gold,,45250.0,INR,True,,RGD,rose gold,,,,,,,,,,,,,,,,not_specified,,,,,,,,,,,,,,,,,,,,,,,,,,,,,,,,,,,K-26324IN-RGD/K-26326T-RGD,,,,False,,,,False,,kohler-india-pricebook-2026-june,KOHLER India Price Book 2026 June Edition,2026,June Edition,128,catalogue,high,False,,unique,,clean
K-27731IN-RGD,ModernLife™,ModernLife™,modernlife-rainhead,rainhead,bathroom,vibrant_finishes,rainhead,Rectangle 330mm x 230mm single function rainhead in rose gold,,37800.0,INR,True,,RGD,rose gold,,,,,,,,,,,,,,,,not_specified,,,,,,,,,,,,,,,,,,,,,,,,,,,,,,,,,,,K-16346IN-RGD/; K-16347IN-RGD,,,,False,,,,False,,kohler-india-pricebook-2026-june,KOHLER India Price Book 2026 June Edition,2026,June Edition,128,catalogue,high,False,,unique,,clean
K-26856IN-RGD,RainMax,RainMax,rainmax-rainhead,rainhead,bathroom,vibrant_finishes,rainhead,Square 305mm single function dual core rainhead in rose gold,,32150.0,INR,True,,RGD,rose gold,,,,,,,,,,,,,,,,not_specified,,,,,,,,,,,,,,,,,,,,,,,,,,,,,,,,,,,K-16346IN-RGD/; K-16347IN-RGD,,,,False,,,,False,,kohler-india-pricebook-2026-june,KOHLER India Price Book 2026 June Edition,2026,June Edition,128,catalogue,high,False,,unique,,clean
K-26855IN-RGD,RainMax,RainMax,rainmax-rainhead,rainhead,bathroom,vibrant_finishes,rainhead,Square 254mm single function dual core rainhead in rose gold,,26750.0,INR,True,,RGD,rose gold,,,,,,,,,,,,,,,,not_specified,,,,,,,,,,,,,,,,,,,,,,,,,,,,,,,,,,,K-16346IN-RGD/; K-16347IN-RGD,,,,False,,,,False,,kohler-india-pricebook-2026-june,KOHLER India Price Book 2026 June Edition,2026,June Edition,128,catalogue,high,False,,unique,,clean
K-26854IN-RGD,RainMax,RainMax,rainmax-rainhead,rainhead,bathroom,vibrant_finishes,rainhead,Round 254mm single function dual core rainhead in rose gold,,25250.0,INR,True,,RGD,rose gold,,,,,,,,,,,,,,,,not_specified,,,,,,,,,,,,,,,,,,,,,,,,,,,,,,,,,,,K-16346IN-RGD/; K-16347IN-RGD,,,,False,,,,False,,kohler-india-pricebook-2026-june,KOHLER India Price Book 2026 June Edition,2026,June Edition,128,catalogue,high,False,,unique,,clean
K-38973IN-RGD,Pristine,Pristine,pristine-rainhead,rainhead,bathroom,vibrant_finishes,rainhead,Square 254mm single function filtered rainhead in rose gold,,17500.0,INR,True,,RGD,rose gold,,,,,,,,,,,,,,,,not_specified,,,,,,,,,,,,,,,,,,,,,,,,,,,,,,,,,,,K-16346IN-RGD/; K-16347IN-RGD,,,,False,,,,False,,kohler-india-pricebook-2026-june,KOHLER India Price Book 2026 June Edition,2026,June Edition,128,catalogue,high,False,,unique,,clean
K-39507IN-RGD,Rain Duet™,Rain Duet™,rain-duet-rainhead,rainhead,bathroom,vibrant_finishes,rainhead,Round 254mm single function anti drip rainhead in rose gold,,16800.0,INR,True,,RGD,rose gold,,,,,,,,,,,,,,,,not_specified,,,,,,,,,,,,,,,,,,,,,,,,,,,,,,,,,,,K-16346IN-RGD/; K-16347IN-RGD,,,,False,,,,False,,kohler-india-pricebook-2026-june,KOHLER India Price Book 2026 June Edition,2026,June Edition,128,catalogue,high,False,,unique,,clean
K-26290IN-RGD,Statement™,Statement™,statement-showerhead,showerhead,bathroom,vibrant_finishes,showerhead,Oblong 202mm three function showerhead in rose gold,,11450.0,INR,True,,RGD,rose gold,,,,,,,,,,,,,,,,not_specified,,,,,,,,,,,,,,,,,,,,,,,,,,,,,,,,,,,K-26318IN-RGD,,,,False,,,,False,,kohler-india-pricebook-2026-june,KOHLER India Price Book 2026 June Edition,2026,June Edition,128,catalogue,high,False,,unique,,clean
K-38972IN-RGD,Pristine,Pristine,pristine-showerhead,showerhead,bathroom,vibrant_finishes,showerhead,Square 203mm single function filtered showerhead in rose gold,,9100.0,INR,True,,RGD,rose gold,,,,,,,,,,,,,,,,not_specified,,,,,,,,,,,,,,,,,,,,,,,,,,,,,,,,,,,K-26318IN-RGD,,,,False,,,,False,,kohler-india-pricebook-2026-june,KOHLER India Price Book 2026 June Edition,2026,June Edition,128,catalogue,high,False,,unique,,clean
K-34098IN-RGD,Radiance™,Radiance™,radiance-diverter,diverter,bathroom,vibrant_finishes,diverter,Shoulder shower unit with diverter in rose gold,,25900.0,INR,True,,RGD,rose gold,,,,,,,,,,,,,,,,not_specified,,,,,,,,,,,,,,,,,,,,,,,,,,,,,,,,,,,,,,,False,,,,False,,kohler-india-pricebook-2026-june,KOHLER India Price Book 2026 June Edition,2026,June Edition,128,catalogue,high,False,,unique,,clean
K-34099IN-RGD,Radiance™,Radiance™,radiance-diverter,diverter,bathroom,vibrant_finishes,diverter,Shoulder shower unit without diverter in rose gold,,25900.0,INR,True,,RGD,rose gold,,,,,,,,,,,,,,,,not_specified,,,,,,,,,,,,,,,,,,,,,,,,,,,,,,,,,,,,,,,False,,,,False,,kohler-india-pricebook-2026-june,KOHLER India Price Book 2026 June Edition,2026,June Edition,128,catalogue,high,False,,unique,,clean
K-26300IN-RGD,Statement™,Statement™,,,bathroom,vibrant_finishes,,Oblong vichy body spray in rose gold,,26400.0,INR,True,,RGD,rose gold,,,,,,,,,,,,,,,,not_specified,,,,,,,,,,,,,,,,,,,,,,,,,,,,,,,,,,,,,,,False,,,,False,,kohler-india-pricebook-2026-june,KOHLER India Price Book 2026 June Edition,2026,June Edition,129,catalogue,medium,False,,unique,,clean
K-8002IN-ZY-RGD,Watertile®,Watertile®,,,bathroom,vibrant_finishes,,54-nozzle body-spray in rose gold,,18950.0,INR,True,,RGD,rose gold,,,,,,,,,,,,,,,,not_specified,,,,,,,,,,,,,,,,,,,,,,,,,,,,,,,,,,,,,,,False,,,,False,,kohler-india-pricebook-2026-june,KOHLER India Price Book 2026 June Edition,2026,June Edition,129,catalogue,medium,False,,unique,,clean
K-26299IN-RGD,Statement™,Statement™,,,bathroom,vibrant_finishes,,Round deep massage body spray in rose gold,,14900.0,INR,True,,RGD,rose gold,,,,,,,,,,,,,,,,not_specified,,,,,,,,,,,,,,,,,,,,,,,,,,,,,,,,,,,,,,,False,,,,False,,kohler-india-pricebook-2026-june,KOHLER India Price Book 2026 June Edition,2026,June Edition,129,catalogue,medium,False,,unique,,clean
K-28694IN-RGD,Statement™,Statement™,statement-hand_shower,hand_shower,bathroom,vibrant_finishes,hand_shower,Round three-function hand shower with hose with WaterMind™ technology in rose gold,,18000.0,INR,True,,RGD,rose gold,,,,,,,,,,,,,,,,not_specified,,,,,,,,,,,,,,,,,,,,,,,,,,,,,,,,,,,K-99035T-ZZ-RGD,,,,False,,,,False,,kohler-india-pricebook-2026-june,KOHLER India Price Book 2026 June Edition,2026,June Edition,129,catalogue,medium,False,,unique,,clean
K-97009IN-RGD,Rain Duet™,Rain Duet™,rain-duet-hand_shower,hand_shower,bathroom,vibrant_finishes,hand_shower,Square three-function hand shower without hose in rose gold,,15400.0,INR,True,,RGD,rose gold,,,,,,,,,,,,,,,,not_specified,,,,,,,,,,,,,,,,,,,,,,,,,,,,,,,,,,,K-99035T-ZZ-RGD; K-12067IN-RGD,,,,False,,,,False,,kohler-india-pricebook-2026-june,KOHLER India Price Book 2026 June Edition,2026,June Edition,129,catalogue,medium,False,,unique,,clean
K-28695IN-RGD,Statement™,Statement™,statement-hand_shower,hand_shower,bathroom,vibrant_finishes,hand_shower,Oblong three-function hand shower with hose with WaterMind™ technology in rose gold,,14750.0,INR,True,,RGD,rose gold,,,,,,,,,,,,,,,,not_specified,,,,,,,,,,,,,,,,,,,,,,,,,,,,,,,,,,,K-99035T-ZZ-RGD,,,,False,,,,False,,kohler-india-pricebook-2026-june,KOHLER India Price Book 2026 June Edition,2026,June Edition,129,catalogue,medium,False,,unique,,clean
K-39502IN-RGD,Rain Duet™,Rain Duet™,rain-duet-hand_shower,hand_shower,bathroom,vibrant_finishes,hand_shower,Round three-function hand shower with purge without hose in rose gold,,11200.0,INR,True,,RGD,rose gold,,,,,,,,,,,,,,,,not_specified,,,,,,,,,,,,,,,,,,,,,,,,,,,,,,,,,,,K-99035T-ZZ-RGD; K-12067IN-RGD,,,,False,,,,False,,kohler-india-pricebook-2026-june,KOHLER India Price Book 2026 June Edition,2026,June Edition,129,catalogue,medium,False,,unique,,clean
K-30318IN-RGD,Soundtile®,Soundtile®,,,bathroom,vibrant_finishes,,Soundtile® speakers - pair in rose gold,,58800.0,INR,True,,RGD,rose gold,,,,,,,,,,,,,,,,not_specified,,,,,,,,,,,,,,,,,,,,,,,,,,,,,,,,,,,K-30319IN-NA,,,,False,,,,False,,kohler-india-pricebook-2026-june,KOHLER India Price Book 2026 June Edition,2026,June Edition,129,catalogue,medium,False,,unique,,clean
K-26350IN-9-RGD,Anthem™,Anthem™,anthem-shower_trim,shower_trim,bathroom,vibrant_finishes,shower_trim,Recessed thermostatic mechanical 6 outlet trim in rose gold,,238400.0,INR,True,,RGD,rose gold,,,,,,,,,,,,,,,,not_specified,,,,,,,,,,,,,,,,,,,,,,,,,,,,,,,,,,,K-26344IN-NA,,,,False,,,,False,,kohler-india-pricebook-2026-june,KOHLER India Price Book 2026 June Edition,2026,June Edition,129,catalogue,medium,False,,unique,,clean
K-26349T-9-RGD/EX26349T-9-RGD,Anthem™,Anthem™,anthem-shower_trim,shower_trim,bathroom,vibrant_finishes,shower_trim,Recessed thermostatic mechanical 5 outlet trim in rose gold,,171400.0,INR,True,,RGD,rose gold,,,,,,,,,,,,,,,,not_specified,,,,,,,,,,,,,,,,,,,,,,,,,,,,,,,,,,,K-26343T-NA,,,,False,,,,False,,kohler-india-pricebook-2026-june,KOHLER India Price Book 2026 June Edition,2026,June Edition,130,catalogue,medium,False,,valid_composite_printed_code,,clean
K-26348IN-9-RGD,Anthem™,Anthem™,anthem-shower_trim,shower_trim,bathroom,vibrant_finishes,shower_trim,Recessed thermostatic mechanical 4 outlet trim in rose gold,,163300.0,INR,True,,RGD,rose gold,,,,,,,,,,,,,,,,not_specified,,,,,,,,,,,,,,,,,,,,,,,,,,,,,,,,,,,K-26342IN-NA,,,,False,,,,False,,kohler-india-pricebook-2026-june,KOHLER India Price Book 2026 June Edition,2026,June Edition,130,catalogue,medium,False,,unique,,clean
K-26347IN-9-RGD,Anthem™,Anthem™,anthem-shower_trim,shower_trim,bathroom,vibrant_finishes,shower_trim,Recessed thermostatic mechanical 3 outlet trim in rose gold,,88700.0,INR,True,,RGD,rose gold,,,,,,,,,,,,,,,,not_specified,,,,,,,,,,,,,,,,,,,,,,,,,,,,,,,,,,,K-26341IN-NA,,,,False,,,,False,,kohler-india-pricebook-2026-june,KOHLER India Price Book 2026 June Edition,2026,June Edition,130,catalogue,medium,False,,unique,,clean
K-25761IN-9-RGD,ModernLife Edge™,ModernLife Edge™,modernlife-edge-shower_trim,shower_trim,bathroom,vibrant_finishes,shower_trim,Thermostatic recessed bath & shower autosense 235+ trim in rose gold,,25100.0,INR,True,,RGD,rose gold,,,,,,,,,,,,,,,,not_specified,,,,,,,,,,,,,,,,,,,,,,,,,,,,,,,,,,,K-20740IN-A-NA,,,,False,,,,False,,kohler-india-pricebook-2026-june,KOHLER India Price Book 2026 June Edition,2026,June Edition,130,catalogue,medium,False,,repeated_same_sku,K-25761IN-9-RGD,clean
K-20742IN-9FP-RGD,Autosense 235+,Autosense 235+,autosense-235-shower_trim,shower_trim,bathroom,vibrant_finishes,shower_trim,Thermostatic recessed bath & shower autosense 235+ square trim in rose gold,,17800.0,INR,True,,RGD,rose gold,,,,,,,,,,,,,,,,not_specified,,,,,,,,,,,,,,,,,,,,,,,,,,,,,,,,,,,K-20740IN-A-NA,,,,False,,,,False,,kohler-india-pricebook-2026-june,KOHLER India Price Book 2026 June Edition,2026,June Edition,130,catalogue,medium,False,,unique,,clean
K-24431IN-9FP-RGD,Autosense 235+,Autosense 235+,autosense-235-shower_trim,shower_trim,bathroom,vibrant_finishes,shower_trim,Thermostatic recessed bath & shower autosense 235+ universal trim in rose gold,,16950.0,INR,True,,RGD,rose gold,,,,,,,,,,,,,,,,not_specified,,,,,,,,,,,,,,,,,,,,,,,,,,,,,,,,,,,K-20740IN-A-NA,,,,False,,,,False,,kohler-india-pricebook-2026-june,KOHLER India Price Book 2026 June Edition,2026,June Edition,130,catalogue,medium,False,,unique,,clean
K-26324IN-RGD,Statement™,Statement™,statement-rainhead,rainhead,bathroom,vibrant_finishes,rainhead,482mm dual function wallmount rainhead arm in rose gold,,28600.0,INR,True,,RGD,rose gold,,,,,,,,,,,,,,,,not_specified,,,,,,,,,,,,,,,,,,,,,,,,,,,,,,,,,,,,,,,False,,,,False,,kohler-india-pricebook-2026-june,KOHLER India Price Book 2026 June Edition,2026,June Edition,130,catalogue,medium,False,,unique,,clean
K-26326T-RGD,Statement™,Statement™,statement-rainhead,rainhead,bathroom,vibrant_finishes,rainhead,254mm multi-function ceiling-mount rainhead arm in rose gold,,28100.0,INR,True,,RGD,rose gold,,,,,,,,,,,,,,,,not_specified,,,,,,,,,,,,,,,,,,,,,,,,,,,,,,,,,,,,,,,False,,,,False,,kohler-india-pricebook-2026-june,KOHLER India Price Book 2026 June Edition,2026,June Edition,130,catalogue,medium,False,,unique,,clean
K-16346IN-RGD,Master Shower,Master Shower,master-shower-shower_arm,shower_arm,bathroom,vibrant_finishes,shower_arm,Wall mount shower arm in rose gold,,6250.0,INR,True,,RGD,rose gold,,,,,,,,,,,,,,,,not_specified,,,,,,,,,,,,,,,,,,,,,,,,,,,,,,,,,,,,,,,False,,,,False,,kohler-india-pricebook-2026-june,KOHLER India Price Book 2026 June Edition,2026,June Edition,130,catalogue,medium,False,,unique,,clean
K-16347IN-RGD,Master Shower,Master Shower,master-shower-shower_arm,shower_arm,bathroom,vibrant_finishes,shower_arm,Ceiling mount shower arm in rose gold,,6250.0,INR,True,,RGD,rose gold,,,,,,,,,,,,,,,,not_specified,,,,,,,,,,,,,,,,,,,,,,,,,,,,,,,,,,,,,,,False,,,,False,,kohler-india-pricebook-2026-june,KOHLER India Price Book 2026 June Edition,2026,June Edition,130,catalogue,medium,False,,unique,,clean
K-26318IN-RGD,Statement™,Statement™,statement-showerhead,showerhead,bathroom,vibrant_finishes,showerhead,Wall mount showerhead arm in rose gold,,4700.0,INR,True,,RGD,rose gold,,,,,,,,,,,,,,,,not_specified,,,,,,,,,,,,,,,,,,,,,,,,,,,,,,,,,,,,,,,False,,,,False,,kohler-india-pricebook-2026-june,KOHLER India Price Book 2026 June Edition,2026,June Edition,131,catalogue,high,False,,unique,,clean
K-8524T-RGD,Complementary™,Complementary™,,,bathroom,vibrant_finishes,,"Shower slidebar, 762mm in rose gold",,25700.0,INR,True,,RGD,rose gold,,,,,,,,,,,,,,,,not_specified,,,,,,,,,,,,,,,,,,,,,,,,,,,,,,,,,,,,,,,False,,,,False,,kohler-india-pricebook-2026-june,KOHLER India Price Book 2026 June Edition,2026,June Edition,131,catalogue,high,False,,unique,,clean
K-16381IN-RGD,Complementary™,Complementary™,,,bathroom,vibrant_finishes,,Wall supply elbow in rose gold,,6250.0,INR,True,,RGD,rose gold,,,,,,,,,,,,,,,,not_specified,,,,,,,,,,,,,,,,,,,,,,,,,,,,,,,,,,,,,,,False,,,,False,,kohler-india-pricebook-2026-june,KOHLER India Price Book 2026 June Edition,2026,June Edition,131,catalogue,high,False,,unique,,clean
K-12067IN-RGD,Complementary™,Complementary™,complementary-hand_shower,hand_shower,bathroom,vibrant_finishes,hand_shower,Hand shower hose in rose gold,,3030.0,INR,True,,RGD,rose gold,,,,,,,,,,,,,,,,not_specified,,,,,,,,,,,,,,,,,,,,,,,,,,,,,,,,,,,,,,,False,,,,False,,kohler-india-pricebook-2026-june,KOHLER India Price Book 2026 June Edition,2026,June Edition,131,catalogue,high,False,,unique,,clean
K-99035T-ZZ-RGD,Refinia™,Refinia™,refinia-hand_shower,hand_shower,bathroom,vibrant_finishes,hand_shower,Hand shower bracket in rose gold,,1570.0,INR,True,,RGD,rose gold,,,,,,,,,,,,,,,,not_specified,,,,,,,,,,,,,,,,,,,,,,,,,,,,,,,,,,,,,,,False,,,,False,,kohler-india-pricebook-2026-june,KOHLER India Price Book 2026 June Edition,2026,June Edition,131,catalogue,high,False,,unique,,clean
K-16086IN-4-RGD,July™,July™,july-angle_valve,angle_valve,bathroom,vibrant_finishes,angle_valve,Angle valve 13mm (2 pcs per box) in rose gold,,6850.0,INR,True,,RGD,rose gold,,,,,,,,,,,,,,,,not_specified,,,,,,,,,,,,,,,,,,,,,,,,,,,,,,,,,,,,,,,False,,,,False,,kohler-india-pricebook-2026-june,KOHLER India Price Book 2026 June Edition,2026,June Edition,131,catalogue,high,False,,unique,,clean
K-16094IN-4-RGD,July™,July™,july-bib_tap,bib_tap,bathroom,vibrant_finishes,bib_tap,2-way bib tap in rose gold,,8240.0,INR,True,,RGD,rose gold,,,,,,,,,,,,,,,,not_specified,,,,,,,,,,,,,,,,,,,,,,,,,,,,,,,,,,,,,,,False,,,,False,,kohler-india-pricebook-2026-june,KOHLER India Price Book 2026 June Edition,2026,June Edition,131,catalogue,high,False,,unique,,clean
K-16087IN-4-RGD,July™,July™,july-stop_valve,stop_valve,bathroom,vibrant_finishes,stop_valve,In-line stop valve trim in rose gold,,2160.0,INR,True,,RGD,rose gold,,,,,,,,,,,,,,,,not_specified,,,,,,,,,,,,,,,,,,,,,,,,,,,,,,,,,,,,,,,False,,,,False,,kohler-india-pricebook-2026-june,KOHLER India Price Book 2026 June Edition,2026,June Edition,131,catalogue,high,False,,unique,,clean
K-7120IN-RGD,Complementary™,Complementary™,complementary-drain,drain,bathroom,vibrant_finishes,drain,"Click drain, big cap in rose gold",,5800.0,INR,True,,RGD,rose gold,,,,,,,,,,,,,,,,not_specified,,,,,,,,,,,,,,,,,,,,,,,,,,,,,,,,,,,,,,,False,,,,False,,kohler-india-pricebook-2026-june,KOHLER India Price Book 2026 June Edition,2026,June Edition,132,catalogue,high,False,,unique,,clean
K-45432IN-RGD,Complementary™,Complementary™,complementary-drain,drain,bathroom,vibrant_finishes,drain,Grid drain with overflow hole in rose gold,,1440.0,INR,True,,RGD,rose gold,,,,,,,,,,,,,,,,not_specified,,,,,,,,,,,,,,,,,,,,,,,,,,,,,,,,,,,,,,,False,,,,False,,kohler-india-pricebook-2026-june,KOHLER India Price Book 2026 June Edition,2026,June Edition,132,catalogue,high,False,,unique,,clean
K-20746IN-RGD,Complementary™,Complementary™,complementary-drain,drain,bathroom,vibrant_finishes,drain,Grid drain in rose gold,,1130.0,INR,True,,RGD,rose gold,,,,,,,,,,,,,,,,not_specified,,,,,,,,,,,,,,,,,,,,,,,,,,,,,,,,,,,,,,,False,,,,False,,kohler-india-pricebook-2026-june,KOHLER India Price Book 2026 June Edition,2026,June Edition,132,catalogue,high,False,,unique,,clean
K-75823IN-RGD,Complementary™,Complementary™,complementary-bottle_trap,bottle_trap,bathroom,vibrant_finishes,bottle_trap,350mm bottle trap in rose gold,,4530.0,INR,True,,RGD,rose gold,,,,,,,,,,,,,,,,not_specified,,,,,,,,,,,,,,,,,,,,,,,,,,,,,,,,,,,,,,,False,,,,False,,kohler-india-pricebook-2026-june,KOHLER India Price Book 2026 June Edition,2026,June Edition,132,catalogue,high,False,,unique,,clean
K-7314IN-RGD,Complementary™,Complementary™,complementary-bottle_trap,bottle_trap,bathroom,vibrant_finishes,bottle_trap,300mm bottle trap without drain in rose gold,,4220.0,INR,True,,RGD,rose gold,,,,,,,,,,,,,,,,not_specified,,,,,,,,,,,,,,,,,,,,,,,,,,,,,,,,,,,,,,,False,,,,False,,kohler-india-pricebook-2026-june,KOHLER India Price Book 2026 June Edition,2026,June Edition,132,catalogue,high,False,,unique,,clean
K-7275IN-ZZ-RGD,Complementary™,Complementary™,complementary-drain,drain,bathroom,vibrant_finishes,drain,Floor drain with 27 lpm discharge rate in rose gold,,3100.0,INR,True,,RGD,rose gold,,,,,,,,,,,,,,,,not_specified,,,,,,,,,,,,,,,,,,,,,,,,,,,,,,,,,,,,,,,False,,,,False,,kohler-india-pricebook-2026-june,KOHLER India Price Book 2026 June Edition,2026,June Edition,132,catalogue,high,False,,unique,,clean
K-97258IN-ZZ-RGD,Elate®,Elate®,,,bathroom,vibrant_finishes,,Health faucet with hose and bracket in rose gold,,6150.0,INR,True,,RGD,rose gold,,,,,,,,,,,,,,,,not_specified,,,,,,,,,,,,,,,,,,,,,,,,,,,,,,,,,,,,,,,False,,,,False,,kohler-india-pricebook-2026-june,KOHLER India Price Book 2026 June Edition,2026,June Edition,132,catalogue,high,False,,unique,,clean
K-25348IN-RGD,,,,bath_accessory,bathroom,vibrant_finishes,bath_accessory,ACCESSORIES Accent 610mm single towel bar in rose gold,,5500.0,INR,True,,RGD,rose gold,,,,,,,,,,,,,,,,not_specified,,,,,,,,,,,,,,,,,,,,,,,,,,,,,,,,,,,,,,,False,,,,False,,kohler-india-pricebook-2026-june,KOHLER India Price Book 2026 June Edition,2026,June Edition,133,catalogue,high,False,,unique,,clean
K-25430IN-RGD,,,,,bathroom,vibrant_finishes,,Toilet brush holder in rose gold,,4900.0,INR,True,,RGD,rose gold,,,,,,,,,,,,,,,,not_specified,,,,,,,,,,,,,,,,,,,,,,,,,,,,,,,,,,,,,,,False,,,,False,,kohler-india-pricebook-2026-june,KOHLER India Price Book 2026 June Edition,2026,June Edition,133,catalogue,high,False,,unique,,clean
K-25347IN-RGD,,,,bath_accessory,bathroom,vibrant_finishes,bath_accessory,Towel ring in rose gold,,4350.0,INR,True,,RGD,rose gold,,,,,,,,,,,,,,,,not_specified,,,,,,,,,,,,,,,,,,,,,,,,,,,,,,,,,,,,,,,False,,,,False,,kohler-india-pricebook-2026-june,KOHLER India Price Book 2026 June Edition,2026,June Edition,133,catalogue,high,False,,unique,,clean
K-25428IN-RGD,,,,,bathroom,vibrant_finishes,,Tumbler holder in rose gold,,3200.0,INR,True,,RGD,rose gold,,,,,,,,,,,,,,,,not_specified,,,,,,,,,,,,,,,,,,,,,,,,,,,,,,,,,,,,,,,False,,,,False,,kohler-india-pricebook-2026-june,KOHLER India Price Book 2026 June Edition,2026,June Edition,133,catalogue,high,False,,unique,,clean
K-25346IN-RGD,,,,,bathroom,vibrant_finishes,,Toilet tissue holder in rose gold,,3000.0,INR,True,,RGD,rose gold,,,,,,,,,,,,,,,,not_specified,,,,,,,,,,,,,,,,,,,,,,,,,,,,,,,,,,,,,,,False,,,,False,,kohler-india-pricebook-2026-june,KOHLER India Price Book 2026 June Edition,2026,June Edition,133,catalogue,high,False,,unique,,clean
K-25429IN-RGD,,,,,bathroom,vibrant_finishes,,Soap dish in rose gold,,3000.0,INR,True,,RGD,rose gold,,,,,,,,,,,,,,,,not_specified,,,,,,,,,,,,,,,,,,,,,,,,,,,,,,,,,,,,,,,False,,,,False,,kohler-india-pricebook-2026-june,KOHLER India Price Book 2026 June Edition,2026,June Edition,133,catalogue,high,False,,unique,,clean
K-25349IN-RGD,,,,bath_accessory,bathroom,vibrant_finishes,bath_accessory,Single robe hook in rose gold,,1600.0,INR,True,,RGD,rose gold,,,,,,,,,,,,,,,,not_specified,,,,,,,,,,,,,,,,,,,,,,,,,,,,,,,,,,,,,,,False,,,,False,,kohler-india-pricebook-2026-june,KOHLER India Price Book 2026 June Edition,2026,June Edition,133,catalogue,high,False,,unique,,clean
K-97347-4-BL,FAUCETS IN MATTE BLACK,FAUCETS IN MATTE BLACK,faucets-in-matte-black-basin_faucet,basin_faucet,bathroom,vibrant_finishes,basin_faucet,Avid™ Single-control tall basin faucet with drain in matte black,,79400.0,INR,True,,BL,matte black,,,,,,,,,,,,,,,,not_specified,,,,,,,,,,,,,,,,,,,,,,,,,,,,,,,,,,,,,,,False,,,,False,,kohler-india-pricebook-2026-june,KOHLER India Price Book 2026 June Edition,2026,June Edition,134,catalogue,medium,False,,unique,,clean
K-73159T-B7-BL,FAUCETS IN MATTE BLACK,FAUCETS IN MATTE BLACK,faucets-in-matte-black-basin_faucet,basin_faucet,bathroom,vibrant_finishes,basin_faucet,Composed™ Single-control tall basin faucet with drain in matte black,,63500.0,INR,True,,BL,matte black,,,,,,,,,,,,,,,,not_specified,,,,,,,,,,,,,,,,,,,,,,,,,,,,,,,,,,,,,,,False,,,,False,,kohler-india-pricebook-2026-june,KOHLER India Price Book 2026 June Edition,2026,June Edition,134,catalogue,medium,False,,unique,,clean
K-73050T-B7-BL,FAUCETS IN MATTE BLACK,FAUCETS IN MATTE BLACK,faucets-in-matte-black-basin_faucet,basin_faucet,bathroom,vibrant_finishes,basin_faucet,Single-control basin faucet with drain in matte black,,57800.0,INR,True,,BL,matte black,,,,,,,,,,,,,,,,not_specified,,,,,,,,,,,,,,,,,,,,,,,,,,,,,,,,,,,,,,,False,,,,False,,kohler-india-pricebook-2026-june,KOHLER India Price Book 2026 June Edition,2026,June Edition,134,catalogue,medium,False,,unique,,clean
EX28094IN-8-BL,FAUCETS IN MATTE BLACK,FAUCETS IN MATTE BLACK,faucets-in-matte-black-basin_faucet,basin_faucet,bathroom,vibrant_finishes,basin_faucet,Components® Single-control tall basin faucet with drain in matte black,,49400.0,INR,True,,BL,matte black,,,,,,,,,,,,,,,,not_specified,,,,,,,,,,,,,,,,,,,,,,,,,,,,,,,,,,,,,,,False,,,,False,,kohler-india-pricebook-2026-june,KOHLER India Price Book 2026 June Edition,2026,June Edition,134,catalogue,medium,False,,unique,,clean
EX28093IN-8-BL,FAUCETS IN MATTE BLACK,FAUCETS IN MATTE BLACK,faucets-in-matte-black-basin_faucet,basin_faucet,bathroom,vibrant_finishes,basin_faucet,Single-control basin faucet with drain in matte black,,39500.0,INR,True,,BL,matte black,,,,,,,,,,,,,,,,not_specified,,,,,,,,,,,,,,,,,,,,,,,,,,,,,,,,,,,,,,,False,,,,False,,kohler-india-pricebook-2026-june,KOHLER India Price Book 2026 June Edition,2026,June Edition,134,catalogue,medium,False,,unique,,clean
K-29310IN-4ND-BL,FAUCETS IN MATTE BLACK,FAUCETS IN MATTE BLACK,faucets-in-matte-black-wall_mount_basin,wall_mount_basin,bathroom,vibrant_finishes,wall_mount_basin,Single-control wall mount basin faucet trim + valve in matte black,,49400.0,INR,True,,BL,matte black,,,,,,,,,,,,,,,,not_specified,,,,,,,,,,,,,,,,,,,,,,,,,,,,,,,,,,,,,,,False,,,,False,,kohler-india-pricebook-2026-june,KOHLER India Price Book 2026 June Edition,2026,June Edition,134,catalogue,medium,False,,unique,,clean
K-25758IN-4ND-BL,FAUCETS IN MATTE BLACK,FAUCETS IN MATTE BLACK,faucets-in-matte-black-basin_faucet,basin_faucet,bathroom,vibrant_finishes,basin_faucet,ModernLife Edge™ Single-control tall basin faucet without drain in matte black,,46300.0,INR,True,,BL,matte black,,,,,,,,,,,,,,,,not_specified,,,,,,,,,,,,,,,,,,,,,,,,,,,,,,,,,,,,,,,False,,,,False,,kohler-india-pricebook-2026-june,KOHLER India Price Book 2026 June Edition,2026,June Edition,134,catalogue,medium,False,,unique,,clean
K-25757IN-4ND-BL,FAUCETS IN MATTE BLACK,FAUCETS IN MATTE BLACK,faucets-in-matte-black-basin_faucet,basin_faucet,bathroom,vibrant_finishes,basin_faucet,Single-control basin faucet without drain in matte black,,37000.0,INR,True,,BL,matte black,,,,,,,,,,,,,,,,not_specified,,,,,,,,,,,,,,,,,,,,,,,,,,,,,,,,,,,,,,,False,,,,False,,kohler-india-pricebook-2026-june,KOHLER India Price Book 2026 June Edition,2026,June Edition,134,catalogue,medium,False,,unique,,clean
K-25759IN-4ND-BL,FAUCETS IN MATTE BLACK,FAUCETS IN MATTE BLACK,faucets-in-matte-black-wall_mount_basin,wall_mount_basin,bathroom,vibrant_finishes,wall_mount_basin,Single-control wall mount basin faucet trim in matte black,,39200.0,INR,True,,BL,matte black,,,,,,,,,,,,,,,,not_specified,,,,,,,,,,,,,,,,,,,,,,,,,,,,,,,,,,,K-5679IN-NA,,,,False,,,,False,,kohler-india-pricebook-2026-june,KOHLER India Price Book 2026 June Edition,2026,June Edition,134,catalogue,medium,False,,unique,,clean
K-25761IN-9-BL,FAUCETS IN MATTE BLACK,FAUCETS IN MATTE BLACK,faucets-in-matte-black-shower_trim,shower_trim,bathroom,vibrant_finishes,shower_trim,Thermostatic recessed bath and shower Autosense 235+ trim in matte black,,25100.0,INR,True,,BL,matte black,,,,,,,,,,,,,,,,not_specified,,,,,,,,,,,,,,,,,,,,,,,,,,,,,,,,,,,K-20740IN-A-NA,,,,False,,,,False,,kohler-india-pricebook-2026-june,KOHLER India Price Book 2026 June Edition,2026,June Edition,134,catalogue,medium,False,,repeated_same_sku,K-25761IN-9-BL,clean
K-25764IN-BL,,,,bath_spout,bathroom,vibrant_finishes,bath_spout,Bath spout with diverter in matte black,,15400.0,INR,True,,BL,matte black,,,,,,,,,,,,,,,,not_specified,,,,,,,,,,,,,,,,,,,,,,,,,,,,,,,,,,,,,,,False,,,,False,,kohler-india-pricebook-2026-june,KOHLER India Price Book 2026 June Edition,2026,June Edition,135,catalogue,medium,False,,unique,,clean
K-25765IN-BL,,,,bath_spout,bathroom,vibrant_finishes,bath_spout,Bath spout without diverter in matte black,,13200.0,INR,True,,BL,matte black,,,,,,,,,,,,,,,,not_specified,,,,,,,,,,,,,,,,,,,,,,,,,,,,,,,,,,,,,,,False,,,,False,,kohler-india-pricebook-2026-june,KOHLER India Price Book 2026 June Edition,2026,June Edition,135,catalogue,medium,False,,unique,,clean
K-23475IN-4ND-BL,,,,basin_faucet,bathroom,vibrant_finishes,basin_faucet,Parallel Single-control tall basin faucet without drain in matte black,,30600.0,INR,True,,BL,matte black,,,,,,,,,,,,,,,,not_specified,,,,,,,,,,,,,,,,,,,,,,,,,,,,,,,,,,,,,,,False,,,,False,,kohler-india-pricebook-2026-june,KOHLER India Price Book 2026 June Edition,2026,June Edition,135,catalogue,medium,False,,unique,,clean
K-23472IN-4ND-BL,,,,basin_faucet,bathroom,vibrant_finishes,basin_faucet,Single-control basin faucet without drain in matte black,,24450.0,INR,True,,BL,matte black,,,,,,,,,,,,,,,,not_specified,,,,,,,,,,,,,,,,,,,,,,,,,,,,,,,,,,,,,,,False,,,,False,,kohler-india-pricebook-2026-june,KOHLER India Price Book 2026 June Edition,2026,June Edition,135,catalogue,medium,False,,unique,,clean
K-23486IN-4ND-BL,,,,wall_mount_basin,bathroom,vibrant_finishes,wall_mount_basin,Single-control wall mount basin faucet trim in matte black,,23550.0,INR,True,,BL,matte black,,,,,,,,,,,,,,,,not_specified,,,,,,,,,,,,,,,,,,,,,,,,,,,,,,,,,,,K-5679IN-NA,,,,False,,,,False,,kohler-india-pricebook-2026-june,KOHLER India Price Book 2026 June Edition,2026,June Edition,135,catalogue,medium,False,,unique,,clean
K-23511IN-BL,,,,bath_spout,bathroom,vibrant_finishes,bath_spout,Bath spout with diverter in matte black,,12250.0,INR,True,,BL,matte black,,,,,,,,,,,,,,,,not_specified,,,,,,,,,,,,,,,,,,,,,,,,,,,,,,,,,,,,,,,False,,,,False,,kohler-india-pricebook-2026-june,KOHLER India Price Book 2026 June Edition,2026,June Edition,135,catalogue,medium,False,,unique,,clean
K-23512IN-BL,,,,bath_spout,bathroom,vibrant_finishes,bath_spout,Bath spout without diverter in matte black,,10700.0,INR,True,,BL,matte black,,,,,,,,,,,,,,,,not_specified,,,,,,,,,,,,,,,,,,,,,,,,,,,,,,,,,,,,,,,False,,,,False,,kohler-india-pricebook-2026-june,KOHLER India Price Book 2026 June Edition,2026,June Edition,135,catalogue,medium,False,,unique,,clean
K-72337IN-4ND-BL,,,,basin_faucet,bathroom,vibrant_finishes,basin_faucet,Aleo+™ Single-control tall basin faucet without drain in matte black,,26400.0,INR,True,,BL,matte black,,,,,,,,,,,,,,,,not_specified,,,,,,,,,,,,,,,,,,,,,,,,,,,,,,,,,,,,,,,False,,,,False,,kohler-india-pricebook-2026-june,KOHLER India Price Book 2026 June Edition,2026,June Edition,135,catalogue,medium,False,,unique,,clean
K-72312IN-4ND-BL,,,,basin_faucet,bathroom,vibrant_finishes,basin_faucet,Single-control basin faucet without drain in matte black,,21100.0,INR,True,,BL,matte black,,,,,,,,,,,,,,,,not_specified,,,,,,,,,,,,,,,,,,,,,,,,,,,,,,,,,,,,,,,False,,,,False,,kohler-india-pricebook-2026-june,KOHLER India Price Book 2026 June Edition,2026,June Edition,135,catalogue,medium,False,,unique,,clean
K-5684IN-4ND-BL,,,,wall_mount_basin,bathroom,vibrant_finishes,wall_mount_basin,Single-control wall mount basin faucet trim in matte black,,19700.0,INR,True,,BL,matte black,,,,,,,,,,,,,,,,not_specified,,,,,,,,,,,,,,,,,,,,,,,,,,,,,,,,,,,K-5679IN-NA,,,,False,,,,False,,kohler-india-pricebook-2026-june,KOHLER India Price Book 2026 June Edition,2026,June Edition,135,catalogue,medium,False,,unique,,clean
K-77311IN-4FP-BL,,,,,bathroom,vibrant_finishes,,trim in matte black,,22150.0,INR,True,,BL,matte black,,,,,,,,,,,,,,,,not_specified,,,,,,,,,,,,,,,,,,,,,,,,,,,,,,,,,,,K-99924IN-BL,,,,False,,,,False,,kohler-india-pricebook-2026-june,KOHLER India Price Book 2026 June Edition,2026,June Edition,135,catalogue,medium,False,,unique,,clean
K-20077IN-BL,,,,bath_spout,bathroom,vibrant_finishes,bath_spout,Aleo™ Bath spout with diverter in matte black,,9550.0,INR,True,,BL,matte black,,,,,,,,,,,,,,,,not_specified,,,,,,,,,,,,,,,,,,,,,,,,,,,,,,,,,,,,,,,False,,,,False,,kohler-india-pricebook-2026-june,KOHLER India Price Book 2026 June Edition,2026,June Edition,136,catalogue,high,False,,unique,,clean
K-99061IN-BL,,,,bath_spout,bathroom,vibrant_finishes,bath_spout,Bath spout without diverter in matte black,,7400.0,INR,True,,BL,matte black,,,,,,,,,,,,,,,,not_specified,,,,,,,,,,,,,,,,,,,,,,,,,,,,,,,,,,,,,,,False,,,,False,,kohler-india-pricebook-2026-june,KOHLER India Price Book 2026 June Edition,2026,June Edition,136,catalogue,high,False,,unique,,clean
K-38894IN-4ND-BL,,,,basin_faucet,bathroom,vibrant_finishes,basin_faucet,Fluence+™ Single-control tall basin faucet without drain in matte black,,22500.0,INR,True,,BL,matte black,,,,,,,,,,,,,,,,not_specified,,,,,,,,,,,,,,,,,,,,,,,,,,,,,,,,,,,,,,,False,,,,False,,kohler-india-pricebook-2026-june,KOHLER India Price Book 2026 June Edition,2026,June Edition,136,catalogue,high,False,,unique,,clean
K-38893IN-4ND-BL,,,,basin_faucet,bathroom,vibrant_finishes,basin_faucet,Single-control basin faucet without drain in matte black,,18000.0,INR,True,,BL,matte black,,,,,,,,,,,,,,,,not_specified,,,,,,,,,,,,,,,,,,,,,,,,,,,,,,,,,,,,,,,False,,,,False,,kohler-india-pricebook-2026-june,KOHLER India Price Book 2026 June Edition,2026,June Edition,136,catalogue,high,False,,unique,,clean
K-38895IN-4ND-BL,,,,basin_faucet,bathroom,vibrant_finishes,basin_faucet,Single-control wall mount monoblock basin faucet trim + valve in matte black,,22500.0,INR,True,,BL,matte black,,,,,,,,,,,,,,,,not_specified,,,,,,,,,,,,,,,,,,,,,,,,,,,,,,,,,,,,,,,False,,,,False,,kohler-india-pricebook-2026-june,KOHLER India Price Book 2026 June Edition,2026,June Edition,136,catalogue,high,False,,unique,,clean
K-38897IN-4FP-BL,,,,shower_trim,bathroom,vibrant_finishes,shower_trim,AT360 trim in matte black,,19400.0,INR,True,,BL,matte black,,,,,,,,,,,,,,,,not_specified,,,,,,,,,,,,,,,,,,,,,,,,,,,,,,,,,,,K-99924IN-BL,,,,False,,,,False,,kohler-india-pricebook-2026-june,KOHLER India Price Book 2026 June Edition,2026,June Edition,136,catalogue,high,False,,unique,,clean
K-38887IN-4ND-BL,,,,basin_faucet,bathroom,vibrant_finishes,basin_faucet,Fluence™ Single-control tall basin faucet without drain in matte black,,20600.0,INR,True,,BL,matte black,,,,,,,,,,,,,,,,not_specified,,,,,,,,,,,,,,,,,,,,,,,,,,,,,,,,,,,,,,,False,,,,False,,kohler-india-pricebook-2026-june,KOHLER India Price Book 2026 June Edition,2026,June Edition,136,catalogue,high,False,,unique,,clean
K-38886IN-4ND-BL,,,,basin_faucet,bathroom,vibrant_finishes,basin_faucet,Single-control basin faucet without drain in matte black,,16500.0,INR,True,,BL,matte black,,,,,,,,,,,,,,,,not_specified,,,,,,,,,,,,,,,,,,,,,,,,,,,,,,,,,,,,,,,False,,,,False,,kohler-india-pricebook-2026-june,KOHLER India Price Book 2026 June Edition,2026,June Edition,136,catalogue,high,False,,unique,,clean
K-38888IN-4ND-BL,,,,basin_faucet,bathroom,vibrant_finishes,basin_faucet,Single-control wall mount monoblock basin faucet trim + valve in matte black,,20600.0,INR,True,,BL,matte black,,,,,,,,,,,,,,,,not_specified,,,,,,,,,,,,,,,,,,,,,,,,,,,,,,,,,,,,,,,False,,,,False,,kohler-india-pricebook-2026-june,KOHLER India Price Book 2026 June Edition,2026,June Edition,136,catalogue,high,False,,unique,,clean
K-38890IN-4FP-BL,,,,shower_trim,bathroom,vibrant_finishes,shower_trim,AT360 trim in matte black,,17800.0,INR,True,,BL,matte black,,,,,,,,,,,,,,,,not_specified,,,,,,,,,,,,,,,,,,,,,,,,,,,,,,,,,,,K-99924IN-BL,,,,False,,,,False,,kohler-india-pricebook-2026-june,KOHLER India Price Book 2026 June Edition,2026,June Edition,136,catalogue,high,False,,unique,,clean
K-38891IN-BL,,,,bath_spout,bathroom,vibrant_finishes,bath_spout,Bath spout with diverter in matte black,,7000.0,INR,True,,BL,matte black,,,,,,,,,,,,,,,,not_specified,,,,,,,,,,,,,,,,,,,,,,,,,,,,,,,,,,,,,,,False,,,,False,,kohler-india-pricebook-2026-june,KOHLER India Price Book 2026 June Edition,2026,June Edition,136,catalogue,high,False,,unique,,clean
K-38892IN-BL,,,,bath_spout,bathroom,vibrant_finishes,bath_spout,Bath spout without diverter in matte black,,5420.0,INR,True,,BL,matte black,,,,,,,,,,,,,,,,not_specified,,,,,,,,,,,,,,,,,,,,,,,,,,,,,,,,,,,,,,,False,,,,False,,kohler-india-pricebook-2026-june,KOHLER India Price Book 2026 June Edition,2026,June Edition,136,catalogue,high,False,,unique,,clean
K-23967IN-4ND-BL,,,,basin_faucet,bathroom,vibrant_finishes,basin_faucet,Vive Single-control tall basin faucet without drain in matte black,,19100.0,INR,True,,BL,matte black,,,,,,,,,,,,,,,,not_specified,,,,,,,,,,,,,,,,,,,,,,,,,,,,,,,,,,,,,,,False,,,,False,,kohler-india-pricebook-2026-june,KOHLER India Price Book 2026 June Edition,2026,June Edition,137,catalogue,high,False,,unique,,clean
K-23966IN-4ND-BL,,,,basin_faucet,bathroom,vibrant_finishes,basin_faucet,Single-control basin faucet without drain in matte black,,15300.0,INR,True,,BL,matte black,,,,,,,,,,,,,,,,not_specified,,,,,,,,,,,,,,,,,,,,,,,,,,,,,,,,,,,,,,,False,,,,False,,kohler-india-pricebook-2026-june,KOHLER India Price Book 2026 June Edition,2026,June Edition,137,catalogue,high,False,,unique,,clean
K-23975IN-4ND-BL,,,,basin_faucet,bathroom,vibrant_finishes,basin_faucet,Single-control wall mount monoblock basin faucet trim + valve in matte black,,19150.0,INR,True,,BL,matte black,,,,,,,,,,,,,,,,not_specified,,,,,,,,,,,,,,,,,,,,,,,,,,,,,,,,,,,,,,,False,,,,False,,kohler-india-pricebook-2026-june,KOHLER India Price Book 2026 June Edition,2026,June Edition,137,catalogue,high,False,,unique,,clean
K-23974IN-AA-BL,,,,bath_spout,bathroom,vibrant_finishes,bath_spout,Bath spout with diverter in matte black,,8750.0,INR,True,,BL,matte black,,,,,,,,,,,,,,,,not_specified,,,,,,,,,,,,,,,,,,,,,,,,,,,,,,,,,,,,,,,False,,,,False,,kohler-india-pricebook-2026-june,KOHLER India Price Book 2026 June Edition,2026,June Edition,137,catalogue,high,False,,unique,,clean
K-23973IN-AA-BL,,,,bath_spout,bathroom,vibrant_finishes,bath_spout,Bath spout without diverter in matte black,,7400.0,INR,True,,BL,matte black,,,,,,,,,,,,,,,,not_specified,,,,,,,,,,,,,,,,,,,,,,,,,,,,,,,,,,,,,,,False,,,,False,,kohler-india-pricebook-2026-june,KOHLER India Price Book 2026 June Edition,2026,June Edition,137,catalogue,high,False,,unique,,clean
K-97168IN-BL,Loure®,Loure®,,,bathroom,vibrant_finishes,,Rectangle 600mm x 800mm multifunction (4F) rainpanel in matte black,,727700.0,INR,True,,BL,matte black,,,,,,,,,,,,,,,,not_specified,,,,,,,,,,,,,,,,,,,,,,,,,,,,,,,,,,,,,,,False,,,,False,,kohler-india-pricebook-2026-june,KOHLER India Price Book 2026 June Edition,2026,June Edition,137,catalogue,high,False,,unique,,clean
K-97167IN-BL,Loure®,Loure®,,,bathroom,vibrant_finishes,,Square 500mm x 500mm multifunction (2F) rainpanel in matte black,,407900.0,INR,True,,BL,matte black,,,,,,,,,,,,,,,,not_specified,,,,,,,,,,,,,,,,,,,,,,,,,,,,,,,,,,,,,,,False,,,,False,,kohler-india-pricebook-2026-june,KOHLER India Price Book 2026 June Edition,2026,June Edition,137,catalogue,high,False,,unique,,clean
K-29959IN-BL,ModernLife Edge™,ModernLife Edge™,,,bathroom,vibrant_finishes,,Hexagonal 425mm x 330mm dual flow rainpanel in matte black,,194800.0,INR,True,,BL,matte black,,,,,,,,,,,,,,,,not_specified,,,,,,,,,,,,,,,,,,,,,,,,,,,,,,,,,,,,,,,False,,,,False,,kohler-india-pricebook-2026-june,KOHLER India Price Book 2026 June Edition,2026,June Edition,137,catalogue,high,False,,unique,,clean
K-9301IN-CL-BL,ModernLife Edge™,ModernLife Edge™,modernlife-edge-rainhead,rainhead,bathroom,vibrant_finishes,rainhead,Square 381mm single function rainhead in matte black,,133400.0,INR,True,,BL,matte black,,,,,,,,,,,,,,,,not_specified,,,,,,,,,,,,,,,,,,,,,,,,,,,,,,,,,,,K-22447IN-BL,,,,False,,,,False,,kohler-india-pricebook-2026-june,KOHLER India Price Book 2026 June Edition,2026,June Edition,137,catalogue,high,False,,unique,,clean
K-26297IN-BL,Statement™,Statement™,statement-rainhead,rainhead,bathroom,vibrant_finishes,rainhead,Oblong 453mm two-function rainhead in matte black,,106200.0,INR,True,,BL,matte black,,,,,,,,,,,,,,,,not_specified,,,,,,,,,,,,,,,,,,,,,,,,,,,,,,,,,,,K-26324IN-BL/K-26326T-BL,,,,False,,,,False,,kohler-india-pricebook-2026-june,KOHLER India Price Book 2026 June Edition,2026,June Edition,137,catalogue,high,False,,unique,,clean
K-9302IN-CL-BL,ModernLife Edge™,ModernLife Edge™,modernlife-edge-rainhead,rainhead,bathroom,vibrant_finishes,rainhead,Square 330mm single function rainhead in matte black,,91400.0,INR,True,,BL,matte black,,,,,,,,,,,,,,,,not_specified,,,,,,,,,,,,,,,,,,,,,,,,,,,,,,,,,,,K-22447IN-BL,,,,False,,,,False,,kohler-india-pricebook-2026-june,KOHLER India Price Book 2026 June Edition,2026,June Edition,138,catalogue,high,False,,unique,,clean
K-26296IN-BL,Statement™,Statement™,statement-rainhead,rainhead,bathroom,vibrant_finishes,rainhead,Oblong 353mm two-function rainhead in matte black,,89900.0,INR,True,,BL,matte black,,,,,,,,,,,,,,,,not_specified,,,,,,,,,,,,,,,,,,,,,,,,,,,,,,,,,,,K-26324IN-BL/K-26326T-BL,,,,False,,,,False,,kohler-india-pricebook-2026-june,KOHLER India Price Book 2026 June Edition,2026,June Edition,138,catalogue,high,False,,unique,,clean
K-24470IN-BL,ModernLife™,ModernLife™,modernlife-rainhead,rainhead,bathroom,vibrant_finishes,rainhead,Rectangle 330mm x 230mm two-function rainhead in matte black,,58800.0,INR,True,,BL,matte black,,,,,,,,,,,,,,,,not_specified,,,,,,,,,,,,,,,,,,,,,,,,,,,,,,,,,,,K-26324IN-BL/K-26326T-BL,,,,False,,,,False,,kohler-india-pricebook-2026-june,KOHLER India Price Book 2026 June Edition,2026,June Edition,138,catalogue,high,False,,unique,,clean
K-26294IN-BL,Statement™,Statement™,statement-rainhead,rainhead,bathroom,vibrant_finishes,rainhead,Oblong 353mm single function rainhead in matte black,,58400.0,INR,True,,BL,matte black,,,,,,,,,,,,,,,,not_specified,,,,,,,,,,,,,,,,,,,,,,,,,,,,,,,,,,,K-22447IN-BL/K-22446IN-BL,,,,False,,,,False,,kohler-india-pricebook-2026-june,KOHLER India Price Book 2026 June Edition,2026,June Edition,138,catalogue,high,False,,unique,,clean
K-38629IN-BL,RainMax II,RainMax II,rainmax-ii-rainhead,rainhead,bathroom,vibrant_finishes,rainhead,Square 305mm two function dual core rainhead in matte black,,45250.0,INR,True,,BL,matte black,,,,,,,,,,,,,,,,not_specified,,,,,,,,,,,,,,,,,,,,,,,,,,,,,,,,,,,K-26324IN-BL/K-26326T-BL,,,,False,,,,False,,kohler-india-pricebook-2026-june,KOHLER India Price Book 2026 June Edition,2026,June Edition,138,catalogue,high,False,,unique,,clean
K-27731IN-BL,ModernLife™,ModernLife™,modernlife-rainhead,rainhead,bathroom,vibrant_finishes,rainhead,Rectangle 330mm x 230mm single function rainhead in matte black,,37800.0,INR,True,,BL,matte black,,,,,,,,,,,,,,,,not_specified,,,,,,,,,,,,,,,,,,,,,,,,,,,,,,,,,,,K-22447IN-BL/K-22446IN-BL,,,,False,,,,False,,kohler-india-pricebook-2026-june,KOHLER India Price Book 2026 June Edition,2026,June Edition,138,catalogue,high,False,,unique,,clean
K-26856IN-BL,RainMax,RainMax,rainmax-rainhead,rainhead,bathroom,vibrant_finishes,rainhead,Square 305mm single function dual core rainhead in matte black,,32150.0,INR,True,,BL,matte black,,,,,,,,,,,,,,,,not_specified,,,,,,,,,,,,,,,,,,,,,,,,,,,,,,,,,,,K-22447IN-BL/K-22446IN-BL,,,,False,,,,False,,kohler-india-pricebook-2026-june,KOHLER India Price Book 2026 June Edition,2026,June Edition,138,catalogue,high,False,,unique,,clean
K-26855IN-BL,RainMax,RainMax,rainmax-rainhead,rainhead,bathroom,vibrant_finishes,rainhead,Square 254mm single function dual core rainhead in matte black,,26750.0,INR,True,,BL,matte black,,,,,,,,,,,,,,,,not_specified,,,,,,,,,,,,,,,,,,,,,,,,,,,,,,,,,,,K-22447IN-BL/K-22446IN-BL,,,,False,,,,False,,kohler-india-pricebook-2026-june,KOHLER India Price Book 2026 June Edition,2026,June Edition,138,catalogue,high,False,,unique,,clean
K-26854IN-BL,RainMax,RainMax,rainmax-rainhead,rainhead,bathroom,vibrant_finishes,rainhead,Round 254mm single function dual core rainhead in matte black,,25250.0,INR,True,,BL,matte black,,,,,,,,,,,,,,,,not_specified,,,,,,,,,,,,,,,,,,,,,,,,,,,,,,,,,,,K-22447IN-BL/K-22446IN-BL,,,,False,,,,False,,kohler-india-pricebook-2026-june,KOHLER India Price Book 2026 June Edition,2026,June Edition,138,catalogue,high,False,,unique,,clean
K-38973IN-BL,Pristine,Pristine,pristine-rainhead,rainhead,bathroom,vibrant_finishes,rainhead,Square 254mm single function filtered rainhead in matte black,,17500.0,INR,True,,BL,matte black,,,,,,,,,,,,,,,,not_specified,,,,,,,,,,,,,,,,,,,,,,,,,,,,,,,,,,,K-22447IN-BL/K-22446IN-BL,,,,False,,,,False,,kohler-india-pricebook-2026-june,KOHLER India Price Book 2026 June Edition,2026,June Edition,138,catalogue,high,False,,unique,,clean
K-39507IN-BL,Rain Duet™,Rain Duet™,rain-duet-rainhead,rainhead,bathroom,vibrant_finishes,rainhead,Round 254mm single function anti drip rainhead in matte black,,16800.0,INR,True,,BL,matte black,,,,,,,,,,,,,,,,not_specified,,,,,,,,,,,,,,,,,,,,,,,,,,,,,,,,,,,K-22447IN-BL/K-22446IN-BL,,,,False,,,,False,,kohler-india-pricebook-2026-june,KOHLER India Price Book 2026 June Edition,2026,June Edition,138,catalogue,high,False,,unique,,clean
K-73040IN-CL-BL,Rain Duet Edge™,Rain Duet Edge™,rain-duet-edge-rainhead,rainhead,bathroom,vibrant_finishes,rainhead,Square 254mm single function Katalyst™ rainhead in matte black,,20300.0,INR,True,,BL,matte black,,,,,,,,,,,,,,,,not_specified,,,,,,,,,,,,,,,,,,,,,,,,,,,,,,,,,,,K-22447IN-BL/K-22446IN-BL,,,,False,,,,False,,kohler-india-pricebook-2026-june,KOHLER India Price Book 2026 June Edition,2026,June Edition,138,catalogue,high,False,,unique,,clean
K-73039IN-CL-BL,Rain Duet Edge™,Rain Duet Edge™,rain-duet-edge-rainhead,rainhead,bathroom,vibrant_finishes,rainhead,Round 254mm single function Katalyst™ rainhead in matte black,,18900.0,INR,True,,BL,matte black,,,,,,,,,,,,,,,,not_specified,,,,,,,,,,,,,,,,,,,,,,,,,,,,,,,,,,,K-22447IN-BL/K-22446IN-BL,,,,False,,,,False,,kohler-india-pricebook-2026-june,KOHLER India Price Book 2026 June Edition,2026,June Edition,139,catalogue,medium,True,,unique,,review_required
K-34098IN-BL,Radiance™,Radiance™,radiance-diverter,diverter,bathroom,vibrant_finishes,diverter,Shoulder shower unit with diverter in matte black,,25900.0,INR,True,,BL,matte black,,,,,,,,,,,,,,,,not_specified,,,,,,,,,,,,,,,,,,,,,,,,,,,,,,,,,,,,,,,False,,,,False,,kohler-india-pricebook-2026-june,KOHLER India Price Book 2026 June Edition,2026,June Edition,139,catalogue,medium,False,,unique,,clean
K-34099IN-BL,Radiance™,Radiance™,radiance-diverter,diverter,bathroom,vibrant_finishes,diverter,Shoulder shower unit without diverter in matte black,,25900.0,INR,True,,BL,matte black,,,,,,,,,,,,,,,,not_specified,,,,,,,,,,,,,,,,,,,,,,,,,,,,,,,,,,,,,,,False,,,,False,,kohler-india-pricebook-2026-june,KOHLER India Price Book 2026 June Edition,2026,June Edition,139,catalogue,medium,False,,unique,,clean
K-26300IN-BL,Statement™,Statement™,,,bathroom,vibrant_finishes,,Oblong vichy body spray in matte black,,26400.0,INR,True,,BL,matte black,,,,,,,,,,,,,,,,not_specified,,,,,,,,,,,,,,,,,,,,,,,,,,,,,,,,,,,,,,,False,,,,False,,kohler-india-pricebook-2026-june,KOHLER India Price Book 2026 June Edition,2026,June Edition,139,catalogue,medium,False,,unique,,clean
K-8002IN-BL,Watertile®,Watertile®,,,bathroom,vibrant_finishes,,54-nozzle bodyspray in matte black,,18950.0,INR,True,,BL,matte black,,,,,,,,,,,,,,,,not_specified,,,,,,,,,,,,,,,,,,,,,,,,,,,,,,,,,,,,,,,False,,,,False,,kohler-india-pricebook-2026-june,KOHLER India Price Book 2026 June Edition,2026,June Edition,139,catalogue,medium,False,,unique,,clean
K-26299IN-BL,Statement™,Statement™,,,bathroom,vibrant_finishes,,Round deep massage body spray in matte black,,14900.0,INR,True,,BL,matte black,,,,,,,,,,,,,,,,not_specified,,,,,,,,,,,,,,,,,,,,,,,,,,,,,,,,,,,,,,,False,,,,False,,kohler-india-pricebook-2026-june,KOHLER India Price Book 2026 June Edition,2026,June Edition,139,catalogue,medium,False,,unique,,clean
K-26290IN-BL,Statement™,Statement™,statement-showerhead,showerhead,bathroom,vibrant_finishes,showerhead,Oblong 202mm three function showerhead in matte black,,11450.0,INR,True,,BL,matte black,,,,,,,,,,,,,,,,not_specified,,,,,,,,,,,,,,,,,,,,,,,,,,,,,,,,,,,K-26318IN-BL,,,,False,,,,False,,kohler-india-pricebook-2026-june,KOHLER India Price Book 2026 June Edition,2026,June Edition,139,catalogue,medium,False,,unique,,clean
K-38972IN-BL,Pristine,Pristine,pristine-showerhead,showerhead,bathroom,vibrant_finishes,showerhead,Square 203mm single function filtered showerhead in matte black,,9100.0,INR,True,,BL,matte black,,,,,,,,,,,,,,,,not_specified,,,,,,,,,,,,,,,,,,,,,,,,,,,,,,,,,,,K-26318IN-BL,,,,False,,,,False,,kohler-india-pricebook-2026-june,KOHLER India Price Book 2026 June Edition,2026,June Edition,139,catalogue,medium,False,,unique,,clean
K-28694IN-BL,Statement™,Statement™,statement-hand_shower,hand_shower,bathroom,vibrant_finishes,hand_shower,Round three-function hand shower with hose with WaterMind™ technology in matte black,,18000.0,INR,True,,BL,matte black,,,,,,,,,,,,,,,,not_specified,,,,,,,,,,,,,,,,,,,,,,,,,,,,,,,,,,,K-99035IN-BL,,,,False,,,,False,,kohler-india-pricebook-2026-june,KOHLER India Price Book 2026 June Edition,2026,June Edition,139,catalogue,medium,False,,unique,,clean
K-28695IN-BL,Statement™,Statement™,statement-hand_shower,hand_shower,bathroom,vibrant_finishes,hand_shower,Oblong three-function hand shower with hose with WaterMind™ technology in matte black,,14750.0,INR,True,,BL,matte black,,,,,,,,,,,,,,,,not_specified,,,,,,,,,,,,,,,,,,,,,,,,,,,,,,,,,,,K-99035IN-BL,,,,False,,,,False,,kohler-india-pricebook-2026-june,KOHLER India Price Book 2026 June Edition,2026,June Edition,139,catalogue,medium,False,,unique,,clean
K-39502IN-BL,Rain Duet™,Rain Duet™,rain-duet-hand_shower,hand_shower,bathroom,vibrant_finishes,hand_shower,Round three-function hand shower with purge without hose in matte black,,11200.0,INR,True,,BL,matte black,,,,,,,,,,,,,,,,not_specified,,,,,,,,,,,,,,,,,,,,,,,,,,,,,,,,,,,K-99035IN-BL; K-11628IN-BL,,,,False,,,,False,,kohler-india-pricebook-2026-june,KOHLER India Price Book 2026 June Edition,2026,June Edition,140,catalogue,medium,False,,unique,,clean
K-98445IN-BL,Spatula,Spatula,spatula-hand_shower,hand_shower,bathroom,vibrant_finishes,hand_shower,Square single function large hand shower with hose in matte black,,9350.0,INR,True,,BL,matte black,,,,,,,,,,,,,,,,not_specified,,,,,,,,,,,,,,,,,,,,,,,,,,,,,,,,,,,K-99035IN-BL,,,,False,,,,False,,kohler-india-pricebook-2026-june,KOHLER India Price Book 2026 June Edition,2026,June Edition,140,catalogue,medium,False,,unique,,clean
K-30318IN-BL,Soundtile®,Soundtile®,,,bathroom,vibrant_finishes,,Soundtile® speakers - pair in matte black,,58800.0,INR,True,,BL,matte black,,,,,,,,,,,,,,,,not_specified,,,,,,,,,,,,,,,,,,,,,,,,,,,,,,,,,,,K-30319IN-NA,,,,False,,,,False,,kohler-india-pricebook-2026-june,KOHLER India Price Book 2026 June Edition,2026,June Edition,140,catalogue,medium,False,,unique,,clean
K-28214-ASC-BL,Anthem+™,Anthem+™,,,bathroom,vibrant_finishes,,2-12 outlet digital control interface in matte black,,159100.0,INR,True,,BL,matte black,,,,,,,,,,,,,,,,not_specified,,,,,,,,,,,,,,,,,,,,,,,,,,,,,,,,,,,K-28212IN-NA/,,,,False,,,,False,,kohler-india-pricebook-2026-june,KOHLER India Price Book 2026 June Edition,2026,June Edition,140,catalogue,medium,True,,repeated_same_sku,K-28214-ASC-BL,review_required
K-28214IN-BL,Anthem™,Anthem™,,,bathroom,vibrant_finishes,,2-6 outlet digital control interface in matte black,,128100.0,INR,True,,BL,matte black,,,,,,,,,,,,,,,,not_specified,,,,,,,,,,,,,,,,,,,,,,,,,,,,,,,,,,,K-28212IN-NA/; K-28211IN-NA,,,,False,,,,False,,kohler-india-pricebook-2026-june,KOHLER India Price Book 2026 June Edition,2026,June Edition,140,catalogue,medium,True,,unique,,review_required
K-26350IN-9-BL,Anthem™,Anthem™,anthem-shower_trim,shower_trim,bathroom,vibrant_finishes,shower_trim,Recessed thermostatic mechanical 6 outlet trim in matte black,,238400.0,INR,True,,BL,matte black,,,,,,,,,,,,,,,,not_specified,,,,,,,,,,,,,,,,,,,,,,,,,,,,,,,,,,,K-26344IN-NA,,,,False,,,,False,,kohler-india-pricebook-2026-june,KOHLER India Price Book 2026 June Edition,2026,June Edition,140,catalogue,medium,False,,unique,,clean
EX26349T-9-BL,Anthem™,Anthem™,anthem-shower_trim,shower_trim,bathroom,vibrant_finishes,shower_trim,Recessed thermostatic mechanical 5 outlet trim in matte black,,171400.0,INR,True,,BL,matte black,,,,,,,,,,,,,,,,not_specified,,,,,,,,,,,,,,,,,,,,,,,,,,,,,,,,,,,K-26343T-NA,,,,False,,,,False,,kohler-india-pricebook-2026-june,KOHLER India Price Book 2026 June Edition,2026,June Edition,140,catalogue,medium,False,,unique,,clean
K-26348IN-9-BL,Anthem™,Anthem™,anthem-shower_trim,shower_trim,bathroom,vibrant_finishes,shower_trim,Recessed thermostatic mechanical 4 outlet trim in matte black,,163300.0,INR,True,,BL,matte black,,,,,,,,,,,,,,,,not_specified,,,,,,,,,,,,,,,,,,,,,,,,,,,,,,,,,,,K-26342IN-NA,,,,False,,,,False,,kohler-india-pricebook-2026-june,KOHLER India Price Book 2026 June Edition,2026,June Edition,140,catalogue,medium,False,,unique,,clean
K-26347IN-9-BL,Anthem™,Anthem™,anthem-shower_trim,shower_trim,bathroom,vibrant_finishes,shower_trim,Recessed thermostatic mechanical 3 outlet trim in matte black,,88700.0,INR,True,,BL,matte black,,,,,,,,,,,,,,,,not_specified,,,,,,,,,,,,,,,,,,,,,,,,,,,,,,,,,,,K-26341IN-NA,,,,False,,,,False,,kohler-india-pricebook-2026-june,KOHLER India Price Book 2026 June Edition,2026,June Edition,140,catalogue,medium,False,,unique,,clean
K-25761IN-9-BL,ModernLife Edge™,ModernLife Edge™,modernlife-edge-shower_trim,shower_trim,bathroom,vibrant_finishes,shower_trim,Thermostatic recessed bath & shower autosense 235+ trim in matte black,,25100.0,INR,True,,BL,matte black,,,,,,,,,,,,,,,,not_specified,,,,,,,,,,,,,,,,,,,,,,,,,,,,,,,,,,,K-20740IN-A-NA,,,,False,,,,False,,kohler-india-pricebook-2026-june,KOHLER India Price Book 2026 June Edition,2026,June Edition,140,catalogue,medium,False,,repeated_same_sku,K-25761IN-9-BL,clean
K-20742IN-9FP-BL,Autosense 235+,Autosense 235+,autosense-235-shower_trim,shower_trim,bathroom,vibrant_finishes,shower_trim,Thermostatic recessed bath & shower autosense 235+ square trim in matte black,,17800.0,INR,True,,BL,matte black,,,,,,,,,,,,,,,,not_specified,,,,,,,,,,,,,,,,,,,,,,,,,,,,,,,,,,,K-20740IN-A-NA,,,,False,,,,False,,kohler-india-pricebook-2026-june,KOHLER India Price Book 2026 June Edition,2026,June Edition,141,catalogue,medium,False,,unique,,clean
K-24431IN-9FP-BL,Autosense 235+,Autosense 235+,autosense-235-shower_trim,shower_trim,bathroom,vibrant_finishes,shower_trim,Thermostatic recessed bath & shower autosense 235+ universal trim in matte black,,16950.0,INR,True,,BL,matte black,,,,,,,,,,,,,,,,not_specified,,,,,,,,,,,,,,,,,,,,,,,,,,,,,,,,,,,K-20740IN-A-NA,,,,False,,,,False,,kohler-india-pricebook-2026-june,KOHLER India Price Book 2026 June Edition,2026,June Edition,141,catalogue,medium,False,,unique,,clean
K-99924IN-BL,Aqua Turbo 360,Aqua Turbo 360,,,bathroom,vibrant_finishes,,Manual 3 outlet valve in matte black,,22150.0,INR,True,,BL,matte black,,,,,,,,,,,,,,,,not_specified,,,,,,,,,,,,,,,,,,,,,,,,,,,,,,,,,,,,,,,False,,,,False,,kohler-india-pricebook-2026-june,KOHLER India Price Book 2026 June Edition,2026,June Edition,141,catalogue,medium,False,,unique,,clean
K-26324IN-BL,Statement™,Statement™,statement-rainhead,rainhead,bathroom,vibrant_finishes,rainhead,482mm dual function wallmount rainhead arm in matte black,,28600.0,INR,True,,BL,matte black,,,,,,,,,,,,,,,,not_specified,,,,,,,,,,,,,,,,,,,,,,,,,,,,,,,,,,,,,,,False,,,,False,,kohler-india-pricebook-2026-june,KOHLER India Price Book 2026 June Edition,2026,June Edition,141,catalogue,medium,False,,unique,,clean
K-26326T-BL,Statement™,Statement™,statement-rainhead,rainhead,bathroom,vibrant_finishes,rainhead,254mm multi-function ceiling-mount rainhead arm in matte black,,28100.0,INR,True,,BL,matte black,,,,,,,,,,,,,,,,not_specified,,,,,,,,,,,,,,,,,,,,,,,,,,,,,,,,,,,,,,,False,,,,False,,kohler-india-pricebook-2026-june,KOHLER India Price Book 2026 June Edition,2026,June Edition,141,catalogue,medium,False,,unique,,clean
K-22447IN-BL,Complementary™,Complementary™,complementary-shower_arm,shower_arm,bathroom,vibrant_finishes,shower_arm,Ceiling mount shower arm in matte black,,8750.0,INR,True,,BL,matte black,,,,,,,,,,,,,,,,not_specified,,,,,,,,,,,,,,,,,,,,,,,,,,,,,,,,,,,,,,,False,,,,False,,kohler-india-pricebook-2026-june,KOHLER India Price Book 2026 June Edition,2026,June Edition,141,catalogue,medium,False,,unique,,clean
K-22446IN-BL,Complementary™,Complementary™,complementary-shower_arm,shower_arm,bathroom,vibrant_finishes,shower_arm,Wall mount shower arm in matte black,,8750.0,INR,True,,BL,matte black,,,,,,,,,,,,,,,,not_specified,,,,,,,,,,,,,,,,,,,,,,,,,,,,,,,,,,,,,,,False,,,,False,,kohler-india-pricebook-2026-june,KOHLER India Price Book 2026 June Edition,2026,June Edition,141,catalogue,medium,False,,unique,,clean
K-26318IN-BL,Statement™,Statement™,statement-showerhead,showerhead,bathroom,vibrant_finishes,showerhead,Wall mount showerhead arm in matte black,,4700.0,INR,True,,BL,matte black,,,,,,,,,,,,,,,,not_specified,,,,,,,,,,,,,,,,,,,,,,,,,,,,,,,,,,,,,,,False,,,,False,,kohler-india-pricebook-2026-june,KOHLER India Price Book 2026 June Edition,2026,June Edition,141,catalogue,medium,False,,unique,,clean
K-25350IN-BL,Complementary™,Complementary™,complementary-hand_shower,hand_shower,bathroom,vibrant_finishes,hand_shower,Hand shower slide bar trim in matte black,,25700.0,INR,True,,BL,matte black,,,,,,,,,,,,,,,,not_specified,,,,,,,,,,,,,,,,,,,,,,,,,,,,,,,,,,,,,,,False,,,,False,,kohler-india-pricebook-2026-june,KOHLER India Price Book 2026 June Edition,2026,June Edition,141,catalogue,medium,False,,unique,,clean
K-22448IN-BL,Complementary™,Complementary™,,,bathroom,vibrant_finishes,,Wall supply elbow in matte black,,6250.0,INR,True,,BL,matte black,,,,,,,,,,,,,,,,not_specified,,,,,,,,,,,,,,,,,,,,,,,,,,,,,,,,,,,,,,,False,,,,False,,kohler-india-pricebook-2026-june,KOHLER India Price Book 2026 June Edition,2026,June Edition,141,catalogue,medium,False,,unique,,clean
K-11628IN-BL,Complementary™,Complementary™,,,bathroom,vibrant_finishes,,1.5M shower hose in matte black,,3030.0,INR,True,,BL,matte black,,,,,,,,,,,,,,,,not_specified,,,,,,,,,,,,,,,,,,,,,,,,,,,,,,,,,,,,,,,False,,,,False,,kohler-india-pricebook-2026-june,KOHLER India Price Book 2026 June Edition,2026,June Edition,142,catalogue,medium,False,,unique,,clean
K-99035IN-BL,Complementary™,Complementary™,complementary-hand_shower,hand_shower,bathroom,vibrant_finishes,hand_shower,Bracket hand shower in matte black,,1570.0,INR,True,,BL,matte black,,,,,,,,,,,,,,,,not_specified,,,,,,,,,,,,,,,,,,,,,,,,,,,,,,,,,,,,,,,False,,,,False,,kohler-india-pricebook-2026-june,KOHLER India Price Book 2026 June Edition,2026,June Edition,142,catalogue,medium,False,,unique,,clean
K-80158IN-9-BL,Complementary™,Complementary™,complementary-angle_valve,angle_valve,bathroom,vibrant_finishes,angle_valve,Square angle valve in matte black,,2730.0,INR,True,,BL,matte black,,,,,,,,,,,,,,,,not_specified,,,,,,,,,,,,,,,,,,,,,,,,,,,,,,,,,,,,,,,False,,,,False,,kohler-india-pricebook-2026-june,KOHLER India Price Book 2026 June Edition,2026,June Edition,142,catalogue,medium,False,,unique,,clean
K-7120IN-BL,Complementary™,Complementary™,complementary-drain,drain,bathroom,vibrant_finishes,drain,"Click drain, big cap in matte black",,5800.0,INR,True,,BL,matte black,,,,,,,,,,,,,,,,not_specified,,,,,,,,,,,,,,,,,,,,,,,,,,,,,,,,,,,,,,,False,,,,False,,kohler-india-pricebook-2026-june,KOHLER India Price Book 2026 June Edition,2026,June Edition,142,catalogue,medium,False,,unique,,clean
K-20746IN-BL,Complementary™,Complementary™,complementary-drain,drain,bathroom,vibrant_finishes,drain,Grid drain in matte black,,1130.0,INR,True,,BL,matte black,,,,,,,,,,,,,,,,not_specified,,,,,,,,,,,,,,,,,,,,,,,,,,,,,,,,,,,,,,,False,,,,False,,kohler-india-pricebook-2026-june,KOHLER India Price Book 2026 June Edition,2026,June Edition,142,catalogue,medium,False,,unique,,clean
K-75823IN-BL,Complementary™,Complementary™,complementary-bottle_trap,bottle_trap,bathroom,vibrant_finishes,bottle_trap,350mm bottle trap in matte black,,4530.0,INR,True,,BL,matte black,,,,,,,,,,,,,,,,not_specified,,,,,,,,,,,,,,,,,,,,,,,,,,,,,,,,,,,,,,,False,,,,False,,kohler-india-pricebook-2026-june,KOHLER India Price Book 2026 June Edition,2026,June Edition,142,catalogue,medium,False,,unique,,clean
K-7275IN-ZZ-BL,Complementary™,Complementary™,complementary-drain,drain,bathroom,vibrant_finishes,drain,Floor drain with 27 lpm discharge rate in matte black,,3100.0,INR,True,,BL,matte black,,,,,,,,,,,,,,,,not_specified,,,,,,,,,,,,,,,,,,,,,,,,,,,,,,,,,,,,,,,False,,,,False,,kohler-india-pricebook-2026-june,KOHLER India Price Book 2026 June Edition,2026,June Edition,142,catalogue,medium,False,,unique,,clean
K-98100IN-ZZ-BL,Beam,Beam,,,bathroom,vibrant_finishes,,Health faucet (with black pvc hose) in matte black,,4150.0,INR,True,,BL,matte black,,,,,,,,,,,,,,,,not_specified,,,,,,,,,,,,,,,,,,,,,,,,,,,,,,,,,,,,,,,False,,,,False,,kohler-india-pricebook-2026-june,KOHLER India Price Book 2026 June Edition,2026,June Edition,142,catalogue,medium,False,,unique,,clean
K-97258IN-ZZ-BL,Elate®,Elate®,,,bathroom,vibrant_finishes,,Health faucet with hose and bracket in matte black,,6150.0,INR,True,,BL,matte black,,,,,,,,,,,,,,,,not_specified,,,,,,,,,,,,,,,,,,,,,,,,,,,,,,,,,,,,,,,False,,,,False,,kohler-india-pricebook-2026-june,KOHLER India Price Book 2026 June Edition,2026,June Edition,143,catalogue,high,False,,unique,,clean
K-25348IN-BL,Elate®,Elate®,elate-bath_accessory,bath_accessory,bathroom,vibrant_finishes,bath_accessory,ACCESSORIES Accent 610mm single towel bar in matte black,,5500.0,INR,True,,BL,matte black,,,,,,,,,,,,,,,,not_specified,,,,,,,,,,,,,,,,,,,,,,,,,,,,,,,,,,,,,,,False,,,,False,,kohler-india-pricebook-2026-june,KOHLER India Price Book 2026 June Edition,2026,June Edition,143,catalogue,high,False,,unique,,clean
K-25430IN-BL,Elate®,Elate®,,,bathroom,vibrant_finishes,,Toilet brush holder in matte black,,4900.0,INR,True,,BL,matte black,,,,,,,,,,,,,,,,not_specified,,,,,,,,,,,,,,,,,,,,,,,,,,,,,,,,,,,,,,,False,,,,False,,kohler-india-pricebook-2026-june,KOHLER India Price Book 2026 June Edition,2026,June Edition,143,catalogue,high,False,,unique,,clean
K-25347IN-BL,Elate®,Elate®,elate-bath_accessory,bath_accessory,bathroom,vibrant_finishes,bath_accessory,Towel ring in matte black,,4350.0,INR,True,,BL,matte black,,,,,,,,,,,,,,,,not_specified,,,,,,,,,,,,,,,,,,,,,,,,,,,,,,,,,,,,,,,False,,,,False,,kohler-india-pricebook-2026-june,KOHLER India Price Book 2026 June Edition,2026,June Edition,143,catalogue,high,False,,unique,,clean
K-25428IN-BL,Elate®,Elate®,,,bathroom,vibrant_finishes,,Tumbler holder in matte black,,3200.0,INR,True,,BL,matte black,,,,,,,,,,,,,,,,not_specified,,,,,,,,,,,,,,,,,,,,,,,,,,,,,,,,,,,,,,,False,,,,False,,kohler-india-pricebook-2026-june,KOHLER India Price Book 2026 June Edition,2026,June Edition,143,catalogue,high,False,,unique,,clean
K-25346IN-BL,Elate®,Elate®,,,bathroom,vibrant_finishes,,Toilet tissue holder in matte black,,3000.0,INR,True,,BL,matte black,,,,,,,,,,,,,,,,not_specified,,,,,,,,,,,,,,,,,,,,,,,,,,,,,,,,,,,,,,,False,,,,False,,kohler-india-pricebook-2026-june,KOHLER India Price Book 2026 June Edition,2026,June Edition,143,catalogue,high,False,,unique,,clean
K-25429IN-BL,Elate®,Elate®,,,bathroom,vibrant_finishes,,Soap dish in matte black,,3000.0,INR,True,,BL,matte black,,,,,,,,,,,,,,,,not_specified,,,,,,,,,,,,,,,,,,,,,,,,,,,,,,,,,,,,,,,False,,,,False,,kohler-india-pricebook-2026-june,KOHLER India Price Book 2026 June Edition,2026,June Edition,143,catalogue,high,False,,unique,,clean
K-25349IN-BL,Elate®,Elate®,elate-bath_accessory,bath_accessory,bathroom,vibrant_finishes,bath_accessory,Single robe hook in matte black,,1600.0,INR,True,,BL,matte black,,,,,,,,,,,,,,,,not_specified,,,,,,,,,,,,,,,,,,,,,,,,,,,,,,,,,,,,,,,False,,,,False,,kohler-india-pricebook-2026-june,KOHLER India Price Book 2026 June Edition,2026,June Edition,143,catalogue,high,False,,unique,,clean
K-73159IN-7-BRD,FAUCETS IN BRUSHED ROSE GOLD,FAUCETS IN BRUSHED ROSE GOLD,faucets-in-brushed-rose-gold-basin_faucet,basin_faucet,bathroom,vibrant_finishes,basin_faucet,Composed™ Single-control tall basin faucet with drain in brushed rose gold,,63500.0,INR,True,,BRD,brushed rose gold,,,,,,,,,,,,,,,,not_specified,,,,,,,,,,,,,,,,,,,,,,,,,,,,,,,,,,,,,,,False,,,,False,,kohler-india-pricebook-2026-june,KOHLER India Price Book 2026 June Edition,2026,June Edition,144,catalogue,medium,False,,unique,,clean
K-73050IN-7-BRD,FAUCETS IN BRUSHED ROSE GOLD,FAUCETS IN BRUSHED ROSE GOLD,faucets-in-brushed-rose-gold-basin_faucet,basin_faucet,bathroom,vibrant_finishes,basin_faucet,Single-control basin faucet with drain in brushed rose gold,,57800.0,INR,True,,BRD,brushed rose gold,,,,,,,,,,,,,,,,not_specified,,,,,,,,,,,,,,,,,,,,,,,,,,,,,,,,,,,,,,,False,,,,False,,kohler-india-pricebook-2026-june,KOHLER India Price Book 2026 June Edition,2026,June Edition,144,catalogue,medium,False,,unique,,clean
K-73061IN-7-BRD,FAUCETS IN BRUSHED ROSE GOLD,FAUCETS IN BRUSHED ROSE GOLD,faucets-in-brushed-rose-gold-wall_mount_basin,wall_mount_basin,bathroom,vibrant_finishes,wall_mount_basin,Single-control wall mount basin faucet trim + valve in brushed rose gold,,63500.0,INR,True,,BRD,brushed rose gold,,,,,,,,,,,,,,,,not_specified,,,,,,,,,,,,,,,,,,,,,,,,,,,,,,,,,,,,,,,False,,,,False,,kohler-india-pricebook-2026-june,KOHLER India Price Book 2026 June Edition,2026,June Edition,144,catalogue,medium,False,,unique,,clean
K-23475IN-4ND-BRD,FAUCETS IN BRUSHED ROSE GOLD,FAUCETS IN BRUSHED ROSE GOLD,faucets-in-brushed-rose-gold-basin_faucet,basin_faucet,bathroom,vibrant_finishes,basin_faucet,Parallel Single-control tall basin faucet without drain in brushed rose gold,,32750.0,INR,True,,BRD,brushed rose gold,,,,,,,,,,,,,,,,not_specified,,,,,,,,,,,,,,,,,,,,,,,,,,,,,,,,,,,,,,,False,,,,False,,kohler-india-pricebook-2026-june,KOHLER India Price Book 2026 June Edition,2026,June Edition,144,catalogue,medium,False,,unique,,clean
K-23472IN-4ND-BRD,FAUCETS IN BRUSHED ROSE GOLD,FAUCETS IN BRUSHED ROSE GOLD,faucets-in-brushed-rose-gold-basin_faucet,basin_faucet,bathroom,vibrant_finishes,basin_faucet,Single-control basin faucet without drain in brushed rose gold,,26200.0,INR,True,,BRD,brushed rose gold,,,,,,,,,,,,,,,,not_specified,,,,,,,,,,,,,,,,,,,,,,,,,,,,,,,,,,,,,,,False,,,,False,,kohler-india-pricebook-2026-june,KOHLER India Price Book 2026 June Edition,2026,June Edition,144,catalogue,medium,False,,unique,,clean
K-23486IN-4ND-BRD,FAUCETS IN BRUSHED ROSE GOLD,FAUCETS IN BRUSHED ROSE GOLD,faucets-in-brushed-rose-gold-wall_mount_basin,wall_mount_basin,bathroom,vibrant_finishes,wall_mount_basin,Single-control wall mount basin faucet trim in brushed rose gold,,26900.0,INR,True,,BRD,brushed rose gold,,,,,,,,,,,,,,,,not_specified,,,,,,,,,,,,,,,,,,,,,,,,,,,,,,,,,,,K-5679IN-NA,,,,False,,,,False,,kohler-india-pricebook-2026-june,KOHLER India Price Book 2026 June Edition,2026,June Edition,144,catalogue,medium,False,,unique,,clean
K-23496IN-4SL-BRD,FAUCETS IN BRUSHED ROSE GOLD,FAUCETS IN BRUSHED ROSE GOLD,faucets-in-brushed-rose-gold-shower_trim,shower_trim,bathroom,vibrant_finishes,shower_trim,Recessed bath and shower AT 235 trim in brushed rose gold,,17850.0,INR,True,,BRD,brushed rose gold,,,,,,,,,,,,,,,,not_specified,,,,,,,,,,,,,,,,,,,,,,,,,,,,,,,,,,,K-882IN-NA,,,,False,,,,False,,kohler-india-pricebook-2026-june,KOHLER India Price Book 2026 June Edition,2026,June Edition,144,catalogue,medium,False,,unique,,clean
K-23511IN-BRD,FAUCETS IN BRUSHED ROSE GOLD,FAUCETS IN BRUSHED ROSE GOLD,faucets-in-brushed-rose-gold-bath_spout,bath_spout,bathroom,vibrant_finishes,bath_spout,Bath spout with diverter in brushed rose gold,,13200.0,INR,True,,BRD,brushed rose gold,,,,,,,,,,,,,,,,not_specified,,,,,,,,,,,,,,,,,,,,,,,,,,,,,,,,,,,,,,,False,,,,False,,kohler-india-pricebook-2026-june,KOHLER India Price Book 2026 June Edition,2026,June Edition,144,catalogue,medium,False,,unique,,clean
K-23512IN-BRD,FAUCETS IN BRUSHED ROSE GOLD,FAUCETS IN BRUSHED ROSE GOLD,faucets-in-brushed-rose-gold-bath_spout,bath_spout,bathroom,vibrant_finishes,bath_spout,Bath spout without diverter in brushed rose gold,,11450.0,INR,True,,BRD,brushed rose gold,,,,,,,,,,,,,,,,not_specified,,,,,,,,,,,,,,,,,,,,,,,,,,,,,,,,,,,,,,,False,,,,False,,kohler-india-pricebook-2026-june,KOHLER India Price Book 2026 June Edition,2026,June Edition,144,catalogue,medium,False,,unique,,clean
K-72337IN-4ND-BRD,FAUCETS IN BRUSHED ROSE GOLD,FAUCETS IN BRUSHED ROSE GOLD,faucets-in-brushed-rose-gold-basin_faucet,basin_faucet,bathroom,vibrant_finishes,basin_faucet,Aleo+™ Single-control tall basin faucet without drain in brushed rose gold,,28300.0,INR,True,,BRD,brushed rose gold,,,,,,,,,,,,,,,,not_specified,,,,,,,,,,,,,,,,,,,,,,,,,,,,,,,,,,,,,,,False,,,,False,,kohler-india-pricebook-2026-june,KOHLER India Price Book 2026 June Edition,2026,June Edition,144,catalogue,medium,False,,unique,,clean
K-72312IN-4ND-BRD,FAUCETS IN BRUSHED ROSE GOLD,FAUCETS IN BRUSHED ROSE GOLD,faucets-in-brushed-rose-gold-basin_faucet,basin_faucet,bathroom,vibrant_finishes,basin_faucet,Single-control basin faucet without drain in brushed rose gold,,22600.0,INR,True,,BRD,brushed rose gold,,,,,,,,,,,,,,,,not_specified,,,,,,,,,,,,,,,,,,,,,,,,,,,,,,,,,,,,,,,False,,,,False,,kohler-india-pricebook-2026-june,KOHLER India Price Book 2026 June Edition,2026,June Edition,144,catalogue,medium,False,,unique,,clean
K-5684IN-4ND-BRD,FAUCETS IN BRUSHED ROSE GOLD,FAUCETS IN BRUSHED ROSE GOLD,faucets-in-brushed-rose-gold-wall_mount_basin,wall_mount_basin,bathroom,vibrant_finishes,wall_mount_basin,Single-control wall mount basin faucet trim in brushed rose gold,,22600.0,INR,True,,BRD,brushed rose gold,,,,,,,,,,,,,,,,not_specified,,,,,,,,,,,,,,,,,,,,,,,,,,,,,,,,,,,K-5679IN-NA,,,,False,,,,False,,kohler-india-pricebook-2026-june,KOHLER India Price Book 2026 June Edition,2026,June Edition,144,catalogue,medium,False,,unique,,clean
K-22786IN-4-BRD,,,,,bathroom,vibrant_finishes,,trim + valve in brushed rose gold,,47550.0,INR,True,,BRD,brushed rose gold,,,,,,,,,,,,,,,,not_specified,,,,,,,,,,,,,,,,,,,,,,,,,,,,,,,,,,,,,,,False,,,,False,,kohler-india-pricebook-2026-june,KOHLER India Price Book 2026 June Edition,2026,June Edition,145,catalogue,high,False,,unique,,clean
K-72328IN-4SL-BRD,,,,shower_trim,bathroom,vibrant_finishes,shower_trim,Recessed bath and shower AT 235 trim in brushed rose gold,,16800.0,INR,True,,BRD,brushed rose gold,,,,,,,,,,,,,,,,not_specified,,,,,,,,,,,,,,,,,,,,,,,,,,,,,,,,,,,K-882IN-NA,,,,False,,,,False,,kohler-india-pricebook-2026-june,KOHLER India Price Book 2026 June Edition,2026,June Edition,145,catalogue,high,False,,unique,,clean
K-72298IN-4ND-BRD,,,,basin_faucet,bathroom,vibrant_finishes,basin_faucet,Aleo™ Single-control tall basin faucet without drain in brushed rose gold,,25350.0,INR,True,,BRD,brushed rose gold,,,,,,,,,,,,,,,,not_specified,,,,,,,,,,,,,,,,,,,,,,,,,,,,,,,,,,,,,,,False,,,,False,,kohler-india-pricebook-2026-june,KOHLER India Price Book 2026 June Edition,2026,June Edition,145,catalogue,high,False,,unique,,clean
K-72275IN-4ND-BRD,,,,basin_faucet,bathroom,vibrant_finishes,basin_faucet,Single-control basin faucet without drain in brushed rose gold,,20300.0,INR,True,,BRD,brushed rose gold,,,,,,,,,,,,,,,,not_specified,,,,,,,,,,,,,,,,,,,,,,,,,,,,,,,,,,,,,,,False,,,,False,,kohler-india-pricebook-2026-june,KOHLER India Price Book 2026 June Edition,2026,June Edition,145,catalogue,high,False,,unique,,clean
K-5683IN-4ND-BRD,,,,,bathroom,vibrant_finishes,,Wall mount lavatory faucet trim in brushed rose gold,,19780.0,INR,True,,BRD,brushed rose gold,,,,,,,,,,,,,,,,not_specified,,,,,,,,,,,,,,,,,,,,,,,,,,,,,,,,,,,K-5679IN-NA,,,,False,,,,False,,kohler-india-pricebook-2026-june,KOHLER India Price Book 2026 June Edition,2026,June Edition,145,catalogue,high,False,,unique,,clean
K-22792IN-4FP-BRD,,,,,bathroom,vibrant_finishes,,trim + valve in brushed rose gold,,45850.0,INR,True,,BRD,brushed rose gold,,,,,,,,,,,,,,,,not_specified,,,,,,,,,,,,,,,,,,,,,,,,,,,,,,,,,,,,,,,False,,,,False,,kohler-india-pricebook-2026-june,KOHLER India Price Book 2026 June Edition,2026,June Edition,145,catalogue,high,False,,unique,,clean
K-72290IN-4SL-BRD,,,,shower_trim,bathroom,vibrant_finishes,shower_trim,Recessed bath and shower trim in brushed rose gold,,14700.0,INR,True,,BRD,brushed rose gold,,,,,,,,,,,,,,,,not_specified,,,,,,,,,,,,,,,,,,,,,,,,,,,,,,,,,,,K-882IN-NA,,,,False,,,,False,,kohler-india-pricebook-2026-june,KOHLER India Price Book 2026 June Edition,2026,June Edition,145,catalogue,high,False,,unique,,clean
K-38894IN-4ND-BRD,,,,basin_faucet,bathroom,vibrant_finishes,basin_faucet,Fluence+™ Single-control tall basin faucet without drain in brushed rose gold,,22500.0,INR,True,,BRD,brushed rose gold,,,,,,,,,,,,,,,,not_specified,,,,,,,,,,,,,,,,,,,,,,,,,,,,,,,,,,,,,,,False,,,,False,,kohler-india-pricebook-2026-june,KOHLER India Price Book 2026 June Edition,2026,June Edition,145,catalogue,high,False,,unique,,clean
K-38893IN-4ND-BRD,,,,basin_faucet,bathroom,vibrant_finishes,basin_faucet,Single-control basin faucet without drain in brushed rose gold,,18000.0,INR,True,,BRD,brushed rose gold,,,,,,,,,,,,,,,,not_specified,,,,,,,,,,,,,,,,,,,,,,,,,,,,,,,,,,,,,,,False,,,,False,,kohler-india-pricebook-2026-june,KOHLER India Price Book 2026 June Edition,2026,June Edition,145,catalogue,high,False,,unique,,clean
K-38895IN-4ND-BRD,,,,basin_faucet,bathroom,vibrant_finishes,basin_faucet,Single-control wall mount monoblock basin faucet trim + valve in brushed rose gold,,22500.0,INR,True,,BRD,brushed rose gold,,,,,,,,,,,,,,,,not_specified,,,,,,,,,,,,,,,,,,,,,,,,,,,,,,,,,,,,,,,False,,,,False,,kohler-india-pricebook-2026-june,KOHLER India Price Book 2026 June Edition,2026,June Edition,145,catalogue,high,False,,unique,,clean
K-34170IN-4-BRD,,,,,bathroom,vibrant_finishes,,trim + valve in brushed rose gold,,41100.0,INR,True,,BRD,brushed rose gold,,,,,,,,,,,,,,,,not_specified,,,,,,,,,,,,,,,,,,,,,,,,,,,,,,,,,,,,,,,False,,,,False,,kohler-india-pricebook-2026-june,KOHLER India Price Book 2026 June Edition,2026,June Edition,145,catalogue,high,False,,unique,,clean
K-38896IN-4FS-BRD,,,,shower_trim,bathroom,vibrant_finishes,shower_trim,Recessed bath and shower AT235 trim in brushed rose gold,,14200.0,INR,True,,BRD,brushed rose gold,,,,,,,,,,,,,,,,not_specified,,,,,,,,,,,,,,,,,,,,,,,,,,,,,,,,,,,K-882IN-NA,,,,False,,,,False,,kohler-india-pricebook-2026-june,KOHLER India Price Book 2026 June Edition,2026,June Edition,145,catalogue,high,False,,unique,,clean
K-38887IN-4ND-BRD,,,,basin_faucet,bathroom,vibrant_finishes,basin_faucet,Fluence™ Single-control tall basin faucet without drain in brushed rose gold,,20600.0,INR,True,,BRD,brushed rose gold,,,,,,,,,,,,,,,,not_specified,,,,,,,,,,,,,,,,,,,,,,,,,,,,,,,,,,,,,,,False,,,,False,,kohler-india-pricebook-2026-june,KOHLER India Price Book 2026 June Edition,2026,June Edition,146,catalogue,high,False,,unique,,clean
K-38886IN-4ND-BRD,,,,basin_faucet,bathroom,vibrant_finishes,basin_faucet,Single-control basin faucet without drain in brushed rose gold,,16500.0,INR,True,,BRD,brushed rose gold,,,,,,,,,,,,,,,,not_specified,,,,,,,,,,,,,,,,,,,,,,,,,,,,,,,,,,,,,,,False,,,,False,,kohler-india-pricebook-2026-june,KOHLER India Price Book 2026 June Edition,2026,June Edition,146,catalogue,high,False,,unique,,clean
K-38888IN-4ND-BRD,,,,basin_faucet,bathroom,vibrant_finishes,basin_faucet,Single-control wall mount monoblock basin faucet trim + valve in brushed rose gold,,20600.0,INR,True,,BRD,brushed rose gold,,,,,,,,,,,,,,,,not_specified,,,,,,,,,,,,,,,,,,,,,,,,,,,,,,,,,,,,,,,False,,,,False,,kohler-india-pricebook-2026-june,KOHLER India Price Book 2026 June Edition,2026,June Edition,146,catalogue,high,False,,unique,,clean
K-34168IN-4-BRD,,,,,bathroom,vibrant_finishes,,trim + valve in brushed rose gold,,39500.0,INR,True,,BRD,brushed rose gold,,,,,,,,,,,,,,,,not_specified,,,,,,,,,,,,,,,,,,,,,,,,,,,,,,,,,,,,,,,False,,,,False,,kohler-india-pricebook-2026-june,KOHLER India Price Book 2026 June Edition,2026,June Edition,146,catalogue,high,False,,unique,,clean
K-38889IN-4FS-BRD,,,,shower_trim,bathroom,vibrant_finishes,shower_trim,Recessed bath and shower AT235 trim in brushed rose gold,,13300.0,INR,True,,BRD,brushed rose gold,,,,,,,,,,,,,,,,not_specified,,,,,,,,,,,,,,,,,,,,,,,,,,,,,,,,,,,K-882IN-NA,,,,False,,,,False,,kohler-india-pricebook-2026-june,KOHLER India Price Book 2026 June Edition,2026,June Edition,146,catalogue,high,False,,unique,,clean
K-38891IN-BRD,,,,bath_spout,bathroom,vibrant_finishes,bath_spout,Bath spout with diverter in brushed rose gold,,7000.0,INR,True,,BRD,brushed rose gold,,,,,,,,,,,,,,,,not_specified,,,,,,,,,,,,,,,,,,,,,,,,,,,,,,,,,,,,,,,False,,,,False,,kohler-india-pricebook-2026-june,KOHLER India Price Book 2026 June Edition,2026,June Edition,146,catalogue,high,False,,unique,,clean
K-38892IN-BRD,,,,bath_spout,bathroom,vibrant_finishes,bath_spout,Bath spout without diverter in brushed rose gold,,5420.0,INR,True,,BRD,brushed rose gold,,,,,,,,,,,,,,,,not_specified,,,,,,,,,,,,,,,,,,,,,,,,,,,,,,,,,,,,,,,False,,,,False,,kohler-india-pricebook-2026-june,KOHLER India Price Book 2026 June Edition,2026,June Edition,146,catalogue,high,False,,unique,,clean
K-9301IN-ZX-BRD,ModernLife Edge™,ModernLife Edge™,modernlife-edge-rainhead,rainhead,bathroom,vibrant_finishes,rainhead,Square 381mm single function rainhead in brushed rose gold,,142800.0,INR,True,,BRD,brushed rose gold,,,,,,,,,,,,,,,,not_specified,,,,,,,,,,,,,,,,,,,,,,,,,,,,,,,,,,,K-15399IN-B-BRD,,,,False,,,,False,,kohler-india-pricebook-2026-june,KOHLER India Price Book 2026 June Edition,2026,June Edition,146,catalogue,high,False,,unique,,clean
K-26297IN-BRD,Statement™,Statement™,statement-rainhead,rainhead,bathroom,vibrant_finishes,rainhead,Oblong 453mm two-function rainhead in brushed rose gold,,113500.0,INR,True,,BRD,brushed rose gold,,,,,,,,,,,,,,,,not_specified,,,,,,,,,,,,,,,,,,,,,,,,,,,,,,,,,,,K-26324IN-BRD/K-26326IN-BRD,,,,False,,,,False,,kohler-india-pricebook-2026-june,KOHLER India Price Book 2026 June Edition,2026,June Edition,146,catalogue,high,False,,unique,,clean
K-9302IN-CL-BRD,ModernLife Edge™,ModernLife Edge™,modernlife-edge-rainhead,rainhead,bathroom,vibrant_finishes,rainhead,Square 330mm single function rainhead in brushed rose gold,,98200.0,INR,True,,BRD,brushed rose gold,,,,,,,,,,,,,,,,not_specified,,,,,,,,,,,,,,,,,,,,,,,,,,,,,,,,,,,K-15399IN-B-BRD,,,,False,,,,False,,kohler-india-pricebook-2026-june,KOHLER India Price Book 2026 June Edition,2026,June Edition,146,catalogue,high,False,,unique,,clean
K-26296IN-BRD,Statement™,Statement™,statement-rainhead,rainhead,bathroom,vibrant_finishes,rainhead,Oblong 353mm two-function rainhead in brushed rose gold,,96100.0,INR,True,,BRD,brushed rose gold,,,,,,,,,,,,,,,,not_specified,,,,,,,,,,,,,,,,,,,,,,,,,,,,,,,,,,,K-26324IN-BRD/K-26326IN-BRD,,,,False,,,,False,,kohler-india-pricebook-2026-june,KOHLER India Price Book 2026 June Edition,2026,June Edition,146,catalogue,high,False,,unique,,clean
K-26294IN-BRD,Statement™,Statement™,statement-rainhead,rainhead,bathroom,vibrant_finishes,rainhead,Oblong 353mm single function rainhead in brushed rose gold,,62400.0,INR,True,,BRD,brushed rose gold,,,,,,,,,,,,,,,,not_specified,,,,,,,,,,,,,,,,,,,,,,,,,,,,,,,,,,,K-16346IN-BRD/; K-15399IN-B-BRD,,,,False,,,,False,,kohler-india-pricebook-2026-june,KOHLER India Price Book 2026 June Edition,2026,June Edition,147,catalogue,high,False,,unique,,clean
K-38629IN-BRD,RainMax II,RainMax II,rainmax-ii-rainhead,rainhead,bathroom,vibrant_finishes,rainhead,Square 305mm two function dual core rainhead in brushed rose gold,,48800.0,INR,True,,BRD,brushed rose gold,,,,,,,,,,,,,,,,not_specified,,,,,,,,,,,,,,,,,,,,,,,,,,,,,,,,,,,K-26324IN-BRD/K-26326IN-BRD,,,,False,,,,False,,kohler-india-pricebook-2026-june,KOHLER India Price Book 2026 June Edition,2026,June Edition,147,catalogue,high,False,,unique,,clean
K-26856IN-BRD,RainMax,RainMax,rainmax-rainhead,rainhead,bathroom,vibrant_finishes,rainhead,Square 305mm single function dual core rainhead in brushed rose gold,,34400.0,INR,True,,BRD,brushed rose gold,,,,,,,,,,,,,,,,not_specified,,,,,,,,,,,,,,,,,,,,,,,,,,,,,,,,,,,K-16346IN-BRD/; K-15399IN-B-BRD,,,,False,,,,False,,kohler-india-pricebook-2026-june,KOHLER India Price Book 2026 June Edition,2026,June Edition,147,catalogue,high,False,,unique,,clean
K-26855IN-BRD,RainMax,RainMax,rainmax-rainhead,rainhead,bathroom,vibrant_finishes,rainhead,Square 254mm single function dual core rainhead in brushed rose gold,,28700.0,INR,True,,BRD,brushed rose gold,,,,,,,,,,,,,,,,not_specified,,,,,,,,,,,,,,,,,,,,,,,,,,,,,,,,,,,K-16346IN-BRD/; K-15399IN-B-BRD,,,,False,,,,False,,kohler-india-pricebook-2026-june,KOHLER India Price Book 2026 June Edition,2026,June Edition,147,catalogue,high,False,,unique,,clean
K-38973IN-BRD,Pristine,Pristine,pristine-rainhead,rainhead,bathroom,vibrant_finishes,rainhead,Square 254mm single function filtered rainhead in brushed rose gold,,18800.0,INR,True,,BRD,brushed rose gold,,,,,,,,,,,,,,,,not_specified,,,,,,,,,,,,,,,,,,,,,,,,,,,,,,,,,,,K-16346IN-BRD/; K-15399IN-B-BRD,,,,False,,,,False,,kohler-india-pricebook-2026-june,KOHLER India Price Book 2026 June Edition,2026,June Edition,147,catalogue,high,False,,unique,,clean
K-39507IN-BRD,Rain Duet™,Rain Duet™,rain-duet-rainhead,rainhead,bathroom,vibrant_finishes,rainhead,Round 254mm single function anti drip rainhead in brushed rose gold,,18000.0,INR,True,,BRD,brushed rose gold,,,,,,,,,,,,,,,,not_specified,,,,,,,,,,,,,,,,,,,,,,,,,,,,,,,,,,,K-16346IN-BRD/; K-15399IN-B-BRD,,,,False,,,,False,,kohler-india-pricebook-2026-june,KOHLER India Price Book 2026 June Edition,2026,June Edition,147,catalogue,high,False,,unique,,clean
K-26290IN-BRD,Statement™,Statement™,statement-showerhead,showerhead,bathroom,vibrant_finishes,showerhead,Oblong 202mm three function showerhead in brushed rose gold,,11250.0,INR,True,,BRD,brushed rose gold,,,,,,,,,,,,,,,,not_specified,,,,,,,,,,,,,,,,,,,,,,,,,,,,,,,,,,,K-26318IN-BRD,,,,False,,,,False,,kohler-india-pricebook-2026-june,KOHLER India Price Book 2026 June Edition,2026,June Edition,147,catalogue,high,False,,unique,,clean
K-38972IN-BRD,Pristine,Pristine,pristine-showerhead,showerhead,bathroom,vibrant_finishes,showerhead,Square 203mm single function filtered showerhead in brushed rose gold,,9800.0,INR,True,,BRD,brushed rose gold,,,,,,,,,,,,,,,,not_specified,,,,,,,,,,,,,,,,,,,,,,,,,,,,,,,,,,,K-26318IN-BRD,,,,False,,,,False,,kohler-india-pricebook-2026-june,KOHLER India Price Book 2026 June Edition,2026,June Edition,147,catalogue,high,False,,unique,,clean
K-34098IN-BRD,Radiance™,Radiance™,radiance-diverter,diverter,bathroom,vibrant_finishes,diverter,Shoulder shower unit with diverter in brushed rose gold,,27700.0,INR,True,,BRD,brushed rose gold,,,,,,,,,,,,,,,,not_specified,,,,,,,,,,,,,,,,,,,,,,,,,,,,,,,,,,,,,,,False,,,,False,,kohler-india-pricebook-2026-june,KOHLER India Price Book 2026 June Edition,2026,June Edition,147,catalogue,high,False,,unique,,clean
K-34099IN-BRD,Radiance™,Radiance™,radiance-diverter,diverter,bathroom,vibrant_finishes,diverter,Shoulder shower unit without diverter in brushed rose gold,,27700.0,INR,True,,BRD,brushed rose gold,,,,,,,,,,,,,,,,not_specified,,,,,,,,,,,,,,,,,,,,,,,,,,,,,,,,,,,,,,,False,,,,False,,kohler-india-pricebook-2026-june,KOHLER India Price Book 2026 June Edition,2026,June Edition,147,catalogue,high,False,,unique,,clean
K-26300IN-BRD,Statement™,Statement™,,,bathroom,vibrant_finishes,,Oblong vichy body spray in brushed rose gold,,28400.0,INR,True,,BRD,brushed rose gold,,,,,,,,,,,,,,,,not_specified,,,,,,,,,,,,,,,,,,,,,,,,,,,,,,,,,,,,,,,False,,,,False,,kohler-india-pricebook-2026-june,KOHLER India Price Book 2026 June Edition,2026,June Edition,147,catalogue,high,False,,unique,,clean
K-8002IN-BRD,Watertile®,Watertile®,,,bathroom,vibrant_finishes,,54-nozzle bodyspray in brushed rose gold,,20300.0,INR,True,,BRD,brushed rose gold,,,,,,,,,,,,,,,,not_specified,,,,,,,,,,,,,,,,,,,,,,,,,,,,,,,,,,,,,,,False,,,,False,,kohler-india-pricebook-2026-june,KOHLER India Price Book 2026 June Edition,2026,June Edition,148,catalogue,medium,False,,unique,,clean
K-26299IN-BRD,Statement™,Statement™,,,bathroom,vibrant_finishes,,Round deep massage body spray in brushed rose gold,,16100.0,INR,True,,BRD,brushed rose gold,,,,,,,,,,,,,,,,not_specified,,,,,,,,,,,,,,,,,,,,,,,,,,,,,,,,,,,,,,,False,,,,False,,kohler-india-pricebook-2026-june,KOHLER India Price Book 2026 June Edition,2026,June Edition,148,catalogue,medium,False,,unique,,clean
K-28694IN-BRD,Statement™,Statement™,statement-hand_shower,hand_shower,bathroom,vibrant_finishes,hand_shower,Round three-function hand shower with hose with WaterMind™ technology in brushed rose gold,,19350.0,INR,True,,BRD,brushed rose gold,,,,,,,,,,,,,,,,not_specified,,,,,,,,,,,,,,,,,,,,,,,,,,,,,,,,,,,K-99035IN-BRD,,,,False,,,,False,,kohler-india-pricebook-2026-june,KOHLER India Price Book 2026 June Edition,2026,June Edition,148,catalogue,medium,False,,unique,,clean
K-28695IN-BRD,Statement™,Statement™,statement-hand_shower,hand_shower,bathroom,vibrant_finishes,hand_shower,Oblong three-function hand shower with hose with WaterMind™ technology in brushed rose gold,,15900.0,INR,True,,BRD,brushed rose gold,,,,,,,,,,,,,,,,not_specified,,,,,,,,,,,,,,,,,,,,,,,,,,,,,,,,,,,K-99035IN-BRD,,,,False,,,,False,,kohler-india-pricebook-2026-june,KOHLER India Price Book 2026 June Edition,2026,June Edition,148,catalogue,medium,False,,unique,,clean
K-39502IN-BRD,Rain Duet™,Rain Duet™,rain-duet-hand_shower,hand_shower,bathroom,vibrant_finishes,hand_shower,Round three-function hand shower with purge without hose in brushed rose gold,,12000.0,INR,True,,BRD,brushed rose gold,,,,,,,,,,,,,,,,not_specified,,,,,,,,,,,,,,,,,,,,,,,,,,,,,,,,,,,K-99035IN-BRD; K-12067IN-BRD,,,,False,,,,False,,kohler-india-pricebook-2026-june,KOHLER India Price Book 2026 June Edition,2026,June Edition,148,catalogue,medium,False,,unique,,clean
K-98445IN-BRD,Spatula,Spatula,spatula-hand_shower,hand_shower,bathroom,vibrant_finishes,hand_shower,Square single function large hand shower with hose in brushed rose gold,,9750.0,INR,True,,BRD,brushed rose gold,,,,,,,,,,,,,,,,not_specified,,,,,,,,,,,,,,,,,,,,,,,,,,,,,,,,,,,K-99035IN-BRD,,,,False,,,,False,,kohler-india-pricebook-2026-june,KOHLER India Price Book 2026 June Edition,2026,June Edition,148,catalogue,medium,False,,unique,,clean
K-26350IN-9-BRD,Anthem™,Anthem™,anthem-shower_trim,shower_trim,bathroom,vibrant_finishes,shower_trim,Recessed thermostatic mechanical 6 outlet trim in brushed rose gold,,262500.0,INR,True,,BRD,brushed rose gold,,,,,,,,,,,,,,,,not_specified,,,,,,,,,,,,,,,,,,,,,,,,,,,,,,,,,,,K-26344IN-NA,,,,False,,,,False,,kohler-india-pricebook-2026-june,KOHLER India Price Book 2026 June Edition,2026,June Edition,148,catalogue,medium,False,,unique,,clean
K-26348IN-9-BRD,Anthem™,Anthem™,anthem-shower_trim,shower_trim,bathroom,vibrant_finishes,shower_trim,Recessed thermostatic mechanical 4 outlet trim in brushed rose gold,,181100.0,INR,True,,BRD,brushed rose gold,,,,,,,,,,,,,,,,not_specified,,,,,,,,,,,,,,,,,,,,,,,,,,,,,,,,,,,K-26342IN-NA,,,,False,,,,False,,kohler-india-pricebook-2026-june,KOHLER India Price Book 2026 June Edition,2026,June Edition,148,catalogue,medium,False,,unique,,clean
K-26347IN-9-BRD,Anthem™,Anthem™,anthem-shower_trim,shower_trim,bathroom,vibrant_finishes,shower_trim,Recessed thermostatic mechanical 3 outlet trim in brushed rose gold,,99200.0,INR,True,,BRD,brushed rose gold,,,,,,,,,,,,,,,,not_specified,,,,,,,,,,,,,,,,,,,,,,,,,,,,,,,,,,,K-26341IN-NA,,,,False,,,,False,,kohler-india-pricebook-2026-june,KOHLER India Price Book 2026 June Edition,2026,June Edition,148,catalogue,medium,False,,unique,,clean
K-20742IN-9FP-BRD,Autosense 235+,Autosense 235+,autosense-235-shower_trim,shower_trim,bathroom,vibrant_finishes,shower_trim,Thermostatic recessed bath & shower autosense 235+ square trim in brushed rose gold,,19150.0,INR,True,,BRD,brushed rose gold,,,,,,,,,,,,,,,,not_specified,,,,,,,,,,,,,,,,,,,,,,,,,,,,,,,,,,,K-20740IN-A-NA,,,,False,,,,False,,kohler-india-pricebook-2026-june,KOHLER India Price Book 2026 June Edition,2026,June Edition,148,catalogue,medium,False,,unique,,clean
K-24431IN-9FP-BRD,Autosense 235+,Autosense 235+,autosense-235-shower_trim,shower_trim,bathroom,vibrant_finishes,shower_trim,Thermostatic recessed bath & shower autosense 235+ universal trim in brushed rose gold,,18200.0,INR,True,,BRD,brushed rose gold,,,,,,,,,,,,,,,,not_specified,,,,,,,,,,,,,,,,,,,,,,,,,,,,,,,,,,,K-20740IN-A-NA,,,,False,,,,False,,kohler-india-pricebook-2026-june,KOHLER India Price Book 2026 June Edition,2026,June Edition,149,catalogue,high,False,,unique,,clean
K-20741IN-9FP-BRD,Autosense 235+,Autosense 235+,autosense-235-shower_trim,shower_trim,bathroom,vibrant_finishes,shower_trim,Thermostatic recessed bath & shower autosense 235+ round trim in brushed rose gold,,18200.0,INR,True,,BRD,brushed rose gold,,,,,,,,,,,,,,,,not_specified,,,,,,,,,,,,,,,,,,,,,,,,,,,,,,,,,,,K-20740IN-A-NA,,,,False,,,,False,,kohler-india-pricebook-2026-june,KOHLER India Price Book 2026 June Edition,2026,June Edition,149,catalogue,high,False,,unique,,clean
K-26324IN-BRD,Statement™,Statement™,statement-rainhead,rainhead,bathroom,vibrant_finishes,rainhead,482mm dual function wallmount rainhead arm in brushed rose gold,,27750.0,INR,True,,BRD,brushed rose gold,,,,,,,,,,,,,,,,not_specified,,,,,,,,,,,,,,,,,,,,,,,,,,,,,,,,,,,,,,,False,,,,False,,kohler-india-pricebook-2026-june,KOHLER India Price Book 2026 June Edition,2026,June Edition,149,catalogue,high,False,,unique,,clean
K-26326IN-BRD,Statement™,Statement™,statement-rainhead,rainhead,bathroom,vibrant_finishes,rainhead,254mm multi-function ceiling-mount rainhead arm in brushed rose gold,,25200.0,INR,True,,BRD,brushed rose gold,,,,,,,,,,,,,,,,not_specified,,,,,,,,,,,,,,,,,,,,,,,,,,,,,,,,,,,,,,,False,,,,False,,kohler-india-pricebook-2026-june,KOHLER India Price Book 2026 June Edition,2026,June Edition,149,catalogue,high,False,,unique,,clean
K-15399IN-B-BRD,Complementary™,Complementary™,complementary-shower_arm,shower_arm,bathroom,vibrant_finishes,shower_arm,254mm ceiling mount shower arm in brushed rose gold,,9350.0,INR,True,,BRD,brushed rose gold,,,,,,,,,,,,,,,,not_specified,,,,,,,,,,,,,,,,,,,,,,,,,,,,,,,,,,,,,,,False,,,,False,,kohler-india-pricebook-2026-june,KOHLER India Price Book 2026 June Edition,2026,June Edition,149,catalogue,high,False,,unique,,clean
K-16346IN-BRD,Master Shower,Master Shower,master-shower-shower_arm,shower_arm,bathroom,vibrant_finishes,shower_arm,Wall mount shower arm in brushed rose gold,,6700.0,INR,True,,BRD,brushed rose gold,,,,,,,,,,,,,,,,not_specified,,,,,,,,,,,,,,,,,,,,,,,,,,,,,,,,,,,,,,,False,,,,False,,kohler-india-pricebook-2026-june,KOHLER India Price Book 2026 June Edition,2026,June Edition,149,catalogue,high,False,,unique,,clean
K-26318IN-BRD,Statement™,Statement™,statement-showerhead,showerhead,bathroom,vibrant_finishes,showerhead,Wall mount showerhead arm in brushed rose gold,,4650.0,INR,True,,BRD,brushed rose gold,,,,,,,,,,,,,,,,not_specified,,,,,,,,,,,,,,,,,,,,,,,,,,,,,,,,,,,,,,,False,,,,False,,kohler-india-pricebook-2026-june,KOHLER India Price Book 2026 June Edition,2026,June Edition,149,catalogue,high,False,,unique,,clean
K-16381IN-BRD,Complementary™,Complementary™,,,bathroom,vibrant_finishes,,Wall supply elbow in brushed rose gold,,6700.0,INR,True,,BRD,brushed rose gold,,,,,,,,,,,,,,,,not_specified,,,,,,,,,,,,,,,,,,,,,,,,,,,,,,,,,,,,,,,False,,,,False,,kohler-india-pricebook-2026-june,KOHLER India Price Book 2026 June Edition,2026,June Edition,149,catalogue,high,False,,unique,,clean
K-12067IN-BRD,Complementary™,Complementary™,complementary-hand_shower,hand_shower,bathroom,vibrant_finishes,hand_shower,Hand shower hose 1.5M in brushed rose gold,,3090.0,INR,True,,BRD,brushed rose gold,,,,,,,,,,,,,,,,not_specified,,,,,,,,,,,,,,,,,,,,,,,,,,,,,,,,,,,,,,,False,,,,False,,kohler-india-pricebook-2026-june,KOHLER India Price Book 2026 June Edition,2026,June Edition,149,catalogue,high,False,,unique,,clean
K-99035IN-BRD,Complementary™,Complementary™,complementary-hand_shower,hand_shower,bathroom,vibrant_finishes,hand_shower,Bracket hand shower in brushed rose gold,,2060.0,INR,True,,BRD,brushed rose gold,,,,,,,,,,,,,,,,not_specified,,,,,,,,,,,,,,,,,,,,,,,,,,,,,,,,,,,,,,,False,,,,False,,kohler-india-pricebook-2026-june,KOHLER India Price Book 2026 June Edition,2026,June Edition,149,catalogue,high,False,,unique,,clean
K-10386IN-BRD,Complementary™,Complementary™,complementary-bath_spout,bath_spout,bathroom,vibrant_finishes,bath_spout,Bath spout with diverter in brushed rose gold,,5740.0,INR,True,,BRD,brushed rose gold,,,,,,,,,,,,,,,,not_specified,,,,,,,,,,,,,,,,,,,,,,,,,,,,,,,,,,,,,,,False,,,,False,,kohler-india-pricebook-2026-june,KOHLER India Price Book 2026 June Edition,2026,June Edition,149,catalogue,high,False,,unique,,clean
K-10385IN-BRD,Complementary™,Complementary™,complementary-bath_spout,bath_spout,bathroom,vibrant_finishes,bath_spout,Bath spout without diverter in brushed rose gold,,4910.0,INR,True,,BRD,brushed rose gold,,,,,,,,,,,,,,,,not_specified,,,,,,,,,,,,,,,,,,,,,,,,,,,,,,,,,,,,,,,False,,,,False,,kohler-india-pricebook-2026-june,KOHLER India Price Book 2026 June Edition,2026,June Edition,150,catalogue,high,False,,unique,,clean
K-16086IN-4-BRD,July™,July™,july-angle_valve,angle_valve,bathroom,vibrant_finishes,angle_valve,Angle valve G13mm (2 pcs per box) in brushed rose gold,,7210.0,INR,True,,BRD,brushed rose gold,,,,,,,,,,,,,,,,not_specified,,,,,,,,,,,,,,,,,,,,,,,,,,,,,,,,,,,,,,,False,,,,False,,kohler-india-pricebook-2026-june,KOHLER India Price Book 2026 June Edition,2026,June Edition,150,catalogue,high,False,,unique,,clean
K-16094IN-4-BRD,July™,July™,july-bib_tap,bib_tap,bathroom,vibrant_finishes,bib_tap,2-way bib tap in brushed rose gold,,8340.0,INR,True,,BRD,brushed rose gold,,,,,,,,,,,,,,,,not_specified,,,,,,,,,,,,,,,,,,,,,,,,,,,,,,,,,,,,,,,False,,,,False,,kohler-india-pricebook-2026-june,KOHLER India Price Book 2026 June Edition,2026,June Edition,150,catalogue,high,False,,unique,,clean
K-16087IN-4-BRD,July™,July™,july-stop_valve,stop_valve,bathroom,vibrant_finishes,stop_valve,In-line stop valve trim in brushed rose gold,,2060.0,INR,True,,BRD,brushed rose gold,,,,,,,,,,,,,,,,not_specified,,,,,,,,,,,,,,,,,,,,,,,,,,,,,,,,,,,,,,,False,,,,False,,kohler-india-pricebook-2026-june,KOHLER India Price Book 2026 June Edition,2026,June Edition,150,catalogue,high,False,,unique,,clean
K-7120IN-BRD,Complementary™,Complementary™,complementary-drain,drain,bathroom,vibrant_finishes,drain,"Click drain, big cap in brushed rose gold",,5800.0,INR,True,,BRD,brushed rose gold,,,,,,,,,,,,,,,,not_specified,,,,,,,,,,,,,,,,,,,,,,,,,,,,,,,,,,,,,,,False,,,,False,,kohler-india-pricebook-2026-june,KOHLER India Price Book 2026 June Edition,2026,June Edition,150,catalogue,high,False,,unique,,clean
K-45432IN-BRD,Complementary™,Complementary™,complementary-drain,drain,bathroom,vibrant_finishes,drain,Grid drain with overflow hole in brushed rose gold,,1440.0,INR,True,,BRD,brushed rose gold,,,,,,,,,,,,,,,,not_specified,,,,,,,,,,,,,,,,,,,,,,,,,,,,,,,,,,,,,,,False,,,,False,,kohler-india-pricebook-2026-june,KOHLER India Price Book 2026 June Edition,2026,June Edition,150,catalogue,high,False,,unique,,clean
K-20746IN-BRD,Complementary™,Complementary™,complementary-drain,drain,bathroom,vibrant_finishes,drain,Grid drain in brushed rose gold,,1130.0,INR,True,,BRD,brushed rose gold,,,,,,,,,,,,,,,,not_specified,,,,,,,,,,,,,,,,,,,,,,,,,,,,,,,,,,,,,,,False,,,,False,,kohler-india-pricebook-2026-june,KOHLER India Price Book 2026 June Edition,2026,June Edition,150,catalogue,high,False,,unique,,clean
K-75823IN-BRD,Complementary™,Complementary™,complementary-bottle_trap,bottle_trap,bathroom,vibrant_finishes,bottle_trap,350mm bottle trap in brushed rose gold,,5970.0,INR,True,,BRD,brushed rose gold,,,,,,,,,,,,,,,,not_specified,,,,,,,,,,,,,,,,,,,,,,,,,,,,,,,,,,,,,,,False,,,,False,,kohler-india-pricebook-2026-june,KOHLER India Price Book 2026 June Edition,2026,June Edition,150,catalogue,high,False,,unique,,clean
K-7314IN-BRD,Complementary™,Complementary™,complementary-bottle_trap,bottle_trap,bathroom,vibrant_finishes,bottle_trap,300mm bottle trap without drain in brushed rose gold,,5360.0,INR,True,,BRD,brushed rose gold,,,,,,,,,,,,,,,,not_specified,,,,,,,,,,,,,,,,,,,,,,,,,,,,,,,,,,,,,,,False,,,,False,,kohler-india-pricebook-2026-june,KOHLER India Price Book 2026 June Edition,2026,June Edition,150,catalogue,high,False,,unique,,clean
K-7275IN-ZZ-BRD,Complementary™,Complementary™,complementary-drain,drain,bathroom,vibrant_finishes,drain,Floor drain with 27 lpm discharge rate in brushed rose gold,,3100.0,INR,True,,BRD,brushed rose gold,,,,,,,,,,,,,,,,not_specified,,,,,,,,,,,,,,,,,,,,,,,,,,,,,,,,,,,,,,,False,,,,False,,kohler-india-pricebook-2026-june,KOHLER India Price Book 2026 June Edition,2026,June Edition,151,catalogue,high,False,,unique,,clean
K-97258IN-ZZ-BRD,Elate®,Elate®,,,bathroom,vibrant_finishes,,Health faucet with hose and bracket in brushed rose gold,,8100.0,INR,True,,BRD,brushed rose gold,,,,,,,,,,,,,,,,not_specified,,,,,,,,,,,,,,,,,,,,,,,,,,,,,,,,,,,,,,,False,,,,False,,kohler-india-pricebook-2026-june,KOHLER India Price Book 2026 June Edition,2026,June Edition,151,catalogue,high,False,,unique,,clean
K-25348IN-BRD,Elate®,Elate®,elate-bath_accessory,bath_accessory,bathroom,vibrant_finishes,bath_accessory,Accent 610mm single towel bar in brushed rose gold,,5950.0,INR,True,,BRD,brushed rose gold,,,,,,,,,,,,,,,,not_specified,,,,,,,,,,,,,,,,,,,,,,,,,,,,,,,,,,,,,,,False,,,,False,,kohler-india-pricebook-2026-june,KOHLER India Price Book 2026 June Edition,2026,June Edition,151,catalogue,high,False,,unique,,clean
K-25430IN-BRD,Elate®,Elate®,,,bathroom,vibrant_finishes,,Toilet brush holder in brushed rose gold,,5200.0,INR,True,,BRD,brushed rose gold,,,,,,,,,,,,,,,,not_specified,,,,,,,,,,,,,,,,,,,,,,,,,,,,,,,,,,,,,,,False,,,,False,,kohler-india-pricebook-2026-june,KOHLER India Price Book 2026 June Edition,2026,June Edition,151,catalogue,high,False,,unique,,clean
K-25347IN-BRD,Elate®,Elate®,elate-bath_accessory,bath_accessory,bathroom,vibrant_finishes,bath_accessory,Towel ring in brushed rose gold,,4700.0,INR,True,,BRD,brushed rose gold,,,,,,,,,,,,,,,,not_specified,,,,,,,,,,,,,,,,,,,,,,,,,,,,,,,,,,,,,,,False,,,,False,,kohler-india-pricebook-2026-june,KOHLER India Price Book 2026 June Edition,2026,June Edition,151,catalogue,high,False,,unique,,clean
K-25428IN-BRD,Elate®,Elate®,,,bathroom,vibrant_finishes,,Tumbler holder in brushed rose gold,,3450.0,INR,True,,BRD,brushed rose gold,,,,,,,,,,,,,,,,not_specified,,,,,,,,,,,,,,,,,,,,,,,,,,,,,,,,,,,,,,,False,,,,False,,kohler-india-pricebook-2026-june,KOHLER India Price Book 2026 June Edition,2026,June Edition,151,catalogue,high,False,,unique,,clean
K-25346IN-BRD,Elate®,Elate®,,,bathroom,vibrant_finishes,,Toilet tissue holder in brushed rose gold,,3100.0,INR,True,,BRD,brushed rose gold,,,,,,,,,,,,,,,,not_specified,,,,,,,,,,,,,,,,,,,,,,,,,,,,,,,,,,,,,,,False,,,,False,,kohler-india-pricebook-2026-june,KOHLER India Price Book 2026 June Edition,2026,June Edition,151,catalogue,high,False,,unique,,clean
K-25429IN-BRD,Elate®,Elate®,,,bathroom,vibrant_finishes,,Soap dish in brushed rose gold,,3100.0,INR,True,,BRD,brushed rose gold,,,,,,,,,,,,,,,,not_specified,,,,,,,,,,,,,,,,,,,,,,,,,,,,,,,,,,,,,,,False,,,,False,,kohler-india-pricebook-2026-june,KOHLER India Price Book 2026 June Edition,2026,June Edition,151,catalogue,high,False,,unique,,clean
K-25349IN-BRD,Elate®,Elate®,elate-bath_accessory,bath_accessory,bathroom,vibrant_finishes,bath_accessory,Single robe hook in brushed rose gold,,1650.0,INR,True,,BRD,brushed rose gold,,,,,,,,,,,,,,,,not_specified,,,,,,,,,,,,,,,,,,,,,,,,,,,,,,,,,,,,,,,False,,,,False,,kohler-india-pricebook-2026-june,KOHLER India Price Book 2026 June Edition,2026,June Edition,151,catalogue,high,False,,unique,,clean
K-38735IN-NA,,,,kitchen_sink,kitchen,kitchen_sinks,kitchen_sink,Strive™ single bowl kitchen sinks,,19500.0,INR,True,,,,,,,18” x 16” x 10”,,,,,,,,,,,,fixed,,,,,,,,,,,,,,,,,,,,,,,,,,,,,,,,,,,,,,,False,,,,False,,kohler-india-pricebook-2026-june,KOHLER India Price Book 2026 June Edition,2026,June Edition,154,catalogue,high,False,,unique,,clean
K-38778IN-NA,,,,kitchen_sink,kitchen,kitchen_sinks,kitchen_sink,Strive™ single bowl kitchen sink,,21000.0,INR,True,,,,,,,21” x 18” x 10”,,,,,,,,,,,,fixed,,,,,,,,,,,,,,,,,,,,,,,,,,,,,,,,,,,,,,,False,,,,False,,kohler-india-pricebook-2026-june,KOHLER India Price Book 2026 June Edition,2026,June Edition,154,catalogue,high,False,,unique,,clean
K-38779IN-NA,,,,kitchen_sink,kitchen,kitchen_sinks,kitchen_sink,Strive™ single bowl kitchen sink,,21500.0,INR,True,,,,,,,24” x 18” x 10”,,,,,,,,,,,,fixed,,,,,,,,,,,,,,,,,,,,,,,,,,,,,,,,,,,,,,,False,,,,False,,kohler-india-pricebook-2026-june,KOHLER India Price Book 2026 June Edition,2026,June Edition,154,catalogue,high,False,,unique,,clean
K-38795IN-NA,,,,kitchen_sink,kitchen,kitchen_sinks,kitchen_sink,Strive™ Single bowl kitchen sink with tap hole,,22500.0,INR,True,,,,,,,24” x 20” x 10”,,,,,,,,,,,,fixed,,,,,,,,,,,,,,,,,,,,,,,,,,,,,,,,,,,,,,,False,,,,False,,kohler-india-pricebook-2026-june,KOHLER India Price Book 2026 June Edition,2026,June Edition,154,catalogue,high,False,,unique,,clean
K-38796IN-NA,,,,kitchen_sink,kitchen,kitchen_sinks,kitchen_sink,Strive™ single bowl kitchen sink,,24000.0,INR,True,,,,,,,30” x 18” x 10”,,,,,,,,,,,,fixed,,,,,,,,,,,,,,,,,,,,,,,,,,,,,,,,,,,,,,,False,,,,False,,kohler-india-pricebook-2026-june,KOHLER India Price Book 2026 June Edition,2026,June Edition,154,catalogue,high,False,,unique,,clean
K-38797IN-NA,,,,kitchen_sink,kitchen,kitchen_sinks,kitchen_sink,Strive™ double equal bowl kitchen sink,,28500.0,INR,True,,,,,,,30” x 18” x 10”,,,,,,,,,,,,fixed,,,,,,,,,,,,,,,,,,,,,,,,,,,,,,,,,,,,,,,False,,,,False,,kohler-india-pricebook-2026-june,KOHLER India Price Book 2026 June Edition,2026,June Edition,154,catalogue,high,False,,unique,,clean
K-38801IN-NA,,,,kitchen_sink,kitchen,kitchen_sinks,kitchen_sink,Strive™ double equal bowl kitchen sink,,35000.0,INR,True,,,,,,,36” x 18” x 10”,,,,,,,,,,,,fixed,,,,,,,,,,,,,,,,,,,,,,,,,,,,,,,,,,,,,,,False,,,,False,,kohler-india-pricebook-2026-june,KOHLER India Price Book 2026 June Edition,2026,June Edition,154,catalogue,high,False,,unique,,clean
K-38802IN-NA,,,,kitchen_sink,kitchen,kitchen_sinks,kitchen_sink,Strive™ Double equal bowl kitchen sink with tap hole,,36000.0,INR,True,,,,,,,36” x 20” x 10”,,,,,,,,,,,,fixed,,,,,,,,,,,,,,,,,,,,,,,,,,,,,,,,,,,,,,,False,,,,False,,kohler-india-pricebook-2026-june,KOHLER India Price Book 2026 June Edition,2026,June Edition,154,catalogue,high,False,,unique,,clean
K-38803IN-NA,,,,kitchen_sink,kitchen,kitchen_sinks,kitchen_sink,Strive™ double equal bowl kitchen sink,,37000.0,INR,True,,,,,,,40” x 18” x 10”,,,,,,,,,,,,fixed,,,,,,,,,,,,,,,,,,,,,,,,,,,,,,,,,,,,,,,False,,,,False,,kohler-india-pricebook-2026-june,KOHLER India Price Book 2026 June Edition,2026,June Edition,154,catalogue,high,False,,unique,,clean
K-38806IN-NA,,,,kitchen_sink,kitchen,kitchen_sinks,kitchen_sink,Strive™ double equal bowl kitchen sink,,50000.0,INR,True,,,,,,,45” x 18” x 10”,,,,,,,,,,,,fixed,,,,,,,,,,,,,,,,,,,,,,,,,,,,,,,,,,,,,,,False,,,,False,,kohler-india-pricebook-2026-june,KOHLER India Price Book 2026 June Edition,2026,June Edition,154,catalogue,high,False,,unique,,clean
K-38807IN-NA,,,,kitchen_sink,kitchen,kitchen_sinks,kitchen_sink,Strive™ double equal bowl kitchen sink with tap hole,,52000.0,INR,True,,,,,,,45” x 20” x 10”,,,,,,,,,,,,fixed,,,,,,,,,,,,,,,,,,,,,,,,,,,,,,,,,,,,,,,False,,,,False,,kohler-india-pricebook-2026-june,KOHLER India Price Book 2026 June Edition,2026,June Edition,154,catalogue,high,False,,unique,,clean
K-39242IN-ST,,,,kitchen_sink_accessory,kitchen,kitchen_sinks,kitchen_sink_accessory,Strive™ Double bowl SS wire rack,,9282.0,INR,True,,,,,,,,,,,,,,,,,,,not_specified,,,,,,,,,,,,,,,,,,,,,,,,,,,,,,,,,,,,,K-38806IN-NA; K-38807IN-NA,"K-38806IN-NA, K-38807IN-NA",False,,,,False,,kohler-india-pricebook-2026-june,KOHLER India Price Book 2026 June Edition,2026,June Edition,155,catalogue,high,False,,unique,,clean
K-39241IN-ST,,,,kitchen_sink_accessory,kitchen,kitchen_sinks,kitchen_sink_accessory,Strive™ Double bowl SS wire rack,,7500.0,INR,True,,,,,,,,,,,,,,,,,,,not_specified,,,,,,,,,,,,,,,,,,,,,,,,,,,,,,,,,,,,,K-38803IN-NA,K-38803IN-NA,False,,,,False,,kohler-india-pricebook-2026-june,KOHLER India Price Book 2026 June Edition,2026,June Edition,155,catalogue,high,False,,unique,,clean
K-39240IN-ST,,,,kitchen_sink_accessory,kitchen,kitchen_sinks,kitchen_sink_accessory,Strive™ Double bowl SS wire rack,,6500.0,INR,True,,,,,,,,,,,,,,,,,,,not_specified,,,,,,,,,,,,,,,,,,,,,,,,,,,,,,,,,,,,,K-38801IN-NA; K-38802IN-NA,"K-38801IN-NA, K-38802IN-NA",False,,,,False,,kohler-india-pricebook-2026-june,KOHLER India Price Book 2026 June Edition,2026,June Edition,155,catalogue,high,False,,unique,,clean
K-39239IN-ST,,,,kitchen_sink_accessory,kitchen,kitchen_sinks,kitchen_sink_accessory,Strive™ Double bowl SS wire rack,,6000.0,INR,True,,,,,,,,,,,,,,,,,,,not_specified,,,,,,,,,,,,,,,,,,,,,,,,,,,,,,,,,,,,,K-38797IN-NA,K-38797IN-NA,False,,,,False,,kohler-india-pricebook-2026-june,KOHLER India Price Book 2026 June Edition,2026,June Edition,155,catalogue,high,False,,unique,,clean
K-39209IN-NA,,,,kitchen_sink_accessory,kitchen,kitchen_sinks,kitchen_sink_accessory,Strive™ Stainless steel flexible colander,,6000.0,INR,True,,,,,,,,,,,,,,,,,,,not_specified,,,,,,,,,,,,,,,,,,,,,,,,,,,,,,,,,,,,,,,False,,,,False,,kohler-india-pricebook-2026-june,KOHLER India Price Book 2026 June Edition,2026,June Edition,155,catalogue,high,False,,unique,,clean
K-39238IN-ST,,,,kitchen_sink_accessory,kitchen,kitchen_sinks,kitchen_sink_accessory,Strive™ Single bowl SS wire rack,,5500.0,INR,True,,,,,,,,,,,,,,,,,,,not_specified,,,,,,,,,,,,,,,,,,,,,,,,,,,,,,,,,,,,,K-38796IN-NA,K-38796IN-NA,False,,,,False,,kohler-india-pricebook-2026-june,KOHLER India Price Book 2026 June Edition,2026,June Edition,155,catalogue,high,False,,unique,,clean
K-39237IN-ST,,,,kitchen_sink_accessory,kitchen,kitchen_sinks,kitchen_sink_accessory,Strive™ Single bowl SS wire rack,,5000.0,INR,True,,,,,,,,,,,,,,,,,,,not_specified,,,,,,,,,,,,,,,,,,,,,,,,,,,,,,,,,,,,,K-38779IN-NA; K-38795IN-NA,"K-38779IN-NA, K-38795IN-NA",False,,,,False,,kohler-india-pricebook-2026-june,KOHLER India Price Book 2026 June Edition,2026,June Edition,155,catalogue,high,False,,unique,,clean
K-28929IN-CHR,,,,,kitchen,kitchen_sinks,,Strive™ Stainless steel sink roll-up multipurpose rack,,5000.0,INR,True,,,,,,,,,,,,,,,,,,,not_specified,,,,,,,,,,,,,,,,,,,,,,,,,,,,,,,,,,,,,,,False,,,,False,,kohler-india-pricebook-2026-june,KOHLER India Price Book 2026 June Edition,2026,June Edition,155,catalogue,high,False,,unique,,clean
K-39228IN-ST,,,,kitchen_sink_accessory,kitchen,kitchen_sinks,kitchen_sink_accessory,Strive™ Single bowl SS wire rack,,4500.0,INR,True,,,,,,,,,,,,,,,,,,,not_specified,,,,,,,,,,,,,,,,,,,,,,,,,,,,,,,,,,,,,K-38778IN-NA,K-38778IN-NA,False,,,,False,,kohler-india-pricebook-2026-june,KOHLER India Price Book 2026 June Edition,2026,June Edition,155,catalogue,high,False,,unique,,clean
K-39218IN-ST,,,,kitchen_sink_accessory,kitchen,kitchen_sinks,kitchen_sink_accessory,Strive™ Single bowl SS wire rack,,4000.0,INR,True,,,,,,,,,,,,,,,,,,,not_specified,,,,,,,,,,,,,,,,,,,,,,,,,,,,,,,,,,,,,K-38735IN-NA,K-38735IN-NA,False,,,,False,,kohler-india-pricebook-2026-june,KOHLER India Price Book 2026 June Edition,2026,June Edition,155,catalogue,high,False,,unique,,clean
K-1628469,,,,kitchen_sink_accessory,kitchen,kitchen_sinks,kitchen_sink_accessory,Strive™ Drain pipe double bowl,,900.0,INR,True,,,,,,,,,,,,,,,,,,,not_specified,,,,,,,,,,,,,,,,,,,,,,,,,,,,,,,,,,,,,,,False,,,,False,,kohler-india-pricebook-2026-june,KOHLER India Price Book 2026 June Edition,2026,June Edition,155,catalogue,high,False,,unique,,clean
K-1628468,,,,kitchen_sink_accessory,kitchen,kitchen_sinks,kitchen_sink_accessory,Strive™ drain pipe single bowl,,500.0,INR,True,,,,,,,,,,,,,,,,,,,not_specified,,,,,,,,,,,,,,,,,,,,,,,,,,,,,,,,,,,,,,,False,,,,False,,kohler-india-pricebook-2026-june,KOHLER India Price Book 2026 June Edition,2026,June Edition,155,catalogue,high,False,,unique,,clean
K-1628460,,,,,kitchen,kitchen_sinks,,Strainer SS Sink,,1200.0,INR,True,,,,,,,,,,,,,,,,,,,not_specified,,,,,,,,,,,,,,,,,,,,,,,,,,,,,,,,,,,,,,,False,,,,False,,kohler-india-pricebook-2026-june,KOHLER India Price Book 2026 June Edition,2026,June Edition,156,catalogue,high,False,,unique,,clean
K-39208IN-NA,,,,kitchen_sink_accessory,kitchen,kitchen_sinks,kitchen_sink_accessory,Strive™ Stainless steel sink cleaner,,1200.0,INR,True,,,,,,,,,,,,,,,,,,,not_specified,,,,,,,,,,,,,,,,,,,,,,,,,,,,,,,,,,,,,,,False,,,,False,,kohler-india-pricebook-2026-june,KOHLER India Price Book 2026 June Edition,2026,June Edition,156,catalogue,high,False,,unique,,clean
K-25784IN-CM1,,,,kitchen_sink,kitchen,kitchen_sinks,kitchen_sink,Cairn® Undermount single-bowl farmhouse kitchen sink,,103000.0,INR,True,,,,Matte black,,,36” x 21”,,,,,,,,,,,,fixed,,,,,,,,,,,,,,,,,,,,,,,,,,,,,,,,,,,,,,,False,,,,False,,kohler-india-pricebook-2026-june,KOHLER India Price Book 2026 June Edition,2026,June Edition,156,catalogue,medium,False,,unique,,resolved_source_verified
K-32015IN-HNN-UM1,,,,kitchen_sink,kitchen,kitchen_sinks,kitchen_sink,Task™ 34” x 18” Double-bowl offset universal mount kitchen sink,,82500.0,INR,True,,,,Matte black,,,34” x 18” x 9.3”,,,,,,,,,,,,fixed,,,,,,,,,,,,,,,,,,,,,,,,,,,,,,,,,,Strainer; Drain Pipe; Colander; Chopping Board; Soaking Basket,,,,,False,,,,False,,kohler-india-pricebook-2026-june,KOHLER India Price Book 2026 June Edition,2026,June Edition,156,catalogue,medium,False,,unique,,resolved_source_verified
K-30718IN-2HDN-UM1,,,,kitchen_sink,kitchen,kitchen_sinks,kitchen_sink,Ladena™ Neoroc® 31” x 20” Double-bowl offset universal mount kitchen sink,,77000.0,INR,True,,,,Matte black,,,31” x 19” x 9.3”,,,,,,,,,,,,fixed,,,,,,,,,,,,,,,,,,,,,,,,,,,,,,,,,,Drain Pipe; Strainer; Nesting Colander Set; Soaking Basket; Soap Dispenser,,,,,False,,,,False,,kohler-india-pricebook-2026-june,KOHLER India Price Book 2026 June Edition,2026,June Edition,156,catalogue,medium,False,,unique,,resolved_source_verified
K-32018IN-HNN-UM1,,,,kitchen_sink,kitchen,kitchen_sinks,kitchen_sink,Task™ Neoroc® 30” x 18” Single-bowl universal mount kitchen sink,,71500.0,INR,True,,,,Matte black,,,30” x 18” x 9.3”,,,,,,,,,,,,fixed,,,,,,,,,,,,,,,,,,,,,,,,,,,,,,,,,,Strainer; Drain Pipe; Colander; Chopping Board; Soaking Basket,,,,,False,,,,False,,kohler-india-pricebook-2026-june,KOHLER India Price Book 2026 June Edition,2026,June Edition,156,catalogue,medium,False,,unique,,resolved_source_verified
K-32014IN-2HDN-UM1,,,,kitchen_sink,kitchen,kitchen_sinks,kitchen_sink,Ladena™ Neoroc® 24” x 20” Single-bowl universal mount kitchen sink,,60500.0,INR,True,,,,Matte black,,,24” x 20” x 9.3”,,,,,,,,,,,,fixed,,,,,,,,,,,,,,,,,,,,,,,,,,,,,,,,,,Drain Pipe; Strainer; Nesting Colander Set; Soaking Basket; Soap Dispenser,,,,,False,,,,False,,kohler-india-pricebook-2026-june,KOHLER India Price Book 2026 June Edition,2026,June Edition,156,catalogue,medium,False,,unique,,resolved_source_verified
K-30717IN-HNN-UM1,,,,kitchen_sink,kitchen,kitchen_sinks,kitchen_sink,Ladena™ Neoroc® 18” x 18” Single-bowl universal mount kitchen sink,,50000.0,INR,True,,,,Matte black,,,18” x 19” x 9.3”,,,,,,,,,,,,fixed,,,,,,,,,,,,,,,,,,,,,,,,,,,,,,,,,,Strainer; Drain pipe,,,,,False,,,,False,,kohler-india-pricebook-2026-june,KOHLER India Price Book 2026 June Edition,2026,June Edition,156,catalogue,medium,False,,unique,,resolved_source_verified
K-77748IN-4-VS,Malleco™,Malleco™,malleco-kitchen_faucet,kitchen_faucet,kitchen,kitchen_faucets,kitchen_faucet,Touchless kitchen faucet in vibrant stainless steel,,37500.0,INR,True,,VS,,vibrant stainless steel,,,,,,,,,,,,,,,not_specified,,,,,,,,,,,,,,,,,,,,,,,,,,,,,,,,,,,,,,,False,,,,False,,kohler-india-pricebook-2026-june,KOHLER India Price Book 2026 June Edition,2026,June Edition,157,catalogue,high,False,,unique,,clean
K-77748IN-4-CP,Malleco™,Malleco™,malleco-kitchen_faucet,kitchen_faucet,kitchen,kitchen_faucets,kitchen_faucet,Touchless pulldown kitchen faucet in polished chrome,,35300.0,INR,True,,CP,,polished chrome,,,,,,,,,,,,,,,not_specified,,,,,,,,,,,,,,,,,,,,,,,,,,,,,,,,,,,,,,,False,,,,False,,kohler-india-pricebook-2026-june,KOHLER India Price Book 2026 June Edition,2026,June Edition,157,catalogue,high,False,,unique,,clean
K-72511IN-SD-CP,Mazz®,Mazz®,mazz-kitchen_faucet,kitchen_faucet,kitchen,kitchen_faucets,kitchen_faucet,Pulldown kitchen faucet in polished chrome,,30900.0,INR,True,,CP,,polished chrome,,,,,,,,,,,,,,,not_specified,,,,,,,,,,,,,,,,,,,,,,,,,,,,,,,,,,,,,,,False,,,,False,,kohler-india-pricebook-2026-june,KOHLER India Price Book 2026 June Edition,2026,June Edition,157,catalogue,high,False,,unique,,clean
K-77764IN-SD-VS,Arise®,Arise®,arise-kitchen_faucet,kitchen_faucet,kitchen,kitchen_faucets,kitchen_faucet,Pulldown kitchen faucet in vibrant stainless steel,,25100.0,INR,True,,VS,,vibrant stainless steel,,,,,,,,,,,,,,,not_specified,,,,,,,,,,,,,,,,,,,,,,,,,,,,,,,,,,,,,,,False,,,,False,,kohler-india-pricebook-2026-june,KOHLER India Price Book 2026 June Edition,2026,June Edition,157,catalogue,high,False,,unique,,clean
K-13963T-C4-VS,Elate®,Elate®,elate-kitchen_faucet,kitchen_faucet,kitchen,kitchen_faucets,kitchen_faucet,Pulldown kitchen faucet in vibrant stainless steel,,24000.0,INR,True,,VS,,vibrant stainless steel,,,,,,,,,,,,,,,not_specified,,,,,,,,,,,,,,,,,,,,,,,,,,,,,,,,,,,,,,,False,,,,False,,kohler-india-pricebook-2026-june,KOHLER India Price Book 2026 June Edition,2026,June Edition,157,catalogue,high,False,,unique,,clean
K-13963T-C4-CP,Elate®,Elate®,elate-kitchen_faucet,kitchen_faucet,kitchen,kitchen_faucets,kitchen_faucet,Pulldown kitchen faucet in polished chrome,,21850.0,INR,True,,CP,,polished chrome,,,,,,,,,,,,,,,not_specified,,,,,,,,,,,,,,,,,,,,,,,,,,,,,,,,,,,,,,,False,,,,False,,kohler-india-pricebook-2026-june,KOHLER India Price Book 2026 June Edition,2026,June Edition,158,catalogue,high,False,,unique,,clean
K-562IN-SD-VS,Malleco™,Malleco™,malleco-kitchen_faucet,kitchen_faucet,kitchen,kitchen_faucets,kitchen_faucet,Pull-down kitchen sink faucet with two-function sprayhead and soap dispenser in stainless steel,,19400.0,INR,True,,VS,,stainless steel,,,,,,,,,,,,,,,not_specified,,,,,,,,,,,,,,,,,,,,,,,,,,,,,,,,,,,,,,,False,,,,False,,kohler-india-pricebook-2026-june,KOHLER India Price Book 2026 June Edition,2026,June Edition,158,catalogue,high,False,,unique,,clean
K-75373IN-4-CP,Aleo+™,Aleo+™,aleo-kitchen_faucet,kitchen_faucet,kitchen,kitchen_faucets,kitchen_faucet,Tube spout kitchen faucet in polished chrome,,14050.0,INR,True,,CP,,polished chrome,,,,,,,,,,,,,,,not_specified,,,,,,,,,,,,,,,,,,,,,,,,,,,,,,,,,,,,,,,False,,,,False,,kohler-india-pricebook-2026-june,KOHLER India Price Book 2026 June Edition,2026,June Edition,158,catalogue,high,False,,unique,,clean
K-37316IN-4-CP,Cuff™,Cuff™,cuff-kitchen_faucet,kitchen_faucet,kitchen,kitchen_faucets,kitchen_faucet,2 handle deck-mount kitchen mixer in polished chrome,,10900.0,INR,True,,CP,,polished chrome,,,,,,,,,,,,,,,not_specified,,,,,,,,,,,,,,,,,,,,,,,,,,,,,,,,,,,,,,,False,,,,False,,kohler-india-pricebook-2026-june,KOHLER India Price Book 2026 June Edition,2026,June Edition,158,catalogue,high,False,,unique,,clean
K-5243IN-4-CP,July™,July™,july-kitchen_faucet,kitchen_faucet,kitchen,kitchen_faucets,kitchen_faucet,Kitchen faucet in polished chrome,,10300.0,INR,True,,CP,,polished chrome,,,,,,,,,,,,,,,not_specified,,,,,,,,,,,,,,,,,,,,,,,,,,,,,,,,,,,,,,,False,,,,False,,kohler-india-pricebook-2026-june,KOHLER India Price Book 2026 June Edition,2026,June Edition,158,catalogue,high,False,,unique,,clean
K-20587IN-4-CP,Aleo+™,Aleo+™,aleo-kitchen_faucet,kitchen_faucet,kitchen,kitchen_faucets,kitchen_faucet,Deck-mount cold only kitchen faucet in polished chrome,,8650.0,INR,True,,CP,,polished chrome,,,,,,,,,,,,,,,not_specified,,,,,,,,,,,,,,,,,,,,,,,,,,,,,,,,,,,,,,,False,,,,False,,kohler-india-pricebook-2026-june,KOHLER India Price Book 2026 June Edition,2026,June Edition,158,catalogue,high,False,,unique,,clean
K-37313IN-4-CP,Cuff™,Cuff™,cuff-kitchen_faucet,kitchen_faucet,kitchen,kitchen_faucets,kitchen_faucet,Single handle deck-mount cold only kitchen faucet in polished chrome,,6500.0,INR,True,,CP,,polished chrome,,,,,,,,,,,,,,,not_specified,,,,,,,,,,,,,,,,,,,,,,,,,,,,,,,,,,,,,,,False,,,,False,,kohler-india-pricebook-2026-june,KOHLER India Price Book 2026 June Edition,2026,June Edition,158,catalogue,high,False,,unique,,clean
K-20585IN-4-CP,July™,July™,july-kitchen_faucet,kitchen_faucet,kitchen,kitchen_faucets,kitchen_faucet,Deck-mount cold only kitchen faucet in polished chrome,,6180.0,INR,True,,CP,,polished chrome,,,,,,,,,,,,,,,not_specified,,,,,,,,,,,,,,,,,,,,,,,,,,,,,,,,,,,,,,,False,,,,False,,kohler-india-pricebook-2026-june,KOHLER India Price Book 2026 June Edition,2026,June Edition,158,catalogue,high,False,,unique,,clean
K-20593IN-4-CP,Aleo+™,Aleo+™,aleo-kitchen_faucet,kitchen_faucet,kitchen,kitchen_faucets,kitchen_faucet,Wall mount kitchen mixer in polished chrome,,14350.0,INR,True,,CP,,polished chrome,,,,,,,,,,,,,,,not_specified,,,,,,,,,,,,,,,,,,,,,,,,,,,,,,,,,,,,,,,False,,,,False,,kohler-india-pricebook-2026-june,KOHLER India Price Book 2026 June Edition,2026,June Edition,158,catalogue,high,False,,unique,,clean
K-37315IN-4-CP,Cuff™,Cuff™,cuff-kitchen_faucet,kitchen_faucet,kitchen,kitchen_faucets,kitchen_faucet,2 handle wall mount kitchen mixer in polished chrome,,11450.0,INR,True,,CP,,polished chrome,,,,,,,,,,,,,,,not_specified,,,,,,,,,,,,,,,,,,,,,,,,,,,,,,,,,,,,,,,False,,,,False,,kohler-india-pricebook-2026-june,KOHLER India Price Book 2026 June Edition,2026,June Edition,158,catalogue,high,False,,unique,,clean
K-99483IN-A4-CP,Kumin™,Kumin™,kumin-kitchen_faucet,kitchen_faucet,kitchen,kitchen_faucets,kitchen_faucet,Single handle wall mount kitchen faucet in polished chrome,,9790.0,INR,True,,CP,,polished chrome,,,,,,,,,,,,,,,not_specified,,,,,,,,,,,,,,,,,,,,,,,,,,,,,,,,,,,,,,,False,,,,False,,kohler-india-pricebook-2026-june,KOHLER India Price Book 2026 June Edition,2026,June Edition,158,catalogue,high,False,,unique,,clean
K-20591IN-4-CP,July™,July™,july-kitchen_faucet,kitchen_faucet,kitchen,kitchen_faucets,kitchen_faucet,Wall mount kitchen mixer in polished chrome,,9630.0,INR,True,,CP,,polished chrome,,,,,,,,,,,,,,,not_specified,,,,,,,,,,,,,,,,,,,,,,,,,,,,,,,,,,,,,,,False,,,,False,,kohler-india-pricebook-2026-june,KOHLER India Price Book 2026 June Edition,2026,June Edition,159,catalogue,high,False,,unique,,clean
K-20590IN-4-CP,Aleo+™,Aleo+™,aleo-kitchen_faucet,kitchen_faucet,kitchen,kitchen_faucets,kitchen_faucet,Wall mount cold only kitchen faucet in polished chrome,,8000.0,INR,True,,CP,,polished chrome,,,,,,,,,,,,,,,not_specified,,,,,,,,,,,,,,,,,,,,,,,,,,,,,,,,,,,,,,,False,,,,False,,kohler-india-pricebook-2026-june,KOHLER India Price Book 2026 June Edition,2026,June Edition,159,catalogue,high,False,,unique,,clean
K-37314IN-4-CP,Cuff,Cuff,cuff-kitchen_faucet,kitchen_faucet,kitchen,kitchen_faucets,kitchen_faucet,Single handle wall mount cold only kitchen faucet in polished chrome,,6200.0,INR,True,,CP,,polished chrome,,,,,,,,,,,,,,,not_specified,,,,,,,,,,,,,,,,,,,,,,,,,,,,,,,,,,,,,,,False,,,,False,,kohler-india-pricebook-2026-june,KOHLER India Price Book 2026 June Edition,2026,June Edition,159,catalogue,high,False,,unique,,clean
K-20588IN-4-CP,July™,July™,july-kitchen_faucet,kitchen_faucet,kitchen,kitchen_faucets,kitchen_faucet,Wall mount cold only kitchen faucet in polished chrome,,5670.0,INR,True,,CP,,polished chrome,,,,,,,,,,,,,,,not_specified,,,,,,,,,,,,,,,,,,,,,,,,,,,,,,,,,,,,,,,False,,,,False,,kohler-india-pricebook-2026-june,KOHLER India Price Book 2026 June Edition,2026,June Edition,159,catalogue,high,False,,unique,,clean
K-99482IN-4-CP,Kumin™,Kumin™,kumin-kitchen_faucet,kitchen_faucet,kitchen,kitchen_faucets,kitchen_faucet,Wall mount kitchen faucet cold only in polished chrome,,4330.0,INR,True,,CP,,polished chrome,,,,,,,,,,,,,,,not_specified,,,,,,,,,,,,,,,,,,,,,,,,,,,,,,,,,,,,,,,False,,,,False,,kohler-india-pricebook-2026-june,KOHLER India Price Book 2026 June Edition,2026,June Edition,159,catalogue,high,False,,unique,,clean
K-29309IN-4-CP,Fore Arc™,Fore Arc™,fore-arc-kitchen_faucet,kitchen_faucet,kitchen,kitchen_faucets,kitchen_faucet,Wall mount kitchen faucet cold only in polished chrome,,3550.0,INR,True,,CP,,polished chrome,,,,,,,,,,,,,,,not_specified,,,,,,,,,,,,,,,,,,,,,,,,,,,,,,,,,,,,,,,False,,,,False,,kohler-india-pricebook-2026-june,KOHLER India Price Book 2026 June Edition,2026,June Edition,159,catalogue,high,False,,unique,,clean
K-29307IN-4-CP,Fore Tri™,Fore Tri™,fore-tri-kitchen_faucet,kitchen_faucet,kitchen,kitchen_faucets,kitchen_faucet,Wall mount kitchen faucet cold only in polished chrome,,3100.0,INR,True,,CP,,polished chrome,,,,,,,,,,,,,,,not_specified,,,,,,,,,,,,,,,,,,,,,,,,,,,,,,,,,,,,,,,False,,,,False,,kohler-india-pricebook-2026-june,KOHLER India Price Book 2026 June Edition,2026,June Edition,159,catalogue,high,False,,unique,,clean
K-29308IN-4-CP,Fore Line™,Fore Line™,fore-line-kitchen_faucet,kitchen_faucet,kitchen,kitchen_faucets,kitchen_faucet,Wall mount kitchen faucet cold only in polished chrome,,3250.0,INR,True,,CP,,polished chrome,,,,,,,,,,,,,,,not_specified,,,,,,,,,,,,,,,,,,,,,,,,,,,,,,,,,,,,,,,False,,,,False,,kohler-india-pricebook-2026-june,KOHLER India Price Book 2026 June Edition,2026,June Edition,159,catalogue,high,False,,unique,,clean
K-20627IN-K-0,Hourglass™,Hourglass™,,,bathing,bathtubs,,Integrated acrylic whirlpool in white,,218500.0,INR,True,,,,,,,,,,,,,,,,,,,not_specified,,,,,,,,,,,,,,,,,,,,,,,,,,,,,,,,,,,,,,,False,,,,False,,kohler-india-pricebook-2026-june,KOHLER India Price Book 2026 June Edition,2026,June Edition,161,catalogue,high,False,,unique,,clean
K-18777IN-K-0,Emerald™,Emerald™,,,bathing,bathtubs,,Drop-in acrylic whirlpool in white,,175500.0,INR,True,,,,,,,,,,,,,,,,,,,not_specified,,,,,,,,,,,,,,,,,,,,,,,,,,,,,,,,,,,K-17295T-CP,,,,False,,,,False,,kohler-india-pricebook-2026-june,KOHLER India Price Book 2026 June Edition,2026,June Edition,161,catalogue,high,False,,unique,,clean
K-1709IN-K-0,Ove™,Ove™,,,bathing,bathtubs,,Drop-in acrylic whirlpool without pillow in white,,165000.0,INR,True,,,,,,,,,,,,,,,,,,,not_specified,,,,,,,,,,,,,,,,,,,,,,,,,,,,,,,,,,,K-17295T-CP,,,,False,,,,False,,kohler-india-pricebook-2026-june,KOHLER India Price Book 2026 June Edition,2026,June Edition,161,catalogue,high,False,,unique,,clean
K-1404IN-K-0,Hourglass™,Hourglass™,,,bathing,bathtubs,,Drop-in acrylic whirlpool in white,,127000.0,INR,True,,,,,,,,,,,,,,,,,,,not_specified,,,,,,,,,,,,,,,,,,,,,,,,,,,,,,,,,,,K-17295T-CP,,,,False,,,,False,,kohler-india-pricebook-2026-june,KOHLER India Price Book 2026 June Edition,2026,June Edition,161,catalogue,high,False,,unique,,clean
K-1704T-Z-0,Evok™,Evok™,evok-bathtub,bathtub,bathing,bathtubs,bathtub,Drop-in acrylic bathtub in white,,60000.0,INR,True,,,,,,,,,,,,,,,,,,,not_specified,,,,,,,,,,,,,,,,,,,,,,,,,,,,,,,,,,,K-17295T-CP,,,,False,,,,False,,kohler-india-pricebook-2026-june,KOHLER India Price Book 2026 June Edition,2026,June Edition,161,catalogue,high,False,,unique,,clean
K-1707T-Z-0,Ove™,Ove™,,,bathing,bathtubs,,1.7M Drop-in acrylic bath in white,,58000.0,INR,True,,,,,,,,,,,,,,,,,,,not_specified,,,,,,,,,,,,,,,,,,,,,,,,,,,,,,,,,,,K-17295T-CP,,,,False,,,,False,,kohler-india-pricebook-2026-june,KOHLER India Price Book 2026 June Edition,2026,June Edition,161,catalogue,high,False,,unique,,clean
K-18778T-0,Emerald™,Emerald™,emerald-bathtub,bathtub,bathing,bathtubs,bathtub,Drop-in acrylic bathtub in white,,52680.0,INR,True,,,,,,,,,,,,,,,,,,,not_specified,,,,,,,,,,,,,,,,,,,,,,,,,,,,,,,,,,,K-17295T-CP,,,,False,,,,False,,kohler-india-pricebook-2026-june,KOHLER India Price Book 2026 June Edition,2026,June Edition,161,catalogue,high,False,,unique,,clean
K-18775T-0,Duo™,Duo™,duo-bathtub,bathtub,bathing,bathtubs,bathtub,1670mm drop-in acrylic bathtub in white,,42000.0,INR,True,,,,,,,,,,,,,,,,,,,not_specified,,,,,,,,,,,,,,,,,,,,,,,,,,,,,,,,,,,,,,,False,,,,False,,kohler-india-pricebook-2026-june,KOHLER India Price Book 2026 June Edition,2026,June Edition,161,catalogue,high,False,,unique,,clean
K-18776T-0,Duo™,Duo™,duo-bathtub,bathtub,bathing,bathtubs,bathtub,1525mm drop-in acrylic bathtub in white,,36500.0,INR,True,,,,,,,,,,,,,,,,,,,not_specified,,,,,,,,,,,,,,,,,,,,,,,,,,,,,,,,,,,K-17295T-CP,,,,False,,,,False,,kohler-india-pricebook-2026-june,KOHLER India Price Book 2026 June Edition,2026,June Edition,161,catalogue,high,False,,unique,,clean
K-15848T-0,Reach™,Reach™,reach-bathtub,bathtub,bathing,bathtubs,bathtub,1700mm drop-in acrylic bathtub in white,,34000.0,INR,True,,,,,,,,,,,,,,,,,,,not_specified,,,,,,,,,,,,,,,,,,,,,,,,,,,,,,,,,,,,,,,False,,,,False,,kohler-india-pricebook-2026-june,KOHLER India Price Book 2026 June Edition,2026,June Edition,161,catalogue,high,False,,unique,,clean
K-15847T-0,Reach™,Reach™,reach-bathtub,bathtub,bathing,bathtubs,bathtub,1500mm drop-in acrylic bathtub in white,,31000.0,INR,True,,,,,,,,,,,,,,,,,,,not_specified,,,,,,,,,,,,,,,,,,,,,,,,,,,,,,,,,,,K-17295T-CP,,,,False,,,,False,,kohler-india-pricebook-2026-june,KOHLER India Price Book 2026 June Edition,2026,June Edition,161,catalogue,high,False,,unique,,clean
K-25164T-0,Evok 2.0™,Evok 2.0™,evok-2-0-bathtub,bathtub,bathing,bathtubs,bathtub,1.7M Seamless rectangular freestanding bathtub in white,,200000.0,INR,True,,,,,,,,,,,,,,,,,,,not_specified,,,,,,,,,,,,,,,,,,,,,,,,,,,,,,,,,,,,,,,False,,,,False,,kohler-india-pricebook-2026-june,KOHLER India Price Book 2026 June Edition,2026,June Edition,162,catalogue,high,False,,unique,,clean
K-25165T-0,Evok 2.0™,Evok 2.0™,evok-2-0-bathtub,bathtub,bathing,bathtubs,bathtub,1.7M Seamless oval freestanding bathtub in white,,200000.0,INR,True,,,,,,,,,,,,,,,,,,,not_specified,,,,,,,,,,,,,,,,,,,,,,,,,,,,,,,,,,,,,,,False,,,,False,,kohler-india-pricebook-2026-june,KOHLER India Price Book 2026 June Edition,2026,June Edition,162,catalogue,high,False,,unique,,clean
K-17295T-CP,Evok 2.0™,Evok 2.0™,,,bathing,bathtubs,,Bath Drain Bath drain in polished chrome,,13000.0,INR,True,,CP,,,,,,,,,,,,,,,,,not_specified,,,,,,,,,,,,,,,,,,,,,,,,,,,,,,,,,,,,,,,False,,,,False,,kohler-india-pricebook-2026-june,KOHLER India Price Book 2026 June Edition,2026,June Edition,162,catalogue,high,False,,unique,,clean
K-97367T-B4-CP,Avid™,Avid™,avid-hand_shower,hand_shower,bathing,bathtubs,hand_shower,Floor mount bathtub filler with hand shower in polished chrome,,135000.0,INR,True,,CP,,,,,,,,,,,,,,,,,not_specified,,,,,,,,,,,,,,,,,,,,,,,,,,,,,,,,,,,K-97904T-NA,,,,False,,,,False,,kohler-india-pricebook-2026-june,KOHLER India Price Book 2026 June Edition,2026,June Edition,162,catalogue,high,False,,unique,,clean
K-73087T-B4-CP,Composed™,Composed™,composed-hand_shower,hand_shower,bathing,bathtubs,hand_shower,Floor mount bathtub filler with hand shower in polished chrome,,105000.0,INR,True,,CP,,,,,,,,,,,,,,,,,not_specified,,,,,,,,,,,,,,,,,,,,,,,,,,,,,,,,,,,K-97905T-NA,,,,False,,,,False,,kohler-india-pricebook-2026-june,KOHLER India Price Book 2026 June Edition,2026,June Edition,162,catalogue,high,False,,unique,,clean
K-97905T-NA,Composed™,Composed™,,,bathing,bathtubs,,Floor mount bath filler mounting base,,24000.0,INR,True,,,,,,,,,,,,,,,,,,,not_specified,,,,,,,,,,,,,,,,,,,,,,,,,,,,,,,,,,,,,,,False,,,,False,,kohler-india-pricebook-2026-june,KOHLER India Price Book 2026 June Edition,2026,June Edition,162,catalogue,high,False,,unique,,clean
K-97904T-NA,Composed™,Composed™,,,bathing,bathtubs,,Floor mount bath filler mounting base,,22000.0,INR,True,,,,,,,,,,,,,,,,,,,not_specified,,,,,,,,,,,,,,,,,,,,,,,,,,,,,,,,,,,,,,,False,,,,False,,kohler-india-pricebook-2026-june,KOHLER India Price Book 2026 June Edition,2026,June Edition,162,catalogue,high,False,,unique,,clean
K-97360T-B4-CP,Avid™,Avid™,avid-hand_shower,hand_shower,bathing,bathtubs,hand_shower,Deck-mount bathtub filler with hand shower in polished chrome,,100000.0,INR,True,,CP,,,,,,,,,,,,,,,,,not_specified,,,,,,,,,,,,,,,,,,,,,,,,,,,,,,,,,,,,,,,False,,,,False,,kohler-india-pricebook-2026-june,KOHLER India Price Book 2026 June Edition,2026,June Edition,163,catalogue,high,False,,unique,,clean
K-73081T-4-CP,Composed™,Composed™,composed-bathtub,bathtub,bathing,bathtubs,bathtub,Deck-mount bathtub filler in polished chrome,,59000.0,INR,True,,CP,,,,,,,,,,,,,,,,,not_specified,,,,,,,,,,,,,,,,,,,,,,,,,,,,,,,,,,,,,,,False,,,,False,,kohler-india-pricebook-2026-june,KOHLER India Price Book 2026 June Edition,2026,June Edition,163,catalogue,high,False,,unique,,clean
K-37312IN-B4-CP,Cuff™,Cuff™,cuff-hand_shower,hand_shower,bathing,bathtubs,hand_shower,3-hole bath filler with diverter for hand shower in polished chrome,,32000.0,INR,True,,CP,,,,,,,,,,,,,,,,,not_specified,,,,,,,,,,,,,,,,,,,,,,,,,,,,,,,,,,,,,,,False,,,,False,,kohler-india-pricebook-2026-june,KOHLER India Price Book 2026 June Edition,2026,June Edition,163,catalogue,high,False,,unique,,clean
K-16321IN-SS-0,Patio™ Touchless™,Patio™ Touchless™,,,commercial,commercial_products,,Touchless urinal with rear inlet in white 1L with integrated sensor in white 332mm x 335mm x 642mm,,63000.0,INR,True,,,,,,,,,,,,,,,,,,,not_specified,,,,,,,,,,,,,,,,,,,,,,,,,,,,,,,,,,,,,,,False,,,,False,,kohler-india-pricebook-2026-june,KOHLER India Price Book 2026 June Edition,2026,June Edition,165,catalogue,high,False,,unique,,clean
K-21839T-2ER-0,ModernLife™,ModernLife™,,,commercial,commercial_products,,Urinal with rear inlet 0.5L in white 343mm x 307mm x 697mm,,48200.0,INR,True,,,,,,,,,,,,,,,,,,,not_specified,,,,,,,,,,,,,,,,,,,,,,,,,,,,,,,,,,,,,,,False,,,,False,,kohler-india-pricebook-2026-june,KOHLER India Price Book 2026 June Edition,2026,June Edition,165,catalogue,high,False,,unique,,clean
K-18645IN-SS-0,Patio™,Patio™,,,commercial,commercial_products,,Urinal with rear inlet 0.5L in white 332mm x 335mm x 642mm,,36000.0,INR,True,,,,,,,,,,,,,,,,,,,not_specified,,,,,,,,,,,,,,,,,,,,,,,,,,,,,,,,,,,,,,,False,,,,False,,kohler-india-pricebook-2026-june,KOHLER India Price Book 2026 June Edition,2026,June Edition,165,catalogue,high,False,,unique,,clean
K-20713IN-ER-7,Tend,Tend,,,commercial,commercial_products,,Urinal with rear spud 0.5L in black 381mm x 330mm x 550mm,,28400.0,INR,True,,,,,,,,,,,,,,,,,,,not_specified,,,,,,,,,,,,,,,,,,,,,,,,,,,,,,,,,,,,,,,False,,,,False,,kohler-india-pricebook-2026-june,KOHLER India Price Book 2026 June Edition,2026,June Edition,165,catalogue,high,False,,unique,,clean
K-20713IN-ER-0,Tend,Tend,,,commercial,commercial_products,,Urinal with rear spud 0.5L in white 381mm x 330mm x 550mm,,22500.0,INR,True,,,,,,,,,,,,,,,,,,,not_specified,,,,,,,,,,,,,,,,,,,,,,,,,,,,,,,,,,,,,,,False,,,,False,,kohler-india-pricebook-2026-june,KOHLER India Price Book 2026 June Edition,2026,June Edition,165,catalogue,high,False,,unique,,clean
K-4978IN-ER-0,Bardon S,Bardon S,,,commercial,commercial_products,,Urinal with rear inlet in white 378mm x 284mm x 575mm,,19300.0,INR,True,,,,,,,,,,,,,,,,,,,not_specified,,,,,,,,,,,,,,,,,,,,,,,,,,,,,,,,,,,,,,,False,,,,False,,kohler-india-pricebook-2026-june,KOHLER India Price Book 2026 June Edition,2026,June Edition,165,catalogue,high,False,,unique,,clean
K-26474IN-ER-0,Span,Span,,,commercial,commercial_products,,Square urinal with rear inlet in white 326mm x 363mm x 616mm,,18200.0,INR,True,,,,,,,,,,,,,,,,,,,not_specified,,,,,,,,,,,,,,,,,,,,,,,,,,,,,,,,,,,,,,,False,,,,False,,kohler-india-pricebook-2026-june,KOHLER India Price Book 2026 June Edition,2026,June Edition,165,catalogue,high,False,,unique,,clean
K-26475IN-ER-0,Span,Span,,,commercial,commercial_products,,Round urinal with rear inlet in white 326mm x 363mm x 616mm,,16600.0,INR,True,,,,,,,,,,,,,,,,,,,not_specified,,,,,,,,,,,,,,,,,,,,,,,,,,,,,,,,,,,,,,,False,,,,False,,kohler-india-pricebook-2026-june,KOHLER India Price Book 2026 June Edition,2026,June Edition,166,catalogue,medium,False,,unique,,clean
K-24199IN-C03-CP,Patio™,Patio™,,,commercial,commercial_products,,Urinal sensor with AC adaptor (AC+DC) with flushing adjustable in polished chrome,,28400.0,INR,True,,CP,,,,,,,,,,,,,,,,,not_specified,,,,,,,,,,,,,,,,,,,,,,,,,,,,,,,,,,,,,,,False,,,,False,,kohler-india-pricebook-2026-june,KOHLER India Price Book 2026 June Edition,2026,June Edition,166,catalogue,medium,False,,unique,,clean
K-24199IN-C01-CP,Patio™,Patio™,,,commercial,commercial_products,,Urinal sensor in polished chrome,,27000.0,INR,True,,CP,,,,,,,,,,,,,,,,,not_specified,,,,,,,,,,,,,,,,,,,,,,,,,,,,,,,,,,,,,,,False,,,,False,,kohler-india-pricebook-2026-june,KOHLER India Price Book 2026 June Edition,2026,June Edition,166,catalogue,medium,False,,unique,,clean
K-16305IN-NA,Patio™,Patio™,,,commercial,commercial_products,,"Power supply, output 6V",,3190.0,INR,True,,,,,,,,,,,,,,,,,,,not_specified,,,,,,,,,,,,,,,,,,,,,,,,,,,,,,,,,,,,,,,False,,,,False,,kohler-india-pricebook-2026-june,KOHLER India Price Book 2026 June Edition,2026,June Edition,166,catalogue,medium,False,,unique,,clean
K-26845IN-NA,Patio™,Patio™,,,commercial,commercial_products,,"AC power unit, output 6V",,3200.0,INR,True,,,,,,,,,,,,,,,,,,,not_specified,,,,,,,,,,,,,,,,,,,,,,,,,,,,,,,,,,,,,,,False,,,,False,,kohler-india-pricebook-2026-june,KOHLER India Price Book 2026 June Edition,2026,June Edition,166,catalogue,medium,False,,unique,,clean
K-29937IN-CP,Avid Duo,Avid Duo,avid-duo-basin_faucet,basin_faucet,commercial,commercial_products,basin_faucet,Touchless basin faucet mixer in polished chrome,,84900.0,INR,True,,CP,,,,,,,,,,,,,,,,,not_specified,,,,,,,,,,,,,,,,,,,,,,,,,,,,,,,,,,,,,,,False,,,,False,,kohler-india-pricebook-2026-june,KOHLER India Price Book 2026 June Edition,2026,June Edition,166,catalogue,medium,False,,unique,,clean
EX25998T-NW-CP,Composed™,Composed™,,,commercial,commercial_products,,Wall mount sensor faucet cold only in polished chrome,,38600.0,INR,True,,CP,,,,,,,,,,,,,,,,,not_specified,,,,,,,,,,,,,,,,,,,,,,,,,,,,,,,,,,,K-28845IN-NA,,,,False,,,,False,,kohler-india-pricebook-2026-june,KOHLER India Price Book 2026 June Edition,2026,June Edition,166,catalogue,medium,True,,unique,,review_required
K-8399IN-CP,Oblo™,Oblo™,oblo-basin_faucet,basin_faucet,commercial,commercial_products,basin_faucet,Touchless basin faucet cold-only in polished chrome,,37150.0,INR,True,,CP,,,,,,,,,,,,,,,,,not_specified,,,,,,,,,,,,,,,,,,,,,,,,,,,,,,,,,,,,,,,False,,,,False,,kohler-india-pricebook-2026-june,KOHLER India Price Book 2026 June Edition,2026,June Edition,166,catalogue,medium,False,,unique,,clean
K-72866IN-ND-CP,Strayt™,Strayt™,,,commercial,commercial_products,,Deck mount sensor faucet cold only in polished chrome,,29500.0,INR,True,,CP,,,,,,,,,,,,,,,,,not_specified,,,,,,,,,,,,,,,,,,,,,,,,,,,,,,,,,,,,,,,False,,,,False,,kohler-india-pricebook-2026-june,KOHLER India Price Book 2026 June Edition,2026,June Edition,166,catalogue,medium,False,,unique,,clean
K-18655IN-ND-CP,Kumin™,Kumin™,,,commercial,commercial_products,,Sensor faucet cold-only without drain in polished chrome,,26200.0,INR,True,,CP,,,,,,,,,,,,,,,,,not_specified,,,,,,,,,,,,,,,,,,,,,,,,,,,,,,,,,,,,,,,False,,,,False,,kohler-india-pricebook-2026-june,KOHLER India Price Book 2026 June Edition,2026,June Edition,166,catalogue,medium,False,,unique,,clean
K-28514IN-ND-CP,Evoke™,Evoke™,,,commercial,commercial_products,,Touchless single control tall basin mixer faucet without drain in polished chrome,,27000.0,INR,True,,CP,,,,,,,,,,,,,,,,,not_specified,,,,,,,,,,,,,,,,,,,,,,,,,,,,,,,,,,,,,,,False,,,,False,,kohler-india-pricebook-2026-june,KOHLER India Price Book 2026 June Edition,2026,June Edition,167,catalogue,high,False,,repeated_same_sku,K-28514IN-ND-CP,clean
K-24270IN-ND-CP,Oblo®,Oblo®,oblo-basin_faucet,basin_faucet,commercial,commercial_products,basin_faucet,Duo sensor basin faucet in polished chrome,,22950.0,INR,True,,CP,,,,,,,,,,,,,,,,,not_specified,,,,,,,,,,,,,,,,,,,,,,,,,,,,,,,,,,,,,,,False,,,,False,,kohler-india-pricebook-2026-june,KOHLER India Price Book 2026 June Edition,2026,June Edition,167,catalogue,high,False,,unique,,clean
K-28513IN-ND-CP,Evoke™,Evoke™,,,commercial,commercial_products,,Touchless single control basin mixer faucet without drain in polished chrome,,20600.0,INR,True,,CP,,,,,,,,,,,,,,,,,not_specified,,,,,,,,,,,,,,,,,,,,,,,,,,,,,,,,,,,,,,,False,,,,False,,kohler-india-pricebook-2026-june,KOHLER India Price Book 2026 June Edition,2026,June Edition,167,catalogue,high,False,,repeated_same_sku,K-28513IN-ND-CP,clean
K-18656IN-NDR-CP,Kumin™,Kumin™,,,commercial,commercial_products,,Cold-only faucet with sensor deck-control in polished chrome,,19650.0,INR,True,,CP,,,,,,,,,,,,,,,,,not_specified,,,,,,,,,,,,,,,,,,,,,,,,,,,,,,,,,,,,,,,False,,,,False,,kohler-india-pricebook-2026-june,KOHLER India Price Book 2026 June Edition,2026,June Edition,167,catalogue,high,False,,unique,,clean
1339378,Surface Cleaner,,,showerhead,maintenance,cleaning_solutions,showerhead,"Surface cleaner for faucets, showerheads, health faucets and other fittings in CP",,799.0,INR,,"Qty: 500ml; Format: Ready to use; Usage Area: Faucets, showerheads, health faucets and other fittings in CP",,,,,,,,,,,,,,,,,,not_specified,,,,,,,,,,,,,,,,,,,,,,,,,,,,,,,,,,,,,,,False,,,,False,,kohler-india-pricebook-2026-june,KOHLER India Price Book 2026 June Edition,2026,June Edition,168,catalogue,high,False,,unique,,clean
1352426,Glass Surface Cleaner,,,,maintenance,cleaning_solutions,,Glass surface cleaner for glass surfaces and mirrors,,498.0,INR,,"Qty: 1 L; Format: Concentrate; Usage Area: Glass surfaces, mirrors",,,,,,,,,,,,,,,,,,not_specified,,,,,,,,,,,,,,,,,,,,,,,,,,,,,,,,,,,,,,,False,,,,False,,kohler-india-pricebook-2026-june,KOHLER India Price Book 2026 June Edition,2026,June Edition,168,catalogue,high,False,,unique,,clean
1352425,Surface Cleaner (For Toilet Seats & Tiles),,,,maintenance,cleaning_solutions,,Surface cleaner for toilet seats and multiple hard surfaces,,450.0,INR,,"Qty: 1L; Format: Concentrate; Usage Area: Toilets seats, multiple hard surfaces",,,,,,,,,,,,,,,,,,not_specified,,,,,,,,,,,,,,,,,,,,,,,,,,,,,,,,,,,,,,,False,,,,False,,kohler-india-pricebook-2026-june,KOHLER India Price Book 2026 June Edition,2026,June Edition,168,catalogue,high,False,,unique,,clean
1352427,Toilet Bowl Cleaner,,,,maintenance,cleaning_solutions,,Cleaner for inside toilet bowls,,160.0,INR,,Qty: 500ml; Format: Ready to use; Usage Area: Inside toilet bowls,,,,,,,,,,,,,,,,,,not_specified,,,,,,,,,,,,,,,,,,,,,,,,,,,,,,,,,,,,,,,False,,,,False,,kohler-india-pricebook-2026-june,KOHLER India Price Book 2026 June Edition,2026,June Edition,168,catalogue,high,False,,unique,,clean
1563946,Faucet Cleaner,,,showerhead,maintenance,cleaning_solutions,showerhead,"Cleaner for coloured finishes on faucets, showerheads, health faucets & other fittings",,999.0,INR,,"Qty: 500ml; Format: Ready to use; Usage Area: Coloured finishes on faucets, showerheads, health faucets & other fittings",,,,,,,,,,,,,,,,,,not_specified,,,,,,,,,,,,,,,,,,,,,,,,,,,,,,,,,,,,,,,False,,,,False,,kohler-india-pricebook-2026-june,KOHLER India Price Book 2026 June Edition,2026,June Edition,168,catalogue,high,False,,unique,,clean
39208IN-NA,Stainless Steel Kitchen Sink Cleaner,,,kitchen_sink,maintenance,cleaning_solutions,kitchen_sink,Cleaner for kitchen sinks,,1200.0,INR,,Qty: 190ml; Format: Ready to use; Usage Area: Kitchen sinks,,,,,,,,,,,,,,,,,,not_specified,,,,,,,,,,,,,,,,,,,,,,,,,,,,,,,,,,,,,,,False,,,,False,,kohler-india-pricebook-2026-june,KOHLER India Price Book 2026 June Edition,2026,June Edition,168,catalogue,high,False,,unique,,clean
32989IN-NA,Neoroc® Kitchen Sink Cleaner,,,kitchen_sink,maintenance,cleaning_solutions,kitchen_sink,"Kitchen sink cleaning kit: descaler, easy clean and scrubbing pad",,2000.0,INR,,Qty: 2*50ml Descaler + 1*50ml Easy Clean + 1*Scrubbing Pad; Format: Ready to use; Usage Area: Kitchen sinks,,,,,,,,,,,,,,,,,,not_specified,,,,,,,,,,,,,,,,,,,,,,,,,,,,,,,,,,,,,,,False,,,,False,,kohler-india-pricebook-2026-june,KOHLER India Price Book 2026 June Edition,2026,June Edition,168,catalogue,high,False,,unique,,clean
K-702252IN-RH0-AF,Brazn - AF,Brazn - AF,brazn-af-shower_enclosure,shower_enclosure,bathing,shower_enclosures,shower_door,Framed Door 2D3P-T Right Out CT,,330000.0,INR,True,"*As per site conditions, sizes in finishes and the glass thickness may change from 8mm to 10mm and final price may vary",,,,,,Width: 1800mm-3000mm / Depth: 250mm-1200mm / Height: 2200mm-2600mm,,,,,,,,,,,,range,,,,,,,,,,,,,,,,,,,,,,,,,,,,,,,,,,,,,,,True,,,right,True,"*As per site conditions, sizes in finishes and the glass thickness may change from 8mm to 10mm and final price may vary",kohler-india-pricebook-2026-june,KOHLER India Price Book 2026 June Edition,2026,June Edition,73,catalogue,high,False,,unique,,resolved_pdf_grid_reconstruction
K-702252IN-LH0-AF,Brazn - AF,Brazn - AF,brazn-af-shower_enclosure,shower_enclosure,bathing,shower_enclosures,shower_door,Framed Door 2D3P-T Left Out CT,,330000.0,INR,True,"*As per site conditions, sizes in finishes and the glass thickness may change from 8mm to 10mm and final price may vary",,,,,,Width: 1800mm-3000mm / Depth: 250mm-1200mm / Height: 2200mm-2600mm,,,,,,,,,,,,range,,,,,,,,,,,,,,,,,,,,,,,,,,,,,,,,,,,,,,,True,,,left,True,"*As per site conditions, sizes in finishes and the glass thickness may change from 8mm to 10mm and final price may vary",kohler-india-pricebook-2026-june,KOHLER India Price Book 2026 June Edition,2026,June Edition,73,catalogue,high,False,,unique,,resolved_pdf_grid_reconstruction
K-702245IN-RH0-AF,Brazn - AF,Brazn - AF,brazn-af-shower_enclosure,shower_enclosure,bathing,shower_enclosures,shower_door,Framed Door 2D3P-T Right Out,,275000.0,INR,True,"*As per site conditions, sizes in finishes and the glass thickness may change from 8mm to 10mm and final price may vary",,,,,,Width: 1800mm-3000mm / Depth: 250mm-1200mm / Height: 2200mm,,,,,,,,,,,,range,,,,,,,,,,,,,,,,,,,,,,,,,,,,,,,,,,,,,,,True,,,right,True,"*As per site conditions, sizes in finishes and the glass thickness may change from 8mm to 10mm and final price may vary",kohler-india-pricebook-2026-june,KOHLER India Price Book 2026 June Edition,2026,June Edition,73,catalogue,high,False,,unique,,resolved_pdf_grid_reconstruction
K-702245IN-LH0-AF,Brazn - AF,Brazn - AF,brazn-af-shower_enclosure,shower_enclosure,bathing,shower_enclosures,shower_door,Framed Door 2D3P-T Left Out,,275000.0,INR,True,"*As per site conditions, sizes in finishes and the glass thickness may change from 8mm to 10mm and final price may vary",,,,,,Width: 1800mm-3000mm / Depth: 250mm-1200mm / Height: 2200mm,,,,,,,,,,,,range,,,,,,,,,,,,,,,,,,,,,,,,,,,,,,,,,,,,,,,True,,,left,True,"*As per site conditions, sizes in finishes and the glass thickness may change from 8mm to 10mm and final price may vary",kohler-india-pricebook-2026-june,KOHLER India Price Book 2026 June Edition,2026,June Edition,73,catalogue,high,False,,unique,,resolved_pdf_grid_reconstruction
K-702250IN-RH0-AF,Brazn - AF,Brazn - AF,brazn-af-shower_enclosure,shower_enclosure,bathing,shower_enclosures,shower_door,Framed Door 1D2P-L Right Out CT,,198000.0,INR,True,"*As per site conditions, sizes in finishes and the glass thickness may change from 8mm to 10mm and final price may vary",,,,,,Width: 900mm-1600mm / Depth: 250mm-1200mm / Height: 2200mm-2600mm,,,,,,,,,,,,range,,,,,,,,,,,,,,,,,,,,,,,,,,,,,,,,,,,,,,,True,,,right,True,"*As per site conditions, sizes in finishes and the glass thickness may change from 8mm to 10mm and final price may vary",kohler-india-pricebook-2026-june,KOHLER India Price Book 2026 June Edition,2026,June Edition,73,catalogue,high,False,,unique,,resolved_pdf_grid_reconstruction
K-702250IN-LH0-AF,Brazn - AF,Brazn - AF,brazn-af-shower_enclosure,shower_enclosure,bathing,shower_enclosures,shower_door,Framed Door 1D2P-L Left Out CT,,198000.0,INR,True,"*As per site conditions, sizes in finishes and the glass thickness may change from 8mm to 10mm and final price may vary",,,,,,Width: 900mm-1600mm / Depth: 250mm-1200mm / Height: 2200mm-2600mm,,,,,,,,,,,,range,,,,,,,,,,,,,,,,,,,,,,,,,,,,,,,,,,,,,,,True,,,left,True,"*As per site conditions, sizes in finishes and the glass thickness may change from 8mm to 10mm and final price may vary",kohler-india-pricebook-2026-june,KOHLER India Price Book 2026 June Edition,2026,June Edition,73,catalogue,high,False,,unique,,resolved_pdf_grid_reconstruction
K-702249IN-RH0-AF,Brazn - AF,Brazn - AF,brazn-af-shower_enclosure,shower_enclosure,bathing,shower_enclosures,shower_door,Framed Door 1D2P-S Right Out CT,,187000.0,INR,True,"*As per site conditions, sizes in finishes and the glass thickness may change from 8mm to 10mm and final price may vary",,,,,,Width: 1100mm-2400mm / Height: 2200mm-2600mm,,,,,,,,,,,,range,,,,,,,,,,,,,,,,,,,,,,,,,,,,,,,,,,,,,,,True,,,right,True,"*As per site conditions, sizes in finishes and the glass thickness may change from 8mm to 10mm and final price may vary",kohler-india-pricebook-2026-june,KOHLER India Price Book 2026 June Edition,2026,June Edition,73,catalogue,high,False,,unique,,resolved_pdf_grid_reconstruction
K-702249IN-LH0-AF,Brazn - AF,Brazn - AF,brazn-af-shower_enclosure,shower_enclosure,bathing,shower_enclosures,shower_door,Framed Door 1D2P-S Left Out CT,,187000.0,INR,True,"*As per site conditions, sizes in finishes and the glass thickness may change from 8mm to 10mm and final price may vary",,,,,,Width: 1100mm-2400mm / Height: 2200mm-2600mm,,,,,,,,,,,,range,,,,,,,,,,,,,,,,,,,,,,,,,,,,,,,,,,,,,,,True,,,left,True,"*As per site conditions, sizes in finishes and the glass thickness may change from 8mm to 10mm and final price may vary",kohler-india-pricebook-2026-june,KOHLER India Price Book 2026 June Edition,2026,June Edition,73,catalogue,high,False,,unique,,resolved_pdf_grid_reconstruction
K-702243IN-RH0-AF,Brazn - AF,Brazn - AF,brazn-af-shower_enclosure,shower_enclosure,bathing,shower_enclosures,shower_door,Framed Door 1D2P-L Right Out,,176000.0,INR,True,"*As per site conditions, sizes in finishes and the glass thickness may change from 8mm to 10mm and final price may vary",,,,,,Width: 900mm-1600mm / Depth: 250mm-1200mm / Height: 2200mm,,,,,,,,,,,,range,,,,,,,,,,,,,,,,,,,,,,,,,,,,,,,,,,,,,,,True,,,right,True,"*As per site conditions, sizes in finishes and the glass thickness may change from 8mm to 10mm and final price may vary",kohler-india-pricebook-2026-june,KOHLER India Price Book 2026 June Edition,2026,June Edition,73,catalogue,high,False,,unique,,resolved_pdf_grid_reconstruction
K-702243IN-LH0-AF,Brazn - AF,Brazn - AF,brazn-af-shower_enclosure,shower_enclosure,bathing,shower_enclosures,shower_door,Framed Door 1D2P-L Left Out,,176000.0,INR,True,"*As per site conditions, sizes in finishes and the glass thickness may change from 8mm to 10mm and final price may vary",,,,,,Width: 900mm-1600mm / Depth: 250mm-1200mm / Height: 2200mm,,,,,,,,,,,,range,,,,,,,,,,,,,,,,,,,,,,,,,,,,,,,,,,,,,,,True,,,left,True,"*As per site conditions, sizes in finishes and the glass thickness may change from 8mm to 10mm and final price may vary",kohler-india-pricebook-2026-june,KOHLER India Price Book 2026 June Edition,2026,June Edition,73,catalogue,high,False,,unique,,resolved_pdf_grid_reconstruction
K-702242IN-RH0-AF,Brazn - AF,Brazn - AF,brazn-af-shower_enclosure,shower_enclosure,bathing,shower_enclosures,shower_door,Framed Door 1D2P-S Right Out,,165000.0,INR,True,"*As per site conditions, sizes in finishes and the glass thickness may change from 8mm to 10mm and final price may vary",,,,,,Width: 1100mm-2400mm / Height: 2200mm,,,,,,,,,,,,range,,,,,,,,,,,,,,,,,,,,,,,,,,,,,,,,,,,,,,,True,,,right,True,"*As per site conditions, sizes in finishes and the glass thickness may change from 8mm to 10mm and final price may vary",kohler-india-pricebook-2026-june,KOHLER India Price Book 2026 June Edition,2026,June Edition,73,catalogue,high,False,,unique,,resolved_pdf_grid_reconstruction
K-702242IN-LH0-AF,Brazn - AF,Brazn - AF,brazn-af-shower_enclosure,shower_enclosure,bathing,shower_enclosures,shower_door,Framed Door 1D2P-S Left Out,,165000.0,INR,True,"*As per site conditions, sizes in finishes and the glass thickness may change from 8mm to 10mm and final price may vary",,,,,,Width: 1100mm-2400mm / Height: 2200mm,,,,,,,,,,,,range,,,,,,,,,,,,,,,,,,,,,,,,,,,,,,,,,,,,,,,True,,,left,True,"*As per site conditions, sizes in finishes and the glass thickness may change from 8mm to 10mm and final price may vary",kohler-india-pricebook-2026-june,KOHLER India Price Book 2026 June Edition,2026,June Edition,73,catalogue,high,False,,unique,,resolved_pdf_grid_reconstruction
K-702248IN-RH0-AF,Brazn - AF,Brazn - AF,brazn-af-shower_enclosure,shower_enclosure,bathing,shower_enclosures,corner_enclosure,Framed 1D1P-S Right Out CT,,154000.0,INR,True,"*As per site conditions, sizes in finishes and the glass thickness may change from 8mm to 10mm and final price may vary",,,,,,Width: 900mm-1600mm / Height: 2200mm-2600mm,,,,,,,,,,,,range,,,,,,,,,,,,,,,,,,,,,,,,,,,,,,,,,,,,,,,True,,,right,True,"*As per site conditions, sizes in finishes and the glass thickness may change from 8mm to 10mm and final price may vary",kohler-india-pricebook-2026-june,KOHLER India Price Book 2026 June Edition,2026,June Edition,73,catalogue,high,False,,unique,,resolved_pdf_grid_reconstruction
K-702248IN-LH0-AF,Brazn - AF,Brazn - AF,brazn-af-shower_enclosure,shower_enclosure,bathing,shower_enclosures,corner_enclosure,Framed 1D1P-S Left Out CT,,154000.0,INR,True,"*As per site conditions, sizes in finishes and the glass thickness may change from 8mm to 10mm and final price may vary",,,,,,Width: 900mm-1600mm / Height: 2200mm-2600mm,,,,,,,,,,,,range,,,,,,,,,,,,,,,,,,,,,,,,,,,,,,,,,,,,,,,True,,,left,True,"*As per site conditions, sizes in finishes and the glass thickness may change from 8mm to 10mm and final price may vary",kohler-india-pricebook-2026-june,KOHLER India Price Book 2026 June Edition,2026,June Edition,73,catalogue,high,False,,unique,,resolved_pdf_grid_reconstruction
K-702241IN-RH0-AF,Brazn - AF,Brazn - AF,brazn-af-shower_enclosure,shower_enclosure,bathing,shower_enclosures,corner_enclosure,Framed 1D1P-S Right Out,,132000.0,INR,True,"*As per site conditions, sizes in finishes and the glass thickness may change from 8mm to 10mm and final price may vary",,,,,,Width: 900mm-1600mm / Height: 2200mm,,,,,,,,,,,,range,,,,,,,,,,,,,,,,,,,,,,,,,,,,,,,,,,,,,,,True,,,right,True,"*As per site conditions, sizes in finishes and the glass thickness may change from 8mm to 10mm and final price may vary",kohler-india-pricebook-2026-june,KOHLER India Price Book 2026 June Edition,2026,June Edition,73,catalogue,high,False,,unique,,resolved_pdf_grid_reconstruction
K-702241IN-LH0-AF,Brazn - AF,Brazn - AF,brazn-af-shower_enclosure,shower_enclosure,bathing,shower_enclosures,corner_enclosure,Framed 1D1P-S Left Out,,132000.0,INR,True,"*As per site conditions, sizes in finishes and the glass thickness may change from 8mm to 10mm and final price may vary",,,,,,Width: 900mm-1600mm / Height: 2200mm,,,,,,,,,,,,range,,,,,,,,,,,,,,,,,,,,,,,,,,,,,,,,,,,,,,,True,,,left,True,"*As per site conditions, sizes in finishes and the glass thickness may change from 8mm to 10mm and final price may vary",kohler-india-pricebook-2026-june,KOHLER India Price Book 2026 June Edition,2026,June Edition,73,catalogue,high,False,,unique,,resolved_pdf_grid_reconstruction
K-702246IN-RH0-AF,Brazn - AF,Brazn - AF,brazn-af-shower_enclosure,shower_enclosure,bathing,shower_enclosures,shower_door,Framed Door Right Out CT,,132000.0,INR,True,"*As per site conditions, sizes in finishes and the glass thickness may change from 8mm to 10mm and final price may vary",,,,,,Width: 655mm-900mm / Height: 2200mm-2600mm,,,,,,,,,,,,range,,,,,,,,,,,,,,,,,,,,,,,,,,,,,,,,,,,,,,,True,,,right,True,"*As per site conditions, sizes in finishes and the glass thickness may change from 8mm to 10mm and final price may vary",kohler-india-pricebook-2026-june,KOHLER India Price Book 2026 June Edition,2026,June Edition,73,catalogue,high,False,,unique,,resolved_pdf_grid_reconstruction
K-702246IN-LH0-AF,Brazn - AF,Brazn - AF,brazn-af-shower_enclosure,shower_enclosure,bathing,shower_enclosures,shower_door,Framed Door Left Out CT,,132000.0,INR,True,"*As per site conditions, sizes in finishes and the glass thickness may change from 8mm to 10mm and final price may vary",,,,,,Width: 655mm-900mm / Height: 2200mm-2600mm,,,,,,,,,,,,range,,,,,,,,,,,,,,,,,,,,,,,,,,,,,,,,,,,,,,,True,,,left,True,"*As per site conditions, sizes in finishes and the glass thickness may change from 8mm to 10mm and final price may vary",kohler-india-pricebook-2026-june,KOHLER India Price Book 2026 June Edition,2026,June Edition,73,catalogue,high,False,,unique,,resolved_pdf_grid_reconstruction
K-702239IN-RH0-AF,,,,shower_enclosure,bathing,shower_enclosures,shower_door,Framed Door Right Out,,110000.0,INR,True,"*As per site conditions, sizes in finishes and the glass thickness may change from 8mm to 10mm and final price may vary",,,,,,Width: 655mm-900mm / Height: 2200mm,,,,,,,,,,,,range,,,,,,,,,,,,,,,,,,,,,,,,,,,,,,,,,,,,,,,True,,,right,True,"*As per site conditions, sizes in finishes and the glass thickness may change from 8mm to 10mm and final price may vary",kohler-india-pricebook-2026-june,KOHLER India Price Book 2026 June Edition,2026,June Edition,74,catalogue,high,False,,unique,,resolved_pdf_grid_reconstruction
K-702239IN-LH0-AF,,,,shower_enclosure,bathing,shower_enclosures,shower_door,Framed Door Left Out,,110000.0,INR,True,"*As per site conditions, sizes in finishes and the glass thickness may change from 8mm to 10mm and final price may vary",,,,,,Width: 655mm-900mm / Height: 2200mm,,,,,,,,,,,,range,,,,,,,,,,,,,,,,,,,,,,,,,,,,,,,,,,,,,,,True,,,left,True,"*As per site conditions, sizes in finishes and the glass thickness may change from 8mm to 10mm and final price may vary",kohler-india-pricebook-2026-june,KOHLER India Price Book 2026 June Edition,2026,June Edition,74,catalogue,high,False,,unique,,resolved_pdf_grid_reconstruction
K-702650IN-RH0-AF,,,,shower_enclosure,bathing,shower_enclosures,sliding_enclosure,Framed sliding enclosure - Right door,,135000.0,INR,True,"*As per site conditions, sizes in finishes and the glass thickness may change from 8mm to 10mm and final price may vary",,,,,,Width: 1300mm-1700mm / Height: 2200mm,,,,,,,,,,,,range,,,,,,,,,,,,,,,,,,,,,,,,,,,,,,,,,,,,,,,True,,,right,True,"*As per site conditions, sizes in finishes and the glass thickness may change from 8mm to 10mm and final price may vary",kohler-india-pricebook-2026-june,KOHLER India Price Book 2026 June Edition,2026,June Edition,74,catalogue,high,False,,unique,,resolved_pdf_grid_reconstruction
K-702650IN-LH0-AF,,,,shower_enclosure,bathing,shower_enclosures,sliding_enclosure,Framed sliding enclosure - Left door,,135000.0,INR,True,"*As per site conditions, sizes in finishes and the glass thickness may change from 8mm to 10mm and final price may vary",,,,,,Width: 1300mm-1700mm / Height: 2200mm,,,,,,,,,,,,range,,,,,,,,,,,,,,,,,,,,,,,,,,,,,,,,,,,,,,,True,,,left,True,"*As per site conditions, sizes in finishes and the glass thickness may change from 8mm to 10mm and final price may vary",kohler-india-pricebook-2026-june,KOHLER India Price Book 2026 June Edition,2026,June Edition,74,catalogue,high,False,,unique,,resolved_pdf_grid_reconstruction
K-702252IN-RH0-RGD,Brazn - RGD,Brazn - RGD,brazn-rgd-shower_enclosure,shower_enclosure,bathing,shower_enclosures,shower_door,Framed Door 2D3P-T Right Out CT,,330000.0,INR,True,"*As per site conditions, sizes in finishes and the glass thickness may change from 8mm to 10mm and final price may vary",,,,,,Width: 1800mm-3000mm / Depth: 250mm-1200mm / Height: 2200mm-2600mm,,,,,,,,,,,,range,,,,,,,,,,,,,,,,,,,,,,,,,,,,,,,,,,,,,,,True,,,right,True,"*As per site conditions, sizes in finishes and the glass thickness may change from 8mm to 10mm and final price may vary",kohler-india-pricebook-2026-june,KOHLER India Price Book 2026 June Edition,2026,June Edition,74,catalogue,high,False,,unique,,resolved_pdf_grid_reconstruction
K-702252IN-LH0-RGD,Brazn - RGD,Brazn - RGD,brazn-rgd-shower_enclosure,shower_enclosure,bathing,shower_enclosures,shower_door,Framed Door 1D2P-L Left Out CT,,330000.0,INR,True,"*As per site conditions, sizes in finishes and the glass thickness may change from 8mm to 10mm and final price may vary",,,,,,Width: 1800mm-3000mm / Depth: 250mm-1200mm / Height: 2200mm-2600mm,,,,,,,,,,,,range,,,,,,,,,,,,,,,,,,,,,,,,,,,,,,,,,,,,,,,True,,,left,True,"*As per site conditions, sizes in finishes and the glass thickness may change from 8mm to 10mm and final price may vary",kohler-india-pricebook-2026-june,KOHLER India Price Book 2026 June Edition,2026,June Edition,74,catalogue,high,False,,unique,,resolved_pdf_grid_reconstruction
K-702245IN-RH0-RGD,Brazn - RGD,Brazn - RGD,brazn-rgd-shower_enclosure,shower_enclosure,bathing,shower_enclosures,shower_door,Framed Door 2D3P-T Right Out,,275000.0,INR,True,"*As per site conditions, sizes in finishes and the glass thickness may change from 8mm to 10mm and final price may vary",,,,,,Width: 1800mm-3000mm / Depth: 250mm-1200mm / Height: 2200mm,,,,,,,,,,,,range,,,,,,,,,,,,,,,,,,,,,,,,,,,,,,,,,,,,,,,True,,,right,True,"*As per site conditions, sizes in finishes and the glass thickness may change from 8mm to 10mm and final price may vary",kohler-india-pricebook-2026-june,KOHLER India Price Book 2026 June Edition,2026,June Edition,74,catalogue,high,False,,unique,,resolved_pdf_grid_reconstruction
K-702245IN-LH0-RGD,Brazn - RGD,Brazn - RGD,brazn-rgd-shower_enclosure,shower_enclosure,bathing,shower_enclosures,shower_door,Framed Door 2D3P-T Left Out,,275000.0,INR,True,"*As per site conditions, sizes in finishes and the glass thickness may change from 8mm to 10mm and final price may vary",,,,,,Width: 1800mm-3000mm / Depth: 250mm-1200mm / Height: 2200mm,,,,,,,,,,,,range,,,,,,,,,,,,,,,,,,,,,,,,,,,,,,,,,,,,,,,True,,,left,True,"*As per site conditions, sizes in finishes and the glass thickness may change from 8mm to 10mm and final price may vary",kohler-india-pricebook-2026-june,KOHLER India Price Book 2026 June Edition,2026,June Edition,74,catalogue,high,False,,unique,,resolved_pdf_grid_reconstruction
K-702250IN-RH0-RGD,Brazn - RGD,Brazn - RGD,brazn-rgd-shower_enclosure,shower_enclosure,bathing,shower_enclosures,shower_door,Framed Door 1D2P-L Right Out CT,,198000.0,INR,True,"*As per site conditions, sizes in finishes and the glass thickness may change from 8mm to 10mm and final price may vary",,,,,,Width: 900mm-1600mm / Depth: 250mm-1200mm / Height: 2200mm-2600mm,,,,,,,,,,,,range,,,,,,,,,,,,,,,,,,,,,,,,,,,,,,,,,,,,,,,True,,,right,True,"*As per site conditions, sizes in finishes and the glass thickness may change from 8mm to 10mm and final price may vary",kohler-india-pricebook-2026-june,KOHLER India Price Book 2026 June Edition,2026,June Edition,74,catalogue,high,False,,unique,,resolved_pdf_grid_reconstruction
K-702250IN-LH0-RGD,Brazn - RGD,Brazn - RGD,brazn-rgd-shower_enclosure,shower_enclosure,bathing,shower_enclosures,shower_door,Framed Door 1D2P-L Left Out CT,,198000.0,INR,True,"*As per site conditions, sizes in finishes and the glass thickness may change from 8mm to 10mm and final price may vary",,,,,,Width: 900mm-1600mm / Depth: 250mm-1200mm / Height: 2200mm-2600mm,,,,,,,,,,,,range,,,,,,,,,,,,,,,,,,,,,,,,,,,,,,,,,,,,,,,True,,,left,True,"*As per site conditions, sizes in finishes and the glass thickness may change from 8mm to 10mm and final price may vary",kohler-india-pricebook-2026-june,KOHLER India Price Book 2026 June Edition,2026,June Edition,74,catalogue,high,False,,unique,,resolved_pdf_grid_reconstruction
K-702249IN-RH0-RGD,Brazn - RGD,Brazn - RGD,brazn-rgd-shower_enclosure,shower_enclosure,bathing,shower_enclosures,shower_door,Framed Door 1D2P-S Right Out CT,,187000.0,INR,True,"*As per site conditions, sizes in finishes and the glass thickness may change from 8mm to 10mm and final price may vary",,,,,,Width: 1100mm-2400mm / Height: 2200mm-2600mm,,,,,,,,,,,,range,,,,,,,,,,,,,,,,,,,,,,,,,,,,,,,,,,,,,,,True,,,right,True,"*As per site conditions, sizes in finishes and the glass thickness may change from 8mm to 10mm and final price may vary",kohler-india-pricebook-2026-june,KOHLER India Price Book 2026 June Edition,2026,June Edition,74,catalogue,high,False,,unique,,resolved_pdf_grid_reconstruction
K-702249IN-LH0-RGD,Brazn - RGD,Brazn - RGD,brazn-rgd-shower_enclosure,shower_enclosure,bathing,shower_enclosures,shower_door,Framed Door 1D2P-S Left Out CT,,187000.0,INR,True,"*As per site conditions, sizes in finishes and the glass thickness may change from 8mm to 10mm and final price may vary",,,,,,Width: 1100mm-2400mm / Height: 2200mm-2600mm,,,,,,,,,,,,range,,,,,,,,,,,,,,,,,,,,,,,,,,,,,,,,,,,,,,,True,,,left,True,"*As per site conditions, sizes in finishes and the glass thickness may change from 8mm to 10mm and final price may vary",kohler-india-pricebook-2026-june,KOHLER India Price Book 2026 June Edition,2026,June Edition,74,catalogue,high,False,,unique,,resolved_pdf_grid_reconstruction
K-702243IN-RH0-RGD,Brazn - RGD,Brazn - RGD,brazn-rgd-shower_enclosure,shower_enclosure,bathing,shower_enclosures,shower_door,Framed Door 1D2P-L Right Out,,176000.0,INR,True,"*As per site conditions, sizes in finishes and the glass thickness may change from 8mm to 10mm and final price may vary",,,,,,Width: 900mm-1600mm / Depth: 250mm-1200mm / Height: 2200mm,,,,,,,,,,,,range,,,,,,,,,,,,,,,,,,,,,,,,,,,,,,,,,,,,,,,True,,,right,True,"*As per site conditions, sizes in finishes and the glass thickness may change from 8mm to 10mm and final price may vary",kohler-india-pricebook-2026-june,KOHLER India Price Book 2026 June Edition,2026,June Edition,74,catalogue,high,False,,unique,,resolved_pdf_grid_reconstruction
K-702243IN-LH0-RGD,Brazn - RGD,Brazn - RGD,brazn-rgd-shower_enclosure,shower_enclosure,bathing,shower_enclosures,shower_door,Framed Door 1D2P-L Left Out,,176000.0,INR,True,"*As per site conditions, sizes in finishes and the glass thickness may change from 8mm to 10mm and final price may vary",,,,,,Width: 900mm-1600mm / Depth: 250mm-1200mm / Height: 2200mm,,,,,,,,,,,,range,,,,,,,,,,,,,,,,,,,,,,,,,,,,,,,,,,,,,,,True,,,left,True,"*As per site conditions, sizes in finishes and the glass thickness may change from 8mm to 10mm and final price may vary",kohler-india-pricebook-2026-june,KOHLER India Price Book 2026 June Edition,2026,June Edition,74,catalogue,high,False,,unique,,resolved_pdf_grid_reconstruction
K-702242IN-RH0-RGD,Brazn - RGD,Brazn - RGD,brazn-rgd-shower_enclosure,shower_enclosure,bathing,shower_enclosures,shower_door,Framed Door 1D2P-S Right Out,,165000.0,INR,True,"*As per site conditions, sizes in finishes and the glass thickness may change from 8mm to 10mm and final price may vary",,,,,,Width: 1100mm-2400mm / Height: 2200mm,,,,,,,,,,,,range,,,,,,,,,,,,,,,,,,,,,,,,,,,,,,,,,,,,,,,True,,,right,True,"*As per site conditions, sizes in finishes and the glass thickness may change from 8mm to 10mm and final price may vary",kohler-india-pricebook-2026-june,KOHLER India Price Book 2026 June Edition,2026,June Edition,74,catalogue,high,False,,unique,,resolved_pdf_grid_reconstruction
K-702242IN-LH0-RGD,Brazn - RGD,Brazn - RGD,brazn-rgd-shower_enclosure,shower_enclosure,bathing,shower_enclosures,shower_door,Framed Door 1D2P-S Left Out,,165000.0,INR,True,"*As per site conditions, sizes in finishes and the glass thickness may change from 8mm to 10mm and final price may vary",,,,,,Width: 1100mm-2400mm / Height: 2200mm,,,,,,,,,,,,range,,,,,,,,,,,,,,,,,,,,,,,,,,,,,,,,,,,,,,,True,,,left,True,"*As per site conditions, sizes in finishes and the glass thickness may change from 8mm to 10mm and final price may vary",kohler-india-pricebook-2026-june,KOHLER India Price Book 2026 June Edition,2026,June Edition,74,catalogue,high,False,,unique,,resolved_pdf_grid_reconstruction
K-702248IN-RH0-RGD,Brazn - RGD,Brazn - RGD,brazn-rgd-shower_enclosure,shower_enclosure,bathing,shower_enclosures,corner_enclosure,Framed 1D1P-S Right Out CT,,154000.0,INR,True,"*As per site conditions, sizes in finishes and the glass thickness may change from 8mm to 10mm and final price may vary",,,,,,Width: 900mm-1600mm / Height: 2200mm-2600mm,,,,,,,,,,,,range,,,,,,,,,,,,,,,,,,,,,,,,,,,,,,,,,,,,,,,True,,,right,True,"*As per site conditions, sizes in finishes and the glass thickness may change from 8mm to 10mm and final price may vary",kohler-india-pricebook-2026-june,KOHLER India Price Book 2026 June Edition,2026,June Edition,74,catalogue,high,False,,unique,,resolved_pdf_grid_reconstruction
K-702248IN-LH0-RGD,Brazn - RGD,Brazn - RGD,brazn-rgd-shower_enclosure,shower_enclosure,bathing,shower_enclosures,corner_enclosure,Framed 1D1P-S Left Out CT,,154000.0,INR,True,"*As per site conditions, sizes in finishes and the glass thickness may change from 8mm to 10mm and final price may vary",,,,,,Width: 900mm-1600mm / Height: 2200mm-2600mm,,,,,,,,,,,,range,,,,,,,,,,,,,,,,,,,,,,,,,,,,,,,,,,,,,,,True,,,left,True,"*As per site conditions, sizes in finishes and the glass thickness may change from 8mm to 10mm and final price may vary",kohler-india-pricebook-2026-june,KOHLER India Price Book 2026 June Edition,2026,June Edition,74,catalogue,high,False,,unique,,resolved_pdf_grid_reconstruction
K-702241IN-RH0-RGD,,,,shower_enclosure,bathing,shower_enclosures,corner_enclosure,Framed 1D1P-S Right Out,,132000.0,INR,True,"*As per site conditions, sizes in finishes and the glass thickness may change from 8mm to 10mm and final price may vary",,,,,,Width: 900mm-1600mm / Height: 2200mm,,,,,,,,,,,,range,,,,,,,,,,,,,,,,,,,,,,,,,,,,,,,,,,,,,,,True,,,right,True,"*As per site conditions, sizes in finishes and the glass thickness may change from 8mm to 10mm and final price may vary",kohler-india-pricebook-2026-june,KOHLER India Price Book 2026 June Edition,2026,June Edition,75,catalogue,high,False,,unique,,resolved_pdf_grid_reconstruction
K-702241IN-LH0-RGD,,,,shower_enclosure,bathing,shower_enclosures,corner_enclosure,Framed 1D1P-S Left Out,,132000.0,INR,True,"*As per site conditions, sizes in finishes and the glass thickness may change from 8mm to 10mm and final price may vary",,,,,,Width: 900mm-1600mm / Height: 2200mm,,,,,,,,,,,,range,,,,,,,,,,,,,,,,,,,,,,,,,,,,,,,,,,,,,,,True,,,left,True,"*As per site conditions, sizes in finishes and the glass thickness may change from 8mm to 10mm and final price may vary",kohler-india-pricebook-2026-june,KOHLER India Price Book 2026 June Edition,2026,June Edition,75,catalogue,high,False,,unique,,resolved_pdf_grid_reconstruction
K-702246IN-RH0-RGD,,,,shower_enclosure,bathing,shower_enclosures,shower_door,Framed Door Right Out CT,,132000.0,INR,True,"*As per site conditions, sizes in finishes and the glass thickness may change from 8mm to 10mm and final price may vary",,,,,,Width: 655mm-900mm / Height: 2200mm-2600mm,,,,,,,,,,,,range,,,,,,,,,,,,,,,,,,,,,,,,,,,,,,,,,,,,,,,True,,,right,True,"*As per site conditions, sizes in finishes and the glass thickness may change from 8mm to 10mm and final price may vary",kohler-india-pricebook-2026-june,KOHLER India Price Book 2026 June Edition,2026,June Edition,75,catalogue,high,False,,unique,,resolved_pdf_grid_reconstruction
K-702246IN-LH0-RGD,,,,shower_enclosure,bathing,shower_enclosures,shower_door,Framed Door Left Out CT,,132000.0,INR,True,"*As per site conditions, sizes in finishes and the glass thickness may change from 8mm to 10mm and final price may vary",,,,,,Width: 655mm-900mm / Height: 2200mm-2600mm,,,,,,,,,,,,range,,,,,,,,,,,,,,,,,,,,,,,,,,,,,,,,,,,,,,,True,,,left,True,"*As per site conditions, sizes in finishes and the glass thickness may change from 8mm to 10mm and final price may vary",kohler-india-pricebook-2026-june,KOHLER India Price Book 2026 June Edition,2026,June Edition,75,catalogue,high,False,,unique,,resolved_pdf_grid_reconstruction
K-702239IN-RH0-RGD,,,,shower_enclosure,bathing,shower_enclosures,shower_door,Framed Door Right Out,,110000.0,INR,True,"*As per site conditions, sizes in finishes and the glass thickness may change from 8mm to 10mm and final price may vary",,,,,,Width: 655mm-900mm / Height: 2200mm,,,,,,,,,,,,range,,,,,,,,,,,,,,,,,,,,,,,,,,,,,,,,,,,,,,,True,,,right,True,"*As per site conditions, sizes in finishes and the glass thickness may change from 8mm to 10mm and final price may vary",kohler-india-pricebook-2026-june,KOHLER India Price Book 2026 June Edition,2026,June Edition,75,catalogue,high,False,,unique,,resolved_pdf_grid_reconstruction
K-702239IN-LH0-RGD,,,,shower_enclosure,bathing,shower_enclosures,shower_door,Framed Door Left Out,,110000.0,INR,True,"*As per site conditions, sizes in finishes and the glass thickness may change from 8mm to 10mm and final price may vary",,,,,,Width: 655mm-900mm / Height: 2200mm,,,,,,,,,,,,range,,,,,,,,,,,,,,,,,,,,,,,,,,,,,,,,,,,,,,,True,,,left,True,"*As per site conditions, sizes in finishes and the glass thickness may change from 8mm to 10mm and final price may vary",kohler-india-pricebook-2026-june,KOHLER India Price Book 2026 June Edition,2026,June Edition,75,catalogue,high,False,,unique,,resolved_pdf_grid_reconstruction
K-702650IN-RH0-RGD,,,,shower_enclosure,bathing,shower_enclosures,sliding_enclosure,Framed sliding enclosure - Right door,,150000.0,INR,True,"*As per site conditions, sizes in finishes and the glass thickness may change from 8mm to 10mm and final price may vary",,,,,,Width: 1300mm-1700mm / Height: 2200mm,,,,,,,,,,,,range,,,,,,,,,,,,,,,,,,,,,,,,,,,,,,,,,,,,,,,True,,,right,True,"*As per site conditions, sizes in finishes and the glass thickness may change from 8mm to 10mm and final price may vary",kohler-india-pricebook-2026-june,KOHLER India Price Book 2026 June Edition,2026,June Edition,75,catalogue,high,False,,unique,,resolved_pdf_grid_reconstruction
K-702650IN-LH0-RGD,,,,shower_enclosure,bathing,shower_enclosures,sliding_enclosure,Framed sliding enclosure - Left door,,150000.0,INR,True,"*As per site conditions, sizes in finishes and the glass thickness may change from 8mm to 10mm and final price may vary",,,,,,Width: 1300mm-1700mm / Height: 2200mm,,,,,,,,,,,,range,,,,,,,,,,,,,,,,,,,,,,,,,,,,,,,,,,,,,,,True,,,left,True,"*As per site conditions, sizes in finishes and the glass thickness may change from 8mm to 10mm and final price may vary",kohler-india-pricebook-2026-june,KOHLER India Price Book 2026 June Edition,2026,June Edition,75,catalogue,high,False,,unique,,resolved_pdf_grid_reconstruction
K-702252IN-RH0-BL,Brazn - BL,Brazn - BL,brazn-bl-shower_enclosure,shower_enclosure,bathing,shower_enclosures,shower_door,Framed Door 2D3P-T Right Out CT,,330000.0,INR,True,"*As per site conditions, sizes in finishes and the glass thickness may change from 8mm to 10mm and final price may vary",,,,,,Width: 1800mm-3000mm / Depth: 250mm-1200mm / Height: 2200mm-2600mm,,,,,,,,,,,,range,,,,,,,,,,,,,,,,,,,,,,,,,,,,,,,,,,,,,,,True,,,right,True,"*As per site conditions, sizes in finishes and the glass thickness may change from 8mm to 10mm and final price may vary",kohler-india-pricebook-2026-june,KOHLER India Price Book 2026 June Edition,2026,June Edition,75,catalogue,high,False,,unique,,resolved_pdf_grid_reconstruction
K-702252IN-LH0-BL,Brazn - BL,Brazn - BL,brazn-bl-shower_enclosure,shower_enclosure,bathing,shower_enclosures,shower_door,Framed Door 2D3P-T Left Out CT,,330000.0,INR,True,"*As per site conditions, sizes in finishes and the glass thickness may change from 8mm to 10mm and final price may vary",,,,,,Width: 1800mm-3000mm / Depth: 250mm-1200mm / Height: 2200mm-2600mm,,,,,,,,,,,,range,,,,,,,,,,,,,,,,,,,,,,,,,,,,,,,,,,,,,,,True,,,left,True,"*As per site conditions, sizes in finishes and the glass thickness may change from 8mm to 10mm and final price may vary",kohler-india-pricebook-2026-june,KOHLER India Price Book 2026 June Edition,2026,June Edition,75,catalogue,high,False,,unique,,resolved_pdf_grid_reconstruction
K-702245IN-RH0-BL,Brazn - BL,Brazn - BL,brazn-bl-shower_enclosure,shower_enclosure,bathing,shower_enclosures,shower_door,Framed Door 2D3P-T Right Out,,275000.0,INR,True,"*As per site conditions, sizes in finishes and the glass thickness may change from 8mm to 10mm and final price may vary",,,,,,Width: 1800mm-3000mm / Depth: 250mm-1200mm / Height: 2200mm,,,,,,,,,,,,range,,,,,,,,,,,,,,,,,,,,,,,,,,,,,,,,,,,,,,,True,,,right,True,"*As per site conditions, sizes in finishes and the glass thickness may change from 8mm to 10mm and final price may vary",kohler-india-pricebook-2026-june,KOHLER India Price Book 2026 June Edition,2026,June Edition,75,catalogue,high,False,,unique,,resolved_pdf_grid_reconstruction
K-702245IN-LH0-BL,Brazn - BL,Brazn - BL,brazn-bl-shower_enclosure,shower_enclosure,bathing,shower_enclosures,shower_door,Framed Door 2D3P-T Left Out,,275000.0,INR,True,"*As per site conditions, sizes in finishes and the glass thickness may change from 8mm to 10mm and final price may vary",,,,,,Width: 1800mm-3000mm / Depth: 250mm-1200mm / Height: 2200mm,,,,,,,,,,,,range,,,,,,,,,,,,,,,,,,,,,,,,,,,,,,,,,,,,,,,True,,,left,True,"*As per site conditions, sizes in finishes and the glass thickness may change from 8mm to 10mm and final price may vary",kohler-india-pricebook-2026-june,KOHLER India Price Book 2026 June Edition,2026,June Edition,75,catalogue,high,False,,unique,,resolved_pdf_grid_reconstruction
K-702250IN-RH0-BL,Brazn - BL,Brazn - BL,brazn-bl-shower_enclosure,shower_enclosure,bathing,shower_enclosures,shower_door,Framed Door 1D2P-L Right Out CT,,198000.0,INR,True,"*As per site conditions, sizes in finishes and the glass thickness may change from 8mm to 10mm and final price may vary",,,,,,Width: 900mm-1600mm / Depth: 250mm-1200mm / Height: 2200mm-2600mm,,,,,,,,,,,,range,,,,,,,,,,,,,,,,,,,,,,,,,,,,,,,,,,,,,,,True,,,right,True,"*As per site conditions, sizes in finishes and the glass thickness may change from 8mm to 10mm and final price may vary",kohler-india-pricebook-2026-june,KOHLER India Price Book 2026 June Edition,2026,June Edition,75,catalogue,high,False,,unique,,resolved_pdf_grid_reconstruction
K-702250IN-LH0-BL,Brazn - BL,Brazn - BL,brazn-bl-shower_enclosure,shower_enclosure,bathing,shower_enclosures,shower_door,Framed Door 1D2P-L Left Out CT,,198000.0,INR,True,"*As per site conditions, sizes in finishes and the glass thickness may change from 8mm to 10mm and final price may vary",,,,,,Width: 900mm-1600mm / Depth: 250mm-1200mm / Height: 2200mm-2600mm,,,,,,,,,,,,range,,,,,,,,,,,,,,,,,,,,,,,,,,,,,,,,,,,,,,,True,,,left,True,"*As per site conditions, sizes in finishes and the glass thickness may change from 8mm to 10mm and final price may vary",kohler-india-pricebook-2026-june,KOHLER India Price Book 2026 June Edition,2026,June Edition,75,catalogue,high,False,,unique,,resolved_pdf_grid_reconstruction
K-702249IN-RH0-BL,Brazn - BL,Brazn - BL,brazn-bl-shower_enclosure,shower_enclosure,bathing,shower_enclosures,shower_door,Framed Door 1D2P-S Right Out CT,,187000.0,INR,True,"*As per site conditions, sizes in finishes and the glass thickness may change from 8mm to 10mm and final price may vary",,,,,,Width: 1100mm-2400mm / Height: 2200mm-2600mm,,,,,,,,,,,,range,,,,,,,,,,,,,,,,,,,,,,,,,,,,,,,,,,,,,,,True,,,right,True,"*As per site conditions, sizes in finishes and the glass thickness may change from 8mm to 10mm and final price may vary",kohler-india-pricebook-2026-june,KOHLER India Price Book 2026 June Edition,2026,June Edition,75,catalogue,high,False,,unique,,resolved_pdf_grid_reconstruction
K-702249IN-LH0-BL,Brazn - BL,Brazn - BL,brazn-bl-shower_enclosure,shower_enclosure,bathing,shower_enclosures,shower_door,Framed Door 1D2P-S Left Out CT,,187000.0,INR,True,"*As per site conditions, sizes in finishes and the glass thickness may change from 8mm to 10mm and final price may vary",,,,,,Width: 1100mm-2400mm / Height: 2200mm-2600mm,,,,,,,,,,,,range,,,,,,,,,,,,,,,,,,,,,,,,,,,,,,,,,,,,,,,True,,,left,True,"*As per site conditions, sizes in finishes and the glass thickness may change from 8mm to 10mm and final price may vary",kohler-india-pricebook-2026-june,KOHLER India Price Book 2026 June Edition,2026,June Edition,75,catalogue,high,False,,unique,,resolved_pdf_grid_reconstruction
K-702243IN-RH0-BL,Brazn - BL,Brazn - BL,brazn-bl-shower_enclosure,shower_enclosure,bathing,shower_enclosures,shower_door,Framed Door 1D2P-L Right Out,,176000.0,INR,True,"*As per site conditions, sizes in finishes and the glass thickness may change from 8mm to 10mm and final price may vary",,,,,,Width: 900mm-1600mm / Depth: 250mm-1200mm / Height: 2200mm,,,,,,,,,,,,range,,,,,,,,,,,,,,,,,,,,,,,,,,,,,,,,,,,,,,,True,,,right,True,"*As per site conditions, sizes in finishes and the glass thickness may change from 8mm to 10mm and final price may vary",kohler-india-pricebook-2026-june,KOHLER India Price Book 2026 June Edition,2026,June Edition,75,catalogue,high,False,,unique,,resolved_pdf_grid_reconstruction
K-702243IN-LH0-BL,Brazn - BL,Brazn - BL,brazn-bl-shower_enclosure,shower_enclosure,bathing,shower_enclosures,shower_door,Framed Door 1D2P-L Left Out,,176000.0,INR,True,"*As per site conditions, sizes in finishes and the glass thickness may change from 8mm to 10mm and final price may vary",,,,,,Width: 900mm-1600mm / Depth: 250mm-1200mm / Height: 2200mm,,,,,,,,,,,,range,,,,,,,,,,,,,,,,,,,,,,,,,,,,,,,,,,,,,,,True,,,left,True,"*As per site conditions, sizes in finishes and the glass thickness may change from 8mm to 10mm and final price may vary",kohler-india-pricebook-2026-june,KOHLER India Price Book 2026 June Edition,2026,June Edition,75,catalogue,high,False,,unique,,resolved_pdf_grid_reconstruction
K-702242IN-RH0-BL,,,,shower_enclosure,bathing,shower_enclosures,shower_door,Framed Door 1D2P-S Right Out,,165000.0,INR,True,"*As per site conditions, sizes in finishes and the glass thickness may change from 8mm to 10mm and final price may vary",,,,,,Width: 1100mm-2400mm / Height: 2200mm,,,,,,,,,,,,range,,,,,,,,,,,,,,,,,,,,,,,,,,,,,,,,,,,,,,,True,,,right,True,"*As per site conditions, sizes in finishes and the glass thickness may change from 8mm to 10mm and final price may vary",kohler-india-pricebook-2026-june,KOHLER India Price Book 2026 June Edition,2026,June Edition,76,catalogue,high,False,,unique,,resolved_pdf_grid_reconstruction
K-702242IN-LH0-BL,,,,shower_enclosure,bathing,shower_enclosures,shower_door,Framed Door 1D2P-S Left Out,,165000.0,INR,True,"*As per site conditions, sizes in finishes and the glass thickness may change from 8mm to 10mm and final price may vary",,,,,,Width: 1100mm-2400mm / Height: 2200mm,,,,,,,,,,,,range,,,,,,,,,,,,,,,,,,,,,,,,,,,,,,,,,,,,,,,True,,,left,True,"*As per site conditions, sizes in finishes and the glass thickness may change from 8mm to 10mm and final price may vary",kohler-india-pricebook-2026-june,KOHLER India Price Book 2026 June Edition,2026,June Edition,76,catalogue,high,False,,unique,,resolved_pdf_grid_reconstruction
K-702248IN-RH0-BL,,,,shower_enclosure,bathing,shower_enclosures,corner_enclosure,Framed 1D1P-S Right Out CT,,154000.0,INR,True,"*As per site conditions, sizes in finishes and the glass thickness may change from 8mm to 10mm and final price may vary",,,,,,Width: 900mm-1600mm / Height: 2200mm-2600mm,,,,,,,,,,,,range,,,,,,,,,,,,,,,,,,,,,,,,,,,,,,,,,,,,,,,True,,,right,True,"*As per site conditions, sizes in finishes and the glass thickness may change from 8mm to 10mm and final price may vary",kohler-india-pricebook-2026-june,KOHLER India Price Book 2026 June Edition,2026,June Edition,76,catalogue,high,False,,unique,,resolved_pdf_grid_reconstruction
K-702248IN-LH0-BL,,,,shower_enclosure,bathing,shower_enclosures,corner_enclosure,Framed 1D1P-S Left Out CT,,154000.0,INR,True,"*As per site conditions, sizes in finishes and the glass thickness may change from 8mm to 10mm and final price may vary",,,,,,Width: 900mm-1600mm / Height: 2200mm-2600mm,,,,,,,,,,,,range,,,,,,,,,,,,,,,,,,,,,,,,,,,,,,,,,,,,,,,True,,,left,True,"*As per site conditions, sizes in finishes and the glass thickness may change from 8mm to 10mm and final price may vary",kohler-india-pricebook-2026-june,KOHLER India Price Book 2026 June Edition,2026,June Edition,76,catalogue,high,False,,unique,,resolved_pdf_grid_reconstruction
K-702241IN-RH0-BL,,,,shower_enclosure,bathing,shower_enclosures,corner_enclosure,Framed 1D1P-S Right Out,,132000.0,INR,True,"*As per site conditions, sizes in finishes and the glass thickness may change from 8mm to 10mm and final price may vary",,,,,,Width: 900mm-1600mm / Height: 2200mm,,,,,,,,,,,,range,,,,,,,,,,,,,,,,,,,,,,,,,,,,,,,,,,,,,,,True,,,right,True,"*As per site conditions, sizes in finishes and the glass thickness may change from 8mm to 10mm and final price may vary",kohler-india-pricebook-2026-june,KOHLER India Price Book 2026 June Edition,2026,June Edition,76,catalogue,high,False,,unique,,resolved_pdf_grid_reconstruction
K-702241IN-LH0-BL,,,,shower_enclosure,bathing,shower_enclosures,corner_enclosure,Framed 1D1P-S Left Out,,132000.0,INR,True,"*As per site conditions, sizes in finishes and the glass thickness may change from 8mm to 10mm and final price may vary",,,,,,Width: 900mm-1600mm / Height: 2200mm,,,,,,,,,,,,range,,,,,,,,,,,,,,,,,,,,,,,,,,,,,,,,,,,,,,,True,,,left,True,"*As per site conditions, sizes in finishes and the glass thickness may change from 8mm to 10mm and final price may vary",kohler-india-pricebook-2026-june,KOHLER India Price Book 2026 June Edition,2026,June Edition,76,catalogue,high,False,,unique,,resolved_pdf_grid_reconstruction
K-702246IN-RH0-BL,,,,shower_enclosure,bathing,shower_enclosures,shower_door,Framed Door Right Out CT,,132000.0,INR,True,"*As per site conditions, sizes in finishes and the glass thickness may change from 8mm to 10mm and final price may vary",,,,,,Width: 655mm-900mm / Height: 2200mm-2600mm,,,,,,,,,,,,range,,,,,,,,,,,,,,,,,,,,,,,,,,,,,,,,,,,,,,,True,,,right,True,"*As per site conditions, sizes in finishes and the glass thickness may change from 8mm to 10mm and final price may vary",kohler-india-pricebook-2026-june,KOHLER India Price Book 2026 June Edition,2026,June Edition,76,catalogue,high,False,,unique,,resolved_pdf_grid_reconstruction
K-702246IN-LH0-BL,,,,shower_enclosure,bathing,shower_enclosures,shower_door,Framed Door Left Out CT,,132000.0,INR,True,"*As per site conditions, sizes in finishes and the glass thickness may change from 8mm to 10mm and final price may vary",,,,,,Width: 655mm-900mm / Height: 2200mm-2600mm,,,,,,,,,,,,range,,,,,,,,,,,,,,,,,,,,,,,,,,,,,,,,,,,,,,,True,,,left,True,"*As per site conditions, sizes in finishes and the glass thickness may change from 8mm to 10mm and final price may vary",kohler-india-pricebook-2026-june,KOHLER India Price Book 2026 June Edition,2026,June Edition,76,catalogue,high,False,,unique,,resolved_pdf_grid_reconstruction
K-702239IN-RH0-BL,,,,shower_enclosure,bathing,shower_enclosures,shower_door,Framed Door Right Out,,110000.0,INR,True,"*As per site conditions, sizes in finishes and the glass thickness may change from 8mm to 10mm and final price may vary",,,,,,Width: 655mm-900mm / Height: 2200mm,,,,,,,,,,,,range,,,,,,,,,,,,,,,,,,,,,,,,,,,,,,,,,,,,,,,True,,,right,True,"*As per site conditions, sizes in finishes and the glass thickness may change from 8mm to 10mm and final price may vary",kohler-india-pricebook-2026-june,KOHLER India Price Book 2026 June Edition,2026,June Edition,76,catalogue,high,False,,unique,,resolved_pdf_grid_reconstruction
K-702239IN-LH0-BL,,,,shower_enclosure,bathing,shower_enclosures,shower_door,Framed Door Left Out,,110000.0,INR,True,"*As per site conditions, sizes in finishes and the glass thickness may change from 8mm to 10mm and final price may vary",,,,,,Width: 655mm-900mm / Height: 2200mm,,,,,,,,,,,,range,,,,,,,,,,,,,,,,,,,,,,,,,,,,,,,,,,,,,,,True,,,left,True,"*As per site conditions, sizes in finishes and the glass thickness may change from 8mm to 10mm and final price may vary",kohler-india-pricebook-2026-june,KOHLER India Price Book 2026 June Edition,2026,June Edition,76,catalogue,high,False,,unique,,resolved_pdf_grid_reconstruction
K-702650IN-RH0-BL,,,,shower_enclosure,bathing,shower_enclosures,sliding_enclosure,Framed sliding enclosure - Right door,,145000.0,INR,True,"*As per site conditions, sizes in finishes and the glass thickness may change from 8mm to 10mm and final price may vary",,,,,,Width: 1300mm-1700mm / Height: 2200mm,,,,,,,,,,,,range,,,,,,,,,,,,,,,,,,,,,,,,,,,,,,,,,,,,,,,True,,,right,True,"*As per site conditions, sizes in finishes and the glass thickness may change from 8mm to 10mm and final price may vary",kohler-india-pricebook-2026-june,KOHLER India Price Book 2026 June Edition,2026,June Edition,76,catalogue,high,False,,unique,,resolved_pdf_grid_reconstruction
K-702650IN-LH0-BL,,,,shower_enclosure,bathing,shower_enclosures,sliding_enclosure,Framed sliding enclosure - Left door,,145000.0,INR,True,"*As per site conditions, sizes in finishes and the glass thickness may change from 8mm to 10mm and final price may vary",,,,,,Width: 1300mm-1700mm / Height: 2200mm,,,,,,,,,,,,range,,,,,,,,,,,,,,,,,,,,,,,,,,,,,,,,,,,,,,,True,,,left,True,"*As per site conditions, sizes in finishes and the glass thickness may change from 8mm to 10mm and final price may vary",kohler-india-pricebook-2026-june,KOHLER India Price Book 2026 June Edition,2026,June Edition,76,catalogue,high,False,,unique,,resolved_pdf_grid_reconstruction
K-37526IN-FLC-NA,Clear Fluted Glass - FLC-NA,Clear Fluted Glass - FLC-NA,clear-fluted-glass-flc-na-shower_enclosure,shower_enclosure,bathing,shower_enclosures,corner_enclosure,Clear Fluted Glass T Shape-CT,,47000.0,INR,True,"*As per site conditions, sizes in finishes and the glass thickness may change from 8mm to 10mm and final price may vary",,,,,,,,,,,,,,,,,,not_specified,,,,,,,,,,,,,,,,,,,,,,,,,,,,,,,,,,,,,,,True,,,not_specified,True,"*As per site conditions, sizes in finishes and the glass thickness may change from 8mm to 10mm and final price may vary",kohler-india-pricebook-2026-june,KOHLER India Price Book 2026 June Edition,2026,June Edition,76,catalogue,high,False,,unique,,resolved_pdf_grid_reconstruction
K-37523IN-FLC-NA,Clear Fluted Glass - FLC-NA,Clear Fluted Glass - FLC-NA,clear-fluted-glass-flc-na-shower_enclosure,shower_enclosure,bathing,shower_enclosures,corner_enclosure,Clear Fluted Glass T Shape,,42000.0,INR,True,"*As per site conditions, sizes in finishes and the glass thickness may change from 8mm to 10mm and final price may vary",,,,,,,,,,,,,,,,,,not_specified,,,,,,,,,,,,,,,,,,,,,,,,,,,,,,,,,,,,,,,True,,,not_specified,True,"*As per site conditions, sizes in finishes and the glass thickness may change from 8mm to 10mm and final price may vary",kohler-india-pricebook-2026-june,KOHLER India Price Book 2026 June Edition,2026,June Edition,76,catalogue,high,False,,unique,,resolved_pdf_grid_reconstruction
K-37524IN-FLC-NA,Clear Fluted Glass - FLC-NA,Clear Fluted Glass - FLC-NA,clear-fluted-glass-flc-na-shower_enclosure,shower_enclosure,bathing,shower_enclosures,corner_enclosure,Clear Fluted Glass 1D1P/1D2P-CT,,27000.0,INR,True,"*As per site conditions, sizes in finishes and the glass thickness may change from 8mm to 10mm and final price may vary",,,,,,,,,,,,,,,,,,not_specified,,,,,,,,,,,,,,,,,,,,,,,,,,,,,,,,,,,,,,,True,,,not_specified,True,"*As per site conditions, sizes in finishes and the glass thickness may change from 8mm to 10mm and final price may vary",kohler-india-pricebook-2026-june,KOHLER India Price Book 2026 June Edition,2026,June Edition,76,catalogue,high,False,,unique,,resolved_pdf_grid_reconstruction
K-37521IN-FLC-NA,Clear Fluted Glass - FLC-NA,Clear Fluted Glass - FLC-NA,clear-fluted-glass-flc-na-shower_enclosure,shower_enclosure,bathing,shower_enclosures,corner_enclosure,Clear Fluted Glass 1D1P/1D2P,,22500.0,INR,True,"*As per site conditions, sizes in finishes and the glass thickness may change from 8mm to 10mm and final price may vary",,,,,,,,,,,,,,,,,,not_specified,,,,,,,,,,,,,,,,,,,,,,,,,,,,,,,,,,,,,,,True,,,not_specified,True,"*As per site conditions, sizes in finishes and the glass thickness may change from 8mm to 10mm and final price may vary",kohler-india-pricebook-2026-june,KOHLER India Price Book 2026 June Edition,2026,June Edition,76,catalogue,high,False,,unique,,resolved_pdf_grid_reconstruction
K-37525IN-FLC-NA,Clear Fluted Glass - FLC-NA,Clear Fluted Glass - FLC-NA,clear-fluted-glass-flc-na-shower_enclosure,shower_enclosure,bathing,shower_enclosures,shower_door,Clear Fluted Glass-Door-CT,,10000.0,INR,True,"*As per site conditions, sizes in finishes and the glass thickness may change from 8mm to 10mm and final price may vary",,,,,,,,,,,,,,,,,,not_specified,,,,,,,,,,,,,,,,,,,,,,,,,,,,,,,,,,,,,,,True,,,not_specified,True,"*As per site conditions, sizes in finishes and the glass thickness may change from 8mm to 10mm and final price may vary",kohler-india-pricebook-2026-june,KOHLER India Price Book 2026 June Edition,2026,June Edition,76,catalogue,high,False,,unique,,resolved_pdf_grid_reconstruction
K-37522IN-FLC-NA,Clear Fluted Glass - FLC-NA,Clear Fluted Glass - FLC-NA,clear-fluted-glass-flc-na-shower_enclosure,shower_enclosure,bathing,shower_enclosures,shower_door,Clear Fluted Glass Door,,8500.0,INR,True,"*As per site conditions, sizes in finishes and the glass thickness may change from 8mm to 10mm and final price may vary",,,,,,,,,,,,,,,,,,not_specified,,,,,,,,,,,,,,,,,,,,,,,,,,,,,,,,,,,,,,,True,,,not_specified,True,"*As per site conditions, sizes in finishes and the glass thickness may change from 8mm to 10mm and final price may vary",kohler-india-pricebook-2026-june,KOHLER India Price Book 2026 June Edition,2026,June Edition,76,catalogue,high,False,,unique,,resolved_pdf_grid_reconstruction
K-37532IN-SWW-AF,Artistic Glass - AF (Weave),Artistic Glass - AF (Weave),artistic-glass-af-weave-shower_enclosure,shower_enclosure,bathing,shower_enclosures,corner_enclosure,Gold Weave Glass T Shape-CT,,332690.0,INR,True,"*As per site conditions, sizes in finishes and the glass thickness may change from 8mm to 10mm and final price may vary",,,,,,,,,,,,,,,,,,not_specified,,,,,,,,,,,,,,,,,,,,,,,,,,,,,,,,,,,,,,,True,,,not_specified,True,"*As per site conditions, sizes in finishes and the glass thickness may change from 8mm to 10mm and final price may vary",kohler-india-pricebook-2026-june,KOHLER India Price Book 2026 June Edition,2026,June Edition,77,catalogue,high,False,,unique,,resolved_pdf_grid_reconstruction
K-37529IN-SWW-AF,Artistic Glass - AF (Weave),Artistic Glass - AF (Weave),artistic-glass-af-weave-shower_enclosure,shower_enclosure,bathing,shower_enclosures,corner_enclosure,Gold Weave Glass T Shape,,281351.0,INR,True,"*As per site conditions, sizes in finishes and the glass thickness may change from 8mm to 10mm and final price may vary",,,,,,,,,,,,,,,,,,not_specified,,,,,,,,,,,,,,,,,,,,,,,,,,,,,,,,,,,,,,,True,,,not_specified,True,"*As per site conditions, sizes in finishes and the glass thickness may change from 8mm to 10mm and final price may vary",kohler-india-pricebook-2026-june,KOHLER India Price Book 2026 June Edition,2026,June Edition,77,catalogue,high,False,,unique,,resolved_pdf_grid_reconstruction
K-37530IN-SWW-AF,Artistic Glass - AF (Weave),Artistic Glass - AF (Weave),artistic-glass-af-weave-shower_enclosure,shower_enclosure,bathing,shower_enclosures,corner_enclosure,Gold Weave Glass 1D1P/1D2P-CT,,180695.0,INR,True,"*As per site conditions, sizes in finishes and the glass thickness may change from 8mm to 10mm and final price may vary",,,,,,,,,,,,,,,,,,not_specified,,,,,,,,,,,,,,,,,,,,,,,,,,,,,,,,,,,,,,,True,,,not_specified,True,"*As per site conditions, sizes in finishes and the glass thickness may change from 8mm to 10mm and final price may vary",kohler-india-pricebook-2026-june,KOHLER India Price Book 2026 June Edition,2026,June Edition,77,catalogue,high,False,,unique,,resolved_pdf_grid_reconstruction
K-37527IN-SWW-AF,Artistic Glass - AF (Weave),Artistic Glass - AF (Weave),artistic-glass-af-weave-shower_enclosure,shower_enclosure,bathing,shower_enclosures,corner_enclosure,Gold Weave Glass 1D1P/1D2P,,153207.0,INR,True,"*As per site conditions, sizes in finishes and the glass thickness may change from 8mm to 10mm and final price may vary",,,,,,,,,,,,,,,,,,not_specified,,,,,,,,,,,,,,,,,,,,,,,,,,,,,,,,,,,,,,,True,,,not_specified,True,"*As per site conditions, sizes in finishes and the glass thickness may change from 8mm to 10mm and final price may vary",kohler-india-pricebook-2026-june,KOHLER India Price Book 2026 June Edition,2026,June Edition,77,catalogue,high,False,,unique,,resolved_pdf_grid_reconstruction
K-37531IN-SWW-AF,Artistic Glass - AF (Weave),Artistic Glass - AF (Weave),artistic-glass-af-weave-shower_enclosure,shower_enclosure,bathing,shower_enclosures,shower_door,Gold Weave Glass Door-CT,,68317.0,INR,True,"*As per site conditions, sizes in finishes and the glass thickness may change from 8mm to 10mm and final price may vary",,,,,,,,,,,,,,,,,,not_specified,,,,,,,,,,,,,,,,,,,,,,,,,,,,,,,,,,,,,,,True,,,not_specified,True,"*As per site conditions, sizes in finishes and the glass thickness may change from 8mm to 10mm and final price may vary",kohler-india-pricebook-2026-june,KOHLER India Price Book 2026 June Edition,2026,June Edition,77,catalogue,high,False,,unique,,resolved_pdf_grid_reconstruction
K-37528IN-SWW-AF,Artistic Glass - AF (Weave),Artistic Glass - AF (Weave),artistic-glass-af-weave-shower_enclosure,shower_enclosure,bathing,shower_enclosures,shower_door,Gold Weave Glass Door,,57806.0,INR,True,"*As per site conditions, sizes in finishes and the glass thickness may change from 8mm to 10mm and final price may vary",,,,,,,,,,,,,,,,,,not_specified,,,,,,,,,,,,,,,,,,,,,,,,,,,,,,,,,,,,,,,True,,,not_specified,True,"*As per site conditions, sizes in finishes and the glass thickness may change from 8mm to 10mm and final price may vary",kohler-india-pricebook-2026-june,KOHLER India Price Book 2026 June Edition,2026,June Edition,77,catalogue,high,False,,unique,,resolved_pdf_grid_reconstruction
K-37574IN-SWB-AF,Artistic Glass - AF (Blinds),Artistic Glass - AF (Blinds),artistic-glass-af-blinds-shower_enclosure,shower_enclosure,bathing,shower_enclosures,corner_enclosure,Gold Blinds Glass T Shape-CT,,899440.0,INR,True,"*As per site conditions, sizes in finishes and the glass thickness may change from 8mm to 10mm and final price may vary",,,,,,,,,,,,,,,,,,not_specified,,,,,,,,,,,,,,,,,,,,,,,,,,,,,,,,,,,,,,,True,,,not_specified,True,"*As per site conditions, sizes in finishes and the glass thickness may change from 8mm to 10mm and final price may vary",kohler-india-pricebook-2026-june,KOHLER India Price Book 2026 June Edition,2026,June Edition,77,catalogue,high,False,,unique,,resolved_pdf_grid_reconstruction
K-37571IN-SWB-AF,Artistic Glass - AF (Blinds),Artistic Glass - AF (Blinds),artistic-glass-af-blinds-shower_enclosure,shower_enclosure,bathing,shower_enclosures,corner_enclosure,Gold Blinds Glass T Shape,,760644.0,INR,True,"*As per site conditions, sizes in finishes and the glass thickness may change from 8mm to 10mm and final price may vary",,,,,,,,,,,,,,,,,,not_specified,,,,,,,,,,,,,,,,,,,,,,,,,,,,,,,,,,,,,,,True,,,not_specified,True,"*As per site conditions, sizes in finishes and the glass thickness may change from 8mm to 10mm and final price may vary",kohler-india-pricebook-2026-june,KOHLER India Price Book 2026 June Edition,2026,June Edition,77,catalogue,high,False,,unique,,resolved_pdf_grid_reconstruction
K-37572IN-SWB-AF,Artistic Glass - AF (Blinds),Artistic Glass - AF (Blinds),artistic-glass-af-blinds-shower_enclosure,shower_enclosure,bathing,shower_enclosures,corner_enclosure,Gold Blinds Glass 1D1P/1D2P-CT,,488517.0,INR,True,"*As per site conditions, sizes in finishes and the glass thickness may change from 8mm to 10mm and final price may vary",,,,,,,,,,,,,,,,,,not_specified,,,,,,,,,,,,,,,,,,,,,,,,,,,,,,,,,,,,,,,True,,,not_specified,True,"*As per site conditions, sizes in finishes and the glass thickness may change from 8mm to 10mm and final price may vary",kohler-india-pricebook-2026-june,KOHLER India Price Book 2026 June Edition,2026,June Edition,77,catalogue,high,False,,unique,,resolved_pdf_grid_reconstruction
K-37569IN-SWB-AF,Artistic Glass - AF (Blinds),Artistic Glass - AF (Blinds),artistic-glass-af-blinds-shower_enclosure,shower_enclosure,bathing,shower_enclosures,corner_enclosure,Gold Blinds Glass 1D1P/1D2P,,414202.0,INR,True,"*As per site conditions, sizes in finishes and the glass thickness may change from 8mm to 10mm and final price may vary",,,,,,,,,,,,,,,,,,not_specified,,,,,,,,,,,,,,,,,,,,,,,,,,,,,,,,,,,,,,,True,,,not_specified,True,"*As per site conditions, sizes in finishes and the glass thickness may change from 8mm to 10mm and final price may vary",kohler-india-pricebook-2026-june,KOHLER India Price Book 2026 June Edition,2026,June Edition,77,catalogue,high,False,,unique,,resolved_pdf_grid_reconstruction
K-37573IN-SWB-AF,Artistic Glass - AF (Blinds),Artistic Glass - AF (Blinds),artistic-glass-af-blinds-shower_enclosure,shower_enclosure,bathing,shower_enclosures,shower_door,Gold Blinds Glass Door-CT,,184697.0,INR,True,"*As per site conditions, sizes in finishes and the glass thickness may change from 8mm to 10mm and final price may vary",,,,,,,,,,,,,,,,,,not_specified,,,,,,,,,,,,,,,,,,,,,,,,,,,,,,,,,,,,,,,True,,,not_specified,True,"*As per site conditions, sizes in finishes and the glass thickness may change from 8mm to 10mm and final price may vary",kohler-india-pricebook-2026-june,KOHLER India Price Book 2026 June Edition,2026,June Edition,77,catalogue,high,False,,unique,,resolved_pdf_grid_reconstruction
K-37570IN-SWB-AF,Artistic Glass - AF (Blinds),Artistic Glass - AF (Blinds),artistic-glass-af-blinds-shower_enclosure,shower_enclosure,bathing,shower_enclosures,shower_door,Gold Blinds Glass Door,,156282.0,INR,True,"*As per site conditions, sizes in finishes and the glass thickness may change from 8mm to 10mm and final price may vary",,,,,,,,,,,,,,,,,,not_specified,,,,,,,,,,,,,,,,,,,,,,,,,,,,,,,,,,,,,,,True,,,not_specified,True,"*As per site conditions, sizes in finishes and the glass thickness may change from 8mm to 10mm and final price may vary",kohler-india-pricebook-2026-june,KOHLER India Price Book 2026 June Edition,2026,June Edition,77,catalogue,high,False,,unique,,resolved_pdf_grid_reconstruction
K-37580IN-SWG-AF,Artistic Glass - AF (Glaze),Artistic Glass - AF (Glaze),artistic-glass-af-glaze-shower_enclosure,shower_enclosure,bathing,shower_enclosures,corner_enclosure,Gold Glaze Glass T Shape-CT,,438955.0,INR,True,"*As per site conditions, sizes in finishes and the glass thickness may change from 8mm to 10mm and final price may vary",,,,,,,,,,,,,,,,,,not_specified,,,,,,,,,,,,,,,,,,,,,,,,,,,,,,,,,,,,,,,True,,,not_specified,True,"*As per site conditions, sizes in finishes and the glass thickness may change from 8mm to 10mm and final price may vary",kohler-india-pricebook-2026-june,KOHLER India Price Book 2026 June Edition,2026,June Edition,77,catalogue,high,False,,unique,,resolved_pdf_grid_reconstruction
K-37577IN-SWG-AF,Artistic Glass - AF (Glaze),Artistic Glass - AF (Glaze),artistic-glass-af-glaze-shower_enclosure,shower_enclosure,bathing,shower_enclosures,corner_enclosure,Gold Glaze Glass T Shape,,371219.0,INR,True,"*As per site conditions, sizes in finishes and the glass thickness may change from 8mm to 10mm and final price may vary",,,,,,,,,,,,,,,,,,not_specified,,,,,,,,,,,,,,,,,,,,,,,,,,,,,,,,,,,,,,,True,,,not_specified,True,"*As per site conditions, sizes in finishes and the glass thickness may change from 8mm to 10mm and final price may vary",kohler-india-pricebook-2026-june,KOHLER India Price Book 2026 June Edition,2026,June Edition,77,catalogue,high,False,,unique,,resolved_pdf_grid_reconstruction
K-37578IN-SWG-AF,Artistic Glass - AF (Glaze),Artistic Glass - AF (Glaze),artistic-glass-af-glaze-shower_enclosure,shower_enclosure,bathing,shower_enclosures,corner_enclosure,Gold Glaze Glass 1D1P/1D2P-CT,,238412.0,INR,True,"*As per site conditions, sizes in finishes and the glass thickness may change from 8mm to 10mm and final price may vary",,,,,,,,,,,,,,,,,,not_specified,,,,,,,,,,,,,,,,,,,,,,,,,,,,,,,,,,,,,,,True,,,not_specified,True,"*As per site conditions, sizes in finishes and the glass thickness may change from 8mm to 10mm and final price may vary",kohler-india-pricebook-2026-june,KOHLER India Price Book 2026 June Edition,2026,June Edition,77,catalogue,high,False,,unique,,resolved_pdf_grid_reconstruction
K-37575IN-SWG-AF,Artistic Glass - AF (Glaze),Artistic Glass - AF (Glaze),artistic-glass-af-glaze-shower_enclosure,shower_enclosure,bathing,shower_enclosures,corner_enclosure,Gold Glaze Glass 1D1P/1D2P,,202143.0,INR,True,"*As per site conditions, sizes in finishes and the glass thickness may change from 8mm to 10mm and final price may vary",,,,,,,,,,,,,,,,,,not_specified,,,,,,,,,,,,,,,,,,,,,,,,,,,,,,,,,,,,,,,True,,,not_specified,True,"*As per site conditions, sizes in finishes and the glass thickness may change from 8mm to 10mm and final price may vary",kohler-india-pricebook-2026-june,KOHLER India Price Book 2026 June Edition,2026,June Edition,77,catalogue,high,False,,unique,,resolved_pdf_grid_reconstruction
K-37579IN-SWG-AF,Artistic Glass - AF (Glaze),Artistic Glass - AF (Glaze),artistic-glass-af-glaze-shower_enclosure,shower_enclosure,bathing,shower_enclosures,shower_door,Gold Glaze Glass Door-CT,,90138.0,INR,True,"*As per site conditions, sizes in finishes and the glass thickness may change from 8mm to 10mm and final price may vary",,,,,,,,,,,,,,,,,,not_specified,,,,,,,,,,,,,,,,,,,,,,,,,,,,,,,,,,,,,,,True,,,not_specified,True,"*As per site conditions, sizes in finishes and the glass thickness may change from 8mm to 10mm and final price may vary",kohler-india-pricebook-2026-june,KOHLER India Price Book 2026 June Edition,2026,June Edition,77,catalogue,high,False,,unique,,resolved_pdf_grid_reconstruction
K-37576IN-SWG-AF,Artistic Glass - AF (Glaze),Artistic Glass - AF (Glaze),artistic-glass-af-glaze-shower_enclosure,shower_enclosure,bathing,shower_enclosures,shower_door,Gold Glaze Glass Door,,76270.0,INR,True,"*As per site conditions, sizes in finishes and the glass thickness may change from 8mm to 10mm and final price may vary",,,,,,,,,,,,,,,,,,not_specified,,,,,,,,,,,,,,,,,,,,,,,,,,,,,,,,,,,,,,,True,,,not_specified,True,"*As per site conditions, sizes in finishes and the glass thickness may change from 8mm to 10mm and final price may vary",kohler-india-pricebook-2026-june,KOHLER India Price Book 2026 June Edition,2026,June Edition,77,catalogue,high,False,,unique,,resolved_pdf_grid_reconstruction
K-37538IN-SWB-RGD,Artistic Glass - RGD (Blinds),Artistic Glass - RGD (Blinds),artistic-glass-rgd-blinds-shower_enclosure,shower_enclosure,bathing,shower_enclosures,corner_enclosure,Rose Gold Blinds Glass T Shape-CT,,899440.0,INR,True,"*As per site conditions, sizes in finishes and the glass thickness may change from 8mm to 10mm and final price may vary",,,,,,,,,,,,,,,,,,not_specified,,,,,,,,,,,,,,,,,,,,,,,,,,,,,,,,,,,,,,,True,,,not_specified,True,"*As per site conditions, sizes in finishes and the glass thickness may change from 8mm to 10mm and final price may vary",kohler-india-pricebook-2026-june,KOHLER India Price Book 2026 June Edition,2026,June Edition,77,catalogue,high,False,,unique,,resolved_pdf_grid_reconstruction
K-37535IN-SWB-RGD,Artistic Glass - RGD (Blinds),Artistic Glass - RGD (Blinds),artistic-glass-rgd-blinds-shower_enclosure,shower_enclosure,bathing,shower_enclosures,corner_enclosure,Rose Gold Blinds Glass T Shape,,760644.0,INR,True,"*As per site conditions, sizes in finishes and the glass thickness may change from 8mm to 10mm and final price may vary",,,,,,,,,,,,,,,,,,not_specified,,,,,,,,,,,,,,,,,,,,,,,,,,,,,,,,,,,,,,,True,,,not_specified,True,"*As per site conditions, sizes in finishes and the glass thickness may change from 8mm to 10mm and final price may vary",kohler-india-pricebook-2026-june,KOHLER India Price Book 2026 June Edition,2026,June Edition,77,catalogue,high,False,,unique,,resolved_pdf_grid_reconstruction
K-37536IN-SWB-RGD,Artistic Glass - RGD (Blinds),Artistic Glass - RGD (Blinds),artistic-glass-rgd-blinds-shower_enclosure,shower_enclosure,bathing,shower_enclosures,corner_enclosure,Rose Gold Blinds Glass 1D1P/1D2P-CT,,488517.0,INR,True,"*As per site conditions, sizes in finishes and the glass thickness may change from 8mm to 10mm and final price may vary",,,,,,,,,,,,,,,,,,not_specified,,,,,,,,,,,,,,,,,,,,,,,,,,,,,,,,,,,,,,,True,,,not_specified,True,"*As per site conditions, sizes in finishes and the glass thickness may change from 8mm to 10mm and final price may vary",kohler-india-pricebook-2026-june,KOHLER India Price Book 2026 June Edition,2026,June Edition,77,catalogue,high,False,,unique,,resolved_pdf_grid_reconstruction
K-37533IN-SWB-RGD,Artistic Glass - RGD (Blinds),Artistic Glass - RGD (Blinds),artistic-glass-rgd-blinds-shower_enclosure,shower_enclosure,bathing,shower_enclosures,corner_enclosure,Rose Gold Blinds Glass 1D1P/1D2P,,414202.0,INR,True,"*As per site conditions, sizes in finishes and the glass thickness may change from 8mm to 10mm and final price may vary",,,,,,,,,,,,,,,,,,not_specified,,,,,,,,,,,,,,,,,,,,,,,,,,,,,,,,,,,,,,,True,,,not_specified,True,"*As per site conditions, sizes in finishes and the glass thickness may change from 8mm to 10mm and final price may vary",kohler-india-pricebook-2026-june,KOHLER India Price Book 2026 June Edition,2026,June Edition,77,catalogue,high,False,,unique,,resolved_pdf_grid_reconstruction
K-37537IN-SWB-RGD,Artistic Glass - RGD (Blinds),Artistic Glass - RGD (Blinds),artistic-glass-rgd-blinds-shower_enclosure,shower_enclosure,bathing,shower_enclosures,shower_door,Rose Gold Blinds Glass Door-CT,,184697.0,INR,True,"*As per site conditions, sizes in finishes and the glass thickness may change from 8mm to 10mm and final price may vary",,,,,,,,,,,,,,,,,,not_specified,,,,,,,,,,,,,,,,,,,,,,,,,,,,,,,,,,,,,,,True,,,not_specified,True,"*As per site conditions, sizes in finishes and the glass thickness may change from 8mm to 10mm and final price may vary",kohler-india-pricebook-2026-june,KOHLER India Price Book 2026 June Edition,2026,June Edition,77,catalogue,high,False,,unique,,resolved_pdf_grid_reconstruction
K-37534IN-SWB-RGD,Artistic Glass - RGD (Blinds),Artistic Glass - RGD (Blinds),artistic-glass-rgd-blinds-shower_enclosure,shower_enclosure,bathing,shower_enclosures,shower_door,Rose Gold Blinds Glass Door,,156282.0,INR,True,"*As per site conditions, sizes in finishes and the glass thickness may change from 8mm to 10mm and final price may vary",,,,,,,,,,,,,,,,,,not_specified,,,,,,,,,,,,,,,,,,,,,,,,,,,,,,,,,,,,,,,True,,,not_specified,True,"*As per site conditions, sizes in finishes and the glass thickness may change from 8mm to 10mm and final price may vary",kohler-india-pricebook-2026-june,KOHLER India Price Book 2026 June Edition,2026,June Edition,77,catalogue,high,False,,unique,,resolved_pdf_grid_reconstruction
K-37544IN-SWG-RGD,Artistic Glass - RGD (Glaze),Artistic Glass - RGD (Glaze),artistic-glass-rgd-glaze-shower_enclosure,shower_enclosure,bathing,shower_enclosures,corner_enclosure,Rose Gold Glaze Glass T Shape-CT,,1041128.0,INR,True,"*As per site conditions, sizes in finishes and the glass thickness may change from 8mm to 10mm and final price may vary",,,,,,,,,,,,,,,,,,not_specified,,,,,,,,,,,,,,,,,,,,,,,,,,,,,,,,,,,,,,,True,,,not_specified,True,"*As per site conditions, sizes in finishes and the glass thickness may change from 8mm to 10mm and final price may vary",kohler-india-pricebook-2026-june,KOHLER India Price Book 2026 June Edition,2026,June Edition,78,catalogue,high,False,,unique,,resolved_pdf_grid_reconstruction
K-37541IN-SWG-RGD,Artistic Glass - RGD (Glaze),Artistic Glass - RGD (Glaze),artistic-glass-rgd-glaze-shower_enclosure,shower_enclosure,bathing,shower_enclosures,corner_enclosure,Rose Gold Glaze Glass T Shape,,880468.0,INR,True,"*As per site conditions, sizes in finishes and the glass thickness may change from 8mm to 10mm and final price may vary",,,,,,,,,,,,,,,,,,not_specified,,,,,,,,,,,,,,,,,,,,,,,,,,,,,,,,,,,,,,,True,,,not_specified,True,"*As per site conditions, sizes in finishes and the glass thickness may change from 8mm to 10mm and final price may vary",kohler-india-pricebook-2026-june,KOHLER India Price Book 2026 June Edition,2026,June Edition,78,catalogue,high,False,,unique,,resolved_pdf_grid_reconstruction
K-37542IN-SWG-RGD,Artistic Glass - RGD (Glaze),Artistic Glass - RGD (Glaze),artistic-glass-rgd-glaze-shower_enclosure,shower_enclosure,bathing,shower_enclosures,corner_enclosure,Rose Gold Glaze Glass 1D1P/1D2P-CT,,565473.0,INR,True,"*As per site conditions, sizes in finishes and the glass thickness may change from 8mm to 10mm and final price may vary",,,,,,,,,,,,,,,,,,not_specified,,,,,,,,,,,,,,,,,,,,,,,,,,,,,,,,,,,,,,,True,,,not_specified,True,"*As per site conditions, sizes in finishes and the glass thickness may change from 8mm to 10mm and final price may vary",kohler-india-pricebook-2026-june,KOHLER India Price Book 2026 June Edition,2026,June Edition,78,catalogue,high,False,,unique,,resolved_pdf_grid_reconstruction
K-37539IN-SWG-RGD,Artistic Glass - RGD (Glaze),Artistic Glass - RGD (Glaze),artistic-glass-rgd-glaze-shower_enclosure,shower_enclosure,bathing,shower_enclosures,corner_enclosure,Rose Gold Glaze Glass 1D1P/1D2P,,479450.0,INR,True,"*As per site conditions, sizes in finishes and the glass thickness may change from 8mm to 10mm and final price may vary",,,,,,,,,,,,,,,,,,not_specified,,,,,,,,,,,,,,,,,,,,,,,,,,,,,,,,,,,,,,,True,,,not_specified,True,"*As per site conditions, sizes in finishes and the glass thickness may change from 8mm to 10mm and final price may vary",kohler-india-pricebook-2026-june,KOHLER India Price Book 2026 June Edition,2026,June Edition,78,catalogue,high,False,,unique,,resolved_pdf_grid_reconstruction
K-37543IN-SWG-RGD,Artistic Glass - RGD (Glaze),Artistic Glass - RGD (Glaze),artistic-glass-rgd-glaze-shower_enclosure,shower_enclosure,bathing,shower_enclosures,shower_door,Rose Gold Glaze Glass Door-CT,,213792.0,INR,True,"*As per site conditions, sizes in finishes and the glass thickness may change from 8mm to 10mm and final price may vary",,,,,,,,,,,,,,,,,,not_specified,,,,,,,,,,,,,,,,,,,,,,,,,,,,,,,,,,,,,,,True,,,not_specified,True,"*As per site conditions, sizes in finishes and the glass thickness may change from 8mm to 10mm and final price may vary",kohler-india-pricebook-2026-june,KOHLER India Price Book 2026 June Edition,2026,June Edition,78,catalogue,high,False,,unique,,resolved_pdf_grid_reconstruction
K-37540IN-SWG-RGD,Artistic Glass - RGD (Glaze),Artistic Glass - RGD (Glaze),artistic-glass-rgd-glaze-shower_enclosure,shower_enclosure,bathing,shower_enclosures,shower_door,Rose Gold Glaze Glass Door,,180901.0,INR,True,"*As per site conditions, sizes in finishes and the glass thickness may change from 8mm to 10mm and final price may vary",,,,,,,,,,,,,,,,,,not_specified,,,,,,,,,,,,,,,,,,,,,,,,,,,,,,,,,,,,,,,True,,,not_specified,True,"*As per site conditions, sizes in finishes and the glass thickness may change from 8mm to 10mm and final price may vary",kohler-india-pricebook-2026-june,KOHLER India Price Book 2026 June Edition,2026,June Edition,78,catalogue,high,False,,unique,,resolved_pdf_grid_reconstruction
K-37550IN-SWM-RGD,Artistic Glass - RGD (Mesh),Artistic Glass - RGD (Mesh),artistic-glass-rgd-mesh-shower_enclosure,shower_enclosure,bathing,shower_enclosures,corner_enclosure,Rose Gold Mesh Glass T Shape-CT,,1005706.0,INR,True,"*As per site conditions, sizes in finishes and the glass thickness may change from 8mm to 10mm and final price may vary",,,,,,,,,,,,,,,,,,not_specified,,,,,,,,,,,,,,,,,,,,,,,,,,,,,,,,,,,,,,,True,,,not_specified,True,"*As per site conditions, sizes in finishes and the glass thickness may change from 8mm to 10mm and final price may vary",kohler-india-pricebook-2026-june,KOHLER India Price Book 2026 June Edition,2026,June Edition,78,catalogue,high,False,,unique,,resolved_pdf_grid_reconstruction
K-37547IN-SWM-RGD,Artistic Glass - RGD (Mesh),Artistic Glass - RGD (Mesh),artistic-glass-rgd-mesh-shower_enclosure,shower_enclosure,bathing,shower_enclosures,corner_enclosure,Rose Gold Mesh Glass T Shape,,850512.0,INR,True,"*As per site conditions, sizes in finishes and the glass thickness may change from 8mm to 10mm and final price may vary",,,,,,,,,,,,,,,,,,not_specified,,,,,,,,,,,,,,,,,,,,,,,,,,,,,,,,,,,,,,,True,,,not_specified,True,"*As per site conditions, sizes in finishes and the glass thickness may change from 8mm to 10mm and final price may vary",kohler-india-pricebook-2026-june,KOHLER India Price Book 2026 June Edition,2026,June Edition,78,catalogue,high,False,,unique,,resolved_pdf_grid_reconstruction
K-37548IN-SWM-RGD,Artistic Glass - RGD (Mesh),Artistic Glass - RGD (Mesh),artistic-glass-rgd-mesh-shower_enclosure,shower_enclosure,bathing,shower_enclosures,corner_enclosure,Rose Gold Mesh Glass 1D1P/1D2P-CT,,546234.0,INR,True,"*As per site conditions, sizes in finishes and the glass thickness may change from 8mm to 10mm and final price may vary",,,,,,,,,,,,,,,,,,not_specified,,,,,,,,,,,,,,,,,,,,,,,,,,,,,,,,,,,,,,,True,,,not_specified,True,"*As per site conditions, sizes in finishes and the glass thickness may change from 8mm to 10mm and final price may vary",kohler-india-pricebook-2026-june,KOHLER India Price Book 2026 June Edition,2026,June Edition,78,catalogue,high,False,,unique,,resolved_pdf_grid_reconstruction
K-37545IN-SWM-RGD,Artistic Glass - RGD (Mesh),Artistic Glass - RGD (Mesh),artistic-glass-rgd-mesh-shower_enclosure,shower_enclosure,bathing,shower_enclosures,corner_enclosure,Rose Gold Mesh Glass 1D1P/1D2P,,463138.0,INR,True,"*As per site conditions, sizes in finishes and the glass thickness may change from 8mm to 10mm and final price may vary",,,,,,,,,,,,,,,,,,not_specified,,,,,,,,,,,,,,,,,,,,,,,,,,,,,,,,,,,,,,,True,,,not_specified,True,"*As per site conditions, sizes in finishes and the glass thickness may change from 8mm to 10mm and final price may vary",kohler-india-pricebook-2026-june,KOHLER India Price Book 2026 June Edition,2026,June Edition,78,catalogue,high,False,,unique,,resolved_pdf_grid_reconstruction
K-37549IN-SWM-RGD,Artistic Glass - RGD (Mesh),Artistic Glass - RGD (Mesh),artistic-glass-rgd-mesh-shower_enclosure,shower_enclosure,bathing,shower_enclosures,shower_door,Rose Gold Mesh Glass Door-CT,,206518.0,INR,True,"*As per site conditions, sizes in finishes and the glass thickness may change from 8mm to 10mm and final price may vary",,,,,,,,,,,,,,,,,,not_specified,,,,,,,,,,,,,,,,,,,,,,,,,,,,,,,,,,,,,,,True,,,not_specified,True,"*As per site conditions, sizes in finishes and the glass thickness may change from 8mm to 10mm and final price may vary",kohler-india-pricebook-2026-june,KOHLER India Price Book 2026 June Edition,2026,June Edition,78,catalogue,high,False,,unique,,resolved_pdf_grid_reconstruction
K-37546IN-SWM-RGD,Artistic Glass - RGD (Mesh),Artistic Glass - RGD (Mesh),artistic-glass-rgd-mesh-shower_enclosure,shower_enclosure,bathing,shower_enclosures,shower_door,Rose Gold Mesh Glass Door,,174746.0,INR,True,"*As per site conditions, sizes in finishes and the glass thickness may change from 8mm to 10mm and final price may vary",,,,,,,,,,,,,,,,,,not_specified,,,,,,,,,,,,,,,,,,,,,,,,,,,,,,,,,,,,,,,True,,,not_specified,True,"*As per site conditions, sizes in finishes and the glass thickness may change from 8mm to 10mm and final price may vary",kohler-india-pricebook-2026-june,KOHLER India Price Book 2026 June Edition,2026,June Edition,78,catalogue,high,False,,unique,,resolved_pdf_grid_reconstruction
K-37556IN-SWS-BL,Artistic Glass - BL (Spectrum),Artistic Glass - BL (Spectrum),artistic-glass-bl-spectrum-shower_enclosure,shower_enclosure,bathing,shower_enclosures,corner_enclosure,Black Spectrum Glass T Shape-CT,,332690.0,INR,True,"*As per site conditions, sizes in finishes and the glass thickness may change from 8mm to 10mm and final price may vary",,,,,,,,,,,,,,,,,,not_specified,,,,,,,,,,,,,,,,,,,,,,,,,,,,,,,,,,,,,,,True,,,not_specified,True,"*As per site conditions, sizes in finishes and the glass thickness may change from 8mm to 10mm and final price may vary",kohler-india-pricebook-2026-june,KOHLER India Price Book 2026 June Edition,2026,June Edition,78,catalogue,high,False,,unique,,resolved_pdf_grid_reconstruction
K-37553IN-SWS-BL,Artistic Glass - BL (Spectrum),Artistic Glass - BL (Spectrum),artistic-glass-bl-spectrum-shower_enclosure,shower_enclosure,bathing,shower_enclosures,corner_enclosure,Black Spectrum Glass T Shape,,281351.0,INR,True,"*As per site conditions, sizes in finishes and the glass thickness may change from 8mm to 10mm and final price may vary",,,,,,,,,,,,,,,,,,not_specified,,,,,,,,,,,,,,,,,,,,,,,,,,,,,,,,,,,,,,,True,,,not_specified,True,"*As per site conditions, sizes in finishes and the glass thickness may change from 8mm to 10mm and final price may vary",kohler-india-pricebook-2026-june,KOHLER India Price Book 2026 June Edition,2026,June Edition,78,catalogue,high,False,,unique,,resolved_pdf_grid_reconstruction
K-37554IN-SWS-BL,Artistic Glass - BL (Spectrum),Artistic Glass - BL (Spectrum),artistic-glass-bl-spectrum-shower_enclosure,shower_enclosure,bathing,shower_enclosures,corner_enclosure,Black Spectrum Glass 1D1P/1D2P-CT,,180695.0,INR,True,"*As per site conditions, sizes in finishes and the glass thickness may change from 8mm to 10mm and final price may vary",,,,,,,,,,,,,,,,,,not_specified,,,,,,,,,,,,,,,,,,,,,,,,,,,,,,,,,,,,,,,True,,,not_specified,True,"*As per site conditions, sizes in finishes and the glass thickness may change from 8mm to 10mm and final price may vary",kohler-india-pricebook-2026-june,KOHLER India Price Book 2026 June Edition,2026,June Edition,78,catalogue,high,False,,unique,,resolved_pdf_grid_reconstruction
K-37551IN-SWS-BL,Artistic Glass - BL (Spectrum),Artistic Glass - BL (Spectrum),artistic-glass-bl-spectrum-shower_enclosure,shower_enclosure,bathing,shower_enclosures,corner_enclosure,Black Spectrum Glass 1D1P/1D2P,,153207.0,INR,True,"*As per site conditions, sizes in finishes and the glass thickness may change from 8mm to 10mm and final price may vary",,,,,,,,,,,,,,,,,,not_specified,,,,,,,,,,,,,,,,,,,,,,,,,,,,,,,,,,,,,,,True,,,not_specified,True,"*As per site conditions, sizes in finishes and the glass thickness may change from 8mm to 10mm and final price may vary",kohler-india-pricebook-2026-june,KOHLER India Price Book 2026 June Edition,2026,June Edition,78,catalogue,high,False,,unique,,resolved_pdf_grid_reconstruction
K-37555IN-SWS-BL,Artistic Glass - BL (Spectrum),Artistic Glass - BL (Spectrum),artistic-glass-bl-spectrum-shower_enclosure,shower_enclosure,bathing,shower_enclosures,shower_door,Black Spectrum Glass Door-CT,,68317.0,INR,True,"*As per site conditions, sizes in finishes and the glass thickness may change from 8mm to 10mm and final price may vary",,,,,,,,,,,,,,,,,,not_specified,,,,,,,,,,,,,,,,,,,,,,,,,,,,,,,,,,,,,,,True,,,not_specified,True,"*As per site conditions, sizes in finishes and the glass thickness may change from 8mm to 10mm and final price may vary",kohler-india-pricebook-2026-june,KOHLER India Price Book 2026 June Edition,2026,June Edition,78,catalogue,high,False,,unique,,resolved_pdf_grid_reconstruction
K-37552IN-SWS-BL,Artistic Glass - BL (Spectrum),Artistic Glass - BL (Spectrum),artistic-glass-bl-spectrum-shower_enclosure,shower_enclosure,bathing,shower_enclosures,shower_door,Black Spectrum Glass Door,,57806.0,INR,True,"*As per site conditions, sizes in finishes and the glass thickness may change from 8mm to 10mm and final price may vary",,,,,,,,,,,,,,,,,,not_specified,,,,,,,,,,,,,,,,,,,,,,,,,,,,,,,,,,,,,,,True,,,not_specified,True,"*As per site conditions, sizes in finishes and the glass thickness may change from 8mm to 10mm and final price may vary",kohler-india-pricebook-2026-june,KOHLER India Price Book 2026 June Edition,2026,June Edition,78,catalogue,high,False,,unique,,resolved_pdf_grid_reconstruction
K-37568IN-SWM-BL,Artistic Glass - BL (Mesh),Artistic Glass - BL (Mesh),artistic-glass-bl-mesh-shower_enclosure,shower_enclosure,bathing,shower_enclosures,corner_enclosure,Black Mesh Glass T Shape-CT,,828596.0,INR,True,"*As per site conditions, sizes in finishes and the glass thickness may change from 8mm to 10mm and final price may vary",,,,,,,,,,,,,,,,,,not_specified,,,,,,,,,,,,,,,,,,,,,,,,,,,,,,,,,,,,,,,True,,,not_specified,True,"*As per site conditions, sizes in finishes and the glass thickness may change from 8mm to 10mm and final price may vary",kohler-india-pricebook-2026-june,KOHLER India Price Book 2026 June Edition,2026,June Edition,78,catalogue,high,False,,unique,,resolved_pdf_grid_reconstruction
K-37565IN-SWM-BL,Artistic Glass - BL (Mesh),Artistic Glass - BL (Mesh),artistic-glass-bl-mesh-shower_enclosure,shower_enclosure,bathing,shower_enclosures,corner_enclosure,Black Mesh Glass T Shape,,700733.0,INR,True,"*As per site conditions, sizes in finishes and the glass thickness may change from 8mm to 10mm and final price may vary",,,,,,,,,,,,,,,,,,not_specified,,,,,,,,,,,,,,,,,,,,,,,,,,,,,,,,,,,,,,,True,,,not_specified,True,"*As per site conditions, sizes in finishes and the glass thickness may change from 8mm to 10mm and final price may vary",kohler-india-pricebook-2026-june,KOHLER India Price Book 2026 June Edition,2026,June Edition,78,catalogue,high,False,,unique,,resolved_pdf_grid_reconstruction
K-37566IN-SWM-BL,Artistic Glass - BL (Mesh),Artistic Glass - BL (Mesh),artistic-glass-bl-mesh-shower_enclosure,shower_enclosure,bathing,shower_enclosures,corner_enclosure,Black Mesh Glass 1D1P/1D2P-CT,,450040.0,INR,True,"*As per site conditions, sizes in finishes and the glass thickness may change from 8mm to 10mm and final price may vary",,,,,,,,,,,,,,,,,,not_specified,,,,,,,,,,,,,,,,,,,,,,,,,,,,,,,,,,,,,,,True,,,not_specified,True,"*As per site conditions, sizes in finishes and the glass thickness may change from 8mm to 10mm and final price may vary",kohler-india-pricebook-2026-june,KOHLER India Price Book 2026 June Edition,2026,June Edition,78,catalogue,high,False,,unique,,resolved_pdf_grid_reconstruction
K-37563IN-SWM-BL,Artistic Glass - BL (Mesh),Artistic Glass - BL (Mesh),artistic-glass-bl-mesh-shower_enclosure,shower_enclosure,bathing,shower_enclosures,corner_enclosure,Black Mesh Glass 1D1P/1D2P,,381577.0,INR,True,"*As per site conditions, sizes in finishes and the glass thickness may change from 8mm to 10mm and final price may vary",,,,,,,,,,,,,,,,,,not_specified,,,,,,,,,,,,,,,,,,,,,,,,,,,,,,,,,,,,,,,True,,,not_specified,True,"*As per site conditions, sizes in finishes and the glass thickness may change from 8mm to 10mm and final price may vary",kohler-india-pricebook-2026-june,KOHLER India Price Book 2026 June Edition,2026,June Edition,78,catalogue,high,False,,unique,,resolved_pdf_grid_reconstruction
K-37567IN-SWM-BL,Artistic Glass - BL (Mesh),Artistic Glass - BL (Mesh),artistic-glass-bl-mesh-shower_enclosure,shower_enclosure,bathing,shower_enclosures,shower_door,Black Mesh Glass Door-CT,,170149.0,INR,True,"*As per site conditions, sizes in finishes and the glass thickness may change from 8mm to 10mm and final price may vary",,,,,,,,,,,,,,,,,,not_specified,,,,,,,,,,,,,,,,,,,,,,,,,,,,,,,,,,,,,,,True,,,not_specified,True,"*As per site conditions, sizes in finishes and the glass thickness may change from 8mm to 10mm and final price may vary",kohler-india-pricebook-2026-june,KOHLER India Price Book 2026 June Edition,2026,June Edition,78,catalogue,high,False,,unique,,resolved_pdf_grid_reconstruction
K-37564IN-SWM-BL,Artistic Glass - BL (Mesh),Artistic Glass - BL (Mesh),artistic-glass-bl-mesh-shower_enclosure,shower_enclosure,bathing,shower_enclosures,shower_door,Black Mesh Glass Door,,143972.0,INR,True,"*As per site conditions, sizes in finishes and the glass thickness may change from 8mm to 10mm and final price may vary",,,,,,,,,,,,,,,,,,not_specified,,,,,,,,,,,,,,,,,,,,,,,,,,,,,,,,,,,,,,,True,,,not_specified,True,"*As per site conditions, sizes in finishes and the glass thickness may change from 8mm to 10mm and final price may vary",kohler-india-pricebook-2026-june,KOHLER India Price Book 2026 June Edition,2026,June Edition,78,catalogue,high,False,,unique,,resolved_pdf_grid_reconstruction
K-704792IN-AF,Singulier - AF,Singulier - AF,singulier-af-shower_enclosure,shower_enclosure,bathing,shower_enclosures,corner_enclosure,2D4P - T-shape 10mm,,233800.0,INR,True,"*As per site conditions, sizes in finishes and the glass thickness may change from 8mm to 10mm and final price may vary",,,,,,Upto 4500mm,,,,,,,,,,,,range,,,,,,,,,,,,,,,,,,,,,,,,,,,,,,,,,,,,,,,True,,,not_specified,True,"*As per site conditions, sizes in finishes and the glass thickness may change from 8mm to 10mm and final price may vary",kohler-india-pricebook-2026-june,KOHLER India Price Book 2026 June Edition,2026,June Edition,79,catalogue,high,False,,unique,,resolved_pdf_grid_reconstruction
K-708067IN-AF,Singulier - AF,Singulier - AF,singulier-af-shower_enclosure,shower_enclosure,bathing,shower_enclosures,corner_enclosure,1D2P-L 90° IN,,126000.0,INR,True,"*As per site conditions, sizes in finishes and the glass thickness may change from 8mm to 10mm and final price may vary",,,,,,Upto 3000mm,,,,,,,,,,,,range,,,,,,,,,,,,,,,,,,,,,,,,,,,,,,,,,,,,,,,True,,,not_specified,True,"*As per site conditions, sizes in finishes and the glass thickness may change from 8mm to 10mm and final price may vary",kohler-india-pricebook-2026-june,KOHLER India Price Book 2026 June Edition,2026,June Edition,79,catalogue,high,False,,unique,,resolved_pdf_grid_reconstruction
K-705080IN-AF,Singulier - AF,Singulier - AF,singulier-af-shower_enclosure,shower_enclosure,bathing,shower_enclosures,corner_enclosure,1D2P-N,,126000.0,INR,True,"*As per site conditions, sizes in finishes and the glass thickness may change from 8mm to 10mm and final price may vary",,,,,,Upto 2400mm,,,,,,,,,,,,range,,,,,,,,,,,,,,,,,,,,,,,,,,,,,,,,,,,,,,,True,,,not_specified,True,"*As per site conditions, sizes in finishes and the glass thickness may change from 8mm to 10mm and final price may vary",kohler-india-pricebook-2026-june,KOHLER India Price Book 2026 June Edition,2026,June Edition,79,catalogue,high,False,,unique,,resolved_pdf_grid_reconstruction
K-708066IN-AF,Singulier - AF,Singulier - AF,singulier-af-shower_enclosure,shower_enclosure,bathing,shower_enclosures,corner_enclosure,1D2P-S,,115000.0,INR,True,"*As per site conditions, sizes in finishes and the glass thickness may change from 8mm to 10mm and final price may vary",,,,,,Upto 3000mm,,,,,,,,,,,,range,,,,,,,,,,,,,,,,,,,,,,,,,,,,,,,,,,,,,,,True,,,not_specified,True,"*As per site conditions, sizes in finishes and the glass thickness may change from 8mm to 10mm and final price may vary",kohler-india-pricebook-2026-june,KOHLER India Price Book 2026 June Edition,2026,June Edition,79,catalogue,high,False,,unique,,resolved_pdf_grid_reconstruction
K-708065IN-AF,Singulier - AF,Singulier - AF,singulier-af-shower_enclosure,shower_enclosure,bathing,shower_enclosures,corner_enclosure,1D1P-S,,77700.0,INR,True,"*As per site conditions, sizes in finishes and the glass thickness may change from 8mm to 10mm and final price may vary",,,,,,Upto 1800mm,,,,,,,,,,,,range,,,,,,,,,,,,,,,,,,,,,,,,,,,,,,,,,,,,,,,True,,,not_specified,True,"*As per site conditions, sizes in finishes and the glass thickness may change from 8mm to 10mm and final price may vary",kohler-india-pricebook-2026-june,KOHLER India Price Book 2026 June Edition,2026,June Edition,79,catalogue,high,False,,unique,,resolved_pdf_grid_reconstruction
K-705081IN-AF,Singulier - AF,Singulier - AF,singulier-af-shower_enclosure,shower_enclosure,bathing,shower_enclosures,shower_door,Door,,46800.0,INR,True,"*As per site conditions, sizes in finishes and the glass thickness may change from 8mm to 10mm and final price may vary",,,,,,Upto 750mm,,,,,,,,,,,,range,,,,,,,,,,,,,,,,,,,,,,,,,,,,,,,,,,,,,,,True,,,not_specified,True,"*As per site conditions, sizes in finishes and the glass thickness may change from 8mm to 10mm and final price may vary",kohler-india-pricebook-2026-june,KOHLER India Price Book 2026 June Edition,2026,June Edition,79,catalogue,high,False,,unique,,resolved_pdf_grid_reconstruction
K-708070IN-AF,Singulier - AF,Singulier - AF,singulier-af-shower_enclosure,shower_enclosure,bathing,shower_enclosures,partition,Partition,,46800.0,INR,True,"*As per site conditions, sizes in finishes and the glass thickness may change from 8mm to 10mm and final price may vary",,,,,,Upto 1200mm,,,,,,,,,,,,range,,,,,,,,,,,,,,,,,,,,,,,,,,,,,,,,,,,,,,,True,,,not_specified,True,"*As per site conditions, sizes in finishes and the glass thickness may change from 8mm to 10mm and final price may vary",kohler-india-pricebook-2026-june,KOHLER India Price Book 2026 June Edition,2026,June Edition,79,catalogue,high,False,,unique,,resolved_pdf_grid_reconstruction
K-704795IN-AF,Singulier - AF,Singulier - AF,singulier-af-shower_enclosure,shower_enclosure,bathing,shower_enclosures,corner_enclosure,T-shape ht. extn 10mm 2400mm,,77400.0,INR,True,"*As per site conditions, sizes in finishes and the glass thickness may change from 8mm to 10mm and final price may vary",,,,,,Height Extn.,,,,,,,,,,,,range,,,,,,,,,,,,,,,,,,,,,,,,,,,,,,,,,,,,,,,True,,,not_specified,True,"*As per site conditions, sizes in finishes and the glass thickness may change from 8mm to 10mm and final price may vary",kohler-india-pricebook-2026-june,KOHLER India Price Book 2026 June Edition,2026,June Edition,79,catalogue,high,False,,unique,,resolved_pdf_grid_reconstruction
K-704793IN-AF,Singulier - AF,Singulier - AF,singulier-af-shower_enclosure,shower_enclosure,bathing,shower_enclosures,corner_enclosure,1D1P/1D2P ht. extn 10mm 2400mm,,43000.0,INR,True,"*As per site conditions, sizes in finishes and the glass thickness may change from 8mm to 10mm and final price may vary",,,,,,Height Extn.,,,,,,,,,,,,range,,,,,,,,,,,,,,,,,,,,,,,,,,,,,,,,,,,,,,,True,,,not_specified,True,"*As per site conditions, sizes in finishes and the glass thickness may change from 8mm to 10mm and final price may vary",kohler-india-pricebook-2026-june,KOHLER India Price Book 2026 June Edition,2026,June Edition,79,catalogue,high,False,,unique,,resolved_pdf_grid_reconstruction
K-704794IN-AF,Singulier - AF,Singulier - AF,singulier-af-shower_enclosure,shower_enclosure,bathing,shower_enclosures,shower_door,Door/part ht. extn 10mm 2400mm,,17900.0,INR,True,"*As per site conditions, sizes in finishes and the glass thickness may change from 8mm to 10mm and final price may vary",,,,,,Height Extn.,,,,,,,,,,,,range,,,,,,,,,,,,,,,,,,,,,,,,,,,,,,,,,,,,,,,True,,,not_specified,True,"*As per site conditions, sizes in finishes and the glass thickness may change from 8mm to 10mm and final price may vary",kohler-india-pricebook-2026-june,KOHLER India Price Book 2026 June Edition,2026,June Edition,79,catalogue,high,False,,unique,,resolved_pdf_grid_reconstruction
K-704792IN-RGD,Singulier - RGD,Singulier - RGD,singulier-rgd-shower_enclosure,shower_enclosure,bathing,shower_enclosures,corner_enclosure,2D4P - T-shape 10mm,,247500.0,INR,True,"*As per site conditions, sizes in finishes and the glass thickness may change from 8mm to 10mm and final price may vary",,,,,,Upto 4500mm,,,,,,,,,,,,range,,,,,,,,,,,,,,,,,,,,,,,,,,,,,,,,,,,,,,,True,,,not_specified,True,"*As per site conditions, sizes in finishes and the glass thickness may change from 8mm to 10mm and final price may vary",kohler-india-pricebook-2026-june,KOHLER India Price Book 2026 June Edition,2026,June Edition,79,catalogue,high,False,,unique,,resolved_pdf_grid_reconstruction
K-708067IN-RGD,Singulier - RGD,Singulier - RGD,singulier-rgd-shower_enclosure,shower_enclosure,bathing,shower_enclosures,corner_enclosure,1D2P-L 90° IN,,137100.0,INR,True,"*As per site conditions, sizes in finishes and the glass thickness may change from 8mm to 10mm and final price may vary",,,,,,Upto 3000mm,,,,,,,,,,,,range,,,,,,,,,,,,,,,,,,,,,,,,,,,,,,,,,,,,,,,True,,,not_specified,True,"*As per site conditions, sizes in finishes and the glass thickness may change from 8mm to 10mm and final price may vary",kohler-india-pricebook-2026-june,KOHLER India Price Book 2026 June Edition,2026,June Edition,79,catalogue,high,False,,unique,,resolved_pdf_grid_reconstruction
K-705080IN-RGD,Singulier - RGD,Singulier - RGD,singulier-rgd-shower_enclosure,shower_enclosure,bathing,shower_enclosures,corner_enclosure,1D2P-N,,133400.0,INR,True,"*As per site conditions, sizes in finishes and the glass thickness may change from 8mm to 10mm and final price may vary",,,,,,Upto 2400mm,,,,,,,,,,,,range,,,,,,,,,,,,,,,,,,,,,,,,,,,,,,,,,,,,,,,True,,,not_specified,True,"*As per site conditions, sizes in finishes and the glass thickness may change from 8mm to 10mm and final price may vary",kohler-india-pricebook-2026-june,KOHLER India Price Book 2026 June Edition,2026,June Edition,79,catalogue,high,False,,unique,,resolved_pdf_grid_reconstruction
K-708066IN-RGD,Singulier - RGD,Singulier - RGD,singulier-rgd-shower_enclosure,shower_enclosure,bathing,shower_enclosures,corner_enclosure,1D2P-S,,126000.0,INR,True,"*As per site conditions, sizes in finishes and the glass thickness may change from 8mm to 10mm and final price may vary",,,,,,Upto 3000mm,,,,,,,,,,,,range,,,,,,,,,,,,,,,,,,,,,,,,,,,,,,,,,,,,,,,True,,,not_specified,True,"*As per site conditions, sizes in finishes and the glass thickness may change from 8mm to 10mm and final price may vary",kohler-india-pricebook-2026-june,KOHLER India Price Book 2026 June Edition,2026,June Edition,79,catalogue,high,False,,unique,,resolved_pdf_grid_reconstruction
K-708065IN-RGD,,,,shower_enclosure,bathing,shower_enclosures,corner_enclosure,1D1P-S,,85000.0,INR,True,"*As per site conditions, sizes in finishes and the glass thickness may change from 8mm to 10mm and final price may vary",,,,,,Upto 1800mm,,,,,,,,,,,,range,,,,,,,,,,,,,,,,,,,,,,,,,,,,,,,,,,,,,,,True,,,not_specified,True,"*As per site conditions, sizes in finishes and the glass thickness may change from 8mm to 10mm and final price may vary",kohler-india-pricebook-2026-june,KOHLER India Price Book 2026 June Edition,2026,June Edition,80,catalogue,high,False,,unique,,resolved_pdf_grid_reconstruction
K-705081IN-RGD,,,,shower_enclosure,bathing,shower_enclosures,shower_door,Door,,49500.0,INR,True,"*As per site conditions, sizes in finishes and the glass thickness may change from 8mm to 10mm and final price may vary",,,,,,Upto 750mm,,,,,,,,,,,,range,,,,,,,,,,,,,,,,,,,,,,,,,,,,,,,,,,,,,,,True,,,not_specified,True,"*As per site conditions, sizes in finishes and the glass thickness may change from 8mm to 10mm and final price may vary",kohler-india-pricebook-2026-june,KOHLER India Price Book 2026 June Edition,2026,June Edition,80,catalogue,high,False,,unique,,resolved_pdf_grid_reconstruction
K-708070IN-RGD,,,,shower_enclosure,bathing,shower_enclosures,partition,Partition,,49500.0,INR,True,"*As per site conditions, sizes in finishes and the glass thickness may change from 8mm to 10mm and final price may vary",,,,,,Upto 1200mm,,,,,,,,,,,,range,,,,,,,,,,,,,,,,,,,,,,,,,,,,,,,,,,,,,,,True,,,not_specified,True,"*As per site conditions, sizes in finishes and the glass thickness may change from 8mm to 10mm and final price may vary",kohler-india-pricebook-2026-june,KOHLER India Price Book 2026 June Edition,2026,June Edition,80,catalogue,high,False,,unique,,resolved_pdf_grid_reconstruction
K-704795IN-RGD,,,,shower_enclosure,bathing,shower_enclosures,corner_enclosure,T-shape ht. extn 10mm 2400mm,,81900.0,INR,True,"*As per site conditions, sizes in finishes and the glass thickness may change from 8mm to 10mm and final price may vary",,,,,,Height Extn.,,,,,,,,,,,,range,,,,,,,,,,,,,,,,,,,,,,,,,,,,,,,,,,,,,,,True,,,not_specified,True,"*As per site conditions, sizes in finishes and the glass thickness may change from 8mm to 10mm and final price may vary",kohler-india-pricebook-2026-june,KOHLER India Price Book 2026 June Edition,2026,June Edition,80,catalogue,high,False,,unique,,resolved_pdf_grid_reconstruction
K-704793IN-RGD,,,,shower_enclosure,bathing,shower_enclosures,corner_enclosure,1D1P/1D2P ht. extn 10mm 2400mm,,45500.0,INR,True,"*As per site conditions, sizes in finishes and the glass thickness may change from 8mm to 10mm and final price may vary",,,,,,Height Extn.,,,,,,,,,,,,range,,,,,,,,,,,,,,,,,,,,,,,,,,,,,,,,,,,,,,,True,,,not_specified,True,"*As per site conditions, sizes in finishes and the glass thickness may change from 8mm to 10mm and final price may vary",kohler-india-pricebook-2026-june,KOHLER India Price Book 2026 June Edition,2026,June Edition,80,catalogue,high,False,,unique,,resolved_pdf_grid_reconstruction
K-704794IN-RGD,,,,shower_enclosure,bathing,shower_enclosures,shower_door,Door/part. ht. extn 10mm 2400mm,,18900.0,INR,True,"*As per site conditions, sizes in finishes and the glass thickness may change from 8mm to 10mm and final price may vary",,,,,,Height Extn.,,,,,,,,,,,,range,,,,,,,,,,,,,,,,,,,,,,,,,,,,,,,,,,,,,,,True,,,not_specified,True,"*As per site conditions, sizes in finishes and the glass thickness may change from 8mm to 10mm and final price may vary",kohler-india-pricebook-2026-june,KOHLER India Price Book 2026 June Edition,2026,June Edition,80,catalogue,high,False,,unique,,resolved_pdf_grid_reconstruction
K-704792IN-BV,Singulier - BV,Singulier - BV,singulier-bv-shower_enclosure,shower_enclosure,bathing,shower_enclosures,corner_enclosure,2D4P - T-shape 10mm,,254400.0,INR,True,"*As per site conditions, sizes in finishes and the glass thickness may change from 8mm to 10mm and final price may vary",,,,,,Upto 4500mm,,,,,,,,,,,,range,,,,,,,,,,,,,,,,,,,,,,,,,,,,,,,,,,,,,,,True,,,not_specified,True,"*As per site conditions, sizes in finishes and the glass thickness may change from 8mm to 10mm and final price may vary",kohler-india-pricebook-2026-june,KOHLER India Price Book 2026 June Edition,2026,June Edition,80,catalogue,high,False,,unique,,resolved_pdf_grid_reconstruction
K-708067IN-BV,Singulier - BV,Singulier - BV,singulier-bv-shower_enclosure,shower_enclosure,bathing,shower_enclosures,corner_enclosure,1D2P-L 90° IN,,137100.0,INR,True,"*As per site conditions, sizes in finishes and the glass thickness may change from 8mm to 10mm and final price may vary",,,,,,Upto 3000mm,,,,,,,,,,,,range,,,,,,,,,,,,,,,,,,,,,,,,,,,,,,,,,,,,,,,True,,,not_specified,True,"*As per site conditions, sizes in finishes and the glass thickness may change from 8mm to 10mm and final price may vary",kohler-india-pricebook-2026-june,KOHLER India Price Book 2026 June Edition,2026,June Edition,80,catalogue,high,False,,unique,,resolved_pdf_grid_reconstruction
K-705080IN-BV,Singulier - BV,Singulier - BV,singulier-bv-shower_enclosure,shower_enclosure,bathing,shower_enclosures,corner_enclosure,1D2P-N,,137100.0,INR,True,"*As per site conditions, sizes in finishes and the glass thickness may change from 8mm to 10mm and final price may vary",,,,,,Upto 2400mm,,,,,,,,,,,,range,,,,,,,,,,,,,,,,,,,,,,,,,,,,,,,,,,,,,,,True,,,not_specified,True,"*As per site conditions, sizes in finishes and the glass thickness may change from 8mm to 10mm and final price may vary",kohler-india-pricebook-2026-june,KOHLER India Price Book 2026 June Edition,2026,June Edition,80,catalogue,high,False,,unique,,resolved_pdf_grid_reconstruction
K-708066IN-BV,Singulier - BV,Singulier - BV,singulier-bv-shower_enclosure,shower_enclosure,bathing,shower_enclosures,corner_enclosure,1D2P-S,,128000.0,INR,True,"*As per site conditions, sizes in finishes and the glass thickness may change from 8mm to 10mm and final price may vary",,,,,,Upto 3000mm,,,,,,,,,,,,range,,,,,,,,,,,,,,,,,,,,,,,,,,,,,,,,,,,,,,,True,,,not_specified,True,"*As per site conditions, sizes in finishes and the glass thickness may change from 8mm to 10mm and final price may vary",kohler-india-pricebook-2026-june,KOHLER India Price Book 2026 June Edition,2026,June Edition,80,catalogue,high,False,,unique,,resolved_pdf_grid_reconstruction
K-708065IN-BV,Singulier - BV,Singulier - BV,singulier-bv-shower_enclosure,shower_enclosure,bathing,shower_enclosures,corner_enclosure,1D1P-S,,90000.0,INR,True,"*As per site conditions, sizes in finishes and the glass thickness may change from 8mm to 10mm and final price may vary",,,,,,Upto 1800mm,,,,,,,,,,,,range,,,,,,,,,,,,,,,,,,,,,,,,,,,,,,,,,,,,,,,True,,,not_specified,True,"*As per site conditions, sizes in finishes and the glass thickness may change from 8mm to 10mm and final price may vary",kohler-india-pricebook-2026-june,KOHLER India Price Book 2026 June Edition,2026,June Edition,80,catalogue,high,False,,unique,,resolved_pdf_grid_reconstruction
K-705081IN-BV,Singulier - BV,Singulier - BV,singulier-bv-shower_enclosure,shower_enclosure,bathing,shower_enclosures,shower_door,Door,,50900.0,INR,True,"*As per site conditions, sizes in finishes and the glass thickness may change from 8mm to 10mm and final price may vary",,,,,,Upto 750mm,,,,,,,,,,,,range,,,,,,,,,,,,,,,,,,,,,,,,,,,,,,,,,,,,,,,True,,,not_specified,True,"*As per site conditions, sizes in finishes and the glass thickness may change from 8mm to 10mm and final price may vary",kohler-india-pricebook-2026-june,KOHLER India Price Book 2026 June Edition,2026,June Edition,80,catalogue,high,False,,unique,,resolved_pdf_grid_reconstruction
K-708070IN-BV,Singulier - BV,Singulier - BV,singulier-bv-shower_enclosure,shower_enclosure,bathing,shower_enclosures,partition,Partition,,50900.0,INR,True,"*As per site conditions, sizes in finishes and the glass thickness may change from 8mm to 10mm and final price may vary",,,,,,Upto 1200mm,,,,,,,,,,,,range,,,,,,,,,,,,,,,,,,,,,,,,,,,,,,,,,,,,,,,True,,,not_specified,True,"*As per site conditions, sizes in finishes and the glass thickness may change from 8mm to 10mm and final price may vary",kohler-india-pricebook-2026-june,KOHLER India Price Book 2026 June Edition,2026,June Edition,80,catalogue,high,False,,unique,,resolved_pdf_grid_reconstruction
K-704795IN-BV,Singulier - BV,Singulier - BV,singulier-bv-shower_enclosure,shower_enclosure,bathing,shower_enclosures,corner_enclosure,T-shape ht. extn 10mm 2400mm,,84200.0,INR,True,"*As per site conditions, sizes in finishes and the glass thickness may change from 8mm to 10mm and final price may vary",,,,,,Height Extn.,,,,,,,,,,,,range,,,,,,,,,,,,,,,,,,,,,,,,,,,,,,,,,,,,,,,True,,,not_specified,True,"*As per site conditions, sizes in finishes and the glass thickness may change from 8mm to 10mm and final price may vary",kohler-india-pricebook-2026-june,KOHLER India Price Book 2026 June Edition,2026,June Edition,80,catalogue,high,False,,unique,,resolved_pdf_grid_reconstruction
K-704793IN-BV,Singulier - BV,Singulier - BV,singulier-bv-shower_enclosure,shower_enclosure,bathing,shower_enclosures,corner_enclosure,1D1P/1D2P ht. extn 10mm 2400mm,,46800.0,INR,True,"*As per site conditions, sizes in finishes and the glass thickness may change from 8mm to 10mm and final price may vary",,,,,,Height Extn.,,,,,,,,,,,,range,,,,,,,,,,,,,,,,,,,,,,,,,,,,,,,,,,,,,,,True,,,not_specified,True,"*As per site conditions, sizes in finishes and the glass thickness may change from 8mm to 10mm and final price may vary",kohler-india-pricebook-2026-june,KOHLER India Price Book 2026 June Edition,2026,June Edition,80,catalogue,high,False,,unique,,resolved_pdf_grid_reconstruction
K-704794IN-BV,Singulier - BV,Singulier - BV,singulier-bv-shower_enclosure,shower_enclosure,bathing,shower_enclosures,shower_door,Door/Part. ht. extn 10mm 2400mm,,19400.0,INR,True,"*As per site conditions, sizes in finishes and the glass thickness may change from 8mm to 10mm and final price may vary",,,,,,Height Extn.,,,,,,,,,,,,range,,,,,,,,,,,,,,,,,,,,,,,,,,,,,,,,,,,,,,,True,,,not_specified,True,"*As per site conditions, sizes in finishes and the glass thickness may change from 8mm to 10mm and final price may vary",kohler-india-pricebook-2026-june,KOHLER India Price Book 2026 June Edition,2026,June Edition,80,catalogue,high,False,,unique,,resolved_pdf_grid_reconstruction
K-704798IN-2BL,New Trilogy - 2BL,New Trilogy - 2BL,new-trilogy-2bl-shower_enclosure,shower_enclosure,bathing,shower_enclosures,corner_enclosure,1D2P-L 90deg IN,,110000.0,INR,True,"*As per site conditions, sizes in finishes and the glass thickness may change from 8mm to 10mm and final price may vary",,,,,,Upto 3000mm,,,,,,,,,,,,range,,,,,,,,,,,,,,,,,,,,,,,,,,,,,,,,,,,,,,,True,,,not_specified,True,"*As per site conditions, sizes in finishes and the glass thickness may change from 8mm to 10mm and final price may vary",kohler-india-pricebook-2026-june,KOHLER India Price Book 2026 June Edition,2026,June Edition,81,catalogue,high,False,,unique,,resolved_pdf_grid_reconstruction
K-704797IN-2BL,New Trilogy - 2BL,New Trilogy - 2BL,new-trilogy-2bl-shower_enclosure,shower_enclosure,bathing,shower_enclosures,corner_enclosure,1D2P-S,,101000.0,INR,True,"*As per site conditions, sizes in finishes and the glass thickness may change from 8mm to 10mm and final price may vary",,,,,,Upto 2000mm,,,,,,,,,,,,range,,,,,,,,,,,,,,,,,,,,,,,,,,,,,,,,,,,,,,,True,,,not_specified,True,"*As per site conditions, sizes in finishes and the glass thickness may change from 8mm to 10mm and final price may vary",kohler-india-pricebook-2026-june,KOHLER India Price Book 2026 June Edition,2026,June Edition,81,catalogue,high,False,,unique,,resolved_pdf_grid_reconstruction
K-704796IN-2BL,New Trilogy - 2BL,New Trilogy - 2BL,new-trilogy-2bl-shower_enclosure,shower_enclosure,bathing,shower_enclosures,corner_enclosure,1D1P-S,,71400.0,INR,True,"*As per site conditions, sizes in finishes and the glass thickness may change from 8mm to 10mm and final price may vary",,,,,,Upto 1800mm,,,,,,,,,,,,range,,,,,,,,,,,,,,,,,,,,,,,,,,,,,,,,,,,,,,,True,,,not_specified,True,"*As per site conditions, sizes in finishes and the glass thickness may change from 8mm to 10mm and final price may vary",kohler-india-pricebook-2026-june,KOHLER India Price Book 2026 June Edition,2026,June Edition,81,catalogue,high,False,,unique,,resolved_pdf_grid_reconstruction
K-701679IN-2BL,New Trilogy - 2BL,New Trilogy - 2BL,new-trilogy-2bl-shower_enclosure,shower_enclosure,bathing,shower_enclosures,partition,Partition,,46900.0,INR,True,"*As per site conditions, sizes in finishes and the glass thickness may change from 8mm to 10mm and final price may vary",,,,,,Upto 1200mm,,,,,,,,,,,,range,,,,,,,,,,,,,,,,,,,,,,,,,,,,,,,,,,,,,,,True,,,not_specified,True,"*As per site conditions, sizes in finishes and the glass thickness may change from 8mm to 10mm and final price may vary",kohler-india-pricebook-2026-june,KOHLER India Price Book 2026 June Edition,2026,June Edition,81,catalogue,high,False,,unique,,resolved_pdf_grid_reconstruction
K-701678IN-2BL,New Trilogy - 2BL,New Trilogy - 2BL,new-trilogy-2bl-shower_enclosure,shower_enclosure,bathing,shower_enclosures,shower_door,Door,,45700.0,INR,True,"*As per site conditions, sizes in finishes and the glass thickness may change from 8mm to 10mm and final price may vary",,,,,,Upto 750mm,,,,,,,,,,,,range,,,,,,,,,,,,,,,,,,,,,,,,,,,,,,,,,,,,,,,True,,,not_specified,True,"*As per site conditions, sizes in finishes and the glass thickness may change from 8mm to 10mm and final price may vary",kohler-india-pricebook-2026-june,KOHLER India Price Book 2026 June Edition,2026,June Edition,81,catalogue,high,False,,unique,,resolved_pdf_grid_reconstruction
K-704703IN-2BL,New Trilogy - 2BL,New Trilogy - 2BL,new-trilogy-2bl-shower_enclosure,shower_enclosure,bathing,shower_enclosures,corner_enclosure,1D1P/1D2P ht. extn 10mm 2400mm,,27500.0,INR,True,"*As per site conditions, sizes in finishes and the glass thickness may change from 8mm to 10mm and final price may vary",,,,,,Height Extn.,,,,,,,,,,,,range,,,,,,,,,,,,,,,,,,,,,,,,,,,,,,,,,,,,,,,True,,,not_specified,True,"*As per site conditions, sizes in finishes and the glass thickness may change from 8mm to 10mm and final price may vary",kohler-india-pricebook-2026-june,KOHLER India Price Book 2026 June Edition,2026,June Edition,81,catalogue,high,False,,unique,,resolved_pdf_grid_reconstruction
K-708068IN-CP,Singulier,Singulier,singulier-shower_enclosure,shower_enclosure,bathing,shower_enclosures,corner_enclosure,1D2P-N,,74100.0,INR,True,"*As per site conditions, sizes in finishes and the glass thickness may change from 8mm to 10mm and final price may vary",,,,,,Upto 2400mm,,,,,,,,,,,,range,,,,,,,,,,,,,,,,,,,,,,,,,,,,,,,,,,,,,,,True,,,not_specified,True,"*As per site conditions, sizes in finishes and the glass thickness may change from 8mm to 10mm and final price may vary",kohler-india-pricebook-2026-june,KOHLER India Price Book 2026 June Edition,2026,June Edition,82,catalogue,high,False,,unique,,resolved_pdf_grid_reconstruction
K-708067IN-CP,Singulier,Singulier,singulier-shower_enclosure,shower_enclosure,bathing,shower_enclosures,corner_enclosure,1D2P-L 90° IN,,74100.0,INR,True,"*As per site conditions, sizes in finishes and the glass thickness may change from 8mm to 10mm and final price may vary",,,,,,Upto 3000mm,,,,,,,,,,,,range,,,,,,,,,,,,,,,,,,,,,,,,,,,,,,,,,,,,,,,True,,,not_specified,True,"*As per site conditions, sizes in finishes and the glass thickness may change from 8mm to 10mm and final price may vary",kohler-india-pricebook-2026-june,KOHLER India Price Book 2026 June Edition,2026,June Edition,82,catalogue,high,False,,unique,,resolved_pdf_grid_reconstruction
K-708066IN-CP,Singulier,Singulier,singulier-shower_enclosure,shower_enclosure,bathing,shower_enclosures,corner_enclosure,1D2P-S,,67700.0,INR,True,"*As per site conditions, sizes in finishes and the glass thickness may change from 8mm to 10mm and final price may vary",,,,,,Upto 3000mm,,,,,,,,,,,,range,,,,,,,,,,,,,,,,,,,,,,,,,,,,,,,,,,,,,,,True,,,not_specified,True,"*As per site conditions, sizes in finishes and the glass thickness may change from 8mm to 10mm and final price may vary",kohler-india-pricebook-2026-june,KOHLER India Price Book 2026 June Edition,2026,June Edition,82,catalogue,high,False,,unique,,resolved_pdf_grid_reconstruction
K-708065IN-CP,Singulier,Singulier,singulier-shower_enclosure,shower_enclosure,bathing,shower_enclosures,corner_enclosure,1D1P-S,,47500.0,INR,True,"*As per site conditions, sizes in finishes and the glass thickness may change from 8mm to 10mm and final price may vary",,,,,,Upto 1800mm,,,,,,,,,,,,range,,,,,,,,,,,,,,,,,,,,,,,,,,,,,,,,,,,,,,,True,,,not_specified,True,"*As per site conditions, sizes in finishes and the glass thickness may change from 8mm to 10mm and final price may vary",kohler-india-pricebook-2026-june,KOHLER India Price Book 2026 June Edition,2026,June Edition,82,catalogue,high,False,,unique,,resolved_pdf_grid_reconstruction
K-708070IN-CP,Singulier,Singulier,singulier-shower_enclosure,shower_enclosure,bathing,shower_enclosures,partition,Partition,,29000.0,INR,True,"*As per site conditions, sizes in finishes and the glass thickness may change from 8mm to 10mm and final price may vary",,,,,,Upto 1200mm,,,,,,,,,,,,range,,,,,,,,,,,,,,,,,,,,,,,,,,,,,,,,,,,,,,,True,,,not_specified,True,"*As per site conditions, sizes in finishes and the glass thickness may change from 8mm to 10mm and final price may vary",kohler-india-pricebook-2026-june,KOHLER India Price Book 2026 June Edition,2026,June Edition,82,catalogue,high,False,,unique,,resolved_pdf_grid_reconstruction
K-708069IN-CP,Singulier,Singulier,singulier-shower_enclosure,shower_enclosure,bathing,shower_enclosures,shower_door,Door,,27500.0,INR,True,"*As per site conditions, sizes in finishes and the glass thickness may change from 8mm to 10mm and final price may vary",,,,,,Upto 750mm,,,,,,,,,,,,range,,,,,,,,,,,,,,,,,,,,,,,,,,,,,,,,,,,,,,,True,,,not_specified,True,"*As per site conditions, sizes in finishes and the glass thickness may change from 8mm to 10mm and final price may vary",kohler-india-pricebook-2026-june,KOHLER India Price Book 2026 June Edition,2026,June Edition,82,catalogue,high,False,,unique,,resolved_pdf_grid_reconstruction
K-708071IN-CP,Singulier,Singulier,singulier-shower_enclosure,shower_enclosure,bathing,shower_enclosures,corner_enclosure,1D1P/1D2P ht. extn 10mm 2400mm,,25300.0,INR,True,"*As per site conditions, sizes in finishes and the glass thickness may change from 8mm to 10mm and final price may vary",,,,,,Height Extn.,,,,,,,,,,,,range,,,,,,,,,,,,,,,,,,,,,,,,,,,,,,,,,,,,,,,True,,,not_specified,True,"*As per site conditions, sizes in finishes and the glass thickness may change from 8mm to 10mm and final price may vary",kohler-india-pricebook-2026-june,KOHLER India Price Book 2026 June Edition,2026,June Edition,82,catalogue,high,False,,unique,,resolved_pdf_grid_reconstruction
K-704702IN-SHP,New Trilogy,New Trilogy,new-trilogy-shower_enclosure,shower_enclosure,bathing,shower_enclosures,corner_enclosure,2D3P-T-shape 10mm IN,,112200.0,INR,True,"*As per site conditions, sizes in finishes and the glass thickness may change from 8mm to 10mm and final price may vary",,,,,,Upto 4500mm,,,,,,,,,,,,range,,,,,,,,,,,,,,,,,,,,,,,,,,,,,,,,,,,,,,,True,,,not_specified,True,"*As per site conditions, sizes in finishes and the glass thickness may change from 8mm to 10mm and final price may vary",kohler-india-pricebook-2026-june,KOHLER India Price Book 2026 June Edition,2026,June Edition,82,catalogue,high,False,,unique,,resolved_pdf_grid_reconstruction
K-704700IN-SHP,New Trilogy,New Trilogy,new-trilogy-shower_enclosure,shower_enclosure,bathing,shower_enclosures,corner_enclosure,1D2P-L 90° IN,,62700.0,INR,True,"*As per site conditions, sizes in finishes and the glass thickness may change from 8mm to 10mm and final price may vary",,,,,,Upto 3000mm,,,,,,,,,,,,range,,,,,,,,,,,,,,,,,,,,,,,,,,,,,,,,,,,,,,,True,,,not_specified,True,"*As per site conditions, sizes in finishes and the glass thickness may change from 8mm to 10mm and final price may vary",kohler-india-pricebook-2026-june,KOHLER India Price Book 2026 June Edition,2026,June Edition,82,catalogue,high,False,,unique,,resolved_pdf_grid_reconstruction
K-704699IN-SHP,New Trilogy,New Trilogy,new-trilogy-shower_enclosure,shower_enclosure,bathing,shower_enclosures,corner_enclosure,1D2P-S IN,,60000.0,INR,True,"*As per site conditions, sizes in finishes and the glass thickness may change from 8mm to 10mm and final price may vary",,,,,,Upto 3000mm,,,,,,,,,,,,range,,,,,,,,,,,,,,,,,,,,,,,,,,,,,,,,,,,,,,,True,,,not_specified,True,"*As per site conditions, sizes in finishes and the glass thickness may change from 8mm to 10mm and final price may vary",kohler-india-pricebook-2026-june,KOHLER India Price Book 2026 June Edition,2026,June Edition,82,catalogue,high,False,,unique,,resolved_pdf_grid_reconstruction
K-704698IN-SHP,New Trilogy,New Trilogy,new-trilogy-shower_enclosure,shower_enclosure,bathing,shower_enclosures,corner_enclosure,1D1P-S IN,,42000.0,INR,True,"*As per site conditions, sizes in finishes and the glass thickness may change from 8mm to 10mm and final price may vary",,,,,,Upto 1800mm,,,,,,,,,,,,range,,,,,,,,,,,,,,,,,,,,,,,,,,,,,,,,,,,,,,,True,,,not_specified,True,"*As per site conditions, sizes in finishes and the glass thickness may change from 8mm to 10mm and final price may vary",kohler-india-pricebook-2026-june,KOHLER India Price Book 2026 June Edition,2026,June Edition,82,catalogue,high,False,,unique,,resolved_pdf_grid_reconstruction
K-704701IN-SHP,,,,shower_enclosure,bathing,shower_enclosures,partition,Partition,,26000.0,INR,True,"*As per site conditions, sizes in finishes and the glass thickness may change from 8mm to 10mm and final price may vary",,,,,,Upto 1200mm,,,,,,,,,,,,range,,,,,,,,,,,,,,,,,,,,,,,,,,,,,,,,,,,,,,,True,,,not_specified,True,"*As per site conditions, sizes in finishes and the glass thickness may change from 8mm to 10mm and final price may vary",kohler-india-pricebook-2026-june,KOHLER India Price Book 2026 June Edition,2026,June Edition,83,catalogue,high,False,,unique,,resolved_pdf_grid_reconstruction
K-704704IN-SHP,,,,shower_enclosure,bathing,shower_enclosures,corner_enclosure,T-Shape ht. extn 10mm 2400mm,,46900.0,INR,True,"*As per site conditions, sizes in finishes and the glass thickness may change from 8mm to 10mm and final price may vary",,,,,,Height Extn.,,,,,,,,,,,,range,,,,,,,,,,,,,,,,,,,,,,,,,,,,,,,,,,,,,,,True,,,not_specified,True,"*As per site conditions, sizes in finishes and the glass thickness may change from 8mm to 10mm and final price may vary",kohler-india-pricebook-2026-june,KOHLER India Price Book 2026 June Edition,2026,June Edition,83,catalogue,high,False,,unique,,resolved_pdf_grid_reconstruction
K-704703IN-SHP,,,,shower_enclosure,bathing,shower_enclosures,corner_enclosure,1D1P/1D2P ht. extn 10mm 2400mm,,20300.0,INR,True,"*As per site conditions, sizes in finishes and the glass thickness may change from 8mm to 10mm and final price may vary",,,,,,Height Extn.,,,,,,,,,,,,range,,,,,,,,,,,,,,,,,,,,,,,,,,,,,,,,,,,,,,,True,,,not_specified,True,"*As per site conditions, sizes in finishes and the glass thickness may change from 8mm to 10mm and final price may vary",kohler-india-pricebook-2026-june,KOHLER India Price Book 2026 June Edition,2026,June Edition,83,catalogue,high,False,,unique,,resolved_pdf_grid_reconstruction
K-704705IN-SHP,,,,shower_enclosure,bathing,shower_enclosures,partition,Partition ht. extn 10mm 2400mm,,15000.0,INR,True,"*As per site conditions, sizes in finishes and the glass thickness may change from 8mm to 10mm and final price may vary",,,,,,Height Extn.,,,,,,,,,,,,range,,,,,,,,,,,,,,,,,,,,,,,,,,,,,,,,,,,,,,,True,,,not_specified,True,"*As per site conditions, sizes in finishes and the glass thickness may change from 8mm to 10mm and final price may vary",kohler-india-pricebook-2026-june,KOHLER India Price Book 2026 June Edition,2026,June Edition,83,catalogue,high,False,,unique,,resolved_pdf_grid_reconstruction
K-705116IN-SHP,Contra,Contra,contra-shower_enclosure,shower_enclosure,bathing,shower_enclosures,shower_enclosure_hardware,Contra Big ht. 2000mm,,50000.0,INR,True,"*As per site conditions, sizes in finishes and the glass thickness may change from 8mm to 10mm and final price may vary",,,,,,1550mm - 2000mm,,,,,,,,,,,,range,,,,,,,,,,,,,,,,,,,,,,,,,,,,,,,,,,,,,,,True,,,not_specified,True,"*As per site conditions, sizes in finishes and the glass thickness may change from 8mm to 10mm and final price may vary",kohler-india-pricebook-2026-june,KOHLER India Price Book 2026 June Edition,2026,June Edition,83,catalogue,high,False,,unique,,resolved_pdf_grid_reconstruction
K-705115IN-SHP,Contra,Contra,contra-shower_enclosure,shower_enclosure,bathing,shower_enclosures,shower_enclosure_hardware,Contra Small ht. 2000mm,,50000.0,INR,True,"*As per site conditions, sizes in finishes and the glass thickness may change from 8mm to 10mm and final price may vary",,,,,,1350mm - 1550mm,,,,,,,,,,,,range,,,,,,,,,,,,,,,,,,,,,,,,,,,,,,,,,,,,,,,True,,,not_specified,True,"*As per site conditions, sizes in finishes and the glass thickness may change from 8mm to 10mm and final price may vary",kohler-india-pricebook-2026-june,KOHLER India Price Book 2026 June Edition,2026,June Edition,83,catalogue,high,False,,unique,,resolved_pdf_grid_reconstruction
K-705117IN-SHP,Contra,Contra,contra-shower_enclosure,shower_enclosure,bathing,shower_enclosures,shower_enclosure_hardware,Contra-L expansion pack,,55000.0,INR,True,"*As per site conditions, sizes in finishes and the glass thickness may change from 8mm to 10mm and final price may vary",,,,,,L Expansion,,,,,,,,,,,,range,,,,,,,,,,,,,,,,,,,,,,,,,,,,,,,,,,,,,,,True,,,not_specified,True,"*As per site conditions, sizes in finishes and the glass thickness may change from 8mm to 10mm and final price may vary",kohler-india-pricebook-2026-june,KOHLER India Price Book 2026 June Edition,2026,June Edition,83,catalogue,high,False,,unique,,resolved_pdf_grid_reconstruction
K-709078IN-CP,New Levity,New Levity,new-levity-shower_enclosure,shower_enclosure,bathing,shower_enclosures,shower_enclosure_hardware,Big with handle ht. 2000mm,,45000.0,INR,True,"*As per site conditions, sizes in finishes and the glass thickness may change from 8mm to 10mm and final price may vary",,,,,,1601mm - 2100mm,,,,,,,,,,,,range,,,,,,,,,,,,,,,,,,,,,,,,,,,,,,,,,,,,,,,True,,,not_specified,True,"*As per site conditions, sizes in finishes and the glass thickness may change from 8mm to 10mm and final price may vary",kohler-india-pricebook-2026-june,KOHLER India Price Book 2026 June Edition,2026,June Edition,83,catalogue,high,False,,unique,,resolved_pdf_grid_reconstruction
K-709076IN-CP,New Levity,New Levity,new-levity-shower_enclosure,shower_enclosure,bathing,shower_enclosures,shower_enclosure_hardware,Big with knob ht. 2000mm,,45000.0,INR,True,"*As per site conditions, sizes in finishes and the glass thickness may change from 8mm to 10mm and final price may vary",,,,,,1601mm - 2100mm,,,,,,,,,,,,range,,,,,,,,,,,,,,,,,,,,,,,,,,,,,,,,,,,,,,,True,,,not_specified,True,"*As per site conditions, sizes in finishes and the glass thickness may change from 8mm to 10mm and final price may vary",kohler-india-pricebook-2026-june,KOHLER India Price Book 2026 June Edition,2026,June Edition,83,catalogue,high,False,,unique,,resolved_pdf_grid_reconstruction
K-709077IN-CP,New Levity,New Levity,new-levity-shower_enclosure,shower_enclosure,bathing,shower_enclosures,shower_enclosure_hardware,Small with handle ht. 2000mm,,45000.0,INR,True,"*As per site conditions, sizes in finishes and the glass thickness may change from 8mm to 10mm and final price may vary",,,,,,1280mm - 1600mm,,,,,,,,,,,,range,,,,,,,,,,,,,,,,,,,,,,,,,,,,,,,,,,,,,,,True,,,not_specified,True,"*As per site conditions, sizes in finishes and the glass thickness may change from 8mm to 10mm and final price may vary",kohler-india-pricebook-2026-june,KOHLER India Price Book 2026 June Edition,2026,June Edition,83,catalogue,high,False,,unique,,resolved_pdf_grid_reconstruction
K-709075IN-CP,New Levity,New Levity,new-levity-shower_enclosure,shower_enclosure,bathing,shower_enclosures,shower_enclosure_hardware,Small with knob ht. 2000mm,,45000.0,INR,True,"*As per site conditions, sizes in finishes and the glass thickness may change from 8mm to 10mm and final price may vary",,,,,,1280mm - 1600mm,,,,,,,,,,,,range,,,,,,,,,,,,,,,,,,,,,,,,,,,,,,,,,,,,,,,True,,,not_specified,True,"*As per site conditions, sizes in finishes and the glass thickness may change from 8mm to 10mm and final price may vary",kohler-india-pricebook-2026-june,KOHLER India Price Book 2026 June Edition,2026,June Edition,83,catalogue,high,False,,unique,,resolved_pdf_grid_reconstruction
K-39059IN-SHP,Elate Sliding,Elate Sliding,elate-sliding-shower_enclosure,shower_enclosure,bathing,shower_enclosures,corner_enclosure,Elate 1D1P,,53000.0,INR,True,"*As per site conditions, sizes in finishes and the glass thickness may change from 8mm to 10mm and final price may vary",,,,,,1320mm - 1370mm,,,,,,,,,,,,range,,,,,,,,,,,,,,,,,,,,,,,,,,,,,,,,,,,,,,,True,,,not_specified,True,"*As per site conditions, sizes in finishes and the glass thickness may change from 8mm to 10mm and final price may vary",kohler-india-pricebook-2026-june,KOHLER India Price Book 2026 June Edition,2026,June Edition,83,catalogue,high,False,,unique,,resolved_pdf_grid_reconstruction
K-39060IN-SHP,,,,shower_enclosure,bathing,shower_enclosures,corner_enclosure,Elate 1D1P,,53000.0,INR,True,"*As per site conditions, sizes in finishes and the glass thickness may change from 8mm to 10mm and final price may vary",,,,,,1370mm - 1470mm,,,,,,,,,,,,range,,,,,,,,,,,,,,,,,,,,,,,,,,,,,,,,,,,,,,,True,,,not_specified,True,"*As per site conditions, sizes in finishes and the glass thickness may change from 8mm to 10mm and final price may vary",kohler-india-pricebook-2026-june,KOHLER India Price Book 2026 June Edition,2026,June Edition,84,catalogue,high,False,,unique,,resolved_pdf_grid_reconstruction
K-39061IN-SHP,,,,shower_enclosure,bathing,shower_enclosures,corner_enclosure,Elate 1D1P,,53000.0,INR,True,"*As per site conditions, sizes in finishes and the glass thickness may change from 8mm to 10mm and final price may vary",,,,,,1470mm - 1600mm,,,,,,,,,,,,range,,,,,,,,,,,,,,,,,,,,,,,,,,,,,,,,,,,,,,,True,,,not_specified,True,"*As per site conditions, sizes in finishes and the glass thickness may change from 8mm to 10mm and final price may vary",kohler-india-pricebook-2026-june,KOHLER India Price Book 2026 June Edition,2026,June Edition,84,catalogue,high,False,,unique,,resolved_pdf_grid_reconstruction
K-39259IN-SHP,,,,shower_enclosure,bathing,shower_enclosures,corner_enclosure,Elate 1D1P,,53000.0,INR,True,"*As per site conditions, sizes in finishes and the glass thickness may change from 8mm to 10mm and final price may vary",,,,,,1600mm - 1800mm,,,,,,,,,,,,range,,,,,,,,,,,,,,,,,,,,,,,,,,,,,,,,,,,,,,,True,,,not_specified,True,"*As per site conditions, sizes in finishes and the glass thickness may change from 8mm to 10mm and final price may vary",kohler-india-pricebook-2026-june,KOHLER India Price Book 2026 June Edition,2026,June Edition,84,catalogue,high,False,,unique,,resolved_pdf_grid_reconstruction
K-705111IN-SHP,,,,shower_enclosure,bathing,shower_enclosures,corner_enclosure,Laminated with crystal clear T-shape,,202700.0,INR,True,"*As per site conditions, sizes in finishes and the glass thickness may change from 8mm to 10mm and final price may vary",,,,,,,,,,,,,,,,,,not_specified,,,,,,,,,,,,,,,,,,,,,,,,,,,,,,,,,,,,,,,True,,,not_specified,True,"*As per site conditions, sizes in finishes and the glass thickness may change from 8mm to 10mm and final price may vary",kohler-india-pricebook-2026-june,KOHLER India Price Book 2026 June Edition,2026,June Edition,84,catalogue,high,False,,unique,,resolved_pdf_grid_reconstruction
K-705109IN-SHP,,,,shower_enclosure,bathing,shower_enclosures,corner_enclosure,Laminated with crystal clear 1D1P/1D2P,,106100.0,INR,True,"*As per site conditions, sizes in finishes and the glass thickness may change from 8mm to 10mm and final price may vary",,,,,,,,,,,,,,,,,,not_specified,,,,,,,,,,,,,,,,,,,,,,,,,,,,,,,,,,,,,,,True,,,not_specified,True,"*As per site conditions, sizes in finishes and the glass thickness may change from 8mm to 10mm and final price may vary",kohler-india-pricebook-2026-june,KOHLER India Price Book 2026 June Edition,2026,June Edition,84,catalogue,high,False,,unique,,resolved_pdf_grid_reconstruction
705110IN-SHP,,,,shower_enclosure,bathing,shower_enclosures,partition,Laminated with crystal clear door/partition,,54000.0,INR,True,"*As per site conditions, sizes in finishes and the glass thickness may change from 8mm to 10mm and final price may vary",,,,,,,,,,,,,,,,,,not_specified,,,,,,,,,,,,,,,,,,,,,,,,,,,,,,,,,,,,,,,True,,,not_specified,True,"*As per site conditions, sizes in finishes and the glass thickness may change from 8mm to 10mm and final price may vary",kohler-india-pricebook-2026-june,KOHLER India Price Book 2026 June Edition,2026,June Edition,84,catalogue,medium,True,"SKU is printed without the ""K-"" prefix in the source catalogue (page 84), unlike every sequentially-numbered sibling SKU in the same block (K-705111IN-SHP, K-705109IN-SHP, K-705108IN-SHP...); almost certainly a source typo for K-705110IN-SHP, but the value as printed has been preserved rather than silently corrected. Recommend confirming with Kohler before treating it as K-705110IN-SHP downstream.",unique,,resolved_pdf_grid_reconstruction
K-705108IN-SHP,,,,shower_enclosure,bathing,shower_enclosures,corner_enclosure,Laminated T-shape (All models),,135700.0,INR,True,"*As per site conditions, sizes in finishes and the glass thickness may change from 8mm to 10mm and final price may vary",,,,,,,,,,,,,,,,,,not_specified,,,,,,,,,,,,,,,,,,,,,,,,,,,,,,,,,,,,,,,True,,,not_specified,True,"*As per site conditions, sizes in finishes and the glass thickness may change from 8mm to 10mm and final price may vary",kohler-india-pricebook-2026-june,KOHLER India Price Book 2026 June Edition,2026,June Edition,84,catalogue,high,False,,unique,,resolved_pdf_grid_reconstruction
K-705106IN-SHP,,,,shower_enclosure,bathing,shower_enclosures,corner_enclosure,Laminated 1D1P/1D2P (All models),,72500.0,INR,True,"*As per site conditions, sizes in finishes and the glass thickness may change from 8mm to 10mm and final price may vary",,,,,,,,,,,,,,,,,,not_specified,,,,,,,,,,,,,,,,,,,,,,,,,,,,,,,,,,,,,,,True,,,not_specified,True,"*As per site conditions, sizes in finishes and the glass thickness may change from 8mm to 10mm and final price may vary",kohler-india-pricebook-2026-june,KOHLER India Price Book 2026 June Edition,2026,June Edition,84,catalogue,high,False,,unique,,resolved_pdf_grid_reconstruction
K-705107IN-SHP,,,,shower_enclosure,bathing,shower_enclosures,partition,Laminated door/partition (All models),,37200.0,INR,True,"*As per site conditions, sizes in finishes and the glass thickness may change from 8mm to 10mm and final price may vary",,,,,,,,,,,,,,,,,,not_specified,,,,,,,,,,,,,,,,,,,,,,,,,,,,,,,,,,,,,,,True,,,not_specified,True,"*As per site conditions, sizes in finishes and the glass thickness may change from 8mm to 10mm and final price may vary",kohler-india-pricebook-2026-june,KOHLER India Price Book 2026 June Edition,2026,June Edition,84,catalogue,high,False,,unique,,resolved_pdf_grid_reconstruction
K-705105IN-SHP,,,,shower_enclosure,bathing,shower_enclosures,corner_enclosure,Crystal clear T-shape (All models),,51900.0,INR,True,"*As per site conditions, sizes in finishes and the glass thickness may change from 8mm to 10mm and final price may vary",,,,,,,,,,,,,,,,,,not_specified,,,,,,,,,,,,,,,,,,,,,,,,,,,,,,,,,,,,,,,True,,,not_specified,True,"*As per site conditions, sizes in finishes and the glass thickness may change from 8mm to 10mm and final price may vary",kohler-india-pricebook-2026-june,KOHLER India Price Book 2026 June Edition,2026,June Edition,84,catalogue,high,False,,unique,,resolved_pdf_grid_reconstruction
K-705103IN-SHP,,,,shower_enclosure,bathing,shower_enclosures,corner_enclosure,Crystal clear 1D1P/1D2P/Slide (All),,26900.0,INR,True,"*As per site conditions, sizes in finishes and the glass thickness may change from 8mm to 10mm and final price may vary",,,,,,,,,,,,,,,,,,not_specified,,,,,,,,,,,,,,,,,,,,,,,,,,,,,,,,,,,,,,,True,,,not_specified,True,"*As per site conditions, sizes in finishes and the glass thickness may change from 8mm to 10mm and final price may vary",kohler-india-pricebook-2026-june,KOHLER India Price Book 2026 June Edition,2026,June Edition,84,catalogue,high,False,,unique,,resolved_pdf_grid_reconstruction
K-705104IN-SHP,,,,shower_enclosure,bathing,shower_enclosures,partition,Crystal clear door/partition (All),,14300.0,INR,True,"*As per site conditions, sizes in finishes and the glass thickness may change from 8mm to 10mm and final price may vary",,,,,,,,,,,,,,,,,,not_specified,,,,,,,,,,,,,,,,,,,,,,,,,,,,,,,,,,,,,,,True,,,not_specified,True,"*As per site conditions, sizes in finishes and the glass thickness may change from 8mm to 10mm and final price may vary",kohler-india-pricebook-2026-june,KOHLER India Price Book 2026 June Edition,2026,June Edition,84,catalogue,high,False,,unique,,resolved_pdf_grid_reconstruction
K-705093IN-SHP,,,,shower_enclosure,bathing,shower_enclosures,corner_enclosure,Tryst pattern T-shape (All models),,46500.0,INR,True,"*As per site conditions, sizes in finishes and the glass thickness may change from 8mm to 10mm and final price may vary",,,,,,,,,,,,,,,,,,not_specified,,,,,,,,,,,,,,,,,,,,,,,,,,,,,,,,,,,,,,,True,,,not_specified,True,"*As per site conditions, sizes in finishes and the glass thickness may change from 8mm to 10mm and final price may vary",kohler-india-pricebook-2026-june,KOHLER India Price Book 2026 June Edition,2026,June Edition,84,catalogue,high,False,,unique,,resolved_pdf_grid_reconstruction
K-705091IN-SHP,,,,shower_enclosure,bathing,shower_enclosures,corner_enclosure,Tryst pattern 1D1P/1D2P/Slide (All),,25100.0,INR,True,"*As per site conditions, sizes in finishes and the glass thickness may change from 8mm to 10mm and final price may vary",,,,,,,,,,,,,,,,,,not_specified,,,,,,,,,,,,,,,,,,,,,,,,,,,,,,,,,,,,,,,True,,,not_specified,True,"*As per site conditions, sizes in finishes and the glass thickness may change from 8mm to 10mm and final price may vary",kohler-india-pricebook-2026-june,KOHLER India Price Book 2026 June Edition,2026,June Edition,84,catalogue,high,False,,unique,,resolved_pdf_grid_reconstruction
K-705092IN-SHP,,,,shower_enclosure,bathing,shower_enclosures,partition,Tryst pattern door/partition (All),,12600.0,INR,True,"*As per site conditions, sizes in finishes and the glass thickness may change from 8mm to 10mm and final price may vary",,,,,,,,,,,,,,,,,,not_specified,,,,,,,,,,,,,,,,,,,,,,,,,,,,,,,,,,,,,,,True,,,not_specified,True,"*As per site conditions, sizes in finishes and the glass thickness may change from 8mm to 10mm and final price may vary",kohler-india-pricebook-2026-june,KOHLER India Price Book 2026 June Edition,2026,June Edition,84,catalogue,high,False,,unique,,resolved_pdf_grid_reconstruction
K-705090IN-SHP,,,,shower_enclosure,bathing,shower_enclosures,corner_enclosure,Lattice pattern T-shape (All models),,46500.0,INR,True,"*As per site conditions, sizes in finishes and the glass thickness may change from 8mm to 10mm and final price may vary",,,,,,,,,,,,,,,,,,not_specified,,,,,,,,,,,,,,,,,,,,,,,,,,,,,,,,,,,,,,,True,,,not_specified,True,"*As per site conditions, sizes in finishes and the glass thickness may change from 8mm to 10mm and final price may vary",kohler-india-pricebook-2026-june,KOHLER India Price Book 2026 June Edition,2026,June Edition,84,catalogue,high,False,,unique,,resolved_pdf_grid_reconstruction
K-705088IN-SHP,,,,shower_enclosure,bathing,shower_enclosures,corner_enclosure,Lattice pattern 1D1P/1D2P/Slide (All),,25100.0,INR,True,"*As per site conditions, sizes in finishes and the glass thickness may change from 8mm to 10mm and final price may vary",,,,,,,,,,,,,,,,,,not_specified,,,,,,,,,,,,,,,,,,,,,,,,,,,,,,,,,,,,,,,True,,,not_specified,True,"*As per site conditions, sizes in finishes and the glass thickness may change from 8mm to 10mm and final price may vary",kohler-india-pricebook-2026-june,KOHLER India Price Book 2026 June Edition,2026,June Edition,84,catalogue,high,False,,unique,,resolved_pdf_grid_reconstruction
K-705089IN-SHP,,,,shower_enclosure,bathing,shower_enclosures,partition,Lattice pattern door/partition (All),,12600.0,INR,True,"*As per site conditions, sizes in finishes and the glass thickness may change from 8mm to 10mm and final price may vary",,,,,,,,,,,,,,,,,,not_specified,,,,,,,,,,,,,,,,,,,,,,,,,,,,,,,,,,,,,,,True,,,not_specified,True,"*As per site conditions, sizes in finishes and the glass thickness may change from 8mm to 10mm and final price may vary",kohler-india-pricebook-2026-june,KOHLER India Price Book 2026 June Edition,2026,June Edition,84,catalogue,high,False,,unique,,resolved_pdf_grid_reconstruction
K-705096IN-SHP,,,,shower_enclosure,bathing,shower_enclosures,corner_enclosure,Mizzle pattern T-shape (All models),,46500.0,INR,True,"*As per site conditions, sizes in finishes and the glass thickness may change from 8mm to 10mm and final price may vary",,,,,,,,,,,,,,,,,,not_specified,,,,,,,,,,,,,,,,,,,,,,,,,,,,,,,,,,,,,,,True,,,not_specified,True,"*As per site conditions, sizes in finishes and the glass thickness may change from 8mm to 10mm and final price may vary",kohler-india-pricebook-2026-june,KOHLER India Price Book 2026 June Edition,2026,June Edition,85,catalogue,high,False,,unique,,resolved_pdf_grid_reconstruction
K-705094IN-SHP,,,,shower_enclosure,bathing,shower_enclosures,corner_enclosure,Mizzle pattern 1D1P/1D2P/Slide (All),,25100.0,INR,True,"*As per site conditions, sizes in finishes and the glass thickness may change from 8mm to 10mm and final price may vary",,,,,,,,,,,,,,,,,,not_specified,,,,,,,,,,,,,,,,,,,,,,,,,,,,,,,,,,,,,,,True,,,not_specified,True,"*As per site conditions, sizes in finishes and the glass thickness may change from 8mm to 10mm and final price may vary",kohler-india-pricebook-2026-june,KOHLER India Price Book 2026 June Edition,2026,June Edition,85,catalogue,high,False,,unique,,resolved_pdf_grid_reconstruction
K-705095IN-SHP,,,,shower_enclosure,bathing,shower_enclosures,partition,Mizzle pattern door/partition (All),,12600.0,INR,True,"*As per site conditions, sizes in finishes and the glass thickness may change from 8mm to 10mm and final price may vary",,,,,,,,,,,,,,,,,,not_specified,,,,,,,,,,,,,,,,,,,,,,,,,,,,,,,,,,,,,,,True,,,not_specified,True,"*As per site conditions, sizes in finishes and the glass thickness may change from 8mm to 10mm and final price may vary",kohler-india-pricebook-2026-june,KOHLER India Price Book 2026 June Edition,2026,June Edition,85,catalogue,high,False,,unique,,resolved_pdf_grid_reconstruction
K-705099IN-SHP,,,,shower_enclosure,bathing,shower_enclosures,corner_enclosure,Tangle pattern T-shape (All models),,46500.0,INR,True,"*As per site conditions, sizes in finishes and the glass thickness may change from 8mm to 10mm and final price may vary",,,,,,,,,,,,,,,,,,not_specified,,,,,,,,,,,,,,,,,,,,,,,,,,,,,,,,,,,,,,,True,,,not_specified,True,"*As per site conditions, sizes in finishes and the glass thickness may change from 8mm to 10mm and final price may vary",kohler-india-pricebook-2026-june,KOHLER India Price Book 2026 June Edition,2026,June Edition,85,catalogue,high,False,,unique,,resolved_pdf_grid_reconstruction
K-705097IN-SHP,,,,shower_enclosure,bathing,shower_enclosures,corner_enclosure,Tangle pattern 1D1P/1D2P/Slide (All),,25100.0,INR,True,"*As per site conditions, sizes in finishes and the glass thickness may change from 8mm to 10mm and final price may vary",,,,,,,,,,,,,,,,,,not_specified,,,,,,,,,,,,,,,,,,,,,,,,,,,,,,,,,,,,,,,True,,,not_specified,True,"*As per site conditions, sizes in finishes and the glass thickness may change from 8mm to 10mm and final price may vary",kohler-india-pricebook-2026-june,KOHLER India Price Book 2026 June Edition,2026,June Edition,85,catalogue,high,False,,unique,,resolved_pdf_grid_reconstruction
K-705098IN-SHP,,,,shower_enclosure,bathing,shower_enclosures,partition,Tangle pattern door/partition (All),,12600.0,INR,True,"*As per site conditions, sizes in finishes and the glass thickness may change from 8mm to 10mm and final price may vary",,,,,,,,,,,,,,,,,,not_specified,,,,,,,,,,,,,,,,,,,,,,,,,,,,,,,,,,,,,,,True,,,not_specified,True,"*As per site conditions, sizes in finishes and the glass thickness may change from 8mm to 10mm and final price may vary",kohler-india-pricebook-2026-june,KOHLER India Price Book 2026 June Edition,2026,June Edition,85,catalogue,high,False,,unique,,resolved_pdf_grid_reconstruction
K-705102IN-SHP,,,,shower_enclosure,bathing,shower_enclosures,corner_enclosure,Frosted T-shape (All models),,28600.0,INR,True,"*As per site conditions, sizes in finishes and the glass thickness may change from 8mm to 10mm and final price may vary",,,,,,,,,,,,,,,,,,not_specified,,,,,,,,,,,,,,,,,,,,,,,,,,,,,,,,,,,,,,,True,,,not_specified,True,"*As per site conditions, sizes in finishes and the glass thickness may change from 8mm to 10mm and final price may vary",kohler-india-pricebook-2026-june,KOHLER India Price Book 2026 June Edition,2026,June Edition,85,catalogue,high,False,,unique,,resolved_pdf_grid_reconstruction
K-705100IN-SHP,,,,shower_enclosure,bathing,shower_enclosures,corner_enclosure,Frosted 1D1P/1D2P/Slide (All),,16100.0,INR,True,"*As per site conditions, sizes in finishes and the glass thickness may change from 8mm to 10mm and final price may vary",,,,,,,,,,,,,,,,,,not_specified,,,,,,,,,,,,,,,,,,,,,,,,,,,,,,,,,,,,,,,True,,,not_specified,True,"*As per site conditions, sizes in finishes and the glass thickness may change from 8mm to 10mm and final price may vary",kohler-india-pricebook-2026-june,KOHLER India Price Book 2026 June Edition,2026,June Edition,85,catalogue,high,False,,unique,,resolved_pdf_grid_reconstruction
K-705101IN-SHP,,,,shower_enclosure,bathing,shower_enclosures,partition,Frosted door/partition (All models),,9000.0,INR,True,"*As per site conditions, sizes in finishes and the glass thickness may change from 8mm to 10mm and final price may vary",,,,,,,,,,,,,,,,,,not_specified,,,,,,,,,,,,,,,,,,,,,,,,,,,,,,,,,,,,,,,True,,,not_specified,True,"*As per site conditions, sizes in finishes and the glass thickness may change from 8mm to 10mm and final price may vary",kohler-india-pricebook-2026-june,KOHLER India Price Book 2026 June Edition,2026,June Edition,85,catalogue,high,False,,unique,,resolved_pdf_grid_reconstruction
K-705086IN-SHP,,,,shower_enclosure,bathing,shower_enclosures,corner_enclosure,10mm Glass thickness 1D1P/1D2P (All models),,5700.0,INR,True,"*As per site conditions, sizes in finishes and the glass thickness may change from 8mm to 10mm and final price may vary",,,,,,,,,,,,,,,,,,not_specified,,,,,,,,,,,,,,,,,,,,,,,,,,,,,,,,,,,,,,,True,,,not_specified,True,"*As per site conditions, sizes in finishes and the glass thickness may change from 8mm to 10mm and final price may vary",kohler-india-pricebook-2026-june,KOHLER India Price Book 2026 June Edition,2026,June Edition,85,catalogue,high,False,,unique,,resolved_pdf_grid_reconstruction
K-705087IN-SHP,,,,shower_enclosure,bathing,shower_enclosures,partition,10mm Glass thickness door/partition (All models),,5000.0,INR,True,"*As per site conditions, sizes in finishes and the glass thickness may change from 8mm to 10mm and final price may vary",,,,,,,,,,,,,,,,,,not_specified,,,,,,,,,,,,,,,,,,,,,,,,,,,,,,,,,,,,,,,True,,,not_specified,True,"*As per site conditions, sizes in finishes and the glass thickness may change from 8mm to 10mm and final price may vary",kohler-india-pricebook-2026-june,KOHLER India Price Book 2026 June Edition,2026,June Edition,85,catalogue,high,False,,unique,,resolved_pdf_grid_reconstruction
K-704613IN-CP,,,,shower_enclosure,bathing,shower_enclosures,shower_enclosure_hardware,Glass Extension Ht. (2001-2150mm),,8900.0,INR,True,"*As per site conditions, sizes in finishes and the glass thickness may change from 8mm to 10mm and final price may vary",,,,,,,,,,,,,,,,,,not_specified,,,,,,,,,,,,,,,,,,,,,,,,,,,,,,,,,,,,,,,True,,,not_specified,True,"*As per site conditions, sizes in finishes and the glass thickness may change from 8mm to 10mm and final price may vary",kohler-india-pricebook-2026-june,KOHLER India Price Book 2026 June Edition,2026,June Edition,85,catalogue,high,False,,unique,,resolved_pdf_grid_reconstruction
K-38362IN-LH0-AF,BRAZN Sliding,BRAZN Sliding,brazn-sliding-shower_enclosure,shower_enclosure,bathing,shower_enclosures,sliding_enclosure,Framed sliding hardware kit - Left door,,100000.0,INR,True,"*As per site conditions, sizes in finishes and the glass thickness may change from 8mm to 10mm and final price may vary",,,,,,Width: 1300mm -1700mm / Height: 2200mm,,,,,,,,,,,,range,,,,,,,,,,,,,,,,,,,,,,,,,,,,,,,,,,,,,,,True,,,left,True,"*As per site conditions, sizes in finishes and the glass thickness may change from 8mm to 10mm and final price may vary",kohler-india-pricebook-2026-june,KOHLER India Price Book 2026 June Edition,2026,June Edition,85,catalogue,high,False,,unique,,resolved_pdf_grid_reconstruction
K-38362IN-LH0-BL,BRAZN Sliding,BRAZN Sliding,brazn-sliding-shower_enclosure,shower_enclosure,bathing,shower_enclosures,sliding_enclosure,Framed sliding hardware kit - Left door,,110000.0,INR,True,"*As per site conditions, sizes in finishes and the glass thickness may change from 8mm to 10mm and final price may vary",,,,,,Width: 1300mm -1700mm / Height: 2200mm,,,,,,,,,,,,range,,,,,,,,,,,,,,,,,,,,,,,,,,,,,,,,,,,,,,,True,,,left,True,"*As per site conditions, sizes in finishes and the glass thickness may change from 8mm to 10mm and final price may vary",kohler-india-pricebook-2026-june,KOHLER India Price Book 2026 June Edition,2026,June Edition,85,catalogue,high,False,,unique,,resolved_pdf_grid_reconstruction
K-38362IN-LH0-RGD,BRAZN Sliding,BRAZN Sliding,brazn-sliding-shower_enclosure,shower_enclosure,bathing,shower_enclosures,sliding_enclosure,Framed sliding hardware kit - Left door,,120000.0,INR,True,"*As per site conditions, sizes in finishes and the glass thickness may change from 8mm to 10mm and final price may vary",,,,,,Width: 1300mm -1700mm / Height: 2200mm,,,,,,,,,,,,range,,,,,,,,,,,,,,,,,,,,,,,,,,,,,,,,,,,,,,,True,,,left,True,"*As per site conditions, sizes in finishes and the glass thickness may change from 8mm to 10mm and final price may vary",kohler-india-pricebook-2026-june,KOHLER India Price Book 2026 June Edition,2026,June Edition,85,catalogue,high,False,,unique,,resolved_pdf_grid_reconstruction
K-38362IN-RH0-AF,BRAZN Sliding,BRAZN Sliding,brazn-sliding-shower_enclosure,shower_enclosure,bathing,shower_enclosures,sliding_enclosure,Framed sliding hardware kit - Right door,,100000.0,INR,True,"*As per site conditions, sizes in finishes and the glass thickness may change from 8mm to 10mm and final price may vary",,,,,,Width: 1300mm -1700mm / Height: 2200mm,,,,,,,,,,,,range,,,,,,,,,,,,,,,,,,,,,,,,,,,,,,,,,,,,,,,True,,,right,True,"*As per site conditions, sizes in finishes and the glass thickness may change from 8mm to 10mm and final price may vary",kohler-india-pricebook-2026-june,KOHLER India Price Book 2026 June Edition,2026,June Edition,85,catalogue,high,False,,unique,,resolved_pdf_grid_reconstruction
K-38362IN-RH0-BL,BRAZN Sliding,BRAZN Sliding,brazn-sliding-shower_enclosure,shower_enclosure,bathing,shower_enclosures,sliding_enclosure,Framed sliding hardware kit - Right door,,110000.0,INR,True,"*As per site conditions, sizes in finishes and the glass thickness may change from 8mm to 10mm and final price may vary",,,,,,Width: 1300mm -1700mm / Height: 2200mm,,,,,,,,,,,,range,,,,,,,,,,,,,,,,,,,,,,,,,,,,,,,,,,,,,,,True,,,right,True,"*As per site conditions, sizes in finishes and the glass thickness may change from 8mm to 10mm and final price may vary",kohler-india-pricebook-2026-june,KOHLER India Price Book 2026 June Edition,2026,June Edition,85,catalogue,high,False,,unique,,resolved_pdf_grid_reconstruction
K-38362IN-RH0-RGD,BRAZN Sliding,BRAZN Sliding,brazn-sliding-shower_enclosure,shower_enclosure,bathing,shower_enclosures,sliding_enclosure,Framed sliding hardware kit - Right door,,120000.0,INR,True,"*As per site conditions, sizes in finishes and the glass thickness may change from 8mm to 10mm and final price may vary",,,,,,Width: 1300mm -1700mm / Height: 2200mm,,,,,,,,,,,,range,,,,,,,,,,,,,,,,,,,,,,,,,,,,,,,,,,,,,,,True,,,right,True,"*As per site conditions, sizes in finishes and the glass thickness may change from 8mm to 10mm and final price may vary",kohler-india-pricebook-2026-june,KOHLER India Price Book 2026 June Edition,2026,June Edition,85,catalogue,high,False,,unique,,resolved_pdf_grid_reconstruction
K-39022IN-AF,SINGULIER -AF,SINGULIER -AF,singulier-af-shower_enclosure,shower_enclosure,bathing,shower_enclosures,shower_enclosure_hardware,1 Door 2 panels hardware with glass hinge - L shape,,64300.0,INR,True,"*As per site conditions, sizes in finishes and the glass thickness may change from 8mm to 10mm and final price may vary",,,,,,Max Glass width 1800mm / Max. Glass depth 1200mm,,,,,,,,,,,,range,,,,,,,,,,,,,,,,,,,,,,,,,,,,,,,,,,,,,,,True,,,not_specified,True,"*As per site conditions, sizes in finishes and the glass thickness may change from 8mm to 10mm and final price may vary",kohler-india-pricebook-2026-june,KOHLER India Price Book 2026 June Edition,2026,June Edition,86,catalogue,high,False,,unique,,resolved_pdf_grid_reconstruction
K-39021IN-AF,SINGULIER -AF,SINGULIER -AF,singulier-af-shower_enclosure,shower_enclosure,bathing,shower_enclosures,shower_door,1 Door 2 panels hardware with glass hinge - Straight,,64300.0,INR,True,"*As per site conditions, sizes in finishes and the glass thickness may change from 8mm to 10mm and final price may vary",,,,,,Max. Bathroom width / 2400mm,,,,,,,,,,,,range,,,,,,,,,,,,,,,,,,,,,,,,,,,,,,,,,,,,,,,True,,,not_specified,True,"*As per site conditions, sizes in finishes and the glass thickness may change from 8mm to 10mm and final price may vary",kohler-india-pricebook-2026-june,KOHLER India Price Book 2026 June Edition,2026,June Edition,86,catalogue,high,False,,unique,,resolved_pdf_grid_reconstruction
K-39020IN-AF,SINGULIER -AF,SINGULIER -AF,singulier-af-shower_enclosure,shower_enclosure,bathing,shower_enclosures,shower_door,1 Door 1 panel hardware with wall hinge - Straight,,58500.0,INR,True,"*As per site conditions, sizes in finishes and the glass thickness may change from 8mm to 10mm and final price may vary",,,,,,Max. Bathroom width / 1800mm,,,,,,,,,,,,range,,,,,,,,,,,,,,,,,,,,,,,,,,,,,,,,,,,,,,,True,,,not_specified,True,"*As per site conditions, sizes in finishes and the glass thickness may change from 8mm to 10mm and final price may vary",kohler-india-pricebook-2026-june,KOHLER India Price Book 2026 June Edition,2026,June Edition,86,catalogue,high,False,,unique,,resolved_pdf_grid_reconstruction
K-39023IN-AF,SINGULIER -AF,SINGULIER -AF,singulier-af-shower_enclosure,shower_enclosure,bathing,shower_enclosures,shower_enclosure_hardware,Hardware for partition-Straight,,26500.0,INR,True,"*As per site conditions, sizes in finishes and the glass thickness may change from 8mm to 10mm and final price may vary",,,,,,Max. Bathroom width / 1800mm,,,,,,,,,,,,range,,,,,,,,,,,,,,,,,,,,,,,,,,,,,,,,,,,,,,,True,,,not_specified,True,"*As per site conditions, sizes in finishes and the glass thickness may change from 8mm to 10mm and final price may vary",kohler-india-pricebook-2026-june,KOHLER India Price Book 2026 June Edition,2026,June Edition,86,catalogue,high,False,,unique,,resolved_pdf_grid_reconstruction
K-39022IN-RGD,SINGULIER -RGD,SINGULIER -RGD,singulier-rgd-shower_enclosure,shower_enclosure,bathing,shower_enclosures,shower_enclosure_hardware,1 Door 2 panels hardware with glass hinge - L shape,,68800.0,INR,True,"*As per site conditions, sizes in finishes and the glass thickness may change from 8mm to 10mm and final price may vary",,,,,,Max Glass width 1800mm / Max. Glass depth 1200mm,,,,,,,,,,,,range,,,,,,,,,,,,,,,,,,,,,,,,,,,,,,,,,,,,,,,True,,,not_specified,True,"*As per site conditions, sizes in finishes and the glass thickness may change from 8mm to 10mm and final price may vary",kohler-india-pricebook-2026-june,KOHLER India Price Book 2026 June Edition,2026,June Edition,86,catalogue,high,False,,unique,,resolved_pdf_grid_reconstruction
K-39021IN-RGD,SINGULIER -RGD,SINGULIER -RGD,singulier-rgd-shower_enclosure,shower_enclosure,bathing,shower_enclosures,shower_door,1 Door 2 panels hardware with glass hinge - Straight,,75900.0,INR,True,"*As per site conditions, sizes in finishes and the glass thickness may change from 8mm to 10mm and final price may vary",,,,,,Max. Bathroom width / 2400mm,,,,,,,,,,,,range,,,,,,,,,,,,,,,,,,,,,,,,,,,,,,,,,,,,,,,True,,,not_specified,True,"*As per site conditions, sizes in finishes and the glass thickness may change from 8mm to 10mm and final price may vary",kohler-india-pricebook-2026-june,KOHLER India Price Book 2026 June Edition,2026,June Edition,86,catalogue,high,False,,unique,,resolved_pdf_grid_reconstruction
K-39020IN-RGD,SINGULIER -RGD,SINGULIER -RGD,singulier-rgd-shower_enclosure,shower_enclosure,bathing,shower_enclosures,shower_door,1 Door 1 panel hardware with wall hinge - Straight,,50800.0,INR,True,"*As per site conditions, sizes in finishes and the glass thickness may change from 8mm to 10mm and final price may vary",,,,,,Max. Bathroom width / 1800mm,,,,,,,,,,,,range,,,,,,,,,,,,,,,,,,,,,,,,,,,,,,,,,,,,,,,True,,,not_specified,True,"*As per site conditions, sizes in finishes and the glass thickness may change from 8mm to 10mm and final price may vary",kohler-india-pricebook-2026-june,KOHLER India Price Book 2026 June Edition,2026,June Edition,86,catalogue,high,False,,unique,,resolved_pdf_grid_reconstruction
K-39023IN-RGD,SINGULIER -RGD,SINGULIER -RGD,singulier-rgd-shower_enclosure,shower_enclosure,bathing,shower_enclosures,shower_enclosure_hardware,Hardware for partition - Straight,,29900.0,INR,True,"*As per site conditions, sizes in finishes and the glass thickness may change from 8mm to 10mm and final price may vary",,,,,,Max. Bathroom width / 1800mm,,,,,,,,,,,,range,,,,,,,,,,,,,,,,,,,,,,,,,,,,,,,,,,,,,,,True,,,not_specified,True,"*As per site conditions, sizes in finishes and the glass thickness may change from 8mm to 10mm and final price may vary",kohler-india-pricebook-2026-june,KOHLER India Price Book 2026 June Edition,2026,June Edition,86,catalogue,high,False,,unique,,resolved_pdf_grid_reconstruction
K-39022IN-BV,SINGULIER -BV,SINGULIER -BV,singulier-bv-shower_enclosure,shower_enclosure,bathing,shower_enclosures,shower_enclosure_hardware,1 Door 2 panels hardware with glass hinge - L shape,,95500.0,INR,True,"*As per site conditions, sizes in finishes and the glass thickness may change from 8mm to 10mm and final price may vary",,,,,,Max Glass width 1800mm / Max. Glass depth 1200mm,,,,,,,,,,,,range,,,,,,,,,,,,,,,,,,,,,,,,,,,,,,,,,,,,,,,True,,,not_specified,True,"*As per site conditions, sizes in finishes and the glass thickness may change from 8mm to 10mm and final price may vary",kohler-india-pricebook-2026-june,KOHLER India Price Book 2026 June Edition,2026,June Edition,86,catalogue,high,False,,unique,,resolved_pdf_grid_reconstruction
K-39021IN-BV,SINGULIER -BV,SINGULIER -BV,singulier-bv-shower_enclosure,shower_enclosure,bathing,shower_enclosures,shower_door,1 Door 2 panels hardware with glass hinge - Straight,,102200.0,INR,True,"*As per site conditions, sizes in finishes and the glass thickness may change from 8mm to 10mm and final price may vary",,,,,,Max. Bathroom width / 2400mm,,,,,,,,,,,,range,,,,,,,,,,,,,,,,,,,,,,,,,,,,,,,,,,,,,,,True,,,not_specified,True,"*As per site conditions, sizes in finishes and the glass thickness may change from 8mm to 10mm and final price may vary",kohler-india-pricebook-2026-june,KOHLER India Price Book 2026 June Edition,2026,June Edition,86,catalogue,high,False,,unique,,resolved_pdf_grid_reconstruction
K-39020IN-BV,SINGULIER -BV,SINGULIER -BV,singulier-bv-shower_enclosure,shower_enclosure,bathing,shower_enclosures,shower_door,1 Door 1 panel hardware with wall hinge - Straight,,68700.0,INR,True,"*As per site conditions, sizes in finishes and the glass thickness may change from 8mm to 10mm and final price may vary",,,,,,Max. Bathroom width / 1800mm,,,,,,,,,,,,range,,,,,,,,,,,,,,,,,,,,,,,,,,,,,,,,,,,,,,,True,,,not_specified,True,"*As per site conditions, sizes in finishes and the glass thickness may change from 8mm to 10mm and final price may vary",kohler-india-pricebook-2026-june,KOHLER India Price Book 2026 June Edition,2026,June Edition,86,catalogue,high,False,,unique,,resolved_pdf_grid_reconstruction
K-39023IN-BV,SINGULIER -BV,SINGULIER -BV,singulier-bv-shower_enclosure,shower_enclosure,bathing,shower_enclosures,shower_enclosure_hardware,Hardware for partition - Straight,,36500.0,INR,True,"*As per site conditions, sizes in finishes and the glass thickness may change from 8mm to 10mm and final price may vary",,,,,,Max. Bathroom width / 1800mm,,,,,,,,,,,,range,,,,,,,,,,,,,,,,,,,,,,,,,,,,,,,,,,,,,,,True,,,not_specified,True,"*As per site conditions, sizes in finishes and the glass thickness may change from 8mm to 10mm and final price may vary",kohler-india-pricebook-2026-june,KOHLER India Price Book 2026 June Edition,2026,June Edition,86,catalogue,high,False,,unique,,resolved_pdf_grid_reconstruction
K-39022IN-CP,SINGULIER -CP,SINGULIER -CP,singulier-cp-shower_enclosure,shower_enclosure,bathing,shower_enclosures,shower_enclosure_hardware,1 Door 2 panels hardware with glass hinge - L shape,,46700.0,INR,True,"*As per site conditions, sizes in finishes and the glass thickness may change from 8mm to 10mm and final price may vary",,,,,,Max Glass width 1800mm / Max. Glass depth 1200mm,,,,,,,,,,,,range,,,,,,,,,,,,,,,,,,,,,,,,,,,,,,,,,,,,,,,True,,,not_specified,True,"*As per site conditions, sizes in finishes and the glass thickness may change from 8mm to 10mm and final price may vary",kohler-india-pricebook-2026-june,KOHLER India Price Book 2026 June Edition,2026,June Edition,87,catalogue,high,False,,unique,,resolved_pdf_grid_reconstruction
K-39021IN-CP,SINGULIER -CP,SINGULIER -CP,singulier-cp-shower_enclosure,shower_enclosure,bathing,shower_enclosures,shower_door,1 Door 2 panels hardware with glass hinge - Straight,,46800.0,INR,True,"*As per site conditions, sizes in finishes and the glass thickness may change from 8mm to 10mm and final price may vary",,,,,,Max. Bathroom width / 2400mm,,,,,,,,,,,,range,,,,,,,,,,,,,,,,,,,,,,,,,,,,,,,,,,,,,,,True,,,not_specified,True,"*As per site conditions, sizes in finishes and the glass thickness may change from 8mm to 10mm and final price may vary",kohler-india-pricebook-2026-june,KOHLER India Price Book 2026 June Edition,2026,June Edition,87,catalogue,high,False,,unique,,resolved_pdf_grid_reconstruction
K-39020IN-CP,SINGULIER -CP,SINGULIER -CP,singulier-cp-shower_enclosure,shower_enclosure,bathing,shower_enclosures,shower_door,1 Door 1 panel hardware with wall hinge - Straight,,30500.0,INR,True,"*As per site conditions, sizes in finishes and the glass thickness may change from 8mm to 10mm and final price may vary",,,,,,Max. Bathroom width / 1800mm,,,,,,,,,,,,range,,,,,,,,,,,,,,,,,,,,,,,,,,,,,,,,,,,,,,,True,,,not_specified,True,"*As per site conditions, sizes in finishes and the glass thickness may change from 8mm to 10mm and final price may vary",kohler-india-pricebook-2026-june,KOHLER India Price Book 2026 June Edition,2026,June Edition,87,catalogue,high,False,,unique,,resolved_pdf_grid_reconstruction
K-39023IN-CP,SINGULIER -CP,SINGULIER -CP,singulier-cp-shower_enclosure,shower_enclosure,bathing,shower_enclosures,shower_enclosure_hardware,Hardware for partition - Straight,,15900.0,INR,True,"*As per site conditions, sizes in finishes and the glass thickness may change from 8mm to 10mm and final price may vary",,,,,,Max. Bathroom width / 1800mm,,,,,,,,,,,,range,,,,,,,,,,,,,,,,,,,,,,,,,,,,,,,,,,,,,,,True,,,not_specified,True,"*As per site conditions, sizes in finishes and the glass thickness may change from 8mm to 10mm and final price may vary",kohler-india-pricebook-2026-june,KOHLER India Price Book 2026 June Edition,2026,June Edition,87,catalogue,high,False,,unique,,resolved_pdf_grid_reconstruction
K-39018IN-BL,NEW TRILOGY-2BL,NEW TRILOGY-2BL,new-trilogy-2bl-shower_enclosure,shower_enclosure,bathing,shower_enclosures,shower_enclosure_hardware,1 Door 2 panels hardware with glass hinge - L shape,,49000.0,INR,True,"*As per site conditions, sizes in finishes and the glass thickness may change from 8mm to 10mm and final price may vary",,,,,,Max Glass width 1800mm / Max. Glass depth 1200mm,,,,,,,,,,,,range,,,,,,,,,,,,,,,,,,,,,,,,,,,,,,,,,,,,,,,True,,,not_specified,True,"*As per site conditions, sizes in finishes and the glass thickness may change from 8mm to 10mm and final price may vary",kohler-india-pricebook-2026-june,KOHLER India Price Book 2026 June Edition,2026,June Edition,87,catalogue,high,False,,unique,,resolved_pdf_grid_reconstruction
K-39017IN-BL,NEW TRILOGY-2BL,NEW TRILOGY-2BL,new-trilogy-2bl-shower_enclosure,shower_enclosure,bathing,shower_enclosures,shower_door,1 door 2 panels hardware with glass hinge - Straight,,44400.0,INR,True,"*As per site conditions, sizes in finishes and the glass thickness may change from 8mm to 10mm and final price may vary",,,,,,Max. Bathroom width / 2400mm,,,,,,,,,,,,range,,,,,,,,,,,,,,,,,,,,,,,,,,,,,,,,,,,,,,,True,,,not_specified,True,"*As per site conditions, sizes in finishes and the glass thickness may change from 8mm to 10mm and final price may vary",kohler-india-pricebook-2026-june,KOHLER India Price Book 2026 June Edition,2026,June Edition,87,catalogue,high,False,,unique,,resolved_pdf_grid_reconstruction
K-39016IN-BL,NEW TRILOGY-2BL,NEW TRILOGY-2BL,new-trilogy-2bl-shower_enclosure,shower_enclosure,bathing,shower_enclosures,shower_door,1 Door 1 panel hardware with wall hinge - Straight,,30100.0,INR,True,"*As per site conditions, sizes in finishes and the glass thickness may change from 8mm to 10mm and final price may vary",,,,,,Max. Bathroom width / 1800mm,,,,,,,,,,,,range,,,,,,,,,,,,,,,,,,,,,,,,,,,,,,,,,,,,,,,True,,,not_specified,True,"*As per site conditions, sizes in finishes and the glass thickness may change from 8mm to 10mm and final price may vary",kohler-india-pricebook-2026-june,KOHLER India Price Book 2026 June Edition,2026,June Edition,87,catalogue,high,False,,unique,,resolved_pdf_grid_reconstruction
K-39019IN-BL,NEW TRILOGY-2BL,NEW TRILOGY-2BL,new-trilogy-2bl-shower_enclosure,shower_enclosure,bathing,shower_enclosures,shower_enclosure_hardware,Hardware for partition - Straight,,18700.0,INR,True,"*As per site conditions, sizes in finishes and the glass thickness may change from 8mm to 10mm and final price may vary",,,,,,Max. Bathroom width / 1800mm,,,,,,,,,,,,range,,,,,,,,,,,,,,,,,,,,,,,,,,,,,,,,,,,,,,,True,,,not_specified,True,"*As per site conditions, sizes in finishes and the glass thickness may change from 8mm to 10mm and final price may vary",kohler-india-pricebook-2026-june,KOHLER India Price Book 2026 June Edition,2026,June Edition,87,catalogue,high,False,,unique,,resolved_pdf_grid_reconstruction
K-39018IN-CP,NEW TRILOGY-CP,NEW TRILOGY-CP,new-trilogy-cp-shower_enclosure,shower_enclosure,bathing,shower_enclosures,shower_enclosure_hardware,1 Door 2 panels hardware with glass hinge - L shape,,36700.0,INR,True,"*As per site conditions, sizes in finishes and the glass thickness may change from 8mm to 10mm and final price may vary",,,,,,Max Glass width 1800mm / Max. Glass depth 1200mm,,,,,,,,,,,,range,,,,,,,,,,,,,,,,,,,,,,,,,,,,,,,,,,,,,,,True,,,not_specified,True,"*As per site conditions, sizes in finishes and the glass thickness may change from 8mm to 10mm and final price may vary",kohler-india-pricebook-2026-june,KOHLER India Price Book 2026 June Edition,2026,June Edition,87,catalogue,high,False,,unique,,resolved_pdf_grid_reconstruction
K-39017IN-CP,NEW TRILOGY-CP,NEW TRILOGY-CP,new-trilogy-cp-shower_enclosure,shower_enclosure,bathing,shower_enclosures,shower_door,1 door 2 panels hardware with glass hinge - Straight,,33000.0,INR,True,"*As per site conditions, sizes in finishes and the glass thickness may change from 8mm to 10mm and final price may vary",,,,,,Max. Bathroom width / 2400mm,,,,,,,,,,,,range,,,,,,,,,,,,,,,,,,,,,,,,,,,,,,,,,,,,,,,True,,,not_specified,True,"*As per site conditions, sizes in finishes and the glass thickness may change from 8mm to 10mm and final price may vary",kohler-india-pricebook-2026-june,KOHLER India Price Book 2026 June Edition,2026,June Edition,87,catalogue,high,False,,unique,,resolved_pdf_grid_reconstruction
K-39016IN-CP,NEW TRILOGY-CP,NEW TRILOGY-CP,new-trilogy-cp-shower_enclosure,shower_enclosure,bathing,shower_enclosures,shower_door,1 Door 1 panel hardware with wall hinge - Straight,,22400.0,INR,True,"*As per site conditions, sizes in finishes and the glass thickness may change from 8mm to 10mm and final price may vary",,,,,,Max. Bathroom width / 1800mm,,,,,,,,,,,,range,,,,,,,,,,,,,,,,,,,,,,,,,,,,,,,,,,,,,,,True,,,not_specified,True,"*As per site conditions, sizes in finishes and the glass thickness may change from 8mm to 10mm and final price may vary",kohler-india-pricebook-2026-june,KOHLER India Price Book 2026 June Edition,2026,June Edition,87,catalogue,high,False,,unique,,resolved_pdf_grid_reconstruction
K-39019IN-CP,NEW TRILOGY-CP,NEW TRILOGY-CP,new-trilogy-cp-shower_enclosure,shower_enclosure,bathing,shower_enclosures,shower_enclosure_hardware,Hardware for partition - Straight,,14100.0,INR,True,"*As per site conditions, sizes in finishes and the glass thickness may change from 8mm to 10mm and final price may vary",,,,,,Max. Bathroom width / 1800mm,,,,,,,,,,,,range,,,,,,,,,,,,,,,,,,,,,,,,,,,,,,,,,,,,,,,True,,,not_specified,True,"*As per site conditions, sizes in finishes and the glass thickness may change from 8mm to 10mm and final price may vary",kohler-india-pricebook-2026-june,KOHLER India Price Book 2026 June Edition,2026,June Edition,87,catalogue,high,False,,unique,,resolved_pdf_grid_reconstruction
